/* Generated by tools/generate_pet_assets.py. Do not edit. */
#include "pet_animations.h"

#ifndef LV_ATTRIBUTE_MEM_ALIGN
#define LV_ATTRIBUTE_MEM_ALIGN
#endif
#ifndef LV_ATTRIBUTE_LARGE_CONST
#define LV_ATTRIBUTE_LARGE_CONST
#endif

static const LV_ATTRIBUTE_MEM_ALIGN LV_ATTRIBUTE_LARGE_CONST uint8_t pet_scratch_0_map[] = {
    0x03, 0x11, 0x03, 0x11, 0x03, 0x11, 0x03, 0x11, 0x03, 0x11, 0x03, 0x11, 0x03, 0x11, 0x03, 0x11, 0x03, 0x11, 0x03, 0x11, 0x03, 0x11, 0x03, 0x11,
    0x03, 0x11, 0x03, 0x11, 0x03, 0x11, 0x03, 0x11, 0x03, 0x11, 0x03, 0x11, 0x03, 0x11, 0x03, 0x11, 0x03, 0x11, 0x03, 0x11, 0x03, 0x11, 0x03, 0x11,
    0x03, 0x11, 0x03, 0x11, 0x03, 0x11, 0x03, 0x11, 0x03, 0x11, 0x03, 0x11, 0x03, 0x11, 0x03, 0x11, 0x03, 0x11, 0x03, 0x11, 0x03, 0x11, 0x03, 0x11,
    0x03, 0x11, 0x03, 0x11, 0x03, 0x11, 0x03, 0x11, 0x03, 0x11, 0x03, 0x11, 0x03, 0x11, 0x03, 0x11, 0x03, 0x11, 0x03, 0x11, 0x03, 0x11, 0x03, 0x11,
    0x03, 0x11, 0x03, 0x11, 0x03, 0x11, 0x03, 0x11, 0x03, 0x11, 0x03, 0x11, 0x03, 0x11, 0x03, 0x11, 0x03, 0x11, 0x03, 0x11, 0x03, 0x11, 0x03, 0x11,
    0x03, 0x11, 0x03, 0x11, 0x03, 0x11, 0x03, 0x11, 0x03, 0x11, 0x03, 0x11, 0x03, 0x11, 0x03, 0x11, 0x03, 0x11, 0x03, 0x11, 0x03, 0x11, 0x03, 0x11,
    0x03, 0x11, 0x03, 0x11, 0x03, 0x11, 0x03, 0x11, 0x03, 0x11, 0x03, 0x11, 0x03, 0x11, 0x03, 0x11, 0x03, 0x11, 0x03, 0x11, 0x03, 0x11, 0x03, 0x11,
    0x03, 0x11, 0x03, 0x11, 0x03, 0x11, 0x03, 0x11, 0x03, 0x11, 0x03, 0x11, 0x03, 0x11, 0x03, 0x11, 0x03, 0x11, 0x03, 0x11, 0x03, 0x11, 0x03, 0x11,
    0x03, 0x11, 0x03, 0x11, 0x03, 0x11, 0x03, 0x11, 0x03, 0x11, 0x03, 0x11, 0x03, 0x11, 0x03, 0x11, 0x03, 0x11, 0x03, 0x11, 0x03, 0x11, 0x03, 0x11,
    0x03, 0x11, 0x03, 0x11, 0x03, 0x11, 0x03, 0x11, 0x03, 0x11, 0x03, 0x11, 0x03, 0x11, 0x03, 0x11, 0x03, 0x11, 0x03, 0x11, 0x03, 0x11, 0x03, 0x11,
    0x03, 0x11, 0x03, 0x11, 0x03, 0x11, 0x03, 0x11, 0x03, 0x11, 0x03, 0x11, 0x03, 0x11, 0x03, 0x11, 0x03, 0x11, 0x03, 0x11, 0x03, 0x11, 0x03, 0x11,
    0x03, 0x11, 0x03, 0x11, 0x03, 0x11, 0x03, 0x11, 0x03, 0x11, 0x03, 0x11, 0x03, 0x11, 0x03, 0x11, 0x03, 0x11, 0x03, 0x11, 0x03, 0x11, 0x03, 0x11,
    0x03, 0x11, 0x03, 0x11, 0x03, 0x11, 0x03, 0x11, 0x03, 0x11, 0x03, 0x11, 0x03, 0x11, 0x03, 0x11, 0x03, 0x11, 0x03, 0x11, 0x03, 0x11, 0x03, 0x11,
    0x03, 0x11, 0x03, 0x11, 0x03, 0x11, 0x03, 0x11, 0x03, 0x11, 0x03, 0x11, 0x03, 0x11, 0x03, 0x11, 0x03, 0x11, 0x03, 0x11, 0x03, 0x11, 0x03, 0x11,
    0x03, 0x11, 0x03, 0x11, 0x03, 0x11, 0x03, 0x11, 0x03, 0x11, 0x03, 0x11, 0x03, 0x11, 0x03, 0x11, 0x03, 0x11, 0x03, 0x11, 0x03, 0x11, 0x03, 0x11,
    0x03, 0x11, 0x03, 0x11, 0x03, 0x11, 0x03, 0x11, 0x03, 0x11, 0x03, 0x11, 0x03, 0x11, 0x03, 0x11, 0x03, 0x11, 0x03, 0x11, 0x03, 0x11, 0x03, 0x11,
    0x03, 0x11, 0x03, 0x11, 0x03, 0x11, 0x03, 0x11, 0x03, 0x11, 0x03, 0x11, 0x03, 0x11, 0x03, 0x11, 0x03, 0x11, 0x03, 0x11, 0x03, 0x11, 0x03, 0x11,
    0x03, 0x11, 0x03, 0x11, 0x03, 0x11, 0x03, 0x11, 0x03, 0x11, 0x03, 0x11, 0x03, 0x11, 0x03, 0x11, 0x03, 0x11, 0x03, 0x11, 0x03, 0x11, 0x03, 0x11,
    0x03, 0x11, 0x03, 0x11, 0x03, 0x11, 0x03, 0x11, 0x03, 0x11, 0x03, 0x11, 0x03, 0x11, 0x03, 0x11, 0x03, 0x11, 0x03, 0x11, 0x03, 0x11, 0x03, 0x11,
    0x03, 0x11, 0x03, 0x11, 0x03, 0x11, 0x03, 0x11, 0x03, 0x11, 0x03, 0x11, 0x03, 0x11, 0x03, 0x11, 0x03, 0x11, 0x03, 0x11, 0x03, 0x11, 0x03, 0x11,
    0x03, 0x11, 0x03, 0x11, 0x03, 0x11, 0x03, 0x11, 0x03, 0x11, 0x03, 0x11, 0x03, 0x11, 0x03, 0x11, 0x03, 0x11, 0x03, 0x11, 0x03, 0x11, 0x03, 0x11,
    0x03, 0x11, 0x03, 0x11, 0x03, 0x11, 0x03, 0x11, 0x03, 0x11, 0x03, 0x11, 0x03, 0x11, 0x03, 0x11, 0x03, 0x11, 0x03, 0x11, 0x03, 0x11, 0x03, 0x11,
    0x03, 0x11, 0x03, 0x11, 0x03, 0x11, 0x03, 0x11, 0x03, 0x11, 0x03, 0x11, 0x03, 0x11, 0x03, 0x11, 0x03, 0x11, 0x03, 0x11, 0x03, 0x11, 0x03, 0x11,
    0x03, 0x11, 0x03, 0x11, 0x03, 0x11, 0x03, 0x11, 0x03, 0x11, 0x03, 0x11, 0x03, 0x11, 0x03, 0x11, 0x03, 0x11, 0x03, 0x11, 0x03, 0x11, 0x03, 0x11,
    0x03, 0x11, 0x03, 0x11, 0x03, 0x11, 0x03, 0x11, 0x03, 0x11, 0x03, 0x11, 0x03, 0x11, 0x03, 0x11, 0x03, 0x11, 0x03, 0x11, 0x03, 0x11, 0x03, 0x11,
    0x03, 0x11, 0x03, 0x11, 0x03, 0x11, 0x03, 0x11, 0x03, 0x11, 0x03, 0x11, 0x03, 0x11, 0x03, 0x11, 0x03, 0x11, 0x03, 0x11, 0x03, 0x11, 0x03, 0x11,
    0x03, 0x11, 0x03, 0x11, 0x03, 0x11, 0x03, 0x11, 0x03, 0x11, 0x03, 0x11, 0x03, 0x11, 0x03, 0x11, 0x03, 0x11, 0x03, 0x11, 0x03, 0x11, 0x03, 0x11,
    0x03, 0x11, 0x03, 0x11, 0x03, 0x11, 0x03, 0x11, 0x03, 0x11, 0x03, 0x11, 0x03, 0x11, 0x03, 0x11, 0x03, 0x11, 0x03, 0x11, 0x03, 0x11, 0x03, 0x11,
    0x03, 0x11, 0x03, 0x11, 0x03, 0x11, 0x03, 0x11, 0xce, 0x9e, 0xce, 0x9e, 0x03, 0x11, 0x03, 0x11, 0x03, 0x11, 0x03, 0x11, 0x03, 0x11, 0x03, 0x11,
    0x03, 0x11, 0x03, 0x11, 0x03, 0x11, 0x03, 0x11, 0x03, 0x11, 0x03, 0x11, 0x03, 0x11, 0x03, 0x11, 0x03, 0x11, 0x03, 0x11, 0x03, 0x11, 0x03, 0x11,
    0x03, 0x11, 0x03, 0x11, 0x03, 0x11, 0x03, 0x11, 0x03, 0x11, 0x03, 0x11, 0x03, 0x11, 0x03, 0x11, 0x03, 0x11, 0x03, 0x11, 0x03, 0x11, 0x03, 0x11,
    0x03, 0x11, 0x03, 0x11, 0x03, 0x11, 0x03, 0x11, 0x03, 0x11, 0x03, 0x11, 0xce, 0x9e, 0xce, 0x9e, 0x03, 0x11, 0x03, 0x11, 0x03, 0x11, 0x03, 0x11,
    0x03, 0x11, 0x03, 0x11, 0x03, 0x11, 0x03, 0x11, 0x03, 0x11, 0x03, 0x11, 0x03, 0x11, 0x03, 0x11, 0x03, 0x11, 0x03, 0x11, 0x03, 0x11, 0x03, 0x11,
    0x03, 0x11, 0x03, 0x11, 0x03, 0x11, 0x03, 0x11, 0x03, 0x11, 0x03, 0x11, 0x03, 0x11, 0x03, 0x11, 0x03, 0x11, 0x03, 0x11, 0x03, 0x11, 0x03, 0x11,
    0x03, 0x11, 0x03, 0x11, 0x03, 0x11, 0x03, 0x11, 0x03, 0x11, 0x03, 0x11, 0x03, 0x11, 0x03, 0x11, 0x03, 0x11, 0x03, 0x11, 0x03, 0x11, 0x03, 0x11,
    0xce, 0x9e, 0xce, 0x9e, 0x03, 0x11, 0x03, 0x11, 0x03, 0x11, 0x03, 0x11, 0x03, 0x11, 0x03, 0x11, 0x03, 0x11, 0x03, 0x11, 0x03, 0x11, 0x03, 0x11,
    0x03, 0x11, 0x03, 0x11, 0x03, 0x11, 0x03, 0x11, 0x03, 0x11, 0x03, 0x11, 0x03, 0x11, 0x03, 0x11, 0x03, 0x11, 0x03, 0x11, 0x03, 0x11, 0x03, 0x11,
    0x03, 0x11, 0x03, 0x11, 0x03, 0x11, 0x03, 0x11, 0x03, 0x11, 0x03, 0x11, 0x03, 0x11, 0x03, 0x11, 0x03, 0x11, 0x03, 0x11, 0x03, 0x11, 0x03, 0x11,
    0x03, 0x11, 0x03, 0x11, 0xce, 0x9e, 0xce, 0x9e, 0x03, 0x11, 0x03, 0x11, 0x03, 0x11, 0x03, 0x11, 0x03, 0x11, 0x03, 0x11, 0x03, 0x11, 0x03, 0x11,
    0x03, 0x11, 0x03, 0x11, 0x03, 0x11, 0x03, 0x11, 0x03, 0x11, 0x03, 0x11, 0x03, 0x11, 0x03, 0x11, 0x03, 0x11, 0x03, 0x11, 0x03, 0x11, 0x03, 0x11,
    0x03, 0x11, 0x03, 0x11, 0x03, 0x11, 0x03, 0x11, 0x03, 0x11, 0x03, 0x11, 0x03, 0x11, 0x03, 0x11, 0x03, 0x11, 0x03, 0x11, 0x03, 0x11, 0x03, 0x11,
    0x03, 0x11, 0x03, 0x11, 0x03, 0x11, 0x03, 0x11, 0x03, 0x11, 0x03, 0x11, 0x03, 0x11, 0x03, 0x11, 0xce, 0x9e, 0xce, 0x9e, 0xce, 0x9e, 0xce, 0x9e,
    0x03, 0x11, 0x03, 0x11, 0x03, 0x11, 0x03, 0x11, 0x03, 0x11, 0x03, 0x11, 0x03, 0x11, 0x03, 0x11, 0x03, 0x11, 0x03, 0x11, 0x03, 0x11, 0x03, 0x11,
    0x03, 0x11, 0x03, 0x11, 0x03, 0x11, 0x03, 0x11, 0x03, 0x11, 0x03, 0x11, 0x03, 0x11, 0x03, 0x11, 0x03, 0x11, 0x03, 0x11, 0x03, 0x11, 0x03, 0x11,
    0x03, 0x11, 0x03, 0x11, 0x03, 0x11, 0x03, 0x11, 0x03, 0x11, 0x03, 0x11, 0x03, 0x11, 0x03, 0x11, 0xce, 0x9e, 0xce, 0x9e, 0xce, 0x9e, 0xce, 0x9e,
    0x03, 0x11, 0x03, 0x11, 0x03, 0x11, 0x03, 0x11, 0x03, 0x11, 0x03, 0x11, 0x03, 0x11, 0x03, 0x11, 0x03, 0x11, 0x03, 0x11, 0x03, 0x11, 0x03, 0x11,
    0x03, 0x11, 0x03, 0x11, 0x03, 0x11, 0x03, 0x11, 0x03, 0x11, 0x03, 0x11, 0x03, 0x11, 0x03, 0x11, 0x03, 0x11, 0x03, 0x11, 0x03, 0x11, 0x03, 0x11,
    0x03, 0x11, 0x03, 0x11, 0x03, 0x11, 0x03, 0x11, 0x03, 0x11, 0x03, 0x11, 0x03, 0x11, 0x03, 0x11, 0x03, 0x11, 0x03, 0x11, 0x03, 0x11, 0x03, 0x11,
    0x03, 0x11, 0x03, 0x11, 0x03, 0x11, 0x03, 0x11, 0xce, 0x9e, 0xce, 0x9e, 0xce, 0x9e, 0xce, 0x9e, 0x03, 0x11, 0x03, 0x11, 0x03, 0x11, 0x03, 0x11,
    0x03, 0x11, 0x03, 0x11, 0x03, 0x11, 0x03, 0x11, 0x03, 0x11, 0x03, 0x11, 0x03, 0x11, 0x03, 0x11, 0x03, 0x11, 0x03, 0x11, 0x03, 0x11, 0x03, 0x11,
    0x03, 0x11, 0x03, 0x11, 0x03, 0x11, 0x03, 0x11, 0x03, 0x11, 0x03, 0x11, 0x03, 0x11, 0x03, 0x11, 0x03, 0x11, 0x03, 0x11, 0x03, 0x11, 0x03, 0x11,
    0x03, 0x11, 0x03, 0x11, 0x03, 0x11, 0x03, 0x11, 0xce, 0x9e, 0xce, 0x9e, 0xce, 0x9e, 0xce, 0x9e, 0x03, 0x11, 0x03, 0x11, 0x03, 0x11, 0x03, 0x11,
    0x03, 0x11, 0x03, 0x11, 0x03, 0x11, 0x03, 0x11, 0x03, 0x11, 0x03, 0x11, 0x03, 0x11, 0x03, 0x11, 0x03, 0x11, 0x03, 0x11, 0x03, 0x11, 0x03, 0x11,
    0x03, 0x11, 0x03, 0x11, 0x03, 0x11, 0x03, 0x11, 0x03, 0x11, 0x03, 0x11, 0x03, 0x11, 0x03, 0x11, 0x03, 0x11, 0x03, 0x11, 0x03, 0x11, 0x03, 0x11,
    0x03, 0x11, 0x03, 0x11, 0x03, 0x11, 0x03, 0x11, 0x03, 0x11, 0x03, 0x11, 0x03, 0x11, 0x03, 0x11, 0x03, 0x11, 0x03, 0x11, 0x03, 0x11, 0x03, 0x11,
    0x03, 0x11, 0x03, 0x11, 0xce, 0x9e, 0xce, 0x9e, 0xce, 0x9e, 0xce, 0x9e, 0xce, 0x9e, 0xce, 0x9e, 0x03, 0x11, 0x03, 0x11, 0x03, 0x11, 0x03, 0x11,
    0x03, 0x11, 0x03, 0x11, 0x03, 0x11, 0x03, 0x11, 0x03, 0x11, 0x03, 0x11, 0x03, 0x11, 0x03, 0x11, 0x03, 0x11, 0x03, 0x11, 0x03, 0x11, 0x03, 0x11,
    0x03, 0x11, 0x03, 0x11, 0x03, 0x11, 0x03, 0x11, 0x03, 0x11, 0x03, 0x11, 0x03, 0x11, 0x03, 0x11, 0x03, 0x11, 0x03, 0x11, 0xce, 0x9e, 0xce, 0x9e,
    0xce, 0x9e, 0xce, 0x9e, 0xce, 0x9e, 0xce, 0x9e, 0x03, 0x11, 0x03, 0x11, 0x03, 0x11, 0x03, 0x11, 0x03, 0x11, 0x03, 0x11, 0x03, 0x11, 0x03, 0x11,
    0x03, 0x11, 0x03, 0x11, 0x03, 0x11, 0x03, 0x11, 0x03, 0x11, 0x03, 0x11, 0x03, 0x11, 0x03, 0x11, 0x03, 0x11, 0x03, 0x11, 0x03, 0x11, 0x03, 0x11,
    0x03, 0x11, 0x03, 0x11, 0x03, 0x11, 0x03, 0x11, 0x03, 0x11, 0x03, 0x11, 0x03, 0x11, 0x03, 0x11, 0x03, 0x11, 0x03, 0x11, 0x03, 0x11, 0x03, 0x11,
    0x03, 0x11, 0x03, 0x11, 0x03, 0x11, 0x03, 0x11, 0x03, 0x11, 0x03, 0x11, 0x03, 0x11, 0x03, 0x11, 0x03, 0x11, 0x03, 0x11, 0xce, 0x9e, 0xce, 0x9e,
    0xce, 0x9e, 0xce, 0x9e, 0xce, 0x9e, 0xce, 0x9e, 0x03, 0x11, 0x03, 0x11, 0x03, 0x11, 0x03, 0x11, 0x03, 0x11, 0x03, 0x11, 0x03, 0x11, 0x03, 0x11,
    0x03, 0x11, 0x03, 0x11, 0x03, 0x11, 0x03, 0x11, 0x03, 0x11, 0x03, 0x11, 0x03, 0x11, 0x03, 0x11, 0x03, 0x11, 0x03, 0x11, 0x03, 0x11, 0x03, 0x11,
    0x03, 0x11, 0x03, 0x11, 0x03, 0x11, 0x03, 0x11, 0x03, 0x11, 0x03, 0x11, 0xce, 0x9e, 0xce, 0x9e, 0xce, 0x9e, 0xce, 0x9e, 0xce, 0x9e, 0xce, 0x9e,
    0x03, 0x11, 0x03, 0x11, 0x03, 0x11, 0x03, 0x11, 0x03, 0x11, 0x03, 0x11, 0x03, 0x11, 0x03, 0x11, 0x03, 0x11, 0x03, 0x11, 0x03, 0x11, 0x03, 0x11,
    0x03, 0x11, 0x03, 0x11, 0x03, 0x11, 0x03, 0x11, 0x03, 0x11, 0x03, 0x11, 0x03, 0x11, 0x03, 0x11, 0x03, 0x11, 0x03, 0x11, 0x03, 0x11, 0x03, 0x11,
    0x03, 0x11, 0x03, 0x11, 0x03, 0x11, 0x03, 0x11, 0x03, 0x11, 0x03, 0x11, 0x03, 0x11, 0x03, 0x11, 0x03, 0x11, 0x03, 0x11, 0x03, 0x11, 0x03, 0x11,
    0x03, 0x11, 0x03, 0x11, 0x03, 0x11, 0x03, 0x11, 0x03, 0x11, 0x03, 0x11, 0xce, 0x9e, 0xce, 0x9e, 0xce, 0x9e, 0xce, 0x9e, 0xce, 0x9e, 0xce, 0x9e,
    0xce, 0x9e, 0xce, 0x9e, 0x03, 0x11, 0x03, 0x11, 0x03, 0x11, 0x03, 0x11, 0x03, 0x11, 0x03, 0x11, 0x03, 0x11, 0x03, 0x11, 0x03, 0x11, 0x03, 0x11,
    0x03, 0x11, 0x03, 0x11, 0x03, 0x11, 0x03, 0x11, 0x03, 0x11, 0x03, 0x11, 0x03, 0x11, 0x03, 0x11, 0x03, 0x11, 0x03, 0x11, 0xce, 0x9e, 0xce, 0x9e,
    0xce, 0x9e, 0xce, 0x9e, 0xce, 0x9e, 0xce, 0x9e, 0xce, 0x9e, 0xce, 0x9e, 0xce, 0x9e, 0xce, 0x9e, 0x03, 0x11, 0x03, 0x11, 0x03, 0x11, 0x03, 0x11,
    0x03, 0x11, 0x03, 0x11, 0x03, 0x11, 0x03, 0x11, 0x03, 0x11, 0x03, 0x11, 0x03, 0x11, 0x03, 0x11, 0x03, 0x11, 0x03, 0x11, 0x03, 0x11, 0x03, 0x11,
    0x03, 0x11, 0x03, 0x11, 0x03, 0x11, 0x03, 0x11, 0x03, 0x11, 0x03, 0x11, 0x03, 0x11, 0x03, 0x11, 0x03, 0x11, 0x03, 0x11, 0x03, 0x11, 0x03, 0x11,
    0x03, 0x11, 0x03, 0x11, 0x03, 0x11, 0x03, 0x11, 0x03, 0x11, 0x03, 0x11, 0x03, 0x11, 0x03, 0x11, 0x03, 0x11, 0x03, 0x11, 0x03, 0x11, 0x03, 0x11,
    0x03, 0x11, 0x03, 0x11, 0xce, 0x9e, 0xce, 0x9e, 0xce, 0x9e, 0xce, 0x9e, 0xce, 0x9e, 0xce, 0x9e, 0xce, 0x9e, 0xce, 0x9e, 0x03, 0x11, 0x03, 0x11,
    0x03, 0x11, 0x03, 0x11, 0x03, 0x11, 0x03, 0x11, 0x03, 0x11, 0x03, 0x11, 0x03, 0x11, 0x03, 0x11, 0x03, 0x11, 0x03, 0x11, 0x03, 0x11, 0x03, 0x11,
    0x03, 0x11, 0x03, 0x11, 0x03, 0x11, 0x03, 0x11, 0x03, 0x11, 0x03, 0x11, 0xce, 0x9e, 0xce, 0x9e, 0xce, 0x9e, 0xce, 0x9e, 0xce, 0x9e, 0xce, 0x9e,
    0xce, 0x9e, 0xce, 0x9e, 0xce, 0x9e, 0xce, 0x9e, 0x03, 0x11, 0x03, 0x11, 0x03, 0x11, 0x03, 0x11, 0x03, 0x11, 0x03, 0x11, 0x03, 0x11, 0x03, 0x11,
    0x03, 0x11, 0x03, 0x11, 0x03, 0x11, 0x03, 0x11, 0x03, 0x11, 0x03, 0x11, 0x03, 0x11, 0x03, 0x11, 0x03, 0x11, 0x03, 0x11, 0x03, 0x11, 0x03, 0x11,
    0x03, 0x11, 0x03, 0x11, 0x03, 0x11, 0x03, 0x11, 0x03, 0x11, 0x03, 0x11, 0x03, 0x11, 0x03, 0x11, 0x03, 0x11, 0x03, 0x11, 0x03, 0x11, 0x03, 0x11,
    0x03, 0x11, 0x03, 0x11, 0x03, 0x11, 0x03, 0x11, 0x03, 0x11, 0x03, 0x11, 0x03, 0x11, 0x03, 0x11, 0x03, 0x11, 0x03, 0x11, 0x6b, 0x55, 0x6b, 0x55,
    0xce, 0x9e, 0xce, 0x9e, 0xce, 0x9e, 0xce, 0x9e, 0xce, 0x9e, 0xce, 0x9e, 0xce, 0x9e, 0xce, 0x9e, 0xce, 0x9e, 0xce, 0x9e, 0x6b, 0x55, 0x6b, 0x55,
    0x6b, 0x55, 0x6b, 0x55, 0x6b, 0x55, 0x6b, 0x55, 0x6b, 0x55, 0x6b, 0x55, 0x6b, 0x55, 0x6b, 0x55, 0x6b, 0x55, 0x6b, 0x55, 0x6b, 0x55, 0x6b, 0x55,
    0xce, 0x9e, 0xce, 0x9e, 0xce, 0x9e, 0xce, 0x9e, 0xce, 0x9e, 0xce, 0x9e, 0xce, 0x9e, 0xce, 0x9e, 0xce, 0x9e, 0xce, 0x9e, 0x03, 0x11, 0x03, 0x11,
    0x03, 0x11, 0x03, 0x11, 0x03, 0x11, 0x03, 0x11, 0x03, 0x11, 0x03, 0x11, 0x03, 0x11, 0x03, 0x11, 0x03, 0x11, 0x03, 0x11, 0x03, 0x11, 0x03, 0x11,
    0x03, 0x11, 0x03, 0x11, 0x03, 0x11, 0x03, 0x11, 0x03, 0x11, 0x03, 0x11, 0x03, 0x11, 0x03, 0x11, 0x03, 0x11, 0x03, 0x11, 0x03, 0x11, 0x03, 0x11,
    0x03, 0x11, 0x03, 0x11, 0x03, 0x11, 0x03, 0x11, 0x03, 0x11, 0x03, 0x11, 0x03, 0x11, 0x03, 0x11, 0x03, 0x11, 0x03, 0x11, 0x03, 0x11, 0x03, 0x11,
    0x03, 0x11, 0x03, 0x11, 0x03, 0x11, 0x03, 0x11, 0x03, 0x11, 0x03, 0x11, 0x6b, 0x55, 0x6b, 0x55, 0xce, 0x9e, 0xce, 0x9e, 0xce, 0x9e, 0xce, 0x9e,
    0xce, 0x9e, 0xce, 0x9e, 0xce, 0x9e, 0xce, 0x9e, 0xce, 0x9e, 0xce, 0x9e, 0x6b, 0x55, 0x6b, 0x55, 0x6b, 0x55, 0x6b, 0x55, 0x6b, 0x55, 0x6b, 0x55,
    0x6b, 0x55, 0x6b, 0x55, 0x6b, 0x55, 0x6b, 0x55, 0x6b, 0x55, 0x6b, 0x55, 0x6b, 0x55, 0x6b, 0x55, 0xce, 0x9e, 0xce, 0x9e, 0xce, 0x9e, 0xce, 0x9e,
    0xce, 0x9e, 0xce, 0x9e, 0xce, 0x9e, 0xce, 0x9e, 0xce, 0x9e, 0xce, 0x9e, 0x03, 0x11, 0x03, 0x11, 0x03, 0x11, 0x03, 0x11, 0x03, 0x11, 0x03, 0x11,
    0x03, 0x11, 0x03, 0x11, 0x03, 0x11, 0x03, 0x11, 0x03, 0x11, 0x03, 0x11, 0x03, 0x11, 0x03, 0x11, 0x03, 0x11, 0x03, 0x11, 0x03, 0x11, 0x03, 0x11,
    0x03, 0x11, 0x03, 0x11, 0x03, 0x11, 0x03, 0x11, 0x03, 0x11, 0x03, 0x11, 0x03, 0x11, 0x03, 0x11, 0x03, 0x11, 0x03, 0x11, 0x03, 0x11, 0x03, 0x11,
    0x03, 0x11, 0x03, 0x11, 0x03, 0x11, 0x03, 0x11, 0x03, 0x11, 0x03, 0x11, 0x03, 0x11, 0x03, 0x11, 0x03, 0x11, 0x03, 0x11, 0x27, 0x2b, 0x27, 0x2b,
    0x27, 0x2b, 0x27, 0x2b, 0x6b, 0x55, 0x6b, 0x55, 0xce, 0x9e, 0xce, 0x9e, 0x6b, 0x55, 0x6b, 0x55, 0x6b, 0x55, 0x6b, 0x55, 0x6b, 0x55, 0x6b, 0x55,
    0x6b, 0x55, 0x6b, 0x55, 0x6b, 0x55, 0x6b, 0x55, 0x6b, 0x55, 0x6b, 0x55, 0x6b, 0x55, 0x6b, 0x55, 0x6b, 0x55, 0x6b, 0x55, 0x6b, 0x55, 0x6b, 0x55,
    0x6b, 0x55, 0x6b, 0x55, 0x6b, 0x55, 0x6b, 0x55, 0x6b, 0x55, 0x6b, 0x55, 0xce, 0x9e, 0xce, 0x9e, 0xce, 0x9e, 0xce, 0x9e, 0xce, 0x9e, 0xce, 0x9e,
    0xce, 0x9e, 0xce, 0x9e, 0x27, 0x2b, 0x27, 0x2b, 0x03, 0x11, 0x03, 0x11, 0x03, 0x11, 0x03, 0x11, 0x03, 0x11, 0x03, 0x11, 0x03, 0x11, 0x03, 0x11,
    0x03, 0x11, 0x03, 0x11, 0x03, 0x11, 0x03, 0x11, 0x03, 0x11, 0x03, 0x11, 0x03, 0x11, 0x03, 0x11, 0x03, 0x11, 0x03, 0x11, 0x03, 0x11, 0x03, 0x11,
    0x03, 0x11, 0x03, 0x11, 0x03, 0x11, 0x03, 0x11, 0x03, 0x11, 0x03, 0x11, 0x03, 0x11, 0x03, 0x11, 0x03, 0x11, 0x03, 0x11, 0x03, 0x11, 0x03, 0x11,
    0x03, 0x11, 0x03, 0x11, 0x03, 0x11, 0x03, 0x11, 0x03, 0x11, 0x03, 0x11, 0x27, 0x2b, 0x27, 0x2b, 0x27, 0x2b, 0x27, 0x2b, 0x6b, 0x55, 0x6b, 0x55,
    0xce, 0x9e, 0xce, 0x9e, 0x6b, 0x55, 0x6b, 0x55, 0x6b, 0x55, 0x6b, 0x55, 0x6b, 0x55, 0x6b, 0x55, 0x6b, 0x55, 0x6b, 0x55, 0x6b, 0x55, 0x6b, 0x55,
    0x6b, 0x55, 0x6b, 0x55, 0x6b, 0x55, 0x6b, 0x55, 0x6b, 0x55, 0x6b, 0x55, 0x6b, 0x55, 0x6b, 0x55, 0x6b, 0x55, 0x6b, 0x55, 0x6b, 0x55, 0x6b, 0x55,
    0x6b, 0x55, 0x6b, 0x55, 0xce, 0x9e, 0xce, 0x9e, 0xce, 0x9e, 0xce, 0x9e, 0xce, 0x9e, 0xce, 0x9e, 0xce, 0x9e, 0xce, 0x9e, 0x27, 0x2b, 0x27, 0x2b,
    0x03, 0x11, 0x03, 0x11, 0x03, 0x11, 0x03, 0x11, 0x03, 0x11, 0x03, 0x11, 0x03, 0x11, 0x03, 0x11, 0x03, 0x11, 0x03, 0x11, 0x03, 0x11, 0x03, 0x11,
    0x03, 0x11, 0x03, 0x11, 0x03, 0x11, 0x03, 0x11, 0x03, 0x11, 0x03, 0x11, 0x03, 0x11, 0x03, 0x11, 0x03, 0x11, 0x03, 0x11, 0x03, 0x11, 0x03, 0x11,
    0x03, 0x11, 0x03, 0x11, 0x03, 0x11, 0x03, 0x11, 0x03, 0x11, 0x03, 0x11, 0xce, 0x9e, 0xce, 0x9e, 0xce, 0x9e, 0xce, 0x9e, 0xce, 0x9e, 0xce, 0x9e,
    0xce, 0x9e, 0xce, 0x9e, 0xce, 0x9e, 0xce, 0x9e, 0xce, 0x9e, 0xce, 0x9e, 0x6b, 0x55, 0x6b, 0x55, 0x6b, 0x55, 0x6b, 0x55, 0x6b, 0x55, 0x6b, 0x55,
    0x6b, 0x55, 0x6b, 0x55, 0x6b, 0x55, 0x6b, 0x55, 0x6b, 0x55, 0x6b, 0x55, 0x6b, 0x55, 0x6b, 0x55, 0x6b, 0x55, 0x6b, 0x55, 0x6b, 0x55, 0x6b, 0x55,
    0x6b, 0x55, 0x6b, 0x55, 0x6b, 0x55, 0x6b, 0x55, 0x6b, 0x55, 0x6b, 0x55, 0x6b, 0x55, 0x6b, 0x55, 0x6b, 0x55, 0x6b, 0x55, 0x6b, 0x55, 0x6b, 0x55,
    0x6b, 0x55, 0x6b, 0x55, 0xce, 0x9e, 0xce, 0x9e, 0xce, 0x9e, 0xce, 0x9e, 0x27, 0x2b, 0x27, 0x2b, 0x03, 0x11, 0x03, 0x11, 0x03, 0x11, 0x03, 0x11,
    0x03, 0x11, 0x03, 0x11, 0x03, 0x11, 0x03, 0x11, 0x03, 0x11, 0x03, 0x11, 0x03, 0x11, 0x03, 0x11, 0x03, 0x11, 0x03, 0x11, 0x03, 0x11, 0x03, 0x11,
    0x03, 0x11, 0x03, 0x11, 0x03, 0x11, 0x03, 0x11, 0x03, 0x11, 0x03, 0x11, 0x03, 0x11, 0x03, 0x11, 0x03, 0x11, 0x03, 0x11, 0x03, 0x11, 0x03, 0x11,
    0x03, 0x11, 0x03, 0x11, 0xce, 0x9e, 0xce, 0x9e, 0xce, 0x9e, 0xce, 0x9e, 0xce, 0x9e, 0xce, 0x9e, 0xce, 0x9e, 0xce, 0x9e, 0xce, 0x9e, 0xce, 0x9e,
    0xce, 0x9e, 0xce, 0x9e, 0x6b, 0x55, 0x6b, 0x55, 0x6b, 0x55, 0x6b, 0x55, 0x6b, 0x55, 0x6b, 0x55, 0x6b, 0x55, 0x6b, 0x55, 0x6b, 0x55, 0x6b, 0x55,
    0x6b, 0x55, 0x6b, 0x55, 0x6b, 0x55, 0x6b, 0x55, 0x6b, 0x55, 0x6b, 0x55, 0x6b, 0x55, 0x6b, 0x55, 0x6b, 0x55, 0x6b, 0x55, 0x6b, 0x55, 0x6b, 0x55,
    0x6b, 0x55, 0x6b, 0x55, 0x6b, 0x55, 0x6b, 0x55, 0x6b, 0x55, 0x6b, 0x55, 0x6b, 0x55, 0x6b, 0x55, 0x6b, 0x55, 0x6b, 0x55, 0xce, 0x9e, 0xce, 0x9e,
    0xce, 0x9e, 0xce, 0x9e, 0x27, 0x2b, 0x27, 0x2b, 0x03, 0x11, 0x03, 0x11, 0x03, 0x11, 0x03, 0x11, 0x03, 0x11, 0x03, 0x11, 0x03, 0x11, 0x03, 0x11,
    0x03, 0x11, 0x03, 0x11, 0x03, 0x11, 0x03, 0x11, 0x03, 0x11, 0x03, 0x11, 0x03, 0x11, 0x03, 0x11, 0x03, 0x11, 0x03, 0x11, 0x03, 0x11, 0x03, 0x11,
    0x03, 0x11, 0x03, 0x11, 0x03, 0x11, 0x03, 0x11, 0x03, 0x11, 0x03, 0x11, 0x03, 0x11, 0x03, 0x11, 0x03, 0x11, 0x03, 0x11, 0xce, 0x9e, 0xce, 0x9e,
    0xce, 0x9e, 0xce, 0x9e, 0xce, 0x9e, 0xce, 0x9e, 0xce, 0x9e, 0xce, 0x9e, 0xce, 0x9e, 0xce, 0x9e, 0xce, 0x9e, 0xce, 0x9e, 0x6b, 0x55, 0x6b, 0x55,
    0x6b, 0x55, 0x6b, 0x55, 0x6b, 0x55, 0x6b, 0x55, 0x6b, 0x55, 0x6b, 0x55, 0x6b, 0x55, 0x6b, 0x55, 0x6b, 0x55, 0x6b, 0x55, 0x6b, 0x55, 0x6b, 0x55,
    0x6b, 0x55, 0x6b, 0x55, 0x6b, 0x55, 0x6b, 0x55, 0x6b, 0x55, 0x6b, 0x55, 0x6b, 0x55, 0x6b, 0x55, 0x6b, 0x55, 0x6b, 0x55, 0x6b, 0x55, 0x6b, 0x55,
    0x6b, 0x55, 0x6b, 0x55, 0x6b, 0x55, 0x6b, 0x55, 0x6b, 0x55, 0x6b, 0x55, 0x6b, 0x55, 0x6b, 0x55, 0xce, 0x9e, 0xce, 0x9e, 0x27, 0x2b, 0x27, 0x2b,
    0x03, 0x11, 0x03, 0x11, 0x03, 0x11, 0x03, 0x11, 0x03, 0x11, 0x03, 0x11, 0x03, 0x11, 0x03, 0x11, 0x03, 0x11, 0x03, 0x11, 0x03, 0x11, 0x03, 0x11,
    0x03, 0x11, 0x03, 0x11, 0x03, 0x11, 0x03, 0x11, 0x03, 0x11, 0x03, 0x11, 0x03, 0x11, 0x03, 0x11, 0x03, 0x11, 0x03, 0x11, 0x03, 0x11, 0x03, 0x11,
    0x03, 0x11, 0x03, 0x11, 0x03, 0x11, 0x03, 0x11, 0x03, 0x11, 0x03, 0x11, 0xce, 0x9e, 0xce, 0x9e, 0xce, 0x9e, 0xce, 0x9e, 0xce, 0x9e, 0xce, 0x9e,
    0xce, 0x9e, 0xce, 0x9e, 0xce, 0x9e, 0xce, 0x9e, 0xce, 0x9e, 0xce, 0x9e, 0x6b, 0x55, 0x6b, 0x55, 0x6b, 0x55, 0x6b, 0x55, 0x6b, 0x55, 0x6b, 0x55,
    0x6b, 0x55, 0x6b, 0x55, 0x6b, 0x55, 0x6b, 0x55, 0x6b, 0x55, 0x6b, 0x55, 0x6b, 0x55, 0x6b, 0x55, 0x6b, 0x55, 0x6b, 0x55, 0x6b, 0x55, 0x6b, 0x55,
    0x6b, 0x55, 0x6b, 0x55, 0x6b, 0x55, 0x6b, 0x55, 0x6b, 0x55, 0x6b, 0x55, 0x6b, 0x55, 0x6b, 0x55, 0x6b, 0x55, 0x6b, 0x55, 0x6b, 0x55, 0x6b, 0x55,
    0x6b, 0x55, 0x6b, 0x55, 0x6b, 0x55, 0x6b, 0x55, 0xce, 0x9e, 0xce, 0x9e, 0x27, 0x2b, 0x27, 0x2b, 0x03, 0x11, 0x03, 0x11, 0x03, 0x11, 0x03, 0x11,
    0x03, 0x11, 0x03, 0x11, 0x03, 0x11, 0x03, 0x11, 0x03, 0x11, 0x03, 0x11, 0x03, 0x11, 0x03, 0x11, 0x03, 0x11, 0x03, 0x11, 0x03, 0x11, 0x03, 0x11,
    0x03, 0x11, 0x03, 0x11, 0x03, 0x11, 0x03, 0x11, 0x03, 0x11, 0x03, 0x11, 0x03, 0x11, 0x03, 0x11, 0x03, 0x11, 0x03, 0x11, 0x03, 0x11, 0x03, 0x11,
    0x03, 0x11, 0x03, 0x11, 0xce, 0x9e, 0xce, 0x9e, 0xce, 0x9e, 0xce, 0x9e, 0xce, 0x9e, 0xce, 0x9e, 0xce, 0x9e, 0xce, 0x9e, 0xce, 0x9e, 0xce, 0x9e,
    0xce, 0x9e, 0xce, 0x9e, 0x6b, 0x55, 0x6b, 0x55, 0x6b, 0x55, 0x6b, 0x55, 0x6b, 0x55, 0x6b, 0x55, 0x6b, 0x55, 0x6b, 0x55, 0x6b, 0x55, 0x6b, 0x55,
    0x6b, 0x55, 0x6b, 0x55, 0x6b, 0x55, 0x6b, 0x55, 0x6b, 0x55, 0x6b, 0x55, 0x6b, 0x55, 0x6b, 0x55, 0x6b, 0x55, 0x6b, 0x55, 0x6b, 0x55, 0x6b, 0x55,
    0x6b, 0x55, 0x6b, 0x55, 0x6b, 0x55, 0x6b, 0x55, 0x6b, 0x55, 0x6b, 0x55, 0x6b, 0x55, 0x6b, 0x55, 0x6b, 0x55, 0x6b, 0x55, 0x6b, 0x55, 0x6b, 0x55,
    0x27, 0x2b, 0x27, 0x2b, 0x27, 0x2b, 0x27, 0x2b, 0x03, 0x11, 0x03, 0x11, 0x03, 0x11, 0x03, 0x11, 0x03, 0x11, 0x03, 0x11, 0x03, 0x11, 0x03, 0x11,
    0x03, 0x11, 0x03, 0x11, 0x03, 0x11, 0x03, 0x11, 0x03, 0x11, 0x03, 0x11, 0x03, 0x11, 0x03, 0x11, 0x03, 0x11, 0x03, 0x11, 0x03, 0x11, 0x03, 0x11,
    0x03, 0x11, 0x03, 0x11, 0x03, 0x11, 0x03, 0x11, 0x03, 0x11, 0x03, 0x11, 0x03, 0x11, 0x03, 0x11, 0x03, 0x11, 0x03, 0x11, 0xce, 0x9e, 0xce, 0x9e,
    0xce, 0x9e, 0xce, 0x9e, 0xce, 0x9e, 0xce, 0x9e, 0xce, 0x9e, 0xce, 0x9e, 0xce, 0x9e, 0xce, 0x9e, 0xce, 0x9e, 0xce, 0x9e, 0x6b, 0x55, 0x6b, 0x55,
    0x6b, 0x55, 0x6b, 0x55, 0x6b, 0x55, 0x6b, 0x55, 0x6b, 0x55, 0x6b, 0x55, 0x6b, 0x55, 0x6b, 0x55, 0x6b, 0x55, 0x6b, 0x55, 0x6b, 0x55, 0x6b, 0x55,
    0x6b, 0x55, 0x6b, 0x55, 0x6b, 0x55, 0x6b, 0x55, 0x6b, 0x55, 0x6b, 0x55, 0x6b, 0x55, 0x6b, 0x55, 0x6b, 0x55, 0x6b, 0x55, 0x6b, 0x55, 0x6b, 0x55,
    0x6b, 0x55, 0x6b, 0x55, 0x6b, 0x55, 0x6b, 0x55, 0x6b, 0x55, 0x6b, 0x55, 0x6b, 0x55, 0x6b, 0x55, 0x27, 0x2b, 0x27, 0x2b, 0x27, 0x2b, 0x27, 0x2b,
    0x03, 0x11, 0x03, 0x11, 0x03, 0x11, 0x03, 0x11, 0x03, 0x11, 0x03, 0x11, 0x03, 0x11, 0x03, 0x11, 0x03, 0x11, 0x03, 0x11, 0x03, 0x11, 0x03, 0x11,
    0x03, 0x11, 0x03, 0x11, 0x03, 0x11, 0x03, 0x11, 0x03, 0x11, 0x03, 0x11, 0x03, 0x11, 0x03, 0x11, 0x03, 0x11, 0x03, 0x11, 0x03, 0x11, 0x03, 0x11,
    0x03, 0x11, 0x03, 0x11, 0x03, 0x11, 0x03, 0x11, 0x03, 0x11, 0x03, 0x11, 0x6b, 0x55, 0x6b, 0x55, 0x6b, 0x55, 0x6b, 0x55, 0x6b, 0x55, 0x6b, 0x55,
    0xce, 0x9e, 0xce, 0x9e, 0xce, 0x9e, 0xce, 0x9e, 0xce, 0x9e, 0xce, 0x9e, 0x6b, 0x55, 0x6b, 0x55, 0x6b, 0x55, 0x6b, 0x55, 0x6b, 0x55, 0x6b, 0x55,
    0x6b, 0x55, 0x6b, 0x55, 0xc2, 0x10, 0xc2, 0x10, 0xc2, 0x10, 0xc2, 0x10, 0xc2, 0x10, 0xc2, 0x10, 0x6b, 0x55, 0x6b, 0x55, 0x6b, 0x55, 0x6b, 0x55,
    0x6b, 0x55, 0x6b, 0x55, 0x6b, 0x55, 0x6b, 0x55, 0x6b, 0x55, 0x6b, 0x55, 0x6b, 0x55, 0x6b, 0x55, 0xc2, 0x10, 0xc2, 0x10, 0xc2, 0x10, 0xc2, 0x10,
    0xc2, 0x10, 0xc2, 0x10, 0x6b, 0x55, 0x6b, 0x55, 0x27, 0x2b, 0x27, 0x2b, 0x27, 0x2b, 0x27, 0x2b, 0x03, 0x11, 0x03, 0x11, 0x03, 0x11, 0x03, 0x11,
    0x03, 0x11, 0x03, 0x11, 0x03, 0x11, 0x03, 0x11, 0x03, 0x11, 0x03, 0x11, 0x03, 0x11, 0x03, 0x11, 0x03, 0x11, 0x03, 0x11, 0x03, 0x11, 0x03, 0x11,
    0x03, 0x11, 0x03, 0x11, 0x03, 0x11, 0x03, 0x11, 0x03, 0x11, 0x03, 0x11, 0x03, 0x11, 0x03, 0x11, 0x03, 0x11, 0x03, 0x11, 0x03, 0x11, 0x03, 0x11,
    0x03, 0x11, 0x03, 0x11, 0x6b, 0x55, 0x6b, 0x55, 0x6b, 0x55, 0x6b, 0x55, 0x6b, 0x55, 0x6b, 0x55, 0xce, 0x9e, 0xce, 0x9e, 0xce, 0x9e, 0xce, 0x9e,
    0xce, 0x9e, 0xce, 0x9e, 0x6b, 0x55, 0x6b, 0x55, 0x6b, 0x55, 0x6b, 0x55, 0x6b, 0x55, 0x6b, 0x55, 0x6b, 0x55, 0x6b, 0x55, 0xc2, 0x10, 0xc2, 0x10,
    0xc2, 0x10, 0xc2, 0x10, 0xc2, 0x10, 0xc2, 0x10, 0x6b, 0x55, 0x6b, 0x55, 0x6b, 0x55, 0x6b, 0x55, 0x6b, 0x55, 0x6b, 0x55, 0x6b, 0x55, 0x6b, 0x55,
    0x6b, 0x55, 0x6b, 0x55, 0x6b, 0x55, 0x6b, 0x55, 0xc2, 0x10, 0xc2, 0x10, 0xc2, 0x10, 0xc2, 0x10, 0xc2, 0x10, 0xc2, 0x10, 0x6b, 0x55, 0x6b, 0x55,
    0x27, 0x2b, 0x27, 0x2b, 0x27, 0x2b, 0x27, 0x2b, 0x03, 0x11, 0x03, 0x11, 0x03, 0x11, 0x03, 0x11, 0x03, 0x11, 0x03, 0x11, 0x03, 0x11, 0x03, 0x11,
    0x03, 0x11, 0x03, 0x11, 0x03, 0x11, 0x03, 0x11, 0x03, 0x11, 0x03, 0x11, 0x03, 0x11, 0x03, 0x11, 0x03, 0x11, 0x03, 0x11, 0x03, 0x11, 0x03, 0x11,
    0x03, 0x11, 0x03, 0x11, 0x03, 0x11, 0x03, 0x11, 0x03, 0x11, 0x03, 0x11, 0x03, 0x11, 0x03, 0x11, 0x03, 0x11, 0x03, 0x11, 0x6b, 0x55, 0x6b, 0x55,
    0x6b, 0x55, 0x6b, 0x55, 0x6b, 0x55, 0x6b, 0x55, 0xce, 0x9e, 0xce, 0x9e, 0xce, 0x9e, 0xce, 0x9e, 0xce, 0x9e, 0xce, 0x9e, 0x6b, 0x55, 0x6b, 0x55,
    0x6b, 0x55, 0x6b, 0x55, 0x6b, 0x55, 0x6b, 0x55, 0x6b, 0x55, 0x6b, 0x55, 0xc2, 0x10, 0xc2, 0x10, 0xc2, 0x10, 0xc2, 0x10, 0xc2, 0x10, 0xc2, 0x10,
    0x6b, 0x55, 0x6b, 0x55, 0x6b, 0x55, 0x6b, 0x55, 0x6b, 0x55, 0x6b, 0x55, 0x6b, 0x55, 0x6b, 0x55, 0x6b, 0x55, 0x6b, 0x55, 0x6b, 0x55, 0x6b, 0x55,
    0xc2, 0x10, 0xc2, 0x10, 0xc2, 0x10, 0xc2, 0x10, 0xc2, 0x10, 0xc2, 0x10, 0x6b, 0x55, 0x6b, 0x55, 0x27, 0x2b, 0x27, 0x2b, 0x27, 0x2b, 0x27, 0x2b,
    0x03, 0x11, 0x03, 0x11, 0x03, 0x11, 0x03, 0x11, 0x03, 0x11, 0x03, 0x11, 0x03, 0x11, 0x03, 0x11, 0x03, 0x11, 0x03, 0x11, 0x03, 0x11, 0x03, 0x11,
    0x03, 0x11, 0x03, 0x11, 0x03, 0x11, 0x03, 0x11, 0x03, 0x11, 0x03, 0x11, 0x03, 0x11, 0x03, 0x11, 0x03, 0x11, 0x03, 0x11, 0x03, 0x11, 0x03, 0x11,
    0x03, 0x11, 0x03, 0x11, 0x03, 0x11, 0x03, 0x11, 0x03, 0x11, 0x03, 0x11, 0x6b, 0x55, 0x6b, 0x55, 0x6b, 0x55, 0x6b, 0x55, 0x6b, 0x55, 0x6b, 0x55,
    0xce, 0x9e, 0xce, 0x9e, 0xce, 0x9e, 0xce, 0x9e, 0xce, 0x9e, 0xce, 0x9e, 0x6b, 0x55, 0x6b, 0x55, 0x6b, 0x55, 0x6b, 0x55, 0x6b, 0x55, 0x6b, 0x55,
    0x6b, 0x55, 0x6b, 0x55, 0xc2, 0x10, 0xc2, 0x10, 0xc2, 0x10, 0xc2, 0x10, 0xc2, 0x10, 0xc2, 0x10, 0x6b, 0x55, 0x6b, 0x55, 0x6b, 0x55, 0x6b, 0x55,
    0x6b, 0x55, 0x6b, 0x55, 0x6b, 0x55, 0x6b, 0x55, 0x6b, 0x55, 0x6b, 0x55, 0x6b, 0x55, 0x6b, 0x55, 0xc2, 0x10, 0xc2, 0x10, 0xc2, 0x10, 0xc2, 0x10,
    0xc2, 0x10, 0xc2, 0x10, 0x6b, 0x55, 0x6b, 0x55, 0x27, 0x2b, 0x27, 0x2b, 0x27, 0x2b, 0x27, 0x2b, 0x03, 0x11, 0x03, 0x11, 0x03, 0x11, 0x03, 0x11,
    0x03, 0x11, 0x03, 0x11, 0x03, 0x11, 0x03, 0x11, 0x03, 0x11, 0x03, 0x11, 0x03, 0x11, 0x03, 0x11, 0x03, 0x11, 0x03, 0x11, 0x03, 0x11, 0x03, 0x11,
    0x03, 0x11, 0x03, 0x11, 0x03, 0x11, 0x03, 0x11, 0x03, 0x11, 0x03, 0x11, 0x03, 0x11, 0x03, 0x11, 0x03, 0x11, 0x03, 0x11, 0x03, 0x11, 0x03, 0x11,
    0x03, 0x11, 0x03, 0x11, 0x6b, 0x55, 0x6b, 0x55, 0x6b, 0x55, 0x6b, 0x55, 0x6b, 0x55, 0x6b, 0x55, 0x03, 0x11, 0x03, 0x11, 0x27, 0x2b, 0x27, 0x2b,
    0x27, 0x2b, 0x27, 0x2b, 0x6b, 0x55, 0x6b, 0x55, 0x6b, 0x55, 0x6b, 0x55, 0x6b, 0x55, 0x6b, 0x55, 0x6b, 0x55, 0x6b, 0x55, 0xc2, 0x10, 0xc2, 0x10,
    0xc2, 0x10, 0xc2, 0x10, 0xc2, 0x10, 0xc2, 0x10, 0x6b, 0x55, 0x6b, 0x55, 0x6b, 0x55, 0x6b, 0x55, 0x6b, 0x55, 0x6b, 0x55, 0x6b, 0x55, 0x6b, 0x55,
    0x6b, 0x55, 0x6b, 0x55, 0x6b, 0x55, 0x6b, 0x55, 0xc2, 0x10, 0xc2, 0x10, 0xc2, 0x10, 0xc2, 0x10, 0xc2, 0x10, 0xc2, 0x10, 0x6b, 0x55, 0x6b, 0x55,
    0x27, 0x2b, 0x27, 0x2b, 0x27, 0x2b, 0x27, 0x2b, 0x03, 0x11, 0x03, 0x11, 0x03, 0x11, 0x03, 0x11, 0x03, 0x11, 0x03, 0x11, 0x03, 0x11, 0x03, 0x11,
    0x03, 0x11, 0x03, 0x11, 0x03, 0x11, 0x03, 0x11, 0x03, 0x11, 0x03, 0x11, 0x03, 0x11, 0x03, 0x11, 0x03, 0x11, 0x03, 0x11, 0x03, 0x11, 0x03, 0x11,
    0x03, 0x11, 0x03, 0x11, 0x03, 0x11, 0x03, 0x11, 0x03, 0x11, 0x03, 0x11, 0x03, 0x11, 0x03, 0x11, 0x03, 0x11, 0x03, 0x11, 0x6b, 0x55, 0x6b, 0x55,
    0x6b, 0x55, 0x6b, 0x55, 0x6b, 0x55, 0x6b, 0x55, 0x03, 0x11, 0x03, 0x11, 0x27, 0x2b, 0x27, 0x2b, 0x27, 0x2b, 0x27, 0x2b, 0x6b, 0x55, 0x6b, 0x55,
    0x6b, 0x55, 0x6b, 0x55, 0x6b, 0x55, 0x6b, 0x55, 0x6b, 0x55, 0x6b, 0x55, 0xc2, 0x10, 0xc2, 0x10, 0xc2, 0x10, 0xc2, 0x10, 0xc2, 0x10, 0xc2, 0x10,
    0x6b, 0x55, 0x6b, 0x55, 0x6b, 0x55, 0x6b, 0x55, 0x6b, 0x55, 0x6b, 0x55, 0x6b, 0x55, 0x6b, 0x55, 0x6b, 0x55, 0x6b, 0x55, 0x6b, 0x55, 0x6b, 0x55,
    0xc2, 0x10, 0xc2, 0x10, 0xc2, 0x10, 0xc2, 0x10, 0xc2, 0x10, 0xc2, 0x10, 0x6b, 0x55, 0x6b, 0x55, 0x27, 0x2b, 0x27, 0x2b, 0x27, 0x2b, 0x27, 0x2b,
    0x03, 0x11, 0x03, 0x11, 0x03, 0x11, 0x03, 0x11, 0x03, 0x11, 0x03, 0x11, 0x03, 0x11, 0x03, 0x11, 0x03, 0x11, 0x03, 0x11, 0x03, 0x11, 0x03, 0x11,
    0x03, 0x11, 0x03, 0x11, 0x03, 0x11, 0x03, 0x11, 0x03, 0x11, 0x03, 0x11, 0x03, 0x11, 0x03, 0x11, 0x03, 0x11, 0x03, 0x11, 0x03, 0x11, 0x03, 0x11,
    0x03, 0x11, 0x03, 0x11, 0x03, 0x11, 0x03, 0x11, 0x03, 0x11, 0x03, 0x11, 0x6b, 0x55, 0x6b, 0x55, 0x6b, 0x55, 0x6b, 0x55, 0x6b, 0x55, 0x6b, 0x55,
    0x03, 0x11, 0x03, 0x11, 0x27, 0x2b, 0x27, 0x2b, 0x27, 0x2b, 0x27, 0x2b, 0x6b, 0x55, 0x6b, 0x55, 0x6b, 0x55, 0x6b, 0x55, 0x6b, 0x55, 0x6b, 0x55,
    0x6b, 0x55, 0x6b, 0x55, 0x6b, 0x55, 0x6b, 0x55, 0x6b, 0x55, 0x6b, 0x55, 0x6b, 0x55, 0x6b, 0x55, 0x6b, 0x55, 0x6b, 0x55, 0x6b, 0x55, 0x6b, 0x55,
    0x6b, 0x55, 0x6b, 0x55, 0x6b, 0x55, 0x6b, 0x55, 0x6b, 0x55, 0x6b, 0x55, 0x6b, 0x55, 0x6b, 0x55, 0x6b, 0x55, 0x6b, 0x55, 0x6b, 0x55, 0x6b, 0x55,
    0x6b, 0x55, 0x6b, 0x55, 0x6b, 0x55, 0x6b, 0x55, 0x27, 0x2b, 0x27, 0x2b, 0x27, 0x2b, 0x27, 0x2b, 0x03, 0x11, 0x03, 0x11, 0x03, 0x11, 0x03, 0x11,
    0x03, 0x11, 0x03, 0x11, 0x03, 0x11, 0x03, 0x11, 0x03, 0x11, 0x03, 0x11, 0x03, 0x11, 0x03, 0x11, 0x03, 0x11, 0x03, 0x11, 0x03, 0x11, 0x03, 0x11,
    0x03, 0x11, 0x03, 0x11, 0x03, 0x11, 0x03, 0x11, 0x03, 0x11, 0x03, 0x11, 0x03, 0x11, 0x03, 0x11, 0x03, 0x11, 0x03, 0x11, 0x03, 0x11, 0x03, 0x11,
    0x03, 0x11, 0x03, 0x11, 0x6b, 0x55, 0x6b, 0x55, 0x6b, 0x55, 0x6b, 0x55, 0x6b, 0x55, 0x6b, 0x55, 0x03, 0x11, 0x03, 0x11, 0x27, 0x2b, 0x27, 0x2b,
    0x27, 0x2b, 0x27, 0x2b, 0x6b, 0x55, 0x6b, 0x55, 0x6b, 0x55, 0x6b, 0x55, 0x6b, 0x55, 0x6b, 0x55, 0x6b, 0x55, 0x6b, 0x55, 0x6b, 0x55, 0x6b, 0x55,
    0x6b, 0x55, 0x6b, 0x55, 0x6b, 0x55, 0x6b, 0x55, 0x6b, 0x55, 0x6b, 0x55, 0x6b, 0x55, 0x6b, 0x55, 0x6b, 0x55, 0x6b, 0x55, 0x6b, 0x55, 0x6b, 0x55,
    0x6b, 0x55, 0x6b, 0x55, 0x6b, 0x55, 0x6b, 0x55, 0x6b, 0x55, 0x6b, 0x55, 0x6b, 0x55, 0x6b, 0x55, 0x6b, 0x55, 0x6b, 0x55, 0x6b, 0x55, 0x6b, 0x55,
    0x27, 0x2b, 0x27, 0x2b, 0x27, 0x2b, 0x27, 0x2b, 0x03, 0x11, 0x03, 0x11, 0x03, 0x11, 0x03, 0x11, 0x03, 0x11, 0x03, 0x11, 0x03, 0x11, 0x03, 0x11,
    0x03, 0x11, 0x03, 0x11, 0x03, 0x11, 0x03, 0x11, 0x03, 0x11, 0x03, 0x11, 0x03, 0x11, 0x03, 0x11, 0x03, 0x11, 0x03, 0x11, 0x03, 0x11, 0x03, 0x11,
    0x03, 0x11, 0x03, 0x11, 0x03, 0x11, 0x03, 0x11, 0x03, 0x11, 0x03, 0x11, 0x03, 0x11, 0x03, 0x11, 0x03, 0x11, 0x03, 0x11, 0x6b, 0x55, 0x6b, 0x55,
    0x6b, 0x55, 0x6b, 0x55, 0x6b, 0x55, 0x6b, 0x55, 0x03, 0x11, 0x03, 0x11, 0x27, 0x2b, 0x27, 0x2b, 0x27, 0x2b, 0x27, 0x2b, 0x6b, 0x55, 0x6b, 0x55,
    0x6b, 0x55, 0x6b, 0x55, 0x6b, 0x55, 0x6b, 0x55, 0x6b, 0x55, 0x6b, 0x55, 0x6b, 0x55, 0x6b, 0x55, 0x6b, 0x55, 0x6b, 0x55, 0xce, 0x9e, 0xce, 0x9e,
    0xce, 0x9e, 0xce, 0x9e, 0xce, 0x9e, 0xce, 0x9e, 0xce, 0x9e, 0xce, 0x9e, 0xce, 0x9e, 0xce, 0x9e, 0xce, 0x9e, 0xce, 0x9e, 0xce, 0x9e, 0xce, 0x9e,
    0xce, 0x9e, 0xce, 0x9e, 0xce, 0x9e, 0xce, 0x9e, 0xce, 0x9e, 0xce, 0x9e, 0xce, 0x9e, 0xce, 0x9e, 0xce, 0x9e, 0xce, 0x9e, 0xce, 0x9e, 0xce, 0x9e,
    0xce, 0x9e, 0xce, 0x9e, 0xce, 0x9e, 0xce, 0x9e, 0x03, 0x11, 0x03, 0x11, 0x03, 0x11, 0x03, 0x11, 0x03, 0x11, 0x03, 0x11, 0x03, 0x11, 0x03, 0x11,
    0x03, 0x11, 0x03, 0x11, 0x03, 0x11, 0x03, 0x11, 0x03, 0x11, 0x03, 0x11, 0x03, 0x11, 0x03, 0x11, 0x03, 0x11, 0x03, 0x11, 0x03, 0x11, 0x03, 0x11,
    0x03, 0x11, 0x03, 0x11, 0x03, 0x11, 0x03, 0x11, 0x03, 0x11, 0x03, 0x11, 0x6b, 0x55, 0x6b, 0x55, 0x6b, 0x55, 0x6b, 0x55, 0x6b, 0x55, 0x6b, 0x55,
    0x03, 0x11, 0x03, 0x11, 0x27, 0x2b, 0x27, 0x2b, 0x27, 0x2b, 0x27, 0x2b, 0x6b, 0x55, 0x6b, 0x55, 0x6b, 0x55, 0x6b, 0x55, 0x6b, 0x55, 0x6b, 0x55,
    0x6b, 0x55, 0x6b, 0x55, 0x6b, 0x55, 0x6b, 0x55, 0x6b, 0x55, 0x6b, 0x55, 0xce, 0x9e, 0xce, 0x9e, 0xce, 0x9e, 0xce, 0x9e, 0xce, 0x9e, 0xce, 0x9e,
    0xce, 0x9e, 0xce, 0x9e, 0xce, 0x9e, 0xce, 0x9e, 0xce, 0x9e, 0xce, 0x9e, 0xce, 0x9e, 0xce, 0x9e, 0xce, 0x9e, 0xce, 0x9e, 0xce, 0x9e, 0xce, 0x9e,
    0xce, 0x9e, 0xce, 0x9e, 0xce, 0x9e, 0xce, 0x9e, 0xce, 0x9e, 0xce, 0x9e, 0xce, 0x9e, 0xce, 0x9e, 0xce, 0x9e, 0xce, 0x9e, 0xce, 0x9e, 0xce, 0x9e,
    0x03, 0x11, 0x03, 0x11, 0x03, 0x11, 0x03, 0x11, 0x03, 0x11, 0x03, 0x11, 0x03, 0x11, 0x03, 0x11, 0x03, 0x11, 0x03, 0x11, 0x03, 0x11, 0x03, 0x11,
    0x03, 0x11, 0x03, 0x11, 0x03, 0x11, 0x03, 0x11, 0x03, 0x11, 0x03, 0x11, 0x03, 0x11, 0x03, 0x11, 0x03, 0x11, 0x03, 0x11, 0x03, 0x11, 0x03, 0x11,
    0x03, 0x11, 0x03, 0x11, 0x6b, 0x55, 0x6b, 0x55, 0x6b, 0x55, 0x6b, 0x55, 0x6b, 0x55, 0x6b, 0x55, 0x27, 0x2b, 0x27, 0x2b, 0x27, 0x2b, 0x27, 0x2b,
    0x27, 0x2b, 0x27, 0x2b, 0x27, 0x2b, 0x27, 0x2b, 0x6b, 0x55, 0x6b, 0x55, 0x6b, 0x55, 0x6b, 0x55, 0x6b, 0x55, 0x6b, 0x55, 0x6b, 0x55, 0x6b, 0x55,
    0x6b, 0x55, 0x6b, 0x55, 0xce, 0x9e, 0xce, 0x9e, 0xce, 0x9e, 0xce, 0x9e, 0xce, 0x9e, 0xce, 0x9e, 0xce, 0x9e, 0xce, 0x9e, 0xce, 0x9e, 0xce, 0x9e,
    0xce, 0x9e, 0xce, 0x9e, 0xce, 0x9e, 0xce, 0x9e, 0xce, 0x9e, 0xce, 0x9e, 0xce, 0x9e, 0xce, 0x9e, 0xce, 0x9e, 0xce, 0x9e, 0xce, 0x9e, 0xce, 0x9e,
    0xce, 0x9e, 0xce, 0x9e, 0xce, 0x9e, 0xce, 0x9e, 0xce, 0x9e, 0xce, 0x9e, 0xce, 0x9e, 0xce, 0x9e, 0x03, 0x11, 0x03, 0x11, 0x03, 0x11, 0x03, 0x11,
    0x03, 0x11, 0x03, 0x11, 0x03, 0x11, 0x03, 0x11, 0x03, 0x11, 0x03, 0x11, 0x03, 0x11, 0x03, 0x11, 0x03, 0x11, 0x03, 0x11, 0x03, 0x11, 0x03, 0x11,
    0x03, 0x11, 0x03, 0x11, 0x03, 0x11, 0x03, 0x11, 0x03, 0x11, 0x03, 0x11, 0x03, 0x11, 0x03, 0x11, 0x03, 0x11, 0x03, 0x11, 0x6b, 0x55, 0x6b, 0x55,
    0x6b, 0x55, 0x6b, 0x55, 0x6b, 0x55, 0x6b, 0x55, 0x27, 0x2b, 0x27, 0x2b, 0x27, 0x2b, 0x27, 0x2b, 0x27, 0x2b, 0x27, 0x2b, 0x27, 0x2b, 0x27, 0x2b,
    0x6b, 0x55, 0x6b, 0x55, 0x6b, 0x55, 0x6b, 0x55, 0x6b, 0x55, 0x6b, 0x55, 0x6b, 0x55, 0x6b, 0x55, 0x6b, 0x55, 0x6b, 0x55, 0xce, 0x9e, 0xce, 0x9e,
    0xce, 0x9e, 0xce, 0x9e, 0xce, 0x9e, 0xce, 0x9e, 0xce, 0x9e, 0xce, 0x9e, 0xce, 0x9e, 0xce, 0x9e, 0xce, 0x9e, 0xce, 0x9e, 0xce, 0x9e, 0xce, 0x9e,
    0xce, 0x9e, 0xce, 0x9e, 0xce, 0x9e, 0xce, 0x9e, 0xce, 0x9e, 0xce, 0x9e, 0xce, 0x9e, 0xce, 0x9e, 0xce, 0x9e, 0xce, 0x9e, 0xce, 0x9e, 0xce, 0x9e,
    0xce, 0x9e, 0xce, 0x9e, 0xce, 0x9e, 0xce, 0x9e, 0x03, 0x11, 0x03, 0x11, 0x03, 0x11, 0x03, 0x11, 0x03, 0x11, 0x03, 0x11, 0x03, 0x11, 0x03, 0x11,
    0x03, 0x11, 0x03, 0x11, 0x03, 0x11, 0x03, 0x11, 0x03, 0x11, 0x03, 0x11, 0x03, 0x11, 0x03, 0x11, 0x03, 0x11, 0x03, 0x11, 0x03, 0x11, 0x03, 0x11,
    0x03, 0x11, 0x03, 0x11, 0x03, 0x11, 0x03, 0x11, 0x03, 0x11, 0x03, 0x11, 0x6b, 0x55, 0x6b, 0x55, 0x6b, 0x55, 0x6b, 0x55, 0x6b, 0x55, 0x6b, 0x55,
    0x27, 0x2b, 0x27, 0x2b, 0x27, 0x2b, 0x27, 0x2b, 0x27, 0x2b, 0x27, 0x2b, 0x27, 0x2b, 0x27, 0x2b, 0x6b, 0x55, 0x6b, 0x55, 0x6b, 0x55, 0x6b, 0x55,
    0x6b, 0x55, 0x6b, 0x55, 0x6b, 0x55, 0x6b, 0x55, 0x6b, 0x55, 0x6b, 0x55, 0xce, 0x9e, 0xce, 0x9e, 0xce, 0x9e, 0xce, 0x9e, 0xce, 0x9e, 0xce, 0x9e,
    0xce, 0x9e, 0xce, 0x9e, 0xce, 0x9e, 0xce, 0x9e, 0xce, 0x9e, 0xce, 0x9e, 0xce, 0x9e, 0xce, 0x9e, 0xce, 0x9e, 0xce, 0x9e, 0xce, 0x9e, 0xce, 0x9e,
    0xce, 0x9e, 0xce, 0x9e, 0xce, 0x9e, 0xce, 0x9e, 0xc2, 0x10, 0xc2, 0x10, 0xc2, 0x10, 0xc2, 0x10, 0xce, 0x9e, 0xce, 0x9e, 0xce, 0x9e, 0xce, 0x9e,
    0xce, 0x9e, 0xce, 0x9e, 0x03, 0x11, 0x03, 0x11, 0x03, 0x11, 0x03, 0x11, 0x03, 0x11, 0x03, 0x11, 0x03, 0x11, 0x03, 0x11, 0x03, 0x11, 0x03, 0x11,
    0x03, 0x11, 0x03, 0x11, 0x03, 0x11, 0x03, 0x11, 0x03, 0x11, 0x03, 0x11, 0x03, 0x11, 0x03, 0x11, 0x03, 0x11, 0x03, 0x11, 0x03, 0x11, 0x03, 0x11,
    0x03, 0x11, 0x03, 0x11, 0x6b, 0x55, 0x6b, 0x55, 0x6b, 0x55, 0x6b, 0x55, 0x6b, 0x55, 0x6b, 0x55, 0x27, 0x2b, 0x27, 0x2b, 0x27, 0x2b, 0x27, 0x2b,
    0x27, 0x2b, 0x27, 0x2b, 0x27, 0x2b, 0x27, 0x2b, 0x6b, 0x55, 0x6b, 0x55, 0x6b, 0x55, 0x6b, 0x55, 0x6b, 0x55, 0x6b, 0x55, 0x6b, 0x55, 0x6b, 0x55,
    0x6b, 0x55, 0x6b, 0x55, 0xce, 0x9e, 0xce, 0x9e, 0xce, 0x9e, 0xce, 0x9e, 0xce, 0x9e, 0xce, 0x9e, 0xce, 0x9e, 0xce, 0x9e, 0xce, 0x9e, 0xce, 0x9e,
    0xce, 0x9e, 0xce, 0x9e, 0xce, 0x9e, 0xce, 0x9e, 0xce, 0x9e, 0xce, 0x9e, 0xce, 0x9e, 0xce, 0x9e, 0xce, 0x9e, 0xce, 0x9e, 0xce, 0x9e, 0xce, 0x9e,
    0xc2, 0x10, 0xc2, 0x10, 0xc2, 0x10, 0xc2, 0x10, 0xce, 0x9e, 0xce, 0x9e, 0xce, 0x9e, 0xce, 0x9e, 0xce, 0x9e, 0xce, 0x9e, 0x03, 0x11, 0x03, 0x11,
    0x03, 0x11, 0x03, 0x11, 0x03, 0x11, 0x03, 0x11, 0x03, 0x11, 0x03, 0x11, 0x03, 0x11, 0x03, 0x11, 0x03, 0x11, 0x03, 0x11, 0x03, 0x11, 0x03, 0x11,
    0x03, 0x11, 0x03, 0x11, 0x03, 0x11, 0x03, 0x11, 0x03, 0x11, 0x03, 0x11, 0x03, 0x11, 0x03, 0x11, 0x03, 0x11, 0x03, 0x11, 0x6b, 0x55, 0x6b, 0x55,
    0x6b, 0x55, 0x6b, 0x55, 0x6b, 0x55, 0x6b, 0x55, 0x27, 0x2b, 0x27, 0x2b, 0x27, 0x2b, 0x27, 0x2b, 0x27, 0x2b, 0x27, 0x2b, 0x27, 0x2b, 0x27, 0x2b,
    0x6b, 0x55, 0x6b, 0x55, 0x6b, 0x55, 0x6b, 0x55, 0x6b, 0x55, 0x6b, 0x55, 0x6b, 0x55, 0x6b, 0x55, 0x6b, 0x55, 0x6b, 0x55, 0xce, 0x9e, 0xce, 0x9e,
    0xce, 0x9e, 0xce, 0x9e, 0xce, 0x9e, 0xce, 0x9e, 0xce, 0x9e, 0xce, 0x9e, 0xce, 0x9e, 0xce, 0x9e, 0xce, 0x9e, 0xce, 0x9e, 0xce, 0x9e, 0xce, 0x9e,
    0xce, 0x9e, 0xce, 0x9e, 0xce, 0x9e, 0xce, 0x9e, 0xce, 0x9e, 0xce, 0x9e, 0xce, 0x9e, 0xce, 0x9e, 0xc2, 0x10, 0xc2, 0x10, 0xc2, 0x10, 0xc2, 0x10,
    0xce, 0x9e, 0xce, 0x9e, 0xce, 0x9e, 0xce, 0x9e, 0xce, 0x9e, 0xce, 0x9e, 0x03, 0x11, 0x03, 0x11, 0x03, 0x11, 0x03, 0x11, 0x03, 0x11, 0x03, 0x11,
    0x03, 0x11, 0x03, 0x11, 0x03, 0x11, 0x03, 0x11, 0x03, 0x11, 0x03, 0x11, 0x03, 0x11, 0x03, 0x11, 0x03, 0x11, 0x03, 0x11, 0x03, 0x11, 0x03, 0x11,
    0x03, 0x11, 0x03, 0x11, 0x03, 0x11, 0x03, 0x11, 0x03, 0x11, 0x03, 0x11, 0x6b, 0x55, 0x6b, 0x55, 0x6b, 0x55, 0x6b, 0x55, 0x6b, 0x55, 0x6b, 0x55,
    0x27, 0x2b, 0x27, 0x2b, 0x27, 0x2b, 0x27, 0x2b, 0x27, 0x2b, 0x27, 0x2b, 0x27, 0x2b, 0x27, 0x2b, 0x6b, 0x55, 0x6b, 0x55, 0x6b, 0x55, 0x6b, 0x55,
    0x6b, 0x55, 0x6b, 0x55, 0x6b, 0x55, 0x6b, 0x55, 0x6b, 0x55, 0x6b, 0x55, 0xce, 0x9e, 0xce, 0x9e, 0xce, 0x9e, 0xce, 0x9e, 0xce, 0x9e, 0xce, 0x9e,
    0xce, 0x9e, 0xce, 0x9e, 0xce, 0x9e, 0xce, 0x9e, 0xce, 0x9e, 0xce, 0x9e, 0xce, 0x9e, 0xce, 0x9e, 0xce, 0x9e, 0xce, 0x9e, 0xce, 0x9e, 0xce, 0x9e,
    0xce, 0x9e, 0xce, 0x9e, 0xce, 0x9e, 0xce, 0x9e, 0xc2, 0x10, 0xc2, 0x10, 0xc2, 0x10, 0xc2, 0x10, 0xce, 0x9e, 0xce, 0x9e, 0xce, 0x9e, 0xce, 0x9e,
    0xce, 0x9e, 0xce, 0x9e, 0x03, 0x11, 0x03, 0x11, 0x03, 0x11, 0x03, 0x11, 0x03, 0x11, 0x03, 0x11, 0x03, 0x11, 0x03, 0x11, 0x03, 0x11, 0x03, 0x11,
    0x03, 0x11, 0x03, 0x11, 0x03, 0x11, 0x03, 0x11, 0x03, 0x11, 0x03, 0x11, 0x03, 0x11, 0x03, 0x11, 0x03, 0x11, 0x03, 0x11, 0x03, 0x11, 0x03, 0x11,
    0x03, 0x11, 0x03, 0x11, 0x03, 0x11, 0x03, 0x11, 0x03, 0x11, 0x03, 0x11, 0x27, 0x2b, 0x27, 0x2b, 0x27, 0x2b, 0x27, 0x2b, 0x27, 0x2b, 0x27, 0x2b,
    0x27, 0x2b, 0x27, 0x2b, 0x27, 0x2b, 0x27, 0x2b, 0x6b, 0x55, 0x6b, 0x55, 0x6b, 0x55, 0x6b, 0x55, 0x6b, 0x55, 0x6b, 0x55, 0x6b, 0x55, 0x6b, 0x55,
    0x6b, 0x55, 0x6b, 0x55, 0xce, 0x9e, 0xce, 0x9e, 0xce, 0x9e, 0xce, 0x9e, 0xce, 0x9e, 0xce, 0x9e, 0xce, 0x9e, 0xce, 0x9e, 0xce, 0x9e, 0xce, 0x9e,
    0xce, 0x9e, 0xce, 0x9e, 0xce, 0x9e, 0xce, 0x9e, 0xce, 0x9e, 0xce, 0x9e, 0xce, 0x9e, 0xce, 0x9e, 0xce, 0x9e, 0xce, 0x9e, 0xce, 0x9e, 0xce, 0x9e,
    0xce, 0x9e, 0xce, 0x9e, 0xce, 0x9e, 0xce, 0x9e, 0xce, 0x9e, 0xce, 0x9e, 0xce, 0x9e, 0xce, 0x9e, 0xce, 0x9e, 0xce, 0x9e, 0x03, 0x11, 0x03, 0x11,
    0x03, 0x11, 0x03, 0x11, 0x03, 0x11, 0x03, 0x11, 0x03, 0x11, 0x03, 0x11, 0x03, 0x11, 0x03, 0x11, 0x03, 0x11, 0x03, 0x11, 0x03, 0x11, 0x03, 0x11,
    0x03, 0x11, 0x03, 0x11, 0x03, 0x11, 0x03, 0x11, 0x03, 0x11, 0x03, 0x11, 0x03, 0x11, 0x03, 0x11, 0x03, 0x11, 0x03, 0x11, 0x03, 0x11, 0x03, 0x11,
    0x03, 0x11, 0x03, 0x11, 0x27, 0x2b, 0x27, 0x2b, 0x27, 0x2b, 0x27, 0x2b, 0x27, 0x2b, 0x27, 0x2b, 0x27, 0x2b, 0x27, 0x2b, 0x27, 0x2b, 0x27, 0x2b,
    0x6b, 0x55, 0x6b, 0x55, 0x6b, 0x55, 0x6b, 0x55, 0x6b, 0x55, 0x6b, 0x55, 0x6b, 0x55, 0x6b, 0x55, 0x6b, 0x55, 0x6b, 0x55, 0xce, 0x9e, 0xce, 0x9e,
    0xce, 0x9e, 0xce, 0x9e, 0xce, 0x9e, 0xce, 0x9e, 0xce, 0x9e, 0xce, 0x9e, 0xce, 0x9e, 0xce, 0x9e, 0xce, 0x9e, 0xce, 0x9e, 0xce, 0x9e, 0xce, 0x9e,
    0xce, 0x9e, 0xce, 0x9e, 0xce, 0x9e, 0xce, 0x9e, 0xce, 0x9e, 0xce, 0x9e, 0xce, 0x9e, 0xce, 0x9e, 0xce, 0x9e, 0xce, 0x9e, 0xce, 0x9e, 0xce, 0x9e,
    0xce, 0x9e, 0xce, 0x9e, 0xce, 0x9e, 0xce, 0x9e, 0xce, 0x9e, 0xce, 0x9e, 0x03, 0x11, 0x03, 0x11, 0x03, 0x11, 0x03, 0x11, 0x03, 0x11, 0x03, 0x11,
    0x03, 0x11, 0x03, 0x11, 0x03, 0x11, 0x03, 0x11, 0x03, 0x11, 0x03, 0x11, 0x03, 0x11, 0x03, 0x11, 0x03, 0x11, 0x03, 0x11, 0x03, 0x11, 0x03, 0x11,
    0x03, 0x11, 0x03, 0x11, 0x03, 0x11, 0x03, 0x11, 0x03, 0x11, 0x03, 0x11, 0x03, 0x11, 0x03, 0x11, 0x03, 0x11, 0x03, 0x11, 0x27, 0x2b, 0x27, 0x2b,
    0x27, 0x2b, 0x27, 0x2b, 0x27, 0x2b, 0x27, 0x2b, 0x27, 0x2b, 0x27, 0x2b, 0x27, 0x2b, 0x27, 0x2b, 0x6b, 0x55, 0x6b, 0x55, 0x6b, 0x55, 0x6b, 0x55,
    0x6b, 0x55, 0x6b, 0x55, 0x6b, 0x55, 0x6b, 0x55, 0x6b, 0x55, 0x6b, 0x55, 0xce, 0x9e, 0xce, 0x9e, 0xce, 0x9e, 0xce, 0x9e, 0xce, 0x9e, 0xce, 0x9e,
    0xc2, 0x10, 0xc2, 0x10, 0xc2, 0x10, 0xc2, 0x10, 0xc2, 0x10, 0xc2, 0x10, 0xc2, 0x10, 0xc2, 0x10, 0xc2, 0x10, 0xc2, 0x10, 0xc2, 0x10, 0xc2, 0x10,
    0xc2, 0x10, 0xc2, 0x10, 0xc2, 0x10, 0xc2, 0x10, 0xce, 0x9e, 0xce, 0x9e, 0xce, 0x9e, 0xce, 0x9e, 0xce, 0x9e, 0xce, 0x9e, 0xce, 0x9e, 0xce, 0x9e,
    0xce, 0x9e, 0xce, 0x9e, 0x03, 0x11, 0x03, 0x11, 0x03, 0x11, 0x03, 0x11, 0x03, 0x11, 0x03, 0x11, 0x03, 0x11, 0x03, 0x11, 0x03, 0x11, 0x03, 0x11,
    0x03, 0x11, 0x03, 0x11, 0x03, 0x11, 0x03, 0x11, 0x03, 0x11, 0x03, 0x11, 0x03, 0x11, 0x03, 0x11, 0x03, 0x11, 0x03, 0x11, 0x03, 0x11, 0x03, 0x11,
    0x03, 0x11, 0x03, 0x11, 0x03, 0x11, 0x03, 0x11, 0x03, 0x11, 0x03, 0x11, 0x27, 0x2b, 0x27, 0x2b, 0x27, 0x2b, 0x27, 0x2b, 0x27, 0x2b, 0x27, 0x2b,
    0x27, 0x2b, 0x27, 0x2b, 0x27, 0x2b, 0x27, 0x2b, 0x6b, 0x55, 0x6b, 0x55, 0x6b, 0x55, 0x6b, 0x55, 0x6b, 0x55, 0x6b, 0x55, 0x6b, 0x55, 0x6b, 0x55,
    0x6b, 0x55, 0x6b, 0x55, 0xce, 0x9e, 0xce, 0x9e, 0xce, 0x9e, 0xce, 0x9e, 0xce, 0x9e, 0xce, 0x9e, 0xc2, 0x10, 0xc2, 0x10, 0xc2, 0x10, 0xc2, 0x10,
    0xc2, 0x10, 0xc2, 0x10, 0xc2, 0x10, 0xc2, 0x10, 0xc2, 0x10, 0xc2, 0x10, 0xc2, 0x10, 0xc2, 0x10, 0xc2, 0x10, 0xc2, 0x10, 0xc2, 0x10, 0xc2, 0x10,
    0xce, 0x9e, 0xce, 0x9e, 0xce, 0x9e, 0xce, 0x9e, 0xce, 0x9e, 0xce, 0x9e, 0xce, 0x9e, 0xce, 0x9e, 0xce, 0x9e, 0xce, 0x9e, 0x03, 0x11, 0x03, 0x11,
    0x03, 0x11, 0x03, 0x11, 0x03, 0x11, 0x03, 0x11, 0x03, 0x11, 0x03, 0x11, 0x03, 0x11, 0x03, 0x11, 0x03, 0x11, 0x03, 0x11, 0x03, 0x11, 0x03, 0x11,
    0x03, 0x11, 0x03, 0x11, 0x03, 0x11, 0x03, 0x11, 0x03, 0x11, 0x03, 0x11, 0x03, 0x11, 0x03, 0x11, 0x03, 0x11, 0x03, 0x11, 0x03, 0x11, 0x03, 0x11,
    0x03, 0x11, 0x03, 0x11, 0x27, 0x2b, 0x27, 0x2b, 0x27, 0x2b, 0x27, 0x2b, 0x27, 0x2b, 0x27, 0x2b, 0x27, 0x2b, 0x27, 0x2b, 0x27, 0x2b, 0x27, 0x2b,
    0x6b, 0x55, 0x6b, 0x55, 0x6b, 0x55, 0x6b, 0x55, 0x6b, 0x55, 0x6b, 0x55, 0x6b, 0x55, 0x6b, 0x55, 0x6b, 0x55, 0x6b, 0x55, 0xce, 0x9e, 0xce, 0x9e,
    0xce, 0x9e, 0xce, 0x9e, 0xce, 0x9e, 0xce, 0x9e, 0xc2, 0x10, 0xc2, 0x10, 0xc2, 0x10, 0xc2, 0x10, 0xc2, 0x10, 0xc2, 0x10, 0xc2, 0x10, 0xc2, 0x10,
    0xc2, 0x10, 0xc2, 0x10, 0xc2, 0x10, 0xc2, 0x10, 0xc2, 0x10, 0xc2, 0x10, 0xc2, 0x10, 0xc2, 0x10, 0xce, 0x9e, 0xce, 0x9e, 0xce, 0x9e, 0xce, 0x9e,
    0xce, 0x9e, 0xce, 0x9e, 0xce, 0x9e, 0xce, 0x9e, 0x03, 0x11, 0x03, 0x11, 0x03, 0x11, 0x03, 0x11, 0x03, 0x11, 0x03, 0x11, 0x03, 0x11, 0x03, 0x11,
    0x03, 0x11, 0x03, 0x11, 0x03, 0x11, 0x03, 0x11, 0x03, 0x11, 0x03, 0x11, 0x03, 0x11, 0x03, 0x11, 0x03, 0x11, 0x03, 0x11, 0x03, 0x11, 0x03, 0x11,
    0x03, 0x11, 0x03, 0x11, 0x03, 0x11, 0x03, 0x11, 0x03, 0x11, 0x03, 0x11, 0x03, 0x11, 0x03, 0x11, 0x03, 0x11, 0x03, 0x11, 0x27, 0x2b, 0x27, 0x2b,
    0x27, 0x2b, 0x27, 0x2b, 0x27, 0x2b, 0x27, 0x2b, 0x27, 0x2b, 0x27, 0x2b, 0x27, 0x2b, 0x27, 0x2b, 0x6b, 0x55, 0x6b, 0x55, 0x6b, 0x55, 0x6b, 0x55,
    0x6b, 0x55, 0x6b, 0x55, 0x6b, 0x55, 0x6b, 0x55, 0x6b, 0x55, 0x6b, 0x55, 0xce, 0x9e, 0xce, 0x9e, 0xce, 0x9e, 0xce, 0x9e, 0xce, 0x9e, 0xce, 0x9e,
    0xc2, 0x10, 0xc2, 0x10, 0xc2, 0x10, 0xc2, 0x10, 0xc2, 0x10, 0xc2, 0x10, 0xc2, 0x10, 0xc2, 0x10, 0xc2, 0x10, 0xc2, 0x10, 0xc2, 0x10, 0xc2, 0x10,
    0xc2, 0x10, 0xc2, 0x10, 0xc2, 0x10, 0xc2, 0x10, 0xce, 0x9e, 0xce, 0x9e, 0xce, 0x9e, 0xce, 0x9e, 0xce, 0x9e, 0xce, 0x9e, 0xce, 0x9e, 0xce, 0x9e,
    0x03, 0x11, 0x03, 0x11, 0x03, 0x11, 0x03, 0x11, 0x03, 0x11, 0x03, 0x11, 0x03, 0x11, 0x03, 0x11, 0x03, 0x11, 0x03, 0x11, 0x03, 0x11, 0x03, 0x11,
    0x03, 0x11, 0x03, 0x11, 0x03, 0x11, 0x03, 0x11, 0x03, 0x11, 0x03, 0x11, 0x03, 0x11, 0x03, 0x11, 0x03, 0x11, 0x03, 0x11, 0x03, 0x11, 0x03, 0x11,
    0x03, 0x11, 0x03, 0x11, 0x03, 0x11, 0x03, 0x11, 0x03, 0x11, 0x03, 0x11, 0x27, 0x2b, 0x27, 0x2b, 0x27, 0x2b, 0x27, 0x2b, 0x27, 0x2b, 0x27, 0x2b,
    0x27, 0x2b, 0x27, 0x2b, 0x27, 0x2b, 0x27, 0x2b, 0x27, 0x2b, 0x27, 0x2b, 0x27, 0x2b, 0x27, 0x2b, 0x27, 0x2b, 0x27, 0x2b, 0x27, 0x2b, 0x27, 0x2b,
    0x27, 0x2b, 0x27, 0x2b, 0xce, 0x9e, 0xce, 0x9e, 0xce, 0x9e, 0xce, 0x9e, 0xce, 0x9e, 0xce, 0x9e, 0xce, 0x9e, 0xce, 0x9e, 0xce, 0x9e, 0xce, 0x9e,
    0xce, 0x9e, 0xce, 0x9e, 0xce, 0x9e, 0xce, 0x9e, 0xce, 0x9e, 0xce, 0x9e, 0xce, 0x9e, 0xce, 0x9e, 0xce, 0x9e, 0xce, 0x9e, 0xce, 0x9e, 0xce, 0x9e,
    0xce, 0x9e, 0xce, 0x9e, 0xce, 0x9e, 0xce, 0x9e, 0xce, 0x9e, 0xce, 0x9e, 0xce, 0x9e, 0xce, 0x9e, 0x03, 0x11, 0x03, 0x11, 0x03, 0x11, 0x03, 0x11,
    0x03, 0x11, 0x03, 0x11, 0x03, 0x11, 0x03, 0x11, 0x03, 0x11, 0x03, 0x11, 0x03, 0x11, 0x03, 0x11, 0x03, 0x11, 0x03, 0x11, 0x03, 0x11, 0x03, 0x11,
    0x03, 0x11, 0x03, 0x11, 0x03, 0x11, 0x03, 0x11, 0x03, 0x11, 0x03, 0x11, 0x03, 0x11, 0x03, 0x11, 0x03, 0x11, 0x03, 0x11, 0x03, 0x11, 0x03, 0x11,
    0x03, 0x11, 0x03, 0x11, 0x27, 0x2b, 0x27, 0x2b, 0x27, 0x2b, 0x27, 0x2b, 0x27, 0x2b, 0x27, 0x2b, 0x27, 0x2b, 0x27, 0x2b, 0x27, 0x2b, 0x27, 0x2b,
    0x27, 0x2b, 0x27, 0x2b, 0x27, 0x2b, 0x27, 0x2b, 0x27, 0x2b, 0x27, 0x2b, 0x27, 0x2b, 0x27, 0x2b, 0x27, 0x2b, 0x27, 0x2b, 0xce, 0x9e, 0xce, 0x9e,
    0xce, 0x9e, 0xce, 0x9e, 0xce, 0x9e, 0xce, 0x9e, 0xce, 0x9e, 0xce, 0x9e, 0xce, 0x9e, 0xce, 0x9e, 0xce, 0x9e, 0xce, 0x9e, 0xce, 0x9e, 0xce, 0x9e,
    0xce, 0x9e, 0xce, 0x9e, 0xce, 0x9e, 0xce, 0x9e, 0xce, 0x9e, 0xce, 0x9e, 0xce, 0x9e, 0xce, 0x9e, 0xce, 0x9e, 0xce, 0x9e, 0xce, 0x9e, 0xce, 0x9e,
    0xce, 0x9e, 0xce, 0x9e, 0xce, 0x9e, 0xce, 0x9e, 0x03, 0x11, 0x03, 0x11, 0x03, 0x11, 0x03, 0x11, 0x03, 0x11, 0x03, 0x11, 0x03, 0x11, 0x03, 0x11,
    0x03, 0x11, 0x03, 0x11, 0x03, 0x11, 0x03, 0x11, 0x03, 0x11, 0x03, 0x11, 0x03, 0x11, 0x03, 0x11, 0x03, 0x11, 0x03, 0x11, 0x03, 0x11, 0x03, 0x11,
    0x03, 0x11, 0x03, 0x11, 0x03, 0x11, 0x03, 0x11, 0x03, 0x11, 0x03, 0x11, 0x03, 0x11, 0x03, 0x11, 0x03, 0x11, 0x03, 0x11, 0x27, 0x2b, 0x27, 0x2b,
    0x27, 0x2b, 0x27, 0x2b, 0x27, 0x2b, 0x27, 0x2b, 0x27, 0x2b, 0x27, 0x2b, 0x27, 0x2b, 0x27, 0x2b, 0x6b, 0x55, 0x6b, 0x55, 0x6b, 0x55, 0x6b, 0x55,
    0x6b, 0x55, 0x6b, 0x55, 0x6b, 0x55, 0x6b, 0x55, 0x6b, 0x55, 0x6b, 0x55, 0xf5, 0xee, 0xf5, 0xee, 0xf5, 0xee, 0xf5, 0xee, 0xf5, 0xee, 0xf5, 0xee,
    0xf5, 0xee, 0xf5, 0xee, 0xf5, 0xee, 0xf5, 0xee, 0xf5, 0xee, 0xf5, 0xee, 0xf5, 0xee, 0xf5, 0xee, 0xf5, 0xee, 0xf5, 0xee, 0xf5, 0xee, 0xf5, 0xee,
    0x6b, 0x55, 0x6b, 0x55, 0x6b, 0x55, 0x6b, 0x55, 0x27, 0x2b, 0x27, 0x2b, 0x27, 0x2b, 0x27, 0x2b, 0x03, 0x11, 0x03, 0x11, 0x03, 0x11, 0x03, 0x11,
    0x03, 0x11, 0x03, 0x11, 0x03, 0x11, 0x03, 0x11, 0x03, 0x11, 0x03, 0x11, 0x03, 0x11, 0x03, 0x11, 0x03, 0x11, 0x03, 0x11, 0x03, 0x11, 0x03, 0x11,
    0x03, 0x11, 0x03, 0x11, 0x03, 0x11, 0x03, 0x11, 0x03, 0x11, 0x03, 0x11, 0x03, 0x11, 0x03, 0x11, 0x03, 0x11, 0x03, 0x11, 0x03, 0x11, 0x03, 0x11,
    0x03, 0x11, 0x03, 0x11, 0x03, 0x11, 0x03, 0x11, 0x03, 0x11, 0x03, 0x11, 0x27, 0x2b, 0x27, 0x2b, 0x27, 0x2b, 0x27, 0x2b, 0x27, 0x2b, 0x27, 0x2b,
    0x27, 0x2b, 0x27, 0x2b, 0x27, 0x2b, 0x27, 0x2b, 0x6b, 0x55, 0x6b, 0x55, 0x6b, 0x55, 0x6b, 0x55, 0x6b, 0x55, 0x6b, 0x55, 0x6b, 0x55, 0x6b, 0x55,
    0x6b, 0x55, 0x6b, 0x55, 0xf5, 0xee, 0xf5, 0xee, 0xf5, 0xee, 0xf5, 0xee, 0xf5, 0xee, 0xf5, 0xee, 0xf5, 0xee, 0xf5, 0xee, 0xf5, 0xee, 0xf5, 0xee,
    0xf5, 0xee, 0xf5, 0xee, 0xf5, 0xee, 0xf5, 0xee, 0xf5, 0xee, 0xf5, 0xee, 0xf5, 0xee, 0xf5, 0xee, 0x6b, 0x55, 0x6b, 0x55, 0x6b, 0x55, 0x6b, 0x55,
    0x27, 0x2b, 0x27, 0x2b, 0x27, 0x2b, 0x27, 0x2b, 0x03, 0x11, 0x03, 0x11, 0x03, 0x11, 0x03, 0x11, 0x03, 0x11, 0x03, 0x11, 0x03, 0x11, 0x03, 0x11,
    0x03, 0x11, 0x03, 0x11, 0x03, 0x11, 0x03, 0x11, 0x03, 0x11, 0x03, 0x11, 0x03, 0x11, 0x03, 0x11, 0x03, 0x11, 0x03, 0x11, 0x03, 0x11, 0x03, 0x11,
    0x03, 0x11, 0x03, 0x11, 0x03, 0x11, 0x03, 0x11, 0x03, 0x11, 0x03, 0x11, 0x27, 0x2b, 0x27, 0x2b, 0x03, 0x11, 0x03, 0x11, 0x03, 0x11, 0x03, 0x11,
    0x03, 0x11, 0x03, 0x11, 0x27, 0x2b, 0x27, 0x2b, 0x27, 0x2b, 0x27, 0x2b, 0x27, 0x2b, 0x27, 0x2b, 0x27, 0x2b, 0x27, 0x2b, 0x27, 0x2b, 0x27, 0x2b,
    0x6b, 0x55, 0x6b, 0x55, 0x6b, 0x55, 0x6b, 0x55, 0x6b, 0x55, 0x6b, 0x55, 0x6b, 0x55, 0x6b, 0x55, 0x6b, 0x55, 0x6b, 0x55, 0xf5, 0xee, 0xf5, 0xee,
    0xf5, 0xee, 0xf5, 0xee, 0xf5, 0xee, 0xf5, 0xee, 0xf5, 0xee, 0xf5, 0xee, 0xf5, 0xee, 0xf5, 0xee, 0xf5, 0xee, 0xf5, 0xee, 0xf5, 0xee, 0xf5, 0xee,
    0xf5, 0xee, 0xf5, 0xee, 0xf5, 0xee, 0xf5, 0xee, 0x6b, 0x55, 0x6b, 0x55, 0x6b, 0x55, 0x6b, 0x55, 0x27, 0x2b, 0x27, 0x2b, 0x27, 0x2b, 0x27, 0x2b,
    0x03, 0x11, 0x03, 0x11, 0x03, 0x11, 0x03, 0x11, 0x03, 0x11, 0x03, 0x11, 0x03, 0x11, 0x03, 0x11, 0x03, 0x11, 0x03, 0x11, 0x03, 0x11, 0x03, 0x11,
    0x03, 0x11, 0x03, 0x11, 0x03, 0x11, 0x03, 0x11, 0x03, 0x11, 0x03, 0x11, 0x03, 0x11, 0x03, 0x11, 0x03, 0x11, 0x03, 0x11, 0x03, 0x11, 0x03, 0x11,
    0x03, 0x11, 0x03, 0x11, 0x27, 0x2b, 0x27, 0x2b, 0x03, 0x11, 0x03, 0x11, 0x03, 0x11, 0x03, 0x11, 0x03, 0x11, 0x03, 0x11, 0x27, 0x2b, 0x27, 0x2b,
    0x27, 0x2b, 0x27, 0x2b, 0x27, 0x2b, 0x27, 0x2b, 0x27, 0x2b, 0x27, 0x2b, 0x27, 0x2b, 0x27, 0x2b, 0x6b, 0x55, 0x6b, 0x55, 0x6b, 0x55, 0x6b, 0x55,
    0x6b, 0x55, 0x6b, 0x55, 0x6b, 0x55, 0x6b, 0x55, 0x6b, 0x55, 0x6b, 0x55, 0xf5, 0xee, 0xf5, 0xee, 0xf5, 0xee, 0xf5, 0xee, 0xf5, 0xee, 0xf5, 0xee,
    0xf5, 0xee, 0xf5, 0xee, 0xf5, 0xee, 0xf5, 0xee, 0xf5, 0xee, 0xf5, 0xee, 0xf5, 0xee, 0xf5, 0xee, 0xf5, 0xee, 0xf5, 0xee, 0xf5, 0xee, 0xf5, 0xee,
    0x6b, 0x55, 0x6b, 0x55, 0x6b, 0x55, 0x6b, 0x55, 0x27, 0x2b, 0x27, 0x2b, 0x27, 0x2b, 0x27, 0x2b, 0x03, 0x11, 0x03, 0x11, 0x03, 0x11, 0x03, 0x11,
    0x03, 0x11, 0x03, 0x11, 0x03, 0x11, 0x03, 0x11, 0x03, 0x11, 0x03, 0x11, 0x03, 0x11, 0x03, 0x11, 0x03, 0x11, 0x03, 0x11, 0x03, 0x11, 0x03, 0x11,
    0x03, 0x11, 0x03, 0x11, 0x03, 0x11, 0x03, 0x11, 0x03, 0x11, 0x03, 0x11, 0x03, 0x11, 0x03, 0x11, 0x03, 0x11, 0x03, 0x11, 0x27, 0x2b, 0x27, 0x2b,
    0x27, 0x2b, 0x27, 0x2b, 0x27, 0x2b, 0x27, 0x2b, 0x03, 0x11, 0x03, 0x11, 0x27, 0x2b, 0x27, 0x2b, 0x27, 0x2b, 0x27, 0x2b, 0x27, 0x2b, 0x27, 0x2b,
    0x27, 0x2b, 0x27, 0x2b, 0x27, 0x2b, 0x27, 0x2b, 0x6b, 0x55, 0x6b, 0x55, 0x6b, 0x55, 0x6b, 0x55, 0x6b, 0x55, 0x6b, 0x55, 0x6b, 0x55, 0x6b, 0x55,
    0x6b, 0x55, 0x6b, 0x55, 0xf5, 0xee, 0xf5, 0xee, 0xf5, 0xee, 0xf5, 0xee, 0xf5, 0xee, 0xf5, 0xee, 0xf5, 0xee, 0xf5, 0xee, 0xf5, 0xee, 0xf5, 0xee,
    0xf5, 0xee, 0xf5, 0xee, 0xf5, 0xee, 0xf5, 0xee, 0xf5, 0xee, 0xf5, 0xee, 0xf5, 0xee, 0xf5, 0xee, 0x6b, 0x55, 0x6b, 0x55, 0x6b, 0x55, 0x6b, 0x55,
    0x27, 0x2b, 0x27, 0x2b, 0x27, 0x2b, 0x27, 0x2b, 0x03, 0x11, 0x03, 0x11, 0x03, 0x11, 0x03, 0x11, 0x03, 0x11, 0x03, 0x11, 0x03, 0x11, 0x03, 0x11,
    0x03, 0x11, 0x03, 0x11, 0x03, 0x11, 0x03, 0x11, 0x03, 0x11, 0x03, 0x11, 0x03, 0x11, 0x03, 0x11, 0x03, 0x11, 0x03, 0x11, 0x03, 0x11, 0x03, 0x11,
    0x03, 0x11, 0x03, 0x11, 0x03, 0x11, 0x03, 0x11, 0x03, 0x11, 0x03, 0x11, 0x27, 0x2b, 0x27, 0x2b, 0x27, 0x2b, 0x27, 0x2b, 0x27, 0x2b, 0x27, 0x2b,
    0x03, 0x11, 0x03, 0x11, 0x27, 0x2b, 0x27, 0x2b, 0x27, 0x2b, 0x27, 0x2b, 0x27, 0x2b, 0x27, 0x2b, 0x27, 0x2b, 0x27, 0x2b, 0x27, 0x2b, 0x27, 0x2b,
    0x6b, 0x55, 0x6b, 0x55, 0x6b, 0x55, 0x6b, 0x55, 0x6b, 0x55, 0x6b, 0x55, 0x6b, 0x55, 0x6b, 0x55, 0x6b, 0x55, 0x6b, 0x55, 0xf5, 0xee, 0xf5, 0xee,
    0xf5, 0xee, 0xf5, 0xee, 0xf5, 0xee, 0xf5, 0xee, 0xf5, 0xee, 0xf5, 0xee, 0xf5, 0xee, 0xf5, 0xee, 0xf5, 0xee, 0xf5, 0xee, 0xf5, 0xee, 0xf5, 0xee,
    0xf5, 0xee, 0xf5, 0xee, 0xf5, 0xee, 0xf5, 0xee, 0x6b, 0x55, 0x6b, 0x55, 0x6b, 0x55, 0x6b, 0x55, 0x27, 0x2b, 0x27, 0x2b, 0x27, 0x2b, 0x27, 0x2b,
    0x03, 0x11, 0x03, 0x11, 0x03, 0x11, 0x03, 0x11, 0x03, 0x11, 0x03, 0x11, 0x03, 0x11, 0x03, 0x11, 0x03, 0x11, 0x03, 0x11, 0x03, 0x11, 0x03, 0x11,
    0x03, 0x11, 0x03, 0x11, 0x03, 0x11, 0x03, 0x11, 0x03, 0x11, 0x03, 0x11, 0x03, 0x11, 0x03, 0x11, 0x03, 0x11, 0x03, 0x11, 0x03, 0x11, 0x03, 0x11,
    0x03, 0x11, 0x03, 0x11, 0x03, 0x11, 0x03, 0x11, 0x27, 0x2b, 0x27, 0x2b, 0x27, 0x2b, 0x27, 0x2b, 0x27, 0x2b, 0x27, 0x2b, 0x03, 0x11, 0x03, 0x11,
    0x03, 0x11, 0x03, 0x11, 0x03, 0x11, 0x03, 0x11, 0x27, 0x2b, 0x27, 0x2b, 0x27, 0x2b, 0x27, 0x2b, 0x6b, 0x55, 0x6b, 0x55, 0x6b, 0x55, 0x6b, 0x55,
    0x6b, 0x55, 0x6b, 0x55, 0x6b, 0x55, 0x6b, 0x55, 0x6b, 0x55, 0x6b, 0x55, 0xf5, 0xee, 0xf5, 0xee, 0xf5, 0xee, 0xf5, 0xee, 0xf5, 0xee, 0xf5, 0xee,
    0xf5, 0xee, 0xf5, 0xee, 0xf5, 0xee, 0xf5, 0xee, 0xf5, 0xee, 0xf5, 0xee, 0xf5, 0xee, 0xf5, 0xee, 0xf5, 0xee, 0xf5, 0xee, 0xf5, 0xee, 0xf5, 0xee,
    0x6b, 0x55, 0x6b, 0x55, 0x6b, 0x55, 0x6b, 0x55, 0x27, 0x2b, 0x27, 0x2b, 0x27, 0x2b, 0x27, 0x2b, 0x03, 0x11, 0x03, 0x11, 0x03, 0x11, 0x03, 0x11,
    0x03, 0x11, 0x03, 0x11, 0x03, 0x11, 0x03, 0x11, 0x03, 0x11, 0x03, 0x11, 0x03, 0x11, 0x03, 0x11, 0x03, 0x11, 0x03, 0x11, 0x03, 0x11, 0x03, 0x11,
    0x03, 0x11, 0x03, 0x11, 0x03, 0x11, 0x03, 0x11, 0x03, 0x11, 0x03, 0x11, 0x03, 0x11, 0x03, 0x11, 0x03, 0x11, 0x03, 0x11, 0x03, 0x11, 0x03, 0x11,
    0x27, 0x2b, 0x27, 0x2b, 0x27, 0x2b, 0x27, 0x2b, 0x27, 0x2b, 0x27, 0x2b, 0x03, 0x11, 0x03, 0x11, 0x03, 0x11, 0x03, 0x11, 0x03, 0x11, 0x03, 0x11,
    0x27, 0x2b, 0x27, 0x2b, 0x27, 0x2b, 0x27, 0x2b, 0x6b, 0x55, 0x6b, 0x55, 0x6b, 0x55, 0x6b, 0x55, 0x6b, 0x55, 0x6b, 0x55, 0x6b, 0x55, 0x6b, 0x55,
    0x6b, 0x55, 0x6b, 0x55, 0xf5, 0xee, 0xf5, 0xee, 0xf5, 0xee, 0xf5, 0xee, 0xf5, 0xee, 0xf5, 0xee, 0xf5, 0xee, 0xf5, 0xee, 0xf5, 0xee, 0xf5, 0xee,
    0xf5, 0xee, 0xf5, 0xee, 0xf5, 0xee, 0xf5, 0xee, 0xf5, 0xee, 0xf5, 0xee, 0xf5, 0xee, 0xf5, 0xee, 0x6b, 0x55, 0x6b, 0x55, 0x6b, 0x55, 0x6b, 0x55,
    0x27, 0x2b, 0x27, 0x2b, 0x27, 0x2b, 0x27, 0x2b, 0x03, 0x11, 0x03, 0x11, 0x03, 0x11, 0x03, 0x11, 0x03, 0x11, 0x03, 0x11, 0x03, 0x11, 0x03, 0x11,
    0x03, 0x11, 0x03, 0x11, 0x03, 0x11, 0x03, 0x11, 0x03, 0x11, 0x03, 0x11, 0x03, 0x11, 0x03, 0x11, 0x03, 0x11, 0x03, 0x11, 0x03, 0x11, 0x03, 0x11,
    0x03, 0x11, 0x03, 0x11, 0x03, 0x11, 0x03, 0x11, 0x03, 0x11, 0x03, 0x11, 0x03, 0x11, 0x03, 0x11, 0x27, 0x2b, 0x27, 0x2b, 0x27, 0x2b, 0x27, 0x2b,
    0x27, 0x2b, 0x27, 0x2b, 0x27, 0x2b, 0x27, 0x2b, 0x27, 0x2b, 0x27, 0x2b, 0x03, 0x11, 0x03, 0x11, 0x27, 0x2b, 0x27, 0x2b, 0x27, 0x2b, 0x27, 0x2b,
    0x6b, 0x55, 0x6b, 0x55, 0x6b, 0x55, 0x6b, 0x55, 0x6b, 0x55, 0x6b, 0x55, 0x6b, 0x55, 0x6b, 0x55, 0x6b, 0x55, 0x6b, 0x55, 0xf5, 0xee, 0xf5, 0xee,
    0xf5, 0xee, 0xf5, 0xee, 0xf5, 0xee, 0xf5, 0xee, 0xf5, 0xee, 0xf5, 0xee, 0xf5, 0xee, 0xf5, 0xee, 0xf5, 0xee, 0xf5, 0xee, 0xf5, 0xee, 0xf5, 0xee,
    0xf5, 0xee, 0xf5, 0xee, 0xf5, 0xee, 0xf5, 0xee, 0x6b, 0x55, 0x6b, 0x55, 0x6b, 0x55, 0x6b, 0x55, 0x27, 0x2b, 0x27, 0x2b, 0x27, 0x2b, 0x27, 0x2b,
    0x03, 0x11, 0x03, 0x11, 0x03, 0x11, 0x03, 0x11, 0x03, 0x11, 0x03, 0x11, 0x03, 0x11, 0x03, 0x11, 0x03, 0x11, 0x03, 0x11, 0x03, 0x11, 0x03, 0x11,
    0x03, 0x11, 0x03, 0x11, 0x03, 0x11, 0x03, 0x11, 0x03, 0x11, 0x03, 0x11, 0x03, 0x11, 0x03, 0x11, 0x03, 0x11, 0x03, 0x11, 0x03, 0x11, 0x03, 0x11,
    0x03, 0x11, 0x03, 0x11, 0x03, 0x11, 0x03, 0x11, 0x27, 0x2b, 0x27, 0x2b, 0x27, 0x2b, 0x27, 0x2b, 0x27, 0x2b, 0x27, 0x2b, 0x27, 0x2b, 0x27, 0x2b,
    0x27, 0x2b, 0x27, 0x2b, 0x03, 0x11, 0x03, 0x11, 0x27, 0x2b, 0x27, 0x2b, 0x27, 0x2b, 0x27, 0x2b, 0x6b, 0x55, 0x6b, 0x55, 0x6b, 0x55, 0x6b, 0x55,
    0x6b, 0x55, 0x6b, 0x55, 0x6b, 0x55, 0x6b, 0x55, 0x6b, 0x55, 0x6b, 0x55, 0xf5, 0xee, 0xf5, 0xee, 0xf5, 0xee, 0xf5, 0xee, 0xf5, 0xee, 0xf5, 0xee,
    0xf5, 0xee, 0xf5, 0xee, 0xf5, 0xee, 0xf5, 0xee, 0xf5, 0xee, 0xf5, 0xee, 0xf5, 0xee, 0xf5, 0xee, 0xf5, 0xee, 0xf5, 0xee, 0xf5, 0xee, 0xf5, 0xee,
    0x6b, 0x55, 0x6b, 0x55, 0x6b, 0x55, 0x6b, 0x55, 0x27, 0x2b, 0x27, 0x2b, 0x27, 0x2b, 0x27, 0x2b, 0x03, 0x11, 0x03, 0x11, 0x03, 0x11, 0x03, 0x11,
    0x03, 0x11, 0x03, 0x11, 0x03, 0x11, 0x03, 0x11, 0x03, 0x11, 0x03, 0x11, 0x03, 0x11, 0x03, 0x11, 0x03, 0x11, 0x03, 0x11, 0x03, 0x11, 0x03, 0x11,
    0x03, 0x11, 0x03, 0x11, 0x03, 0x11, 0x03, 0x11, 0x03, 0x11, 0x03, 0x11, 0x03, 0x11, 0x03, 0x11, 0x03, 0x11, 0x03, 0x11, 0x03, 0x11, 0x03, 0x11,
    0x27, 0x2b, 0x27, 0x2b, 0x27, 0x2b, 0x27, 0x2b, 0x27, 0x2b, 0x27, 0x2b, 0x27, 0x2b, 0x27, 0x2b, 0x27, 0x2b, 0x27, 0x2b, 0x27, 0x2b, 0x27, 0x2b,
    0x27, 0x2b, 0x27, 0x2b, 0x27, 0x2b, 0x27, 0x2b, 0x6b, 0x55, 0x6b, 0x55, 0x6b, 0x55, 0x6b, 0x55, 0x6b, 0x55, 0x6b, 0x55, 0x6b, 0x55, 0x6b, 0x55,
    0x6b, 0x55, 0x6b, 0x55, 0xf5, 0xee, 0xf5, 0xee, 0xf5, 0xee, 0xf5, 0xee, 0xf5, 0xee, 0xf5, 0xee, 0xf5, 0xee, 0xf5, 0xee, 0xf5, 0xee, 0xf5, 0xee,
    0xf5, 0xee, 0xf5, 0xee, 0xf5, 0xee, 0xf5, 0xee, 0xf5, 0xee, 0xf5, 0xee, 0xf5, 0xee, 0xf5, 0xee, 0x6b, 0x55, 0x6b, 0x55, 0x6b, 0x55, 0x6b, 0x55,
    0x27, 0x2b, 0x27, 0x2b, 0x27, 0x2b, 0x27, 0x2b, 0x03, 0x11, 0x03, 0x11, 0x03, 0x11, 0x03, 0x11, 0x03, 0x11, 0x03, 0x11, 0x03, 0x11, 0x03, 0x11,
    0x03, 0x11, 0x03, 0x11, 0x03, 0x11, 0x03, 0x11, 0x03, 0x11, 0x03, 0x11, 0x03, 0x11, 0x03, 0x11, 0x03, 0x11, 0x03, 0x11, 0x03, 0x11, 0x03, 0x11,
    0x03, 0x11, 0x03, 0x11, 0x03, 0x11, 0x03, 0x11, 0x03, 0x11, 0x03, 0x11, 0x03, 0x11, 0x03, 0x11, 0x27, 0x2b, 0x27, 0x2b, 0x27, 0x2b, 0x27, 0x2b,
    0x27, 0x2b, 0x27, 0x2b, 0x27, 0x2b, 0x27, 0x2b, 0x27, 0x2b, 0x27, 0x2b, 0x27, 0x2b, 0x27, 0x2b, 0x27, 0x2b, 0x27, 0x2b, 0x27, 0x2b, 0x27, 0x2b,
    0x6b, 0x55, 0x6b, 0x55, 0x6b, 0x55, 0x6b, 0x55, 0x6b, 0x55, 0x6b, 0x55, 0x6b, 0x55, 0x6b, 0x55, 0x6b, 0x55, 0x6b, 0x55, 0xf5, 0xee, 0xf5, 0xee,
    0xf5, 0xee, 0xf5, 0xee, 0xf5, 0xee, 0xf5, 0xee, 0xf5, 0xee, 0xf5, 0xee, 0xf5, 0xee, 0xf5, 0xee, 0xf5, 0xee, 0xf5, 0xee, 0xf5, 0xee, 0xf5, 0xee,
    0xf5, 0xee, 0xf5, 0xee, 0xf5, 0xee, 0xf5, 0xee, 0x6b, 0x55, 0x6b, 0x55, 0x6b, 0x55, 0x6b, 0x55, 0x27, 0x2b, 0x27, 0x2b, 0x27, 0x2b, 0x27, 0x2b,
    0x03, 0x11, 0x03, 0x11, 0x03, 0x11, 0x03, 0x11, 0x03, 0x11, 0x03, 0x11, 0x03, 0x11, 0x03, 0x11, 0x03, 0x11, 0x03, 0x11, 0x03, 0x11, 0x03, 0x11,
    0x03, 0x11, 0x03, 0x11, 0x03, 0x11, 0x03, 0x11, 0x03, 0x11, 0x03, 0x11, 0x03, 0x11, 0x03, 0x11, 0x03, 0x11, 0x03, 0x11, 0x03, 0x11, 0x03, 0x11,
    0x03, 0x11, 0x03, 0x11, 0x03, 0x11, 0x03, 0x11, 0x03, 0x11, 0x03, 0x11, 0x27, 0x2b, 0x27, 0x2b, 0x27, 0x2b, 0x27, 0x2b, 0x27, 0x2b, 0x27, 0x2b,
    0x27, 0x2b, 0x27, 0x2b, 0x27, 0x2b, 0x27, 0x2b, 0x27, 0x2b, 0x27, 0x2b, 0x27, 0x2b, 0x27, 0x2b, 0x6b, 0x55, 0x6b, 0x55, 0x6b, 0x55, 0x6b, 0x55,
    0x6b, 0x55, 0x6b, 0x55, 0x6b, 0x55, 0x6b, 0x55, 0x6b, 0x55, 0x6b, 0x55, 0xf5, 0xee, 0xf5, 0xee, 0xf5, 0xee, 0xf5, 0xee, 0xf5, 0xee, 0xf5, 0xee,
    0xf5, 0xee, 0xf5, 0xee, 0xf5, 0xee, 0xf5, 0xee, 0xf5, 0xee, 0xf5, 0xee, 0xf5, 0xee, 0xf5, 0xee, 0xf5, 0xee, 0xf5, 0xee, 0xf5, 0xee, 0xf5, 0xee,
    0x6b, 0x55, 0x6b, 0x55, 0x6b, 0x55, 0x6b, 0x55, 0x27, 0x2b, 0x27, 0x2b, 0x27, 0x2b, 0x27, 0x2b, 0x03, 0x11, 0x03, 0x11, 0x03, 0x11, 0x03, 0x11,
    0x03, 0x11, 0x03, 0x11, 0x03, 0x11, 0x03, 0x11, 0x03, 0x11, 0x03, 0x11, 0x03, 0x11, 0x03, 0x11, 0x03, 0x11, 0x03, 0x11, 0x03, 0x11, 0x03, 0x11,
    0x03, 0x11, 0x03, 0x11, 0x03, 0x11, 0x03, 0x11, 0x03, 0x11, 0x03, 0x11, 0x03, 0x11, 0x03, 0x11, 0x03, 0x11, 0x03, 0x11, 0x03, 0x11, 0x03, 0x11,
    0x03, 0x11, 0x03, 0x11, 0x27, 0x2b, 0x27, 0x2b, 0x27, 0x2b, 0x27, 0x2b, 0x27, 0x2b, 0x27, 0x2b, 0x27, 0x2b, 0x27, 0x2b, 0x27, 0x2b, 0x27, 0x2b,
    0x27, 0x2b, 0x27, 0x2b, 0x27, 0x2b, 0x27, 0x2b, 0x6b, 0x55, 0x6b, 0x55, 0x6b, 0x55, 0x6b, 0x55, 0x6b, 0x55, 0x6b, 0x55, 0x6b, 0x55, 0x6b, 0x55,
    0x6b, 0x55, 0x6b, 0x55, 0xf5, 0xee, 0xf5, 0xee, 0xf5, 0xee, 0xf5, 0xee, 0xf5, 0xee, 0xf5, 0xee, 0xf5, 0xee, 0xf5, 0xee, 0xf5, 0xee, 0xf5, 0xee,
    0xf5, 0xee, 0xf5, 0xee, 0xf5, 0xee, 0xf5, 0xee, 0xf5, 0xee, 0xf5, 0xee, 0xf5, 0xee, 0xf5, 0xee, 0x6b, 0x55, 0x6b, 0x55, 0x6b, 0x55, 0x6b, 0x55,
    0x27, 0x2b, 0x27, 0x2b, 0x27, 0x2b, 0x27, 0x2b, 0x03, 0x11, 0x03, 0x11, 0x03, 0x11, 0x03, 0x11, 0x03, 0x11, 0x03, 0x11, 0x03, 0x11, 0x03, 0x11,
    0x03, 0x11, 0x03, 0x11, 0x03, 0x11, 0x03, 0x11, 0x03, 0x11, 0x03, 0x11, 0x03, 0x11, 0x03, 0x11, 0x03, 0x11, 0x03, 0x11, 0x03, 0x11, 0x03, 0x11,
    0x03, 0x11, 0x03, 0x11, 0x03, 0x11, 0x03, 0x11, 0x03, 0x11, 0x03, 0x11, 0x03, 0x11, 0x03, 0x11, 0x03, 0x11, 0x03, 0x11, 0x27, 0x2b, 0x27, 0x2b,
    0x27, 0x2b, 0x27, 0x2b, 0x27, 0x2b, 0x27, 0x2b, 0x27, 0x2b, 0x27, 0x2b, 0x27, 0x2b, 0x27, 0x2b, 0x27, 0x2b, 0x27, 0x2b, 0x27, 0x2b, 0x27, 0x2b,
    0x6b, 0x55, 0x6b, 0x55, 0x6b, 0x55, 0x6b, 0x55, 0x6b, 0x55, 0x6b, 0x55, 0x6b, 0x55, 0x6b, 0x55, 0x6b, 0x55, 0x6b, 0x55, 0xf5, 0xee, 0xf5, 0xee,
    0xf5, 0xee, 0xf5, 0xee, 0xf5, 0xee, 0xf5, 0xee, 0xf5, 0xee, 0xf5, 0xee, 0xf5, 0xee, 0xf5, 0xee, 0xf5, 0xee, 0xf5, 0xee, 0xf5, 0xee, 0xf5, 0xee,
    0xf5, 0xee, 0xf5, 0xee, 0xf5, 0xee, 0xf5, 0xee, 0x6b, 0x55, 0x6b, 0x55, 0x6b, 0x55, 0x6b, 0x55, 0x27, 0x2b, 0x27, 0x2b, 0x27, 0x2b, 0x27, 0x2b,
    0x03, 0x11, 0x03, 0x11, 0x03, 0x11, 0x03, 0x11, 0x03, 0x11, 0x03, 0x11, 0x03, 0x11, 0x03, 0x11, 0x03, 0x11, 0x03, 0x11, 0x03, 0x11, 0x03, 0x11,
    0x03, 0x11, 0x03, 0x11, 0x03, 0x11, 0x03, 0x11, 0x03, 0x11, 0x03, 0x11, 0x03, 0x11, 0x03, 0x11, 0x03, 0x11, 0x03, 0x11, 0x03, 0x11, 0x03, 0x11,
    0x03, 0x11, 0x03, 0x11, 0x03, 0x11, 0x03, 0x11, 0x03, 0x11, 0x03, 0x11, 0x27, 0x2b, 0x27, 0x2b, 0x27, 0x2b, 0x27, 0x2b, 0x27, 0x2b, 0x27, 0x2b,
    0x27, 0x2b, 0x27, 0x2b, 0x27, 0x2b, 0x27, 0x2b, 0x27, 0x2b, 0x27, 0x2b, 0x27, 0x2b, 0x27, 0x2b, 0x6b, 0x55, 0x6b, 0x55, 0x6b, 0x55, 0x6b, 0x55,
    0x6b, 0x55, 0x6b, 0x55, 0x6b, 0x55, 0x6b, 0x55, 0x6b, 0x55, 0x6b, 0x55, 0xf5, 0xee, 0xf5, 0xee, 0xf5, 0xee, 0xf5, 0xee, 0xf5, 0xee, 0xf5, 0xee,
    0xf5, 0xee, 0xf5, 0xee, 0xf5, 0xee, 0xf5, 0xee, 0xf5, 0xee, 0xf5, 0xee, 0xf5, 0xee, 0xf5, 0xee, 0xf5, 0xee, 0xf5, 0xee, 0xf5, 0xee, 0xf5, 0xee,
    0x6b, 0x55, 0x6b, 0x55, 0x6b, 0x55, 0x6b, 0x55, 0x27, 0x2b, 0x27, 0x2b, 0x27, 0x2b, 0x27, 0x2b, 0x03, 0x11, 0x03, 0x11, 0x03, 0x11, 0x03, 0x11,
    0x03, 0x11, 0x03, 0x11, 0x03, 0x11, 0x03, 0x11, 0x03, 0x11, 0x03, 0x11, 0x03, 0x11, 0x03, 0x11, 0x03, 0x11, 0x03, 0x11, 0x03, 0x11, 0x03, 0x11,
    0x03, 0x11, 0x03, 0x11, 0x03, 0x11, 0x03, 0x11, 0x03, 0x11, 0x03, 0x11, 0x03, 0x11, 0x03, 0x11, 0x03, 0x11, 0x03, 0x11, 0x03, 0x11, 0x03, 0x11,
    0x03, 0x11, 0x03, 0x11, 0x03, 0x11, 0x03, 0x11, 0x03, 0x11, 0x03, 0x11, 0x03, 0x11, 0x03, 0x11, 0x27, 0x2b, 0x27, 0x2b, 0x27, 0x2b, 0x27, 0x2b,
    0x27, 0x2b, 0x27, 0x2b, 0x27, 0x2b, 0x27, 0x2b, 0x6b, 0x55, 0x6b, 0x55, 0x6b, 0x55, 0x6b, 0x55, 0x6b, 0x55, 0x6b, 0x55, 0x6b, 0x55, 0x6b, 0x55,
    0x6b, 0x55, 0x6b, 0x55, 0xf5, 0xee, 0xf5, 0xee, 0xf5, 0xee, 0xf5, 0xee, 0xf5, 0xee, 0xf5, 0xee, 0xf5, 0xee, 0xf5, 0xee, 0xf5, 0xee, 0xf5, 0xee,
    0xf5, 0xee, 0xf5, 0xee, 0xf5, 0xee, 0xf5, 0xee, 0xf5, 0xee, 0xf5, 0xee, 0xf5, 0xee, 0xf5, 0xee, 0x6b, 0x55, 0x6b, 0x55, 0x6b, 0x55, 0x6b, 0x55,
    0x27, 0x2b, 0x27, 0x2b, 0x27, 0x2b, 0x27, 0x2b, 0x03, 0x11, 0x03, 0x11, 0x03, 0x11, 0x03, 0x11, 0x03, 0x11, 0x03, 0x11, 0x03, 0x11, 0x03, 0x11,
    0x03, 0x11, 0x03, 0x11, 0x03, 0x11, 0x03, 0x11, 0x03, 0x11, 0x03, 0x11, 0x03, 0x11, 0x03, 0x11, 0x03, 0x11, 0x03, 0x11, 0x03, 0x11, 0x03, 0x11,
    0x03, 0x11, 0x03, 0x11, 0x03, 0x11, 0x03, 0x11, 0x03, 0x11, 0x03, 0x11, 0x03, 0x11, 0x03, 0x11, 0x03, 0x11, 0x03, 0x11, 0x03, 0x11, 0x03, 0x11,
    0x03, 0x11, 0x03, 0x11, 0x03, 0x11, 0x03, 0x11, 0x27, 0x2b, 0x27, 0x2b, 0x27, 0x2b, 0x27, 0x2b, 0x27, 0x2b, 0x27, 0x2b, 0x27, 0x2b, 0x27, 0x2b,
    0x6b, 0x55, 0x6b, 0x55, 0x6b, 0x55, 0x6b, 0x55, 0x6b, 0x55, 0x6b, 0x55, 0x6b, 0x55, 0x6b, 0x55, 0x6b, 0x55, 0x6b, 0x55, 0xf5, 0xee, 0xf5, 0xee,
    0xf5, 0xee, 0xf5, 0xee, 0xf5, 0xee, 0xf5, 0xee, 0xf5, 0xee, 0xf5, 0xee, 0xf5, 0xee, 0xf5, 0xee, 0xf5, 0xee, 0xf5, 0xee, 0xf5, 0xee, 0xf5, 0xee,
    0xf5, 0xee, 0xf5, 0xee, 0xf5, 0xee, 0xf5, 0xee, 0x6b, 0x55, 0x6b, 0x55, 0x6b, 0x55, 0x6b, 0x55, 0x27, 0x2b, 0x27, 0x2b, 0x27, 0x2b, 0x27, 0x2b,
    0x03, 0x11, 0x03, 0x11, 0x03, 0x11, 0x03, 0x11, 0x03, 0x11, 0x03, 0x11, 0x03, 0x11, 0x03, 0x11, 0x03, 0x11, 0x03, 0x11, 0x03, 0x11, 0x03, 0x11,
    0x03, 0x11, 0x03, 0x11, 0x03, 0x11, 0x03, 0x11, 0x03, 0x11, 0x03, 0x11, 0x03, 0x11, 0x03, 0x11, 0x03, 0x11, 0x03, 0x11, 0x03, 0x11, 0x03, 0x11,
    0x03, 0x11, 0x03, 0x11, 0x03, 0x11, 0x03, 0x11, 0x03, 0x11, 0x03, 0x11, 0x03, 0x11, 0x03, 0x11, 0x03, 0x11, 0x03, 0x11, 0x03, 0x11, 0x03, 0x11,
    0x03, 0x11, 0x03, 0x11, 0x03, 0x11, 0x03, 0x11, 0x27, 0x2b, 0x27, 0x2b, 0x27, 0x2b, 0x27, 0x2b, 0x27, 0x2b, 0x27, 0x2b, 0x27, 0x2b, 0x27, 0x2b,
    0x27, 0x2b, 0x27, 0x2b, 0x27, 0x2b, 0x27, 0x2b, 0x27, 0x2b, 0x27, 0x2b, 0x27, 0x2b, 0x27, 0x2b, 0xf5, 0xee, 0xf5, 0xee, 0xf5, 0xee, 0xf5, 0xee,
    0xf5, 0xee, 0xf5, 0xee, 0xf5, 0xee, 0xf5, 0xee, 0xf5, 0xee, 0xf5, 0xee, 0xf5, 0xee, 0xf5, 0xee, 0x27, 0x2b, 0x27, 0x2b, 0x27, 0x2b, 0x27, 0x2b,
    0x27, 0x2b, 0x27, 0x2b, 0x27, 0x2b, 0x27, 0x2b, 0x27, 0x2b, 0x27, 0x2b, 0x27, 0x2b, 0x27, 0x2b, 0x27, 0x2b, 0x27, 0x2b, 0x27, 0x2b, 0x27, 0x2b,
    0x03, 0x11, 0x03, 0x11, 0x03, 0x11, 0x03, 0x11, 0x03, 0x11, 0x03, 0x11, 0x03, 0x11, 0x03, 0x11, 0x03, 0x11, 0x03, 0x11, 0x03, 0x11, 0x03, 0x11,
    0x03, 0x11, 0x03, 0x11, 0x03, 0x11, 0x03, 0x11, 0x03, 0x11, 0x03, 0x11, 0x03, 0x11, 0x03, 0x11, 0x03, 0x11, 0x03, 0x11, 0x03, 0x11, 0x03, 0x11,
    0x03, 0x11, 0x03, 0x11, 0x03, 0x11, 0x03, 0x11, 0x03, 0x11, 0x03, 0x11, 0x03, 0x11, 0x03, 0x11, 0x03, 0x11, 0x03, 0x11, 0x03, 0x11, 0x03, 0x11,
    0x27, 0x2b, 0x27, 0x2b, 0x27, 0x2b, 0x27, 0x2b, 0x27, 0x2b, 0x27, 0x2b, 0x27, 0x2b, 0x27, 0x2b, 0x27, 0x2b, 0x27, 0x2b, 0x27, 0x2b, 0x27, 0x2b,
    0x27, 0x2b, 0x27, 0x2b, 0x27, 0x2b, 0x27, 0x2b, 0xf5, 0xee, 0xf5, 0xee, 0xf5, 0xee, 0xf5, 0xee, 0xf5, 0xee, 0xf5, 0xee, 0xf5, 0xee, 0xf5, 0xee,
    0xf5, 0xee, 0xf5, 0xee, 0xf5, 0xee, 0xf5, 0xee, 0x27, 0x2b, 0x27, 0x2b, 0x27, 0x2b, 0x27, 0x2b, 0x27, 0x2b, 0x27, 0x2b, 0x27, 0x2b, 0x27, 0x2b,
    0x27, 0x2b, 0x27, 0x2b, 0x27, 0x2b, 0x27, 0x2b, 0x27, 0x2b, 0x27, 0x2b, 0x27, 0x2b, 0x27, 0x2b, 0x03, 0x11, 0x03, 0x11, 0x03, 0x11, 0x03, 0x11,
    0x03, 0x11, 0x03, 0x11, 0x03, 0x11, 0x03, 0x11, 0x03, 0x11, 0x03, 0x11, 0x03, 0x11, 0x03, 0x11, 0x03, 0x11, 0x03, 0x11, 0x03, 0x11, 0x03, 0x11,
    0x03, 0x11, 0x03, 0x11, 0x03, 0x11, 0x03, 0x11, 0x03, 0x11, 0x03, 0x11, 0x03, 0x11, 0x03, 0x11, 0x03, 0x11, 0x03, 0x11, 0x03, 0x11, 0x03, 0x11,
    0x03, 0x11, 0x03, 0x11, 0x03, 0x11, 0x03, 0x11, 0x03, 0x11, 0x03, 0x11, 0x03, 0x11, 0x03, 0x11, 0x27, 0x2b, 0x27, 0x2b, 0x27, 0x2b, 0x27, 0x2b,
    0x27, 0x2b, 0x27, 0x2b, 0x27, 0x2b, 0x27, 0x2b, 0x27, 0x2b, 0x27, 0x2b, 0x27, 0x2b, 0x27, 0x2b, 0x27, 0x2b, 0x27, 0x2b, 0x27, 0x2b, 0x27, 0x2b,
    0x27, 0x2b, 0x27, 0x2b, 0x27, 0x2b, 0x27, 0x2b, 0x27, 0x2b, 0x27, 0x2b, 0x27, 0x2b, 0x27, 0x2b, 0x27, 0x2b, 0x27, 0x2b, 0x27, 0x2b, 0x27, 0x2b,
    0x27, 0x2b, 0x27, 0x2b, 0x27, 0x2b, 0x27, 0x2b, 0x27, 0x2b, 0x27, 0x2b, 0x27, 0x2b, 0x27, 0x2b, 0x27, 0x2b, 0x27, 0x2b, 0x27, 0x2b, 0x27, 0x2b,
    0x27, 0x2b, 0x27, 0x2b, 0x27, 0x2b, 0x27, 0x2b, 0x03, 0x11, 0x03, 0x11, 0x03, 0x11, 0x03, 0x11, 0x03, 0x11, 0x03, 0x11, 0x03, 0x11, 0x03, 0x11,
    0x03, 0x11, 0x03, 0x11, 0x03, 0x11, 0x03, 0x11, 0x03, 0x11, 0x03, 0x11, 0x03, 0x11, 0x03, 0x11, 0x03, 0x11, 0x03, 0x11, 0x03, 0x11, 0x03, 0x11,
    0x03, 0x11, 0x03, 0x11, 0x03, 0x11, 0x03, 0x11, 0x03, 0x11, 0x03, 0x11, 0x03, 0x11, 0x03, 0x11, 0x03, 0x11, 0x03, 0x11, 0x03, 0x11, 0x03, 0x11,
    0x03, 0x11, 0x03, 0x11, 0x03, 0x11, 0x03, 0x11, 0x27, 0x2b, 0x27, 0x2b, 0x27, 0x2b, 0x27, 0x2b, 0x27, 0x2b, 0x27, 0x2b, 0x27, 0x2b, 0x27, 0x2b,
    0x27, 0x2b, 0x27, 0x2b, 0x27, 0x2b, 0x27, 0x2b, 0x27, 0x2b, 0x27, 0x2b, 0x27, 0x2b, 0x27, 0x2b, 0x27, 0x2b, 0x27, 0x2b, 0x27, 0x2b, 0x27, 0x2b,
    0x27, 0x2b, 0x27, 0x2b, 0x27, 0x2b, 0x27, 0x2b, 0x27, 0x2b, 0x27, 0x2b, 0x27, 0x2b, 0x27, 0x2b, 0x27, 0x2b, 0x27, 0x2b, 0x27, 0x2b, 0x27, 0x2b,
    0x27, 0x2b, 0x27, 0x2b, 0x27, 0x2b, 0x27, 0x2b, 0x27, 0x2b, 0x27, 0x2b, 0x27, 0x2b, 0x27, 0x2b, 0x27, 0x2b, 0x27, 0x2b, 0x27, 0x2b, 0x27, 0x2b,
    0x03, 0x11, 0x03, 0x11, 0x03, 0x11, 0x03, 0x11, 0x03, 0x11, 0x03, 0x11, 0x03, 0x11, 0x03, 0x11, 0x03, 0x11, 0x03, 0x11, 0x03, 0x11, 0x03, 0x11,
    0x03, 0x11, 0x03, 0x11, 0x03, 0x11, 0x03, 0x11, 0x03, 0x11, 0x03, 0x11, 0x03, 0x11, 0x03, 0x11, 0x03, 0x11, 0x03, 0x11, 0x03, 0x11, 0x03, 0x11,
    0x03, 0x11, 0x03, 0x11, 0x03, 0x11, 0x03, 0x11, 0x03, 0x11, 0x03, 0x11, 0x03, 0x11, 0x03, 0x11, 0x03, 0x11, 0x03, 0x11, 0x03, 0x11, 0x03, 0x11,
    0x27, 0x2b, 0x27, 0x2b, 0x27, 0x2b, 0x27, 0x2b, 0x27, 0x2b, 0x27, 0x2b, 0x27, 0x2b, 0x27, 0x2b, 0x27, 0x2b, 0x27, 0x2b, 0x27, 0x2b, 0x27, 0x2b,
    0x27, 0x2b, 0x27, 0x2b, 0x27, 0x2b, 0x27, 0x2b, 0x03, 0x11, 0x03, 0x11, 0x03, 0x11, 0x03, 0x11, 0x03, 0x11, 0x03, 0x11, 0x03, 0x11, 0x03, 0x11,
    0x03, 0x11, 0x03, 0x11, 0x03, 0x11, 0x03, 0x11, 0x27, 0x2b, 0x27, 0x2b, 0x27, 0x2b, 0x27, 0x2b, 0x27, 0x2b, 0x27, 0x2b, 0x27, 0x2b, 0x27, 0x2b,
    0x27, 0x2b, 0x27, 0x2b, 0x27, 0x2b, 0x27, 0x2b, 0x27, 0x2b, 0x27, 0x2b, 0x27, 0x2b, 0x27, 0x2b, 0x03, 0x11, 0x03, 0x11, 0x03, 0x11, 0x03, 0x11,
    0x03, 0x11, 0x03, 0x11, 0x03, 0x11, 0x03, 0x11, 0x03, 0x11, 0x03, 0x11, 0x03, 0x11, 0x03, 0x11, 0x03, 0x11, 0x03, 0x11, 0x03, 0x11, 0x03, 0x11,
    0x03, 0x11, 0x03, 0x11, 0x03, 0x11, 0x03, 0x11, 0x03, 0x11, 0x03, 0x11, 0x03, 0x11, 0x03, 0x11, 0x03, 0x11, 0x03, 0x11, 0x03, 0x11, 0x03, 0x11,
    0x03, 0x11, 0x03, 0x11, 0x03, 0x11, 0x03, 0x11, 0x03, 0x11, 0x03, 0x11, 0x03, 0x11, 0x03, 0x11, 0x27, 0x2b, 0x27, 0x2b, 0x27, 0x2b, 0x27, 0x2b,
    0x27, 0x2b, 0x27, 0x2b, 0x27, 0x2b, 0x27, 0x2b, 0x27, 0x2b, 0x27, 0x2b, 0x27, 0x2b, 0x27, 0x2b, 0x27, 0x2b, 0x27, 0x2b, 0x27, 0x2b, 0x27, 0x2b,
    0x03, 0x11, 0x03, 0x11, 0x03, 0x11, 0x03, 0x11, 0x03, 0x11, 0x03, 0x11, 0x03, 0x11, 0x03, 0x11, 0x03, 0x11, 0x03, 0x11, 0x03, 0x11, 0x03, 0x11,
    0x27, 0x2b, 0x27, 0x2b, 0x27, 0x2b, 0x27, 0x2b, 0x27, 0x2b, 0x27, 0x2b, 0x27, 0x2b, 0x27, 0x2b, 0x27, 0x2b, 0x27, 0x2b, 0x27, 0x2b, 0x27, 0x2b,
    0x27, 0x2b, 0x27, 0x2b, 0x27, 0x2b, 0x27, 0x2b, 0x03, 0x11, 0x03, 0x11, 0x03, 0x11, 0x03, 0x11, 0x03, 0x11, 0x03, 0x11, 0x03, 0x11, 0x03, 0x11,
    0x03, 0x11, 0x03, 0x11, 0x03, 0x11, 0x03, 0x11, 0x03, 0x11, 0x03, 0x11, 0x03, 0x11, 0x03, 0x11, 0x03, 0x11, 0x03, 0x11, 0x03, 0x11, 0x03, 0x11,
    0x03, 0x11, 0x03, 0x11, 0x03, 0x11, 0x03, 0x11, 0x03, 0x11, 0x03, 0x11, 0x03, 0x11, 0x03, 0x11, 0x03, 0x11, 0x03, 0x11, 0x03, 0x11, 0x03, 0x11,
    0x03, 0x11, 0x03, 0x11, 0x03, 0x11, 0x03, 0x11, 0x27, 0x2b, 0x27, 0x2b, 0x27, 0x2b, 0x27, 0x2b, 0x27, 0x2b, 0x27, 0x2b, 0x27, 0x2b, 0x27, 0x2b,
    0x27, 0x2b, 0x27, 0x2b, 0x27, 0x2b, 0x27, 0x2b, 0x27, 0x2b, 0x27, 0x2b, 0x27, 0x2b, 0x27, 0x2b, 0x03, 0x11, 0x03, 0x11, 0x03, 0x11, 0x03, 0x11,
    0x03, 0x11, 0x03, 0x11, 0x03, 0x11, 0x03, 0x11, 0x03, 0x11, 0x03, 0x11, 0x03, 0x11, 0x03, 0x11, 0x27, 0x2b, 0x27, 0x2b, 0x27, 0x2b, 0x27, 0x2b,
    0x27, 0x2b, 0x27, 0x2b, 0x27, 0x2b, 0x27, 0x2b, 0x27, 0x2b, 0x27, 0x2b, 0x27, 0x2b, 0x27, 0x2b, 0x27, 0x2b, 0x27, 0x2b, 0x27, 0x2b, 0x27, 0x2b,
    0x03, 0x11, 0x03, 0x11, 0x03, 0x11, 0x03, 0x11, 0x03, 0x11, 0x03, 0x11, 0x03, 0x11, 0x03, 0x11, 0x03, 0x11, 0x03, 0x11, 0x03, 0x11, 0x03, 0x11,
    0x03, 0x11, 0x03, 0x11, 0x03, 0x11, 0x03, 0x11, 0x03, 0x11, 0x03, 0x11, 0x03, 0x11, 0x03, 0x11, 0x03, 0x11, 0x03, 0x11, 0x03, 0x11, 0x03, 0x11,
    0x03, 0x11, 0x03, 0x11, 0x03, 0x11, 0x03, 0x11, 0x03, 0x11, 0x03, 0x11, 0x03, 0x11, 0x03, 0x11, 0x03, 0x11, 0x03, 0x11, 0x03, 0x11, 0x03, 0x11,
    0x27, 0x2b, 0x27, 0x2b, 0x27, 0x2b, 0x27, 0x2b, 0x27, 0x2b, 0x27, 0x2b, 0x27, 0x2b, 0x27, 0x2b, 0x27, 0x2b, 0x27, 0x2b, 0x27, 0x2b, 0x27, 0x2b,
    0x27, 0x2b, 0x27, 0x2b, 0x27, 0x2b, 0x27, 0x2b, 0x03, 0x11, 0x03, 0x11, 0x03, 0x11, 0x03, 0x11, 0x03, 0x11, 0x03, 0x11, 0x03, 0x11, 0x03, 0x11,
    0x03, 0x11, 0x03, 0x11, 0x03, 0x11, 0x03, 0x11, 0x27, 0x2b, 0x27, 0x2b, 0x27, 0x2b, 0x27, 0x2b, 0x27, 0x2b, 0x27, 0x2b, 0x27, 0x2b, 0x27, 0x2b,
    0x27, 0x2b, 0x27, 0x2b, 0x27, 0x2b, 0x27, 0x2b, 0x27, 0x2b, 0x27, 0x2b, 0x27, 0x2b, 0x27, 0x2b, 0x03, 0x11, 0x03, 0x11, 0x03, 0x11, 0x03, 0x11,
    0x03, 0x11, 0x03, 0x11, 0x03, 0x11, 0x03, 0x11, 0x03, 0x11, 0x03, 0x11, 0x03, 0x11, 0x03, 0x11, 0x03, 0x11, 0x03, 0x11, 0x03, 0x11, 0x03, 0x11,
    0x03, 0x11, 0x03, 0x11, 0x03, 0x11, 0x03, 0x11, 0x03, 0x11, 0x03, 0x11, 0x03, 0x11, 0x03, 0x11, 0x03, 0x11, 0x03, 0x11, 0x03, 0x11, 0x03, 0x11,
    0x03, 0x11, 0x03, 0x11, 0x03, 0x11, 0x03, 0x11, 0x03, 0x11, 0x03, 0x11, 0x03, 0x11, 0x03, 0x11, 0x03, 0x11, 0x03, 0x11, 0x03, 0x11, 0x03, 0x11,
    0x03, 0x11, 0x03, 0x11, 0x03, 0x11, 0x03, 0x11, 0x03, 0x11, 0x03, 0x11, 0x03, 0x11, 0x03, 0x11, 0x03, 0x11, 0x03, 0x11, 0x03, 0x11, 0x03, 0x11,
    0x03, 0x11, 0x03, 0x11, 0x03, 0x11, 0x03, 0x11, 0x03, 0x11, 0x03, 0x11, 0x03, 0x11, 0x03, 0x11, 0x03, 0x11, 0x03, 0x11, 0x03, 0x11, 0x03, 0x11,
    0x03, 0x11, 0x03, 0x11, 0x03, 0x11, 0x03, 0x11, 0x03, 0x11, 0x03, 0x11, 0x03, 0x11, 0x03, 0x11, 0x03, 0x11, 0x03, 0x11, 0x03, 0x11, 0x03, 0x11,
    0x03, 0x11, 0x03, 0x11, 0x03, 0x11, 0x03, 0x11, 0x03, 0x11, 0x03, 0x11, 0x03, 0x11, 0x03, 0x11, 0x03, 0x11, 0x03, 0x11, 0x03, 0x11, 0x03, 0x11,
    0x03, 0x11, 0x03, 0x11, 0x03, 0x11, 0x03, 0x11, 0x03, 0x11, 0x03, 0x11, 0x03, 0x11, 0x03, 0x11, 0x03, 0x11, 0x03, 0x11, 0x03, 0x11, 0x03, 0x11,
    0x03, 0x11, 0x03, 0x11, 0x03, 0x11, 0x03, 0x11, 0x03, 0x11, 0x03, 0x11, 0x03, 0x11, 0x03, 0x11, 0x03, 0x11, 0x03, 0x11, 0x03, 0x11, 0x03, 0x11,
    0x03, 0x11, 0x03, 0x11, 0x03, 0x11, 0x03, 0x11, 0x03, 0x11, 0x03, 0x11, 0x03, 0x11, 0x03, 0x11, 0x03, 0x11, 0x03, 0x11, 0x03, 0x11, 0x03, 0x11,
    0x03, 0x11, 0x03, 0x11, 0x03, 0x11, 0x03, 0x11, 0x03, 0x11, 0x03, 0x11, 0x03, 0x11, 0x03, 0x11, 0x03, 0x11, 0x03, 0x11, 0x03, 0x11, 0x03, 0x11,
    0x03, 0x11, 0x03, 0x11, 0x03, 0x11, 0x03, 0x11, 0x03, 0x11, 0x03, 0x11, 0x03, 0x11, 0x03, 0x11, 0x03, 0x11, 0x03, 0x11, 0x03, 0x11, 0x03, 0x11,
    0x03, 0x11, 0x03, 0x11, 0x03, 0x11, 0x03, 0x11, 0x03, 0x11, 0x03, 0x11, 0x03, 0x11, 0x03, 0x11, 0x03, 0x11, 0x03, 0x11, 0x03, 0x11, 0x03, 0x11,
    0x03, 0x11, 0x03, 0x11, 0x03, 0x11, 0x03, 0x11, 0x03, 0x11, 0x03, 0x11, 0x03, 0x11, 0x03, 0x11, 0x03, 0x11, 0x03, 0x11, 0x03, 0x11, 0x03, 0x11,
    0x03, 0x11, 0x03, 0x11, 0x03, 0x11, 0x03, 0x11, 0x03, 0x11, 0x03, 0x11, 0x03, 0x11, 0x03, 0x11, 0x03, 0x11, 0x03, 0x11, 0x03, 0x11, 0x03, 0x11,
    0x03, 0x11, 0x03, 0x11, 0x03, 0x11, 0x03, 0x11, 0x03, 0x11, 0x03, 0x11, 0x03, 0x11, 0x03, 0x11, 0x03, 0x11, 0x03, 0x11, 0x03, 0x11, 0x03, 0x11,
    0x03, 0x11, 0x03, 0x11, 0x03, 0x11, 0x03, 0x11, 0x03, 0x11, 0x03, 0x11, 0x03, 0x11, 0x03, 0x11, 0x03, 0x11, 0x03, 0x11, 0x03, 0x11, 0x03, 0x11,
    0x03, 0x11, 0x03, 0x11, 0x03, 0x11, 0x03, 0x11, 0x03, 0x11, 0x03, 0x11, 0x03, 0x11, 0x03, 0x11, 0x03, 0x11, 0x03, 0x11, 0x03, 0x11, 0x03, 0x11,
    0x03, 0x11, 0x03, 0x11, 0x03, 0x11, 0x03, 0x11, 0x03, 0x11, 0x03, 0x11, 0x03, 0x11, 0x03, 0x11, 0x03, 0x11, 0x03, 0x11, 0x03, 0x11, 0x03, 0x11,
    0x03, 0x11, 0x03, 0x11, 0x03, 0x11, 0x03, 0x11, 0x03, 0x11, 0x03, 0x11, 0x03, 0x11, 0x03, 0x11, 0x03, 0x11, 0x03, 0x11, 0x03, 0x11, 0x03, 0x11,
    0x03, 0x11, 0x03, 0x11, 0x03, 0x11, 0x03, 0x11, 0x03, 0x11, 0x03, 0x11, 0x03, 0x11, 0x03, 0x11, 0x03, 0x11, 0x03, 0x11, 0x03, 0x11, 0x03, 0x11,
    0x03, 0x11, 0x03, 0x11, 0x03, 0x11, 0x03, 0x11, 0x03, 0x11, 0x03, 0x11, 0x03, 0x11, 0x03, 0x11, 0x03, 0x11, 0x03, 0x11, 0x03, 0x11, 0x03, 0x11,
    0x03, 0x11, 0x03, 0x11, 0x03, 0x11, 0x03, 0x11, 0x03, 0x11, 0x03, 0x11, 0x03, 0x11, 0x03, 0x11, 0x03, 0x11, 0x03, 0x11, 0x03, 0x11, 0x03, 0x11,
    0x03, 0x11, 0x03, 0x11, 0x03, 0x11, 0x03, 0x11, 0x03, 0x11, 0x03, 0x11, 0x03, 0x11, 0x03, 0x11, 0x03, 0x11, 0x03, 0x11, 0x03, 0x11, 0x03, 0x11,
    0x03, 0x11, 0x03, 0x11, 0x03, 0x11, 0x03, 0x11, 0x03, 0x11, 0x03, 0x11, 0x03, 0x11, 0x03, 0x11, 0x03, 0x11, 0x03, 0x11, 0x03, 0x11, 0x03, 0x11,
    0x03, 0x11, 0x03, 0x11, 0x03, 0x11, 0x03, 0x11, 0x03, 0x11, 0x03, 0x11, 0x03, 0x11, 0x03, 0x11, 0x03, 0x11, 0x03, 0x11, 0x03, 0x11, 0x03, 0x11,
    0x03, 0x11, 0x03, 0x11, 0x03, 0x11, 0x03, 0x11, 0x03, 0x11, 0x03, 0x11, 0x03, 0x11, 0x03, 0x11, 0x03, 0x11, 0x03, 0x11, 0x03, 0x11, 0x03, 0x11,
    0x03, 0x11, 0x03, 0x11, 0x03, 0x11, 0x03, 0x11, 0x03, 0x11, 0x03, 0x11, 0x03, 0x11, 0x03, 0x11, 0x03, 0x11, 0x03, 0x11, 0x03, 0x11, 0x03, 0x11,
    0x03, 0x11, 0x03, 0x11, 0x03, 0x11, 0x03, 0x11, 0x03, 0x11, 0x03, 0x11, 0x03, 0x11, 0x03, 0x11, 0x03, 0x11, 0x03, 0x11, 0x03, 0x11, 0x03, 0x11,
    0x03, 0x11, 0x03, 0x11, 0x03, 0x11, 0x03, 0x11, 0x03, 0x11, 0x03, 0x11, 0x03, 0x11, 0x03, 0x11, 0x03, 0x11, 0x03, 0x11, 0x03, 0x11, 0x03, 0x11,
    0x03, 0x11, 0x03, 0x11, 0x03, 0x11, 0x03, 0x11, 0x03, 0x11, 0x03, 0x11, 0x03, 0x11, 0x03, 0x11, 0x03, 0x11, 0x03, 0x11, 0x03, 0x11, 0x03, 0x11,
    0x03, 0x11, 0x03, 0x11, 0x03, 0x11, 0x03, 0x11, 0x03, 0x11, 0x03, 0x11, 0x03, 0x11, 0x03, 0x11, 0x03, 0x11, 0x03, 0x11, 0x03, 0x11, 0x03, 0x11,
    0x03, 0x11, 0x03, 0x11, 0x03, 0x11, 0x03, 0x11, 0x03, 0x11, 0x03, 0x11, 0x03, 0x11, 0x03, 0x11, 0x03, 0x11, 0x03, 0x11, 0x03, 0x11, 0x03, 0x11,
    0x03, 0x11, 0x03, 0x11, 0x03, 0x11, 0x03, 0x11, 0x03, 0x11, 0x03, 0x11, 0x03, 0x11, 0x03, 0x11, 0x03, 0x11, 0x03, 0x11, 0x03, 0x11, 0x03, 0x11,
    0x03, 0x11, 0x03, 0x11, 0x03, 0x11, 0x03, 0x11, 0x03, 0x11, 0x03, 0x11, 0x03, 0x11, 0x03, 0x11, 0x03, 0x11, 0x03, 0x11, 0x03, 0x11, 0x03, 0x11,
    0x03, 0x11, 0x03, 0x11, 0x03, 0x11, 0x03, 0x11, 0x03, 0x11, 0x03, 0x11, 0x03, 0x11, 0x03, 0x11, 0x03, 0x11, 0x03, 0x11, 0x03, 0x11, 0x03, 0x11,
    0x03, 0x11, 0x03, 0x11, 0x03, 0x11, 0x03, 0x11, 0x03, 0x11, 0x03, 0x11, 0x03, 0x11, 0x03, 0x11, 0x03, 0x11, 0x03, 0x11, 0x03, 0x11, 0x03, 0x11,
    0x03, 0x11, 0x03, 0x11, 0x03, 0x11, 0x03, 0x11, 0x03, 0x11, 0x03, 0x11, 0x03, 0x11, 0x03, 0x11, 0x03, 0x11, 0x03, 0x11, 0x03, 0x11, 0x03, 0x11,
    0x03, 0x11, 0x03, 0x11, 0x03, 0x11, 0x03, 0x11, 0x03, 0x11, 0x03, 0x11, 0x03, 0x11, 0x03, 0x11, 0x03, 0x11, 0x03, 0x11, 0x03, 0x11, 0x03, 0x11,
    0x03, 0x11, 0x03, 0x11, 0x03, 0x11, 0x03, 0x11, 0x03, 0x11, 0x03, 0x11, 0x03, 0x11, 0x03, 0x11, 0x03, 0x11, 0x03, 0x11, 0x03, 0x11, 0x03, 0x11,
    0x03, 0x11, 0x03, 0x11, 0x03, 0x11, 0x03, 0x11, 0x03, 0x11, 0x03, 0x11, 0x03, 0x11, 0x03, 0x11, 0x03, 0x11, 0x03, 0x11, 0x03, 0x11, 0x03, 0x11,
    0x03, 0x11, 0x03, 0x11, 0x03, 0x11, 0x03, 0x11, 0x03, 0x11, 0x03, 0x11, 0x03, 0x11, 0x03, 0x11, 0x03, 0x11, 0x03, 0x11, 0x03, 0x11, 0x03, 0x11,
    0x03, 0x11, 0x03, 0x11, 0x03, 0x11, 0x03, 0x11, 0x03, 0x11, 0x03, 0x11, 0x03, 0x11, 0x03, 0x11, 0x03, 0x11, 0x03, 0x11, 0x03, 0x11, 0x03, 0x11,
    0x03, 0x11, 0x03, 0x11, 0x03, 0x11, 0x03, 0x11, 0x03, 0x11, 0x03, 0x11, 0x03, 0x11, 0x03, 0x11, 0x03, 0x11, 0x03, 0x11, 0x03, 0x11, 0x03, 0x11,
    0x03, 0x11, 0x03, 0x11, 0x03, 0x11, 0x03, 0x11, 0x03, 0x11, 0x03, 0x11, 0x03, 0x11, 0x03, 0x11, 0x03, 0x11, 0x03, 0x11, 0x03, 0x11, 0x03, 0x11,
    0x03, 0x11, 0x03, 0x11, 0x03, 0x11, 0x03, 0x11, 0x03, 0x11, 0x03, 0x11, 0x03, 0x11, 0x03, 0x11, 0x03, 0x11, 0x03, 0x11, 0x03, 0x11, 0x03, 0x11,
    0x03, 0x11, 0x03, 0x11, 0x03, 0x11, 0x03, 0x11, 0x03, 0x11, 0x03, 0x11, 0x03, 0x11, 0x03, 0x11, 0x03, 0x11, 0x03, 0x11, 0x03, 0x11, 0x03, 0x11,
    0x03, 0x11, 0x03, 0x11, 0x03, 0x11, 0x03, 0x11, 0x03, 0x11, 0x03, 0x11, 0x03, 0x11, 0x03, 0x11, 0x03, 0x11, 0x03, 0x11, 0x03, 0x11, 0x03, 0x11,
    0x03, 0x11, 0x03, 0x11, 0x03, 0x11, 0x03, 0x11, 0x03, 0x11, 0x03, 0x11, 0x03, 0x11, 0x03, 0x11, 0x03, 0x11, 0x03, 0x11, 0x03, 0x11, 0x03, 0x11,
    0x03, 0x11, 0x03, 0x11, 0x03, 0x11, 0x03, 0x11, 0x03, 0x11, 0x03, 0x11, 0x03, 0x11, 0x03, 0x11, 0x03, 0x11, 0x03, 0x11, 0x03, 0x11, 0x03, 0x11,
    0x03, 0x11, 0x03, 0x11, 0x03, 0x11, 0x03, 0x11, 0x03, 0x11, 0x03, 0x11, 0x03, 0x11, 0x03, 0x11, 0x03, 0x11, 0x03, 0x11, 0x03, 0x11, 0x03, 0x11,
    0x03, 0x11, 0x03, 0x11, 0x03, 0x11, 0x03, 0x11, 0x03, 0x11, 0x03, 0x11, 0x03, 0x11, 0x03, 0x11, 0x03, 0x11, 0x03, 0x11, 0x03, 0x11, 0x03, 0x11,
    0x03, 0x11, 0x03, 0x11, 0x03, 0x11, 0x03, 0x11, 0x03, 0x11, 0x03, 0x11, 0x03, 0x11, 0x03, 0x11, 0x03, 0x11, 0x03, 0x11, 0x03, 0x11, 0x03, 0x11,
    0x03, 0x11, 0x03, 0x11, 0x03, 0x11, 0x03, 0x11, 0x03, 0x11, 0x03, 0x11, 0x03, 0x11, 0x03, 0x11, 0x03, 0x11, 0x03, 0x11, 0x03, 0x11, 0x03, 0x11,
    0x03, 0x11, 0x03, 0x11, 0x03, 0x11, 0x03, 0x11,
};
const lv_img_dsc_t pet_scratch_0 = {
    .header.cf = LV_IMG_CF_TRUE_COLOR,
    .header.always_zero = 0,
    .header.reserved = 0,
    .header.w = 80,
    .header.h = 80,
    .data_size = 12800,
    .data = pet_scratch_0_map,
};

static const LV_ATTRIBUTE_MEM_ALIGN LV_ATTRIBUTE_LARGE_CONST uint8_t pet_scratch_1_map[] = {
    0x03, 0x11, 0x03, 0x11, 0x03, 0x11, 0x03, 0x11, 0x03, 0x11, 0x03, 0x11, 0x03, 0x11, 0x03, 0x11, 0x03, 0x11, 0x03, 0x11, 0x03, 0x11, 0x03, 0x11,
    0x03, 0x11, 0x03, 0x11, 0x03, 0x11, 0x03, 0x11, 0x03, 0x11, 0x03, 0x11, 0x03, 0x11, 0x03, 0x11, 0x03, 0x11, 0x03, 0x11, 0x03, 0x11, 0x03, 0x11,
    0x03, 0x11, 0x03, 0x11, 0x03, 0x11, 0x03, 0x11, 0x03, 0x11, 0x03, 0x11, 0x03, 0x11, 0x03, 0x11, 0x03, 0x11, 0x03, 0x11, 0x03, 0x11, 0x03, 0x11,
    0x03, 0x11, 0x03, 0x11, 0x03, 0x11, 0x03, 0x11, 0x03, 0x11, 0x03, 0x11, 0x03, 0x11, 0x03, 0x11, 0x03, 0x11, 0x03, 0x11, 0x03, 0x11, 0x03, 0x11,
    0x03, 0x11, 0x03, 0x11, 0x03, 0x11, 0x03, 0x11, 0x03, 0x11, 0x03, 0x11, 0x03, 0x11, 0x03, 0x11, 0x03, 0x11, 0x03, 0x11, 0x03, 0x11, 0x03, 0x11,
    0x03, 0x11, 0x03, 0x11, 0x03, 0x11, 0x03, 0x11, 0x03, 0x11, 0x03, 0x11, 0x03, 0x11, 0x03, 0x11, 0x03, 0x11, 0x03, 0x11, 0x03, 0x11, 0x03, 0x11,
    0x03, 0x11, 0x03, 0x11, 0x03, 0x11, 0x03, 0x11, 0x03, 0x11, 0x03, 0x11, 0x03, 0x11, 0x03, 0x11, 0x03, 0x11, 0x03, 0x11, 0x03, 0x11, 0x03, 0x11,
    0x03, 0x11, 0x03, 0x11, 0x03, 0x11, 0x03, 0x11, 0x03, 0x11, 0x03, 0x11, 0x03, 0x11, 0x03, 0x11, 0x03, 0x11, 0x03, 0x11, 0x03, 0x11, 0x03, 0x11,
    0x03, 0x11, 0x03, 0x11, 0x03, 0x11, 0x03, 0x11, 0x03, 0x11, 0x03, 0x11, 0x03, 0x11, 0x03, 0x11, 0x03, 0x11, 0x03, 0x11, 0x03, 0x11, 0x03, 0x11,
    0x03, 0x11, 0x03, 0x11, 0x03, 0x11, 0x03, 0x11, 0x03, 0x11, 0x03, 0x11, 0x03, 0x11, 0x03, 0x11, 0x03, 0x11, 0x03, 0x11, 0x03, 0x11, 0x03, 0x11,
    0x03, 0x11, 0x03, 0x11, 0x03, 0x11, 0x03, 0x11, 0x03, 0x11, 0x03, 0x11, 0x03, 0x11, 0x03, 0x11, 0x03, 0x11, 0x03, 0x11, 0x03, 0x11, 0x03, 0x11,
    0x03, 0x11, 0x03, 0x11, 0x03, 0x11, 0x03, 0x11, 0x03, 0x11, 0x03, 0x11, 0x03, 0x11, 0x03, 0x11, 0x03, 0x11, 0x03, 0x11, 0x03, 0x11, 0x03, 0x11,
    0x03, 0x11, 0x03, 0x11, 0x03, 0x11, 0x03, 0x11, 0x03, 0x11, 0x03, 0x11, 0x03, 0x11, 0x03, 0x11, 0x03, 0x11, 0x03, 0x11, 0x03, 0x11, 0x03, 0x11,
    0x03, 0x11, 0x03, 0x11, 0x03, 0x11, 0x03, 0x11, 0x03, 0x11, 0x03, 0x11, 0x03, 0x11, 0x03, 0x11, 0x03, 0x11, 0x03, 0x11, 0x03, 0x11, 0x03, 0x11,
    0x03, 0x11, 0x03, 0x11, 0x03, 0x11, 0x03, 0x11, 0x03, 0x11, 0x03, 0x11, 0x03, 0x11, 0x03, 0x11, 0x03, 0x11, 0x03, 0x11, 0x03, 0x11, 0x03, 0x11,
    0xce, 0x9e, 0xce, 0x9e, 0x03, 0x11, 0x03, 0x11, 0x03, 0x11, 0x03, 0x11, 0x03, 0x11, 0x03, 0x11, 0x03, 0x11, 0x03, 0x11, 0x03, 0x11, 0x03, 0x11,
    0x03, 0x11, 0x03, 0x11, 0x03, 0x11, 0x03, 0x11, 0x03, 0x11, 0x03, 0x11, 0x03, 0x11, 0x03, 0x11, 0x03, 0x11, 0x03, 0x11, 0x03, 0x11, 0x03, 0x11,
    0x03, 0x11, 0x03, 0x11, 0x03, 0x11, 0x03, 0x11, 0x03, 0x11, 0x03, 0x11, 0x03, 0x11, 0x03, 0x11, 0x03, 0x11, 0x03, 0x11, 0x03, 0x11, 0x03, 0x11,
    0x03, 0x11, 0x03, 0x11, 0xce, 0x9e, 0xce, 0x9e, 0x03, 0x11, 0x03, 0x11, 0x03, 0x11, 0x03, 0x11, 0x03, 0x11, 0x03, 0x11, 0x03, 0x11, 0x03, 0x11,
    0x03, 0x11, 0x03, 0x11, 0x03, 0x11, 0x03, 0x11, 0x03, 0x11, 0x03, 0x11, 0x03, 0x11, 0x03, 0x11, 0x03, 0x11, 0x03, 0x11, 0x03, 0x11, 0x03, 0x11,
    0x03, 0x11, 0x03, 0x11, 0x03, 0x11, 0x03, 0x11, 0x03, 0x11, 0x03, 0x11, 0x03, 0x11, 0x03, 0x11, 0x03, 0x11, 0x03, 0x11, 0x03, 0x11, 0x03, 0x11,
    0x03, 0x11, 0x03, 0x11, 0x03, 0x11, 0x03, 0x11, 0x03, 0x11, 0x03, 0x11, 0x03, 0x11, 0x03, 0x11, 0xce, 0x9e, 0xce, 0x9e, 0x03, 0x11, 0x03, 0x11,
    0x03, 0x11, 0x03, 0x11, 0x03, 0x11, 0x03, 0x11, 0x03, 0x11, 0x03, 0x11, 0x03, 0x11, 0x03, 0x11, 0x03, 0x11, 0x03, 0x11, 0x03, 0x11, 0x03, 0x11,
    0x03, 0x11, 0x03, 0x11, 0x03, 0x11, 0x03, 0x11, 0x03, 0x11, 0x03, 0x11, 0x03, 0x11, 0x03, 0x11, 0x03, 0x11, 0x03, 0x11, 0x03, 0x11, 0x03, 0x11,
    0x03, 0x11, 0x03, 0x11, 0x03, 0x11, 0x03, 0x11, 0x03, 0x11, 0x03, 0x11, 0x03, 0x11, 0x03, 0x11, 0x03, 0x11, 0x03, 0x11, 0xce, 0x9e, 0xce, 0x9e,
    0x03, 0x11, 0x03, 0x11, 0x03, 0x11, 0x03, 0x11, 0x03, 0x11, 0x03, 0x11, 0x03, 0x11, 0x03, 0x11, 0x03, 0x11, 0x03, 0x11, 0x03, 0x11, 0x03, 0x11,
    0x03, 0x11, 0x03, 0x11, 0x03, 0x11, 0x03, 0x11, 0x03, 0x11, 0x03, 0x11, 0x03, 0x11, 0x03, 0x11, 0x03, 0x11, 0x03, 0x11, 0x03, 0x11, 0x03, 0x11,
    0x03, 0x11, 0x03, 0x11, 0x03, 0x11, 0x03, 0x11, 0x03, 0x11, 0x03, 0x11, 0x03, 0x11, 0x03, 0x11, 0x4b, 0xee, 0x4b, 0xee, 0x4b, 0xee, 0x4b, 0xee,
    0x03, 0x11, 0x03, 0x11, 0x03, 0x11, 0x03, 0x11, 0xce, 0x9e, 0xce, 0x9e, 0xce, 0x9e, 0xce, 0x9e, 0x03, 0x11, 0x03, 0x11, 0x03, 0x11, 0x03, 0x11,
    0x03, 0x11, 0x03, 0x11, 0x03, 0x11, 0x03, 0x11, 0x03, 0x11, 0x03, 0x11, 0x03, 0x11, 0x03, 0x11, 0x03, 0x11, 0x03, 0x11, 0x03, 0x11, 0x03, 0x11,
    0x03, 0x11, 0x03, 0x11, 0x03, 0x11, 0x03, 0x11, 0x03, 0x11, 0x03, 0x11, 0x03, 0x11, 0x03, 0x11, 0x03, 0x11, 0x03, 0x11, 0x03, 0x11, 0x03, 0x11,
    0x03, 0x11, 0x03, 0x11, 0x03, 0x11, 0x03, 0x11, 0xce, 0x9e, 0xce, 0x9e, 0xce, 0x9e, 0xce, 0x9e, 0x03, 0x11, 0x03, 0x11, 0x03, 0x11, 0x03, 0x11,
    0x03, 0x11, 0x03, 0x11, 0x03, 0x11, 0x03, 0x11, 0x03, 0x11, 0x03, 0x11, 0x03, 0x11, 0x03, 0x11, 0x03, 0x11, 0x03, 0x11, 0x03, 0x11, 0x03, 0x11,
    0x03, 0x11, 0x03, 0x11, 0x03, 0x11, 0x03, 0x11, 0x03, 0x11, 0x03, 0x11, 0x03, 0x11, 0x03, 0x11, 0x03, 0x11, 0x03, 0x11, 0x03, 0x11, 0x03, 0x11,
    0x03, 0x11, 0x03, 0x11, 0x03, 0x11, 0x03, 0x11, 0x4b, 0xee, 0x4b, 0xee, 0x4b, 0xee, 0x4b, 0xee, 0x03, 0x11, 0x03, 0x11, 0x03, 0x11, 0x03, 0x11,
    0xce, 0x9e, 0xce, 0x9e, 0xce, 0x9e, 0xce, 0x9e, 0x03, 0x11, 0x03, 0x11, 0x03, 0x11, 0x03, 0x11, 0x03, 0x11, 0x03, 0x11, 0x03, 0x11, 0x03, 0x11,
    0x03, 0x11, 0x03, 0x11, 0x03, 0x11, 0x03, 0x11, 0x03, 0x11, 0x03, 0x11, 0x03, 0x11, 0x03, 0x11, 0x03, 0x11, 0x03, 0x11, 0x03, 0x11, 0x03, 0x11,
    0x03, 0x11, 0x03, 0x11, 0x03, 0x11, 0x03, 0x11, 0x03, 0x11, 0x03, 0x11, 0x03, 0x11, 0x03, 0x11, 0x03, 0x11, 0x03, 0x11, 0x03, 0x11, 0x03, 0x11,
    0xce, 0x9e, 0xce, 0x9e, 0xce, 0x9e, 0xce, 0x9e, 0x03, 0x11, 0x03, 0x11, 0x03, 0x11, 0x03, 0x11, 0x03, 0x11, 0x03, 0x11, 0x03, 0x11, 0x03, 0x11,
    0x03, 0x11, 0x03, 0x11, 0x03, 0x11, 0x03, 0x11, 0x03, 0x11, 0x03, 0x11, 0x03, 0x11, 0x03, 0x11, 0x03, 0x11, 0x03, 0x11, 0x03, 0x11, 0x03, 0x11,
    0x03, 0x11, 0x03, 0x11, 0x03, 0x11, 0x03, 0x11, 0x03, 0x11, 0x03, 0x11, 0x03, 0x11, 0x03, 0x11, 0x03, 0x11, 0x03, 0x11, 0x03, 0x11, 0x03, 0x11,
    0x4b, 0xee, 0x4b, 0xee, 0x4b, 0xee, 0x4b, 0xee, 0x03, 0x11, 0x03, 0x11, 0x03, 0x11, 0x03, 0x11, 0x03, 0x11, 0x03, 0x11, 0xce, 0x9e, 0xce, 0x9e,
    0xce, 0x9e, 0xce, 0x9e, 0xce, 0x9e, 0xce, 0x9e, 0x03, 0x11, 0x03, 0x11, 0x03, 0x11, 0x03, 0x11, 0x03, 0x11, 0x03, 0x11, 0x03, 0x11, 0x03, 0x11,
    0x03, 0x11, 0x03, 0x11, 0x03, 0x11, 0x03, 0x11, 0x03, 0x11, 0x03, 0x11, 0x03, 0x11, 0x03, 0x11, 0x03, 0x11, 0x03, 0x11, 0x03, 0x11, 0x03, 0x11,
    0x03, 0x11, 0x03, 0x11, 0x03, 0x11, 0x03, 0x11, 0x03, 0x11, 0x03, 0x11, 0xce, 0x9e, 0xce, 0x9e, 0xce, 0x9e, 0xce, 0x9e, 0xce, 0x9e, 0xce, 0x9e,
    0x03, 0x11, 0x03, 0x11, 0x03, 0x11, 0x03, 0x11, 0x03, 0x11, 0x03, 0x11, 0x03, 0x11, 0x03, 0x11, 0x03, 0x11, 0x03, 0x11, 0x03, 0x11, 0x03, 0x11,
    0x03, 0x11, 0x03, 0x11, 0x03, 0x11, 0x03, 0x11, 0x03, 0x11, 0x03, 0x11, 0x03, 0x11, 0x03, 0x11, 0x03, 0x11, 0x03, 0x11, 0x03, 0x11, 0x03, 0x11,
    0x03, 0x11, 0x03, 0x11, 0x03, 0x11, 0x03, 0x11, 0x03, 0x11, 0x03, 0x11, 0x03, 0x11, 0x03, 0x11, 0x4b, 0xee, 0x4b, 0xee, 0x4b, 0xee, 0x4b, 0xee,
    0x03, 0x11, 0x03, 0x11, 0x03, 0x11, 0x03, 0x11, 0x03, 0x11, 0x03, 0x11, 0xce, 0x9e, 0xce, 0x9e, 0xce, 0x9e, 0xce, 0x9e, 0xce, 0x9e, 0xce, 0x9e,
    0x03, 0x11, 0x03, 0x11, 0x03, 0x11, 0x03, 0x11, 0x03, 0x11, 0x03, 0x11, 0x03, 0x11, 0x03, 0x11, 0x03, 0x11, 0x03, 0x11, 0x03, 0x11, 0x03, 0x11,
    0x03, 0x11, 0x03, 0x11, 0x03, 0x11, 0x03, 0x11, 0x03, 0x11, 0x03, 0x11, 0x03, 0x11, 0x03, 0x11, 0x03, 0x11, 0x03, 0x11, 0x03, 0x11, 0x03, 0x11,
    0x03, 0x11, 0x03, 0x11, 0xce, 0x9e, 0xce, 0x9e, 0xce, 0x9e, 0xce, 0x9e, 0xce, 0x9e, 0xce, 0x9e, 0x03, 0x11, 0x03, 0x11, 0x03, 0x11, 0x03, 0x11,
    0x03, 0x11, 0x03, 0x11, 0x03, 0x11, 0x03, 0x11, 0x03, 0x11, 0x03, 0x11, 0x03, 0x11, 0x03, 0x11, 0x03, 0x11, 0x03, 0x11, 0x03, 0x11, 0x03, 0x11,
    0x03, 0x11, 0x03, 0x11, 0x03, 0x11, 0x03, 0x11, 0x03, 0x11, 0x03, 0x11, 0x03, 0x11, 0x03, 0x11, 0x03, 0x11, 0x03, 0x11, 0x4b, 0xee, 0x4b, 0xee,
    0x4b, 0xee, 0x4b, 0xee, 0x03, 0x11, 0x03, 0x11, 0x4b, 0xee, 0x4b, 0xee, 0x4b, 0xee, 0x4b, 0xee, 0x03, 0x11, 0x03, 0x11, 0x03, 0x11, 0x03, 0x11,
    0x03, 0x11, 0x03, 0x11, 0xce, 0x9e, 0xce, 0x9e, 0xce, 0x9e, 0xce, 0x9e, 0xce, 0x9e, 0xce, 0x9e, 0xce, 0x9e, 0xce, 0x9e, 0x03, 0x11, 0x03, 0x11,
    0x03, 0x11, 0x03, 0x11, 0x03, 0x11, 0x03, 0x11, 0x03, 0x11, 0x03, 0x11, 0x03, 0x11, 0x03, 0x11, 0x03, 0x11, 0x03, 0x11, 0x03, 0x11, 0x03, 0x11,
    0x03, 0x11, 0x03, 0x11, 0x03, 0x11, 0x03, 0x11, 0x03, 0x11, 0x03, 0x11, 0xce, 0x9e, 0xce, 0x9e, 0xce, 0x9e, 0xce, 0x9e, 0xce, 0x9e, 0xce, 0x9e,
    0xce, 0x9e, 0xce, 0x9e, 0xce, 0x9e, 0xce, 0x9e, 0x03, 0x11, 0x03, 0x11, 0x03, 0x11, 0x03, 0x11, 0x03, 0x11, 0x03, 0x11, 0x03, 0x11, 0x03, 0x11,
    0x03, 0x11, 0x03, 0x11, 0x03, 0x11, 0x03, 0x11, 0x03, 0x11, 0x03, 0x11, 0x03, 0x11, 0x03, 0x11, 0x03, 0x11, 0x03, 0x11, 0x03, 0x11, 0x03, 0x11,
    0x03, 0x11, 0x03, 0x11, 0x03, 0x11, 0x03, 0x11, 0x03, 0x11, 0x03, 0x11, 0x4b, 0xee, 0x4b, 0xee, 0x4b, 0xee, 0x4b, 0xee, 0x03, 0x11, 0x03, 0x11,
    0x4b, 0xee, 0x4b, 0xee, 0x4b, 0xee, 0x4b, 0xee, 0x03, 0x11, 0x03, 0x11, 0x03, 0x11, 0x03, 0x11, 0x03, 0x11, 0x03, 0x11, 0xce, 0x9e, 0xce, 0x9e,
    0xce, 0x9e, 0xce, 0x9e, 0xce, 0x9e, 0xce, 0x9e, 0xce, 0x9e, 0xce, 0x9e, 0x03, 0x11, 0x03, 0x11, 0x03, 0x11, 0x03, 0x11, 0x03, 0x11, 0x03, 0x11,
    0x03, 0x11, 0x03, 0x11, 0x03, 0x11, 0x03, 0x11, 0x03, 0x11, 0x03, 0x11, 0x03, 0x11, 0x03, 0x11, 0x03, 0x11, 0x03, 0x11, 0x03, 0x11, 0x03, 0x11,
    0x03, 0x11, 0x03, 0x11, 0xce, 0x9e, 0xce, 0x9e, 0xce, 0x9e, 0xce, 0x9e, 0xce, 0x9e, 0xce, 0x9e, 0xce, 0x9e, 0xce, 0x9e, 0xce, 0x9e, 0xce, 0x9e,
    0x03, 0x11, 0x03, 0x11, 0x03, 0x11, 0x03, 0x11, 0x03, 0x11, 0x03, 0x11, 0x03, 0x11, 0x03, 0x11, 0x03, 0x11, 0x03, 0x11, 0x03, 0x11, 0x03, 0x11,
    0x03, 0x11, 0x03, 0x11, 0x03, 0x11, 0x03, 0x11, 0x03, 0x11, 0x03, 0x11, 0x03, 0x11, 0x03, 0x11, 0x03, 0x11, 0x03, 0x11, 0x03, 0x11, 0x03, 0x11,
    0x03, 0x11, 0x03, 0x11, 0x4b, 0xee, 0x4b, 0xee, 0x4b, 0xee, 0x4b, 0xee, 0xce, 0x9e, 0xce, 0x9e, 0x4b, 0xee, 0x4b, 0xee, 0x4b, 0xee, 0x4b, 0xee,
    0xce, 0x9e, 0xce, 0x9e, 0xce, 0x9e, 0xce, 0x9e, 0xce, 0x9e, 0xce, 0x9e, 0x6b, 0x55, 0x6b, 0x55, 0xce, 0x9e, 0xce, 0x9e, 0xce, 0x9e, 0xce, 0x9e,
    0xce, 0x9e, 0xce, 0x9e, 0xce, 0x9e, 0xce, 0x9e, 0xce, 0x9e, 0xce, 0x9e, 0x6b, 0x55, 0x6b, 0x55, 0x6b, 0x55, 0x6b, 0x55, 0x6b, 0x55, 0x6b, 0x55,
    0x6b, 0x55, 0x6b, 0x55, 0x6b, 0x55, 0x6b, 0x55, 0x6b, 0x55, 0x6b, 0x55, 0x6b, 0x55, 0x6b, 0x55, 0xce, 0x9e, 0xce, 0x9e, 0xce, 0x9e, 0xce, 0x9e,
    0xce, 0x9e, 0xce, 0x9e, 0xce, 0x9e, 0xce, 0x9e, 0xce, 0x9e, 0xce, 0x9e, 0x03, 0x11, 0x03, 0x11, 0x03, 0x11, 0x03, 0x11, 0x03, 0x11, 0x03, 0x11,
    0x03, 0x11, 0x03, 0x11, 0x03, 0x11, 0x03, 0x11, 0x03, 0x11, 0x03, 0x11, 0x03, 0x11, 0x03, 0x11, 0x03, 0x11, 0x03, 0x11, 0x03, 0x11, 0x03, 0x11,
    0x03, 0x11, 0x03, 0x11, 0x03, 0x11, 0x03, 0x11, 0x03, 0x11, 0x03, 0x11, 0x03, 0x11, 0x03, 0x11, 0x03, 0x11, 0x03, 0x11, 0x4b, 0xee, 0x4b, 0xee,
    0x4b, 0xee, 0x4b, 0xee, 0xce, 0x9e, 0xce, 0x9e, 0x4b, 0xee, 0x4b, 0xee, 0x4b, 0xee, 0x4b, 0xee, 0xce, 0x9e, 0xce, 0x9e, 0xce, 0x9e, 0xce, 0x9e,
    0xce, 0x9e, 0xce, 0x9e, 0x6b, 0x55, 0x6b, 0x55, 0xce, 0x9e, 0xce, 0x9e, 0xce, 0x9e, 0xce, 0x9e, 0xce, 0x9e, 0xce, 0x9e, 0xce, 0x9e, 0xce, 0x9e,
    0xce, 0x9e, 0xce, 0x9e, 0x6b, 0x55, 0x6b, 0x55, 0x6b, 0x55, 0x6b, 0x55, 0x6b, 0x55, 0x6b, 0x55, 0x6b, 0x55, 0x6b, 0x55, 0x6b, 0x55, 0x6b, 0x55,
    0x6b, 0x55, 0x6b, 0x55, 0x6b, 0x55, 0x6b, 0x55, 0xce, 0x9e, 0xce, 0x9e, 0xce, 0x9e, 0xce, 0x9e, 0xce, 0x9e, 0xce, 0x9e, 0xce, 0x9e, 0xce, 0x9e,
    0xce, 0x9e, 0xce, 0x9e, 0x03, 0x11, 0x03, 0x11, 0x03, 0x11, 0x03, 0x11, 0x03, 0x11, 0x03, 0x11, 0x03, 0x11, 0x03, 0x11, 0x03, 0x11, 0x03, 0x11,
    0x03, 0x11, 0x03, 0x11, 0x03, 0x11, 0x03, 0x11, 0x03, 0x11, 0x03, 0x11, 0x03, 0x11, 0x03, 0x11, 0x03, 0x11, 0x03, 0x11, 0x03, 0x11, 0x03, 0x11,
    0x03, 0x11, 0x03, 0x11, 0x03, 0x11, 0x03, 0x11, 0x03, 0x11, 0x03, 0x11, 0x4b, 0xee, 0x4b, 0xee, 0x4b, 0xee, 0x4b, 0xee, 0xce, 0x9e, 0xce, 0x9e,
    0xce, 0x9e, 0xce, 0x9e, 0xce, 0x9e, 0xce, 0x9e, 0xce, 0x9e, 0xce, 0x9e, 0xce, 0x9e, 0xce, 0x9e, 0xce, 0x9e, 0xce, 0x9e, 0x6b, 0x55, 0x6b, 0x55,
    0xce, 0x9e, 0xce, 0x9e, 0x6b, 0x55, 0x6b, 0x55, 0x6b, 0x55, 0x6b, 0x55, 0x6b, 0x55, 0x6b, 0x55, 0x6b, 0x55, 0x6b, 0x55, 0x6b, 0x55, 0x6b, 0x55,
    0x6b, 0x55, 0x6b, 0x55, 0x6b, 0x55, 0x6b, 0x55, 0x6b, 0x55, 0x6b, 0x55, 0x6b, 0x55, 0x6b, 0x55, 0x6b, 0x55, 0x6b, 0x55, 0x6b, 0x55, 0x6b, 0x55,
    0x6b, 0x55, 0x6b, 0x55, 0xce, 0x9e, 0xce, 0x9e, 0xce, 0x9e, 0xce, 0x9e, 0xce, 0x9e, 0xce, 0x9e, 0xce, 0x9e, 0xce, 0x9e, 0x27, 0x2b, 0x27, 0x2b,
    0x03, 0x11, 0x03, 0x11, 0x03, 0x11, 0x03, 0x11, 0x03, 0x11, 0x03, 0x11, 0x03, 0x11, 0x03, 0x11, 0x03, 0x11, 0x03, 0x11, 0x03, 0x11, 0x03, 0x11,
    0x03, 0x11, 0x03, 0x11, 0x03, 0x11, 0x03, 0x11, 0x03, 0x11, 0x03, 0x11, 0x03, 0x11, 0x03, 0x11, 0x03, 0x11, 0x03, 0x11, 0x03, 0x11, 0x03, 0x11,
    0x03, 0x11, 0x03, 0x11, 0x4b, 0xee, 0x4b, 0xee, 0x4b, 0xee, 0x4b, 0xee, 0xce, 0x9e, 0xce, 0x9e, 0xce, 0x9e, 0xce, 0x9e, 0xce, 0x9e, 0xce, 0x9e,
    0xce, 0x9e, 0xce, 0x9e, 0xce, 0x9e, 0xce, 0x9e, 0xce, 0x9e, 0xce, 0x9e, 0x6b, 0x55, 0x6b, 0x55, 0xce, 0x9e, 0xce, 0x9e, 0x6b, 0x55, 0x6b, 0x55,
    0x6b, 0x55, 0x6b, 0x55, 0x6b, 0x55, 0x6b, 0x55, 0x6b, 0x55, 0x6b, 0x55, 0x6b, 0x55, 0x6b, 0x55, 0x6b, 0x55, 0x6b, 0x55, 0x6b, 0x55, 0x6b, 0x55,
    0x6b, 0x55, 0x6b, 0x55, 0x6b, 0x55, 0x6b, 0x55, 0x6b, 0x55, 0x6b, 0x55, 0x6b, 0x55, 0x6b, 0x55, 0x6b, 0x55, 0x6b, 0x55, 0xce, 0x9e, 0xce, 0x9e,
    0xce, 0x9e, 0xce, 0x9e, 0xce, 0x9e, 0xce, 0x9e, 0xce, 0x9e, 0xce, 0x9e, 0x27, 0x2b, 0x27, 0x2b, 0x03, 0x11, 0x03, 0x11, 0x03, 0x11, 0x03, 0x11,
    0x03, 0x11, 0x03, 0x11, 0x03, 0x11, 0x03, 0x11, 0x03, 0x11, 0x03, 0x11, 0x03, 0x11, 0x03, 0x11, 0x03, 0x11, 0x03, 0x11, 0x03, 0x11, 0x03, 0x11,
    0x03, 0x11, 0x03, 0x11, 0x03, 0x11, 0x03, 0x11, 0x03, 0x11, 0x03, 0x11, 0x03, 0x11, 0x03, 0x11, 0x03, 0x11, 0x03, 0x11, 0x4b, 0xee, 0x4b, 0xee,
    0x4b, 0xee, 0x4b, 0xee, 0xce, 0x9e, 0xce, 0x9e, 0xce, 0x9e, 0xce, 0x9e, 0xce, 0x9e, 0xce, 0x9e, 0xce, 0x9e, 0xce, 0x9e, 0xce, 0x9e, 0xce, 0x9e,
    0xce, 0x9e, 0xce, 0x9e, 0x6b, 0x55, 0x6b, 0x55, 0x6b, 0x55, 0x6b, 0x55, 0x6b, 0x55, 0x6b, 0x55, 0x6b, 0x55, 0x6b, 0x55, 0x6b, 0x55, 0x6b, 0x55,
    0x6b, 0x55, 0x6b, 0x55, 0x6b, 0x55, 0x6b, 0x55, 0x6b, 0x55, 0x6b, 0x55, 0x6b, 0x55, 0x6b, 0x55, 0x6b, 0x55, 0x6b, 0x55, 0x6b, 0x55, 0x6b, 0x55,
    0x6b, 0x55, 0x6b, 0x55, 0x6b, 0x55, 0x6b, 0x55, 0x6b, 0x55, 0x6b, 0x55, 0x6b, 0x55, 0x6b, 0x55, 0x6b, 0x55, 0x6b, 0x55, 0xce, 0x9e, 0xce, 0x9e,
    0xce, 0x9e, 0xce, 0x9e, 0x27, 0x2b, 0x27, 0x2b, 0x03, 0x11, 0x03, 0x11, 0x03, 0x11, 0x03, 0x11, 0x03, 0x11, 0x03, 0x11, 0x03, 0x11, 0x03, 0x11,
    0x03, 0x11, 0x03, 0x11, 0x03, 0x11, 0x03, 0x11, 0x03, 0x11, 0x03, 0x11, 0x03, 0x11, 0x03, 0x11, 0x03, 0x11, 0x03, 0x11, 0x03, 0x11, 0x03, 0x11,
    0x03, 0x11, 0x03, 0x11, 0x03, 0x11, 0x03, 0x11, 0x03, 0x11, 0x03, 0x11, 0x4b, 0xee, 0x4b, 0xee, 0x4b, 0xee, 0x4b, 0xee, 0xce, 0x9e, 0xce, 0x9e,
    0xce, 0x9e, 0xce, 0x9e, 0xce, 0x9e, 0xce, 0x9e, 0xce, 0x9e, 0xce, 0x9e, 0xce, 0x9e, 0xce, 0x9e, 0xce, 0x9e, 0xce, 0x9e, 0x6b, 0x55, 0x6b, 0x55,
    0x6b, 0x55, 0x6b, 0x55, 0x6b, 0x55, 0x6b, 0x55, 0x6b, 0x55, 0x6b, 0x55, 0x6b, 0x55, 0x6b, 0x55, 0x6b, 0x55, 0x6b, 0x55, 0x6b, 0x55, 0x6b, 0x55,
    0x6b, 0x55, 0x6b, 0x55, 0x6b, 0x55, 0x6b, 0x55, 0x6b, 0x55, 0x6b, 0x55, 0x6b, 0x55, 0x6b, 0x55, 0x6b, 0x55, 0x6b, 0x55, 0x6b, 0x55, 0x6b, 0x55,
    0x6b, 0x55, 0x6b, 0x55, 0x6b, 0x55, 0x6b, 0x55, 0x6b, 0x55, 0x6b, 0x55, 0xce, 0x9e, 0xce, 0x9e, 0xce, 0x9e, 0xce, 0x9e, 0x27, 0x2b, 0x27, 0x2b,
    0x03, 0x11, 0x03, 0x11, 0x03, 0x11, 0x03, 0x11, 0x03, 0x11, 0x03, 0x11, 0x03, 0x11, 0x03, 0x11, 0x03, 0x11, 0x03, 0x11, 0x03, 0x11, 0x03, 0x11,
    0x03, 0x11, 0x03, 0x11, 0x03, 0x11, 0x03, 0x11, 0x03, 0x11, 0x03, 0x11, 0x03, 0x11, 0x03, 0x11, 0x03, 0x11, 0x03, 0x11, 0x03, 0x11, 0x03, 0x11,
    0x03, 0x11, 0x03, 0x11, 0x03, 0x11, 0x03, 0x11, 0x03, 0x11, 0x03, 0x11, 0x6b, 0x55, 0x6b, 0x55, 0x6b, 0x55, 0x6b, 0x55, 0x6b, 0x55, 0x6b, 0x55,
    0xce, 0x9e, 0xce, 0x9e, 0xce, 0x9e, 0xce, 0x9e, 0xce, 0x9e, 0xce, 0x9e, 0x6b, 0x55, 0x6b, 0x55, 0x6b, 0x55, 0x6b, 0x55, 0x6b, 0x55, 0x6b, 0x55,
    0x6b, 0x55, 0x6b, 0x55, 0x6b, 0x55, 0x6b, 0x55, 0x6b, 0x55, 0x6b, 0x55, 0x6b, 0x55, 0x6b, 0x55, 0x6b, 0x55, 0x6b, 0x55, 0x6b, 0x55, 0x6b, 0x55,
    0x6b, 0x55, 0x6b, 0x55, 0x6b, 0x55, 0x6b, 0x55, 0x6b, 0x55, 0x6b, 0x55, 0x6b, 0x55, 0x6b, 0x55, 0x6b, 0x55, 0x6b, 0x55, 0x6b, 0x55, 0x6b, 0x55,
    0x6b, 0x55, 0x6b, 0x55, 0x6b, 0x55, 0x6b, 0x55, 0xce, 0x9e, 0xce, 0x9e, 0x27, 0x2b, 0x27, 0x2b, 0x03, 0x11, 0x03, 0x11, 0x03, 0x11, 0x03, 0x11,
    0x03, 0x11, 0x03, 0x11, 0x03, 0x11, 0x03, 0x11, 0x03, 0x11, 0x03, 0x11, 0x03, 0x11, 0x03, 0x11, 0x03, 0x11, 0x03, 0x11, 0x03, 0x11, 0x03, 0x11,
    0x03, 0x11, 0x03, 0x11, 0x03, 0x11, 0x03, 0x11, 0x03, 0x11, 0x03, 0x11, 0x03, 0x11, 0x03, 0x11, 0x03, 0x11, 0x03, 0x11, 0x03, 0x11, 0x03, 0x11,
    0x03, 0x11, 0x03, 0x11, 0x6b, 0x55, 0x6b, 0x55, 0x6b, 0x55, 0x6b, 0x55, 0x6b, 0x55, 0x6b, 0x55, 0xce, 0x9e, 0xce, 0x9e, 0xce, 0x9e, 0xce, 0x9e,
    0xce, 0x9e, 0xce, 0x9e, 0x6b, 0x55, 0x6b, 0x55, 0x6b, 0x55, 0x6b, 0x55, 0x6b, 0x55, 0x6b, 0x55, 0x6b, 0x55, 0x6b, 0x55, 0x6b, 0x55, 0x6b, 0x55,
    0x6b, 0x55, 0x6b, 0x55, 0x6b, 0x55, 0x6b, 0x55, 0x6b, 0x55, 0x6b, 0x55, 0x6b, 0x55, 0x6b, 0x55, 0x6b, 0x55, 0x6b, 0x55, 0x6b, 0x55, 0x6b, 0x55,
    0x6b, 0x55, 0x6b, 0x55, 0x6b, 0x55, 0x6b, 0x55, 0x6b, 0x55, 0x6b, 0x55, 0x6b, 0x55, 0x6b, 0x55, 0x6b, 0x55, 0x6b, 0x55, 0x6b, 0x55, 0x6b, 0x55,
    0xce, 0x9e, 0xce, 0x9e, 0x27, 0x2b, 0x27, 0x2b, 0x03, 0x11, 0x03, 0x11, 0x03, 0x11, 0x03, 0x11, 0x03, 0x11, 0x03, 0x11, 0x03, 0x11, 0x03, 0x11,
    0x03, 0x11, 0x03, 0x11, 0x03, 0x11, 0x03, 0x11, 0x03, 0x11, 0x03, 0x11, 0x03, 0x11, 0x03, 0x11, 0x03, 0x11, 0x03, 0x11, 0x03, 0x11, 0x03, 0x11,
    0x03, 0x11, 0x03, 0x11, 0x03, 0x11, 0x03, 0x11, 0x03, 0x11, 0x03, 0x11, 0x03, 0x11, 0x03, 0x11, 0x03, 0x11, 0x03, 0x11, 0x6b, 0x55, 0x6b, 0x55,
    0x6b, 0x55, 0x6b, 0x55, 0x6b, 0x55, 0x6b, 0x55, 0xce, 0x9e, 0xce, 0x9e, 0xce, 0x9e, 0xce, 0x9e, 0xce, 0x9e, 0xce, 0x9e, 0x6b, 0x55, 0x6b, 0x55,
    0x6b, 0x55, 0x6b, 0x55, 0x6b, 0x55, 0x6b, 0x55, 0x6b, 0x55, 0x6b, 0x55, 0x6b, 0x55, 0x6b, 0x55, 0x6b, 0x55, 0x6b, 0x55, 0x6b, 0x55, 0x6b, 0x55,
    0x6b, 0x55, 0x6b, 0x55, 0x6b, 0x55, 0x6b, 0x55, 0x6b, 0x55, 0x6b, 0x55, 0x6b, 0x55, 0x6b, 0x55, 0x6b, 0x55, 0x6b, 0x55, 0x6b, 0x55, 0x6b, 0x55,
    0x6b, 0x55, 0x6b, 0x55, 0x6b, 0x55, 0x6b, 0x55, 0x6b, 0x55, 0x6b, 0x55, 0x6b, 0x55, 0x6b, 0x55, 0x27, 0x2b, 0x27, 0x2b, 0x27, 0x2b, 0x27, 0x2b,
    0x03, 0x11, 0x03, 0x11, 0x03, 0x11, 0x03, 0x11, 0x03, 0x11, 0x03, 0x11, 0x03, 0x11, 0x03, 0x11, 0x03, 0x11, 0x03, 0x11, 0x03, 0x11, 0x03, 0x11,
    0x03, 0x11, 0x03, 0x11, 0x03, 0x11, 0x03, 0x11, 0x03, 0x11, 0x03, 0x11, 0x03, 0x11, 0x03, 0x11, 0x03, 0x11, 0x03, 0x11, 0x03, 0x11, 0x03, 0x11,
    0x03, 0x11, 0x03, 0x11, 0x03, 0x11, 0x03, 0x11, 0x03, 0x11, 0x03, 0x11, 0x6b, 0x55, 0x6b, 0x55, 0x6b, 0x55, 0x6b, 0x55, 0x6b, 0x55, 0x6b, 0x55,
    0xce, 0x9e, 0xce, 0x9e, 0xce, 0x9e, 0xce, 0x9e, 0xce, 0x9e, 0xce, 0x9e, 0x6b, 0x55, 0x6b, 0x55, 0x6b, 0x55, 0x6b, 0x55, 0x6b, 0x55, 0x6b, 0x55,
    0x6b, 0x55, 0x6b, 0x55, 0x6b, 0x55, 0x6b, 0x55, 0x6b, 0x55, 0x6b, 0x55, 0x6b, 0x55, 0x6b, 0x55, 0x6b, 0x55, 0x6b, 0x55, 0x6b, 0x55, 0x6b, 0x55,
    0x6b, 0x55, 0x6b, 0x55, 0x6b, 0x55, 0x6b, 0x55, 0x6b, 0x55, 0x6b, 0x55, 0x6b, 0x55, 0x6b, 0x55, 0x6b, 0x55, 0x6b, 0x55, 0x6b, 0x55, 0x6b, 0x55,
    0x6b, 0x55, 0x6b, 0x55, 0x6b, 0x55, 0x6b, 0x55, 0x27, 0x2b, 0x27, 0x2b, 0x27, 0x2b, 0x27, 0x2b, 0x03, 0x11, 0x03, 0x11, 0x03, 0x11, 0x03, 0x11,
    0x03, 0x11, 0x03, 0x11, 0x03, 0x11, 0x03, 0x11, 0x03, 0x11, 0x03, 0x11, 0x03, 0x11, 0x03, 0x11, 0x03, 0x11, 0x03, 0x11, 0x03, 0x11, 0x03, 0x11,
    0x03, 0x11, 0x03, 0x11, 0x03, 0x11, 0x03, 0x11, 0x03, 0x11, 0x03, 0x11, 0x03, 0x11, 0x03, 0x11, 0x03, 0x11, 0x03, 0x11, 0x03, 0x11, 0x03, 0x11,
    0x03, 0x11, 0x03, 0x11, 0x6b, 0x55, 0x6b, 0x55, 0x6b, 0x55, 0x6b, 0x55, 0x6b, 0x55, 0x6b, 0x55, 0x03, 0x11, 0x03, 0x11, 0x27, 0x2b, 0x27, 0x2b,
    0x27, 0x2b, 0x27, 0x2b, 0x6b, 0x55, 0x6b, 0x55, 0x6b, 0x55, 0x6b, 0x55, 0x6b, 0x55, 0x6b, 0x55, 0x6b, 0x55, 0x6b, 0x55, 0xc2, 0x10, 0xc2, 0x10,
    0xc2, 0x10, 0xc2, 0x10, 0xc2, 0x10, 0xc2, 0x10, 0x6b, 0x55, 0x6b, 0x55, 0x6b, 0x55, 0x6b, 0x55, 0x6b, 0x55, 0x6b, 0x55, 0x6b, 0x55, 0x6b, 0x55,
    0x6b, 0x55, 0x6b, 0x55, 0x6b, 0x55, 0x6b, 0x55, 0xc2, 0x10, 0xc2, 0x10, 0xc2, 0x10, 0xc2, 0x10, 0xc2, 0x10, 0xc2, 0x10, 0x6b, 0x55, 0x6b, 0x55,
    0x27, 0x2b, 0x27, 0x2b, 0x27, 0x2b, 0x27, 0x2b, 0x03, 0x11, 0x03, 0x11, 0x03, 0x11, 0x03, 0x11, 0x03, 0x11, 0x03, 0x11, 0x03, 0x11, 0x03, 0x11,
    0x03, 0x11, 0x03, 0x11, 0x03, 0x11, 0x03, 0x11, 0x03, 0x11, 0x03, 0x11, 0x03, 0x11, 0x03, 0x11, 0x03, 0x11, 0x03, 0x11, 0x03, 0x11, 0x03, 0x11,
    0x03, 0x11, 0x03, 0x11, 0x03, 0x11, 0x03, 0x11, 0x03, 0x11, 0x03, 0x11, 0x03, 0x11, 0x03, 0x11, 0x03, 0x11, 0x03, 0x11, 0x6b, 0x55, 0x6b, 0x55,
    0x6b, 0x55, 0x6b, 0x55, 0x6b, 0x55, 0x6b, 0x55, 0x03, 0x11, 0x03, 0x11, 0x27, 0x2b, 0x27, 0x2b, 0x27, 0x2b, 0x27, 0x2b, 0x6b, 0x55, 0x6b, 0x55,
    0x6b, 0x55, 0x6b, 0x55, 0x6b, 0x55, 0x6b, 0x55, 0x6b, 0x55, 0x6b, 0x55, 0xc2, 0x10, 0xc2, 0x10, 0xc2, 0x10, 0xc2, 0x10, 0xc2, 0x10, 0xc2, 0x10,
    0x6b, 0x55, 0x6b, 0x55, 0x6b, 0x55, 0x6b, 0x55, 0x6b, 0x55, 0x6b, 0x55, 0x6b, 0x55, 0x6b, 0x55, 0x6b, 0x55, 0x6b, 0x55, 0x6b, 0x55, 0x6b, 0x55,
    0xc2, 0x10, 0xc2, 0x10, 0xc2, 0x10, 0xc2, 0x10, 0xc2, 0x10, 0xc2, 0x10, 0x6b, 0x55, 0x6b, 0x55, 0x27, 0x2b, 0x27, 0x2b, 0x27, 0x2b, 0x27, 0x2b,
    0x03, 0x11, 0x03, 0x11, 0x03, 0x11, 0x03, 0x11, 0x03, 0x11, 0x03, 0x11, 0x03, 0x11, 0x03, 0x11, 0x03, 0x11, 0x03, 0x11, 0x03, 0x11, 0x03, 0x11,
    0x03, 0x11, 0x03, 0x11, 0x03, 0x11, 0x03, 0x11, 0x03, 0x11, 0x03, 0x11, 0x03, 0x11, 0x03, 0x11, 0x03, 0x11, 0x03, 0x11, 0x03, 0x11, 0x03, 0x11,
    0x03, 0x11, 0x03, 0x11, 0x03, 0x11, 0x03, 0x11, 0x03, 0x11, 0x03, 0x11, 0x6b, 0x55, 0x6b, 0x55, 0x6b, 0x55, 0x6b, 0x55, 0x6b, 0x55, 0x6b, 0x55,
    0x03, 0x11, 0x03, 0x11, 0x27, 0x2b, 0x27, 0x2b, 0x27, 0x2b, 0x27, 0x2b, 0x6b, 0x55, 0x6b, 0x55, 0x6b, 0x55, 0x6b, 0x55, 0x6b, 0x55, 0x6b, 0x55,
    0x6b, 0x55, 0x6b, 0x55, 0xc2, 0x10, 0xc2, 0x10, 0xc2, 0x10, 0xc2, 0x10, 0xc2, 0x10, 0xc2, 0x10, 0x6b, 0x55, 0x6b, 0x55, 0x6b, 0x55, 0x6b, 0x55,
    0x6b, 0x55, 0x6b, 0x55, 0x6b, 0x55, 0x6b, 0x55, 0x6b, 0x55, 0x6b, 0x55, 0x6b, 0x55, 0x6b, 0x55, 0xc2, 0x10, 0xc2, 0x10, 0xc2, 0x10, 0xc2, 0x10,
    0xc2, 0x10, 0xc2, 0x10, 0x6b, 0x55, 0x6b, 0x55, 0x27, 0x2b, 0x27, 0x2b, 0x27, 0x2b, 0x27, 0x2b, 0x03, 0x11, 0x03, 0x11, 0x03, 0x11, 0x03, 0x11,
    0x03, 0x11, 0x03, 0x11, 0x03, 0x11, 0x03, 0x11, 0x03, 0x11, 0x03, 0x11, 0x03, 0x11, 0x03, 0x11, 0x03, 0x11, 0x03, 0x11, 0x03, 0x11, 0x03, 0x11,
    0x03, 0x11, 0x03, 0x11, 0x03, 0x11, 0x03, 0x11, 0x03, 0x11, 0x03, 0x11, 0x03, 0x11, 0x03, 0x11, 0x03, 0x11, 0x03, 0x11, 0x03, 0x11, 0x03, 0x11,
    0x03, 0x11, 0x03, 0x11, 0x6b, 0x55, 0x6b, 0x55, 0x6b, 0x55, 0x6b, 0x55, 0x6b, 0x55, 0x6b, 0x55, 0x03, 0x11, 0x03, 0x11, 0x27, 0x2b, 0x27, 0x2b,
    0x27, 0x2b, 0x27, 0x2b, 0x6b, 0x55, 0x6b, 0x55, 0x6b, 0x55, 0x6b, 0x55, 0x6b, 0x55, 0x6b, 0x55, 0x6b, 0x55, 0x6b, 0x55, 0xc2, 0x10, 0xc2, 0x10,
    0xc2, 0x10, 0xc2, 0x10, 0xc2, 0x10, 0xc2, 0x10, 0x6b, 0x55, 0x6b, 0x55, 0x6b, 0x55, 0x6b, 0x55, 0x6b, 0x55, 0x6b, 0x55, 0x6b, 0x55, 0x6b, 0x55,
    0x6b, 0x55, 0x6b, 0x55, 0x6b, 0x55, 0x6b, 0x55, 0xc2, 0x10, 0xc2, 0x10, 0xc2, 0x10, 0xc2, 0x10, 0xc2, 0x10, 0xc2, 0x10, 0x6b, 0x55, 0x6b, 0x55,
    0x27, 0x2b, 0x27, 0x2b, 0x27, 0x2b, 0x27, 0x2b, 0x03, 0x11, 0x03, 0x11, 0x03, 0x11, 0x03, 0x11, 0x03, 0x11, 0x03, 0x11, 0x03, 0x11, 0x03, 0x11,
    0x03, 0x11, 0x03, 0x11, 0x03, 0x11, 0x03, 0x11, 0x03, 0x11, 0x03, 0x11, 0x03, 0x11, 0x03, 0x11, 0x03, 0x11, 0x03, 0x11, 0x03, 0x11, 0x03, 0x11,
    0x03, 0x11, 0x03, 0x11, 0x03, 0x11, 0x03, 0x11, 0x03, 0x11, 0x03, 0x11, 0x03, 0x11, 0x03, 0x11, 0x03, 0x11, 0x03, 0x11, 0x6b, 0x55, 0x6b, 0x55,
    0x6b, 0x55, 0x6b, 0x55, 0x6b, 0x55, 0x6b, 0x55, 0x03, 0x11, 0x03, 0x11, 0x27, 0x2b, 0x27, 0x2b, 0x27, 0x2b, 0x27, 0x2b, 0x6b, 0x55, 0x6b, 0x55,
    0x6b, 0x55, 0x6b, 0x55, 0x6b, 0x55, 0x6b, 0x55, 0x6b, 0x55, 0x6b, 0x55, 0xc2, 0x10, 0xc2, 0x10, 0xc2, 0x10, 0xc2, 0x10, 0xc2, 0x10, 0xc2, 0x10,
    0x6b, 0x55, 0x6b, 0x55, 0x6b, 0x55, 0x6b, 0x55, 0x6b, 0x55, 0x6b, 0x55, 0x6b, 0x55, 0x6b, 0x55, 0x6b, 0x55, 0x6b, 0x55, 0x6b, 0x55, 0x6b, 0x55,
    0xc2, 0x10, 0xc2, 0x10, 0xc2, 0x10, 0xc2, 0x10, 0xc2, 0x10, 0xc2, 0x10, 0x6b, 0x55, 0x6b, 0x55, 0x27, 0x2b, 0x27, 0x2b, 0x27, 0x2b, 0x27, 0x2b,
    0x03, 0x11, 0x03, 0x11, 0x03, 0x11, 0x03, 0x11, 0x03, 0x11, 0x03, 0x11, 0x03, 0x11, 0x03, 0x11, 0x03, 0x11, 0x03, 0x11, 0x03, 0x11, 0x03, 0x11,
    0x03, 0x11, 0x03, 0x11, 0x03, 0x11, 0x03, 0x11, 0x03, 0x11, 0x03, 0x11, 0x03, 0x11, 0x03, 0x11, 0x03, 0x11, 0x03, 0x11, 0x03, 0x11, 0x03, 0x11,
    0x03, 0x11, 0x03, 0x11, 0x03, 0x11, 0x03, 0x11, 0x03, 0x11, 0x03, 0x11, 0x6b, 0x55, 0x6b, 0x55, 0x6b, 0x55, 0x6b, 0x55, 0x6b, 0x55, 0x6b, 0x55,
    0x03, 0x11, 0x03, 0x11, 0x27, 0x2b, 0x27, 0x2b, 0x27, 0x2b, 0x27, 0x2b, 0x6b, 0x55, 0x6b, 0x55, 0x6b, 0x55, 0x6b, 0x55, 0x6b, 0x55, 0x6b, 0x55,
    0x6b, 0x55, 0x6b, 0x55, 0xc2, 0x10, 0xc2, 0x10, 0xc2, 0x10, 0xc2, 0x10, 0xc2, 0x10, 0xc2, 0x10, 0x6b, 0x55, 0x6b, 0x55, 0x6b, 0x55, 0x6b, 0x55,
    0x6b, 0x55, 0x6b, 0x55, 0x6b, 0x55, 0x6b, 0x55, 0x6b, 0x55, 0x6b, 0x55, 0x6b, 0x55, 0x6b, 0x55, 0xc2, 0x10, 0xc2, 0x10, 0xc2, 0x10, 0xc2, 0x10,
    0xc2, 0x10, 0xc2, 0x10, 0x6b, 0x55, 0x6b, 0x55, 0x27, 0x2b, 0x27, 0x2b, 0x27, 0x2b, 0x27, 0x2b, 0x03, 0x11, 0x03, 0x11, 0x03, 0x11, 0x03, 0x11,
    0x03, 0x11, 0x03, 0x11, 0x03, 0x11, 0x03, 0x11, 0x03, 0x11, 0x03, 0x11, 0x03, 0x11, 0x03, 0x11, 0x03, 0x11, 0x03, 0x11, 0x03, 0x11, 0x03, 0x11,
    0x03, 0x11, 0x03, 0x11, 0x03, 0x11, 0x03, 0x11, 0x03, 0x11, 0x03, 0x11, 0x03, 0x11, 0x03, 0x11, 0x03, 0x11, 0x03, 0x11, 0x03, 0x11, 0x03, 0x11,
    0x03, 0x11, 0x03, 0x11, 0x6b, 0x55, 0x6b, 0x55, 0x6b, 0x55, 0x6b, 0x55, 0x6b, 0x55, 0x6b, 0x55, 0x03, 0x11, 0x03, 0x11, 0x27, 0x2b, 0x27, 0x2b,
    0x27, 0x2b, 0x27, 0x2b, 0x6b, 0x55, 0x6b, 0x55, 0x6b, 0x55, 0x6b, 0x55, 0x6b, 0x55, 0x6b, 0x55, 0x6b, 0x55, 0x6b, 0x55, 0x6b, 0x55, 0x6b, 0x55,
    0x6b, 0x55, 0x6b, 0x55, 0x6b, 0x55, 0x6b, 0x55, 0x6b, 0x55, 0x6b, 0x55, 0x6b, 0x55, 0x6b, 0x55, 0x6b, 0x55, 0x6b, 0x55, 0x6b, 0x55, 0x6b, 0x55,
    0x6b, 0x55, 0x6b, 0x55, 0x6b, 0x55, 0x6b, 0x55, 0x6b, 0x55, 0x6b, 0x55, 0x6b, 0x55, 0x6b, 0x55, 0x6b, 0x55, 0x6b, 0x55, 0x6b, 0x55, 0x6b, 0x55,
    0x27, 0x2b, 0x27, 0x2b, 0x27, 0x2b, 0x27, 0x2b, 0x03, 0x11, 0x03, 0x11, 0x03, 0x11, 0x03, 0x11, 0x03, 0x11, 0x03, 0x11, 0x03, 0x11, 0x03, 0x11,
    0x03, 0x11, 0x03, 0x11, 0x03, 0x11, 0x03, 0x11, 0x03, 0x11, 0x03, 0x11, 0x03, 0x11, 0x03, 0x11, 0x03, 0x11, 0x03, 0x11, 0x03, 0x11, 0x03, 0x11,
    0x03, 0x11, 0x03, 0x11, 0x03, 0x11, 0x03, 0x11, 0x03, 0x11, 0x03, 0x11, 0x03, 0x11, 0x03, 0x11, 0x03, 0x11, 0x03, 0x11, 0x6b, 0x55, 0x6b, 0x55,
    0x6b, 0x55, 0x6b, 0x55, 0x6b, 0x55, 0x6b, 0x55, 0x03, 0x11, 0x03, 0x11, 0x27, 0x2b, 0x27, 0x2b, 0x27, 0x2b, 0x27, 0x2b, 0x6b, 0x55, 0x6b, 0x55,
    0x6b, 0x55, 0x6b, 0x55, 0x6b, 0x55, 0x6b, 0x55, 0x6b, 0x55, 0x6b, 0x55, 0x6b, 0x55, 0x6b, 0x55, 0x6b, 0x55, 0x6b, 0x55, 0x6b, 0x55, 0x6b, 0x55,
    0x6b, 0x55, 0x6b, 0x55, 0x6b, 0x55, 0x6b, 0x55, 0x6b, 0x55, 0x6b, 0x55, 0x6b, 0x55, 0x6b, 0x55, 0x6b, 0x55, 0x6b, 0x55, 0x6b, 0x55, 0x6b, 0x55,
    0x6b, 0x55, 0x6b, 0x55, 0x6b, 0x55, 0x6b, 0x55, 0x6b, 0x55, 0x6b, 0x55, 0x6b, 0x55, 0x6b, 0x55, 0x27, 0x2b, 0x27, 0x2b, 0x27, 0x2b, 0x27, 0x2b,
    0x03, 0x11, 0x03, 0x11, 0x03, 0x11, 0x03, 0x11, 0x03, 0x11, 0x03, 0x11, 0x03, 0x11, 0x03, 0x11, 0x03, 0x11, 0x03, 0x11, 0x03, 0x11, 0x03, 0x11,
    0x03, 0x11, 0x03, 0x11, 0x03, 0x11, 0x03, 0x11, 0x03, 0x11, 0x03, 0x11, 0x03, 0x11, 0x03, 0x11, 0x03, 0x11, 0x03, 0x11, 0x03, 0x11, 0x03, 0x11,
    0x03, 0x11, 0x03, 0x11, 0x03, 0x11, 0x03, 0x11, 0x03, 0x11, 0x03, 0x11, 0x6b, 0x55, 0x6b, 0x55, 0x6b, 0x55, 0x6b, 0x55, 0x6b, 0x55, 0x6b, 0x55,
    0x03, 0x11, 0x03, 0x11, 0x27, 0x2b, 0x27, 0x2b, 0x27, 0x2b, 0x27, 0x2b, 0x6b, 0x55, 0x6b, 0x55, 0x6b, 0x55, 0x6b, 0x55, 0x6b, 0x55, 0x6b, 0x55,
    0x6b, 0x55, 0x6b, 0x55, 0x6b, 0x55, 0x6b, 0x55, 0x6b, 0x55, 0x6b, 0x55, 0xce, 0x9e, 0xce, 0x9e, 0xce, 0x9e, 0xce, 0x9e, 0xce, 0x9e, 0xce, 0x9e,
    0xce, 0x9e, 0xce, 0x9e, 0xce, 0x9e, 0xce, 0x9e, 0xce, 0x9e, 0xce, 0x9e, 0xce, 0x9e, 0xce, 0x9e, 0xce, 0x9e, 0xce, 0x9e, 0xce, 0x9e, 0xce, 0x9e,
    0xce, 0x9e, 0xce, 0x9e, 0xce, 0x9e, 0xce, 0x9e, 0xce, 0x9e, 0xce, 0x9e, 0xce, 0x9e, 0xce, 0x9e, 0xce, 0x9e, 0xce, 0x9e, 0xce, 0x9e, 0xce, 0x9e,
    0x03, 0x11, 0x03, 0x11, 0x03, 0x11, 0x03, 0x11, 0x03, 0x11, 0x03, 0x11, 0x03, 0x11, 0x03, 0x11, 0x03, 0x11, 0x03, 0x11, 0x03, 0x11, 0x03, 0x11,
    0x03, 0x11, 0x03, 0x11, 0x03, 0x11, 0x03, 0x11, 0x03, 0x11, 0x03, 0x11, 0x03, 0x11, 0x03, 0x11, 0x03, 0x11, 0x03, 0x11, 0x03, 0x11, 0x03, 0x11,
    0x03, 0x11, 0x03, 0x11, 0x6b, 0x55, 0x6b, 0x55, 0x6b, 0x55, 0x6b, 0x55, 0x6b, 0x55, 0x6b, 0x55, 0x03, 0x11, 0x03, 0x11, 0x27, 0x2b, 0x27, 0x2b,
    0x27, 0x2b, 0x27, 0x2b, 0x6b, 0x55, 0x6b, 0x55, 0x6b, 0x55, 0x6b, 0x55, 0x6b, 0x55, 0x6b, 0x55, 0x6b, 0x55, 0x6b, 0x55, 0x6b, 0x55, 0x6b, 0x55,
    0x6b, 0x55, 0x6b, 0x55, 0xce, 0x9e, 0xce, 0x9e, 0xce, 0x9e, 0xce, 0x9e, 0xce, 0x9e, 0xce, 0x9e, 0xce, 0x9e, 0xce, 0x9e, 0xce, 0x9e, 0xce, 0x9e,
    0xce, 0x9e, 0xce, 0x9e, 0xce, 0x9e, 0xce, 0x9e, 0xce, 0x9e, 0xce, 0x9e, 0xce, 0x9e, 0xce, 0x9e, 0xce, 0x9e, 0xce, 0x9e, 0xce, 0x9e, 0xce, 0x9e,
    0xce, 0x9e, 0xce, 0x9e, 0xce, 0x9e, 0xce, 0x9e, 0xce, 0x9e, 0xce, 0x9e, 0xce, 0x9e, 0xce, 0x9e, 0x03, 0x11, 0x03, 0x11, 0x03, 0x11, 0x03, 0x11,
    0x03, 0x11, 0x03, 0x11, 0x03, 0x11, 0x03, 0x11, 0x03, 0x11, 0x03, 0x11, 0x03, 0x11, 0x03, 0x11, 0x03, 0x11, 0x03, 0x11, 0x03, 0x11, 0x03, 0x11,
    0x03, 0x11, 0x03, 0x11, 0x03, 0x11, 0x03, 0x11, 0x03, 0x11, 0x03, 0x11, 0x03, 0x11, 0x03, 0x11, 0x03, 0x11, 0x03, 0x11, 0x6b, 0x55, 0x6b, 0x55,
    0x6b, 0x55, 0x6b, 0x55, 0x6b, 0x55, 0x6b, 0x55, 0x27, 0x2b, 0x27, 0x2b, 0x27, 0x2b, 0x27, 0x2b, 0x27, 0x2b, 0x27, 0x2b, 0x27, 0x2b, 0x27, 0x2b,
    0x6b, 0x55, 0x6b, 0x55, 0x6b, 0x55, 0x6b, 0x55, 0x6b, 0x55, 0x6b, 0x55, 0x6b, 0x55, 0x6b, 0x55, 0x6b, 0x55, 0x6b, 0x55, 0xce, 0x9e, 0xce, 0x9e,
    0xce, 0x9e, 0xce, 0x9e, 0xce, 0x9e, 0xce, 0x9e, 0xce, 0x9e, 0xce, 0x9e, 0xce, 0x9e, 0xce, 0x9e, 0xce, 0x9e, 0xce, 0x9e, 0xce, 0x9e, 0xce, 0x9e,
    0xce, 0x9e, 0xce, 0x9e, 0xce, 0x9e, 0xce, 0x9e, 0xce, 0x9e, 0xce, 0x9e, 0xce, 0x9e, 0xce, 0x9e, 0xce, 0x9e, 0xce, 0x9e, 0xce, 0x9e, 0xce, 0x9e,
    0xce, 0x9e, 0xce, 0x9e, 0xce, 0x9e, 0xce, 0x9e, 0x03, 0x11, 0x03, 0x11, 0x03, 0x11, 0x03, 0x11, 0x03, 0x11, 0x03, 0x11, 0x03, 0x11, 0x03, 0x11,
    0x03, 0x11, 0x03, 0x11, 0x03, 0x11, 0x03, 0x11, 0x03, 0x11, 0x03, 0x11, 0x03, 0x11, 0x03, 0x11, 0x03, 0x11, 0x03, 0x11, 0x03, 0x11, 0x03, 0x11,
    0x03, 0x11, 0x03, 0x11, 0x03, 0x11, 0x03, 0x11, 0x03, 0x11, 0x03, 0x11, 0x6b, 0x55, 0x6b, 0x55, 0x6b, 0x55, 0x6b, 0x55, 0x6b, 0x55, 0x6b, 0x55,
    0x27, 0x2b, 0x27, 0x2b, 0x27, 0x2b, 0x27, 0x2b, 0x27, 0x2b, 0x27, 0x2b, 0x27, 0x2b, 0x27, 0x2b, 0x6b, 0x55, 0x6b, 0x55, 0x6b, 0x55, 0x6b, 0x55,
    0x6b, 0x55, 0x6b, 0x55, 0x6b, 0x55, 0x6b, 0x55, 0x6b, 0x55, 0x6b, 0x55, 0xce, 0x9e, 0xce, 0x9e, 0xce, 0x9e, 0xce, 0x9e, 0xce, 0x9e, 0xce, 0x9e,
    0xce, 0x9e, 0xce, 0x9e, 0xce, 0x9e, 0xce, 0x9e, 0xce, 0x9e, 0xce, 0x9e, 0xce, 0x9e, 0xce, 0x9e, 0xce, 0x9e, 0xce, 0x9e, 0xce, 0x9e, 0xce, 0x9e,
    0xce, 0x9e, 0xce, 0x9e, 0xce, 0x9e, 0xce, 0x9e, 0xce, 0x9e, 0xce, 0x9e, 0xce, 0x9e, 0xce, 0x9e, 0xce, 0x9e, 0xce, 0x9e, 0xce, 0x9e, 0xce, 0x9e,
    0x03, 0x11, 0x03, 0x11, 0x03, 0x11, 0x03, 0x11, 0x03, 0x11, 0x03, 0x11, 0x03, 0x11, 0x03, 0x11, 0x03, 0x11, 0x03, 0x11, 0x03, 0x11, 0x03, 0x11,
    0x03, 0x11, 0x03, 0x11, 0x03, 0x11, 0x03, 0x11, 0x03, 0x11, 0x03, 0x11, 0x03, 0x11, 0x03, 0x11, 0x03, 0x11, 0x03, 0x11, 0x03, 0x11, 0x03, 0x11,
    0x03, 0x11, 0x03, 0x11, 0x6b, 0x55, 0x6b, 0x55, 0x6b, 0x55, 0x6b, 0x55, 0x6b, 0x55, 0x6b, 0x55, 0x27, 0x2b, 0x27, 0x2b, 0x27, 0x2b, 0x27, 0x2b,
    0x27, 0x2b, 0x27, 0x2b, 0x27, 0x2b, 0x27, 0x2b, 0x6b, 0x55, 0x6b, 0x55, 0x6b, 0x55, 0x6b, 0x55, 0x6b, 0x55, 0x6b, 0x55, 0x6b, 0x55, 0x6b, 0x55,
    0x6b, 0x55, 0x6b, 0x55, 0xce, 0x9e, 0xce, 0x9e, 0xce, 0x9e, 0xce, 0x9e, 0xce, 0x9e, 0xce, 0x9e, 0xce, 0x9e, 0xce, 0x9e, 0xce, 0x9e, 0xce, 0x9e,
    0xce, 0x9e, 0xce, 0x9e, 0xce, 0x9e, 0xce, 0x9e, 0xce, 0x9e, 0xce, 0x9e, 0xce, 0x9e, 0xce, 0x9e, 0xce, 0x9e, 0xce, 0x9e, 0xce, 0x9e, 0xce, 0x9e,
    0xc2, 0x10, 0xc2, 0x10, 0xc2, 0x10, 0xc2, 0x10, 0xce, 0x9e, 0xce, 0x9e, 0xce, 0x9e, 0xce, 0x9e, 0xce, 0x9e, 0xce, 0x9e, 0x03, 0x11, 0x03, 0x11,
    0x03, 0x11, 0x03, 0x11, 0x03, 0x11, 0x03, 0x11, 0x03, 0x11, 0x03, 0x11, 0x03, 0x11, 0x03, 0x11, 0x03, 0x11, 0x03, 0x11, 0x03, 0x11, 0x03, 0x11,
    0x03, 0x11, 0x03, 0x11, 0x03, 0x11, 0x03, 0x11, 0x03, 0x11, 0x03, 0x11, 0x03, 0x11, 0x03, 0x11, 0x03, 0x11, 0x03, 0x11, 0x6b, 0x55, 0x6b, 0x55,
    0x6b, 0x55, 0x6b, 0x55, 0x6b, 0x55, 0x6b, 0x55, 0x27, 0x2b, 0x27, 0x2b, 0x27, 0x2b, 0x27, 0x2b, 0x27, 0x2b, 0x27, 0x2b, 0x27, 0x2b, 0x27, 0x2b,
    0x6b, 0x55, 0x6b, 0x55, 0x6b, 0x55, 0x6b, 0x55, 0x6b, 0x55, 0x6b, 0x55, 0x6b, 0x55, 0x6b, 0x55, 0x6b, 0x55, 0x6b, 0x55, 0xce, 0x9e, 0xce, 0x9e,
    0xce, 0x9e, 0xce, 0x9e, 0xce, 0x9e, 0xce, 0x9e, 0xce, 0x9e, 0xce, 0x9e, 0xce, 0x9e, 0xce, 0x9e, 0xce, 0x9e, 0xce, 0x9e, 0xce, 0x9e, 0xce, 0x9e,
    0xce, 0x9e, 0xce, 0x9e, 0xce, 0x9e, 0xce, 0x9e, 0xce, 0x9e, 0xce, 0x9e, 0xce, 0x9e, 0xce, 0x9e, 0xc2, 0x10, 0xc2, 0x10, 0xc2, 0x10, 0xc2, 0x10,
    0xce, 0x9e, 0xce, 0x9e, 0xce, 0x9e, 0xce, 0x9e, 0xce, 0x9e, 0xce, 0x9e, 0x03, 0x11, 0x03, 0x11, 0x03, 0x11, 0x03, 0x11, 0x03, 0x11, 0x03, 0x11,
    0x03, 0x11, 0x03, 0x11, 0x03, 0x11, 0x03, 0x11, 0x03, 0x11, 0x03, 0x11, 0x03, 0x11, 0x03, 0x11, 0x03, 0x11, 0x03, 0x11, 0x03, 0x11, 0x03, 0x11,
    0x03, 0x11, 0x03, 0x11, 0x03, 0x11, 0x03, 0x11, 0x03, 0x11, 0x03, 0x11, 0x6b, 0x55, 0x6b, 0x55, 0x6b, 0x55, 0x6b, 0x55, 0x6b, 0x55, 0x6b, 0x55,
    0x27, 0x2b, 0x27, 0x2b, 0x27, 0x2b, 0x27, 0x2b, 0x27, 0x2b, 0x27, 0x2b, 0x27, 0x2b, 0x27, 0x2b, 0x6b, 0x55, 0x6b, 0x55, 0x6b, 0x55, 0x6b, 0x55,
    0x6b, 0x55, 0x6b, 0x55, 0x6b, 0x55, 0x6b, 0x55, 0x6b, 0x55, 0x6b, 0x55, 0xce, 0x9e, 0xce, 0x9e, 0xce, 0x9e, 0xce, 0x9e, 0xce, 0x9e, 0xce, 0x9e,
    0xce, 0x9e, 0xce, 0x9e, 0xce, 0x9e, 0xce, 0x9e, 0xce, 0x9e, 0xce, 0x9e, 0xce, 0x9e, 0xce, 0x9e, 0xce, 0x9e, 0xce, 0x9e, 0xce, 0x9e, 0xce, 0x9e,
    0xce, 0x9e, 0xce, 0x9e, 0xce, 0x9e, 0xce, 0x9e, 0xc2, 0x10, 0xc2, 0x10, 0xc2, 0x10, 0xc2, 0x10, 0xce, 0x9e, 0xce, 0x9e, 0xce, 0x9e, 0xce, 0x9e,
    0xce, 0x9e, 0xce, 0x9e, 0x03, 0x11, 0x03, 0x11, 0x03, 0x11, 0x03, 0x11, 0x03, 0x11, 0x03, 0x11, 0x03, 0x11, 0x03, 0x11, 0x03, 0x11, 0x03, 0x11,
    0x03, 0x11, 0x03, 0x11, 0x03, 0x11, 0x03, 0x11, 0x03, 0x11, 0x03, 0x11, 0x03, 0x11, 0x03, 0x11, 0x03, 0x11, 0x03, 0x11, 0x03, 0x11, 0x03, 0x11,
    0x03, 0x11, 0x03, 0x11, 0x6b, 0x55, 0x6b, 0x55, 0x6b, 0x55, 0x6b, 0x55, 0x6b, 0x55, 0x6b, 0x55, 0x27, 0x2b, 0x27, 0x2b, 0x27, 0x2b, 0x27, 0x2b,
    0x27, 0x2b, 0x27, 0x2b, 0x27, 0x2b, 0x27, 0x2b, 0x6b, 0x55, 0x6b, 0x55, 0x6b, 0x55, 0x6b, 0x55, 0x6b, 0x55, 0x6b, 0x55, 0x6b, 0x55, 0x6b, 0x55,
    0x6b, 0x55, 0x6b, 0x55, 0xce, 0x9e, 0xce, 0x9e, 0xce, 0x9e, 0xce, 0x9e, 0xce, 0x9e, 0xce, 0x9e, 0xce, 0x9e, 0xce, 0x9e, 0xce, 0x9e, 0xce, 0x9e,
    0xce, 0x9e, 0xce, 0x9e, 0xce, 0x9e, 0xce, 0x9e, 0xce, 0x9e, 0xce, 0x9e, 0xce, 0x9e, 0xce, 0x9e, 0xce, 0x9e, 0xce, 0x9e, 0xce, 0x9e, 0xce, 0x9e,
    0xc2, 0x10, 0xc2, 0x10, 0xc2, 0x10, 0xc2, 0x10, 0xce, 0x9e, 0xce, 0x9e, 0xce, 0x9e, 0xce, 0x9e, 0xce, 0x9e, 0xce, 0x9e, 0x03, 0x11, 0x03, 0x11,
    0x03, 0x11, 0x03, 0x11, 0x03, 0x11, 0x03, 0x11, 0x03, 0x11, 0x03, 0x11, 0x03, 0x11, 0x03, 0x11, 0x03, 0x11, 0x03, 0x11, 0x03, 0x11, 0x03, 0x11,
    0x03, 0x11, 0x03, 0x11, 0x03, 0x11, 0x03, 0x11, 0x03, 0x11, 0x03, 0x11, 0x03, 0x11, 0x03, 0x11, 0x03, 0x11, 0x03, 0x11, 0x03, 0x11, 0x03, 0x11,
    0x03, 0x11, 0x03, 0x11, 0x27, 0x2b, 0x27, 0x2b, 0x27, 0x2b, 0x27, 0x2b, 0x27, 0x2b, 0x27, 0x2b, 0x27, 0x2b, 0x27, 0x2b, 0x27, 0x2b, 0x27, 0x2b,
    0x6b, 0x55, 0x6b, 0x55, 0x6b, 0x55, 0x6b, 0x55, 0x6b, 0x55, 0x6b, 0x55, 0x6b, 0x55, 0x6b, 0x55, 0x6b, 0x55, 0x6b, 0x55, 0xce, 0x9e, 0xce, 0x9e,
    0xce, 0x9e, 0xce, 0x9e, 0xce, 0x9e, 0xce, 0x9e, 0xce, 0x9e, 0xce, 0x9e, 0xce, 0x9e, 0xce, 0x9e, 0xce, 0x9e, 0xce, 0x9e, 0xce, 0x9e, 0xce, 0x9e,
    0xce, 0x9e, 0xce, 0x9e, 0xce, 0x9e, 0xce, 0x9e, 0xce, 0x9e, 0xce, 0x9e, 0xce, 0x9e, 0xce, 0x9e, 0xce, 0x9e, 0xce, 0x9e, 0xce, 0x9e, 0xce, 0x9e,
    0xce, 0x9e, 0xce, 0x9e, 0xce, 0x9e, 0xce, 0x9e, 0xce, 0x9e, 0xce, 0x9e, 0x03, 0x11, 0x03, 0x11, 0x03, 0x11, 0x03, 0x11, 0x03, 0x11, 0x03, 0x11,
    0x03, 0x11, 0x03, 0x11, 0x03, 0x11, 0x03, 0x11, 0x03, 0x11, 0x03, 0x11, 0x03, 0x11, 0x03, 0x11, 0x03, 0x11, 0x03, 0x11, 0x03, 0x11, 0x03, 0x11,
    0x03, 0x11, 0x03, 0x11, 0x03, 0x11, 0x03, 0x11, 0x03, 0x11, 0x03, 0x11, 0x03, 0x11, 0x03, 0x11, 0x03, 0x11, 0x03, 0x11, 0x27, 0x2b, 0x27, 0x2b,
    0x27, 0x2b, 0x27, 0x2b, 0x27, 0x2b, 0x27, 0x2b, 0x27, 0x2b, 0x27, 0x2b, 0x27, 0x2b, 0x27, 0x2b, 0x6b, 0x55, 0x6b, 0x55, 0x6b, 0x55, 0x6b, 0x55,
    0x6b, 0x55, 0x6b, 0x55, 0x6b, 0x55, 0x6b, 0x55, 0x6b, 0x55, 0x6b, 0x55, 0xce, 0x9e, 0xce, 0x9e, 0xce, 0x9e, 0xce, 0x9e, 0xce, 0x9e, 0xce, 0x9e,
    0xce, 0x9e, 0xce, 0x9e, 0xce, 0x9e, 0xce, 0x9e, 0xce, 0x9e, 0xce, 0x9e, 0xce, 0x9e, 0xce, 0x9e, 0xce, 0x9e, 0xce, 0x9e, 0xce, 0x9e, 0xce, 0x9e,
    0xce, 0x9e, 0xce, 0x9e, 0xce, 0x9e, 0xce, 0x9e, 0xce, 0x9e, 0xce, 0x9e, 0xce, 0x9e, 0xce, 0x9e, 0xce, 0x9e, 0xce, 0x9e, 0xce, 0x9e, 0xce, 0x9e,
    0xce, 0x9e, 0xce, 0x9e, 0x03, 0x11, 0x03, 0x11, 0x03, 0x11, 0x03, 0x11, 0x03, 0x11, 0x03, 0x11, 0x03, 0x11, 0x03, 0x11, 0x03, 0x11, 0x03, 0x11,
    0x03, 0x11, 0x03, 0x11, 0x03, 0x11, 0x03, 0x11, 0x03, 0x11, 0x03, 0x11, 0x03, 0x11, 0x03, 0x11, 0x03, 0x11, 0x03, 0x11, 0x03, 0x11, 0x03, 0x11,
    0x03, 0x11, 0x03, 0x11, 0x03, 0x11, 0x03, 0x11, 0x03, 0x11, 0x03, 0x11, 0x27, 0x2b, 0x27, 0x2b, 0x27, 0x2b, 0x27, 0x2b, 0x27, 0x2b, 0x27, 0x2b,
    0x27, 0x2b, 0x27, 0x2b, 0x27, 0x2b, 0x27, 0x2b, 0x6b, 0x55, 0x6b, 0x55, 0x6b, 0x55, 0x6b, 0x55, 0x6b, 0x55, 0x6b, 0x55, 0x6b, 0x55, 0x6b, 0x55,
    0x6b, 0x55, 0x6b, 0x55, 0xce, 0x9e, 0xce, 0x9e, 0xce, 0x9e, 0xce, 0x9e, 0xce, 0x9e, 0xce, 0x9e, 0xc2, 0x10, 0xc2, 0x10, 0xc2, 0x10, 0xc2, 0x10,
    0xc2, 0x10, 0xc2, 0x10, 0xc2, 0x10, 0xc2, 0x10, 0xc2, 0x10, 0xc2, 0x10, 0xc2, 0x10, 0xc2, 0x10, 0xc2, 0x10, 0xc2, 0x10, 0xc2, 0x10, 0xc2, 0x10,
    0xce, 0x9e, 0xce, 0x9e, 0xce, 0x9e, 0xce, 0x9e, 0xce, 0x9e, 0xce, 0x9e, 0xce, 0x9e, 0xce, 0x9e, 0xce, 0x9e, 0xce, 0x9e, 0x03, 0x11, 0x03, 0x11,
    0x03, 0x11, 0x03, 0x11, 0x03, 0x11, 0x03, 0x11, 0x03, 0x11, 0x03, 0x11, 0x03, 0x11, 0x03, 0x11, 0x03, 0x11, 0x03, 0x11, 0x03, 0x11, 0x03, 0x11,
    0x03, 0x11, 0x03, 0x11, 0x03, 0x11, 0x03, 0x11, 0x03, 0x11, 0x03, 0x11, 0x03, 0x11, 0x03, 0x11, 0x03, 0x11, 0x03, 0x11, 0x03, 0x11, 0x03, 0x11,
    0x03, 0x11, 0x03, 0x11, 0x27, 0x2b, 0x27, 0x2b, 0x27, 0x2b, 0x27, 0x2b, 0x27, 0x2b, 0x27, 0x2b, 0x27, 0x2b, 0x27, 0x2b, 0x27, 0x2b, 0x27, 0x2b,
    0x6b, 0x55, 0x6b, 0x55, 0x6b, 0x55, 0x6b, 0x55, 0x6b, 0x55, 0x6b, 0x55, 0x6b, 0x55, 0x6b, 0x55, 0x6b, 0x55, 0x6b, 0x55, 0xce, 0x9e, 0xce, 0x9e,
    0xce, 0x9e, 0xce, 0x9e, 0xce, 0x9e, 0xce, 0x9e, 0xc2, 0x10, 0xc2, 0x10, 0xc2, 0x10, 0xc2, 0x10, 0xc2, 0x10, 0xc2, 0x10, 0xc2, 0x10, 0xc2, 0x10,
    0xc2, 0x10, 0xc2, 0x10, 0xc2, 0x10, 0xc2, 0x10, 0xc2, 0x10, 0xc2, 0x10, 0xc2, 0x10, 0xc2, 0x10, 0xce, 0x9e, 0xce, 0x9e, 0xce, 0x9e, 0xce, 0x9e,
    0xce, 0x9e, 0xce, 0x9e, 0xce, 0x9e, 0xce, 0x9e, 0xce, 0x9e, 0xce, 0x9e, 0x03, 0x11, 0x03, 0x11, 0x03, 0x11, 0x03, 0x11, 0x03, 0x11, 0x03, 0x11,
    0x03, 0x11, 0x03, 0x11, 0x03, 0x11, 0x03, 0x11, 0x03, 0x11, 0x03, 0x11, 0x03, 0x11, 0x03, 0x11, 0x03, 0x11, 0x03, 0x11, 0x03, 0x11, 0x03, 0x11,
    0x03, 0x11, 0x03, 0x11, 0x03, 0x11, 0x03, 0x11, 0x03, 0x11, 0x03, 0x11, 0x03, 0x11, 0x03, 0x11, 0x03, 0x11, 0x03, 0x11, 0x27, 0x2b, 0x27, 0x2b,
    0x27, 0x2b, 0x27, 0x2b, 0x27, 0x2b, 0x27, 0x2b, 0x27, 0x2b, 0x27, 0x2b, 0x27, 0x2b, 0x27, 0x2b, 0x6b, 0x55, 0x6b, 0x55, 0x6b, 0x55, 0x6b, 0x55,
    0x6b, 0x55, 0x6b, 0x55, 0x6b, 0x55, 0x6b, 0x55, 0x6b, 0x55, 0x6b, 0x55, 0xce, 0x9e, 0xce, 0x9e, 0xce, 0x9e, 0xce, 0x9e, 0xce, 0x9e, 0xce, 0x9e,
    0xc2, 0x10, 0xc2, 0x10, 0xc2, 0x10, 0xc2, 0x10, 0xc2, 0x10, 0xc2, 0x10, 0xc2, 0x10, 0xc2, 0x10, 0xc2, 0x10, 0xc2, 0x10, 0xc2, 0x10, 0xc2, 0x10,
    0xc2, 0x10, 0xc2, 0x10, 0xc2, 0x10, 0xc2, 0x10, 0xce, 0x9e, 0xce, 0x9e, 0xce, 0x9e, 0xce, 0x9e, 0xce, 0x9e, 0xce, 0x9e, 0xce, 0x9e, 0xce, 0x9e,
    0x03, 0x11, 0x03, 0x11, 0x03, 0x11, 0x03, 0x11, 0x03, 0x11, 0x03, 0x11, 0x03, 0x11, 0x03, 0x11, 0x03, 0x11, 0x03, 0x11, 0x03, 0x11, 0x03, 0x11,
    0x03, 0x11, 0x03, 0x11, 0x03, 0x11, 0x03, 0x11, 0x03, 0x11, 0x03, 0x11, 0x03, 0x11, 0x03, 0x11, 0x03, 0x11, 0x03, 0x11, 0x03, 0x11, 0x03, 0x11,
    0x03, 0x11, 0x03, 0x11, 0x03, 0x11, 0x03, 0x11, 0x03, 0x11, 0x03, 0x11, 0x27, 0x2b, 0x27, 0x2b, 0x27, 0x2b, 0x27, 0x2b, 0x27, 0x2b, 0x27, 0x2b,
    0x27, 0x2b, 0x27, 0x2b, 0x27, 0x2b, 0x27, 0x2b, 0x6b, 0x55, 0x6b, 0x55, 0x6b, 0x55, 0x6b, 0x55, 0x6b, 0x55, 0x6b, 0x55, 0x6b, 0x55, 0x6b, 0x55,
    0x6b, 0x55, 0x6b, 0x55, 0xce, 0x9e, 0xce, 0x9e, 0xce, 0x9e, 0xce, 0x9e, 0xce, 0x9e, 0xce, 0x9e, 0xc2, 0x10, 0xc2, 0x10, 0xc2, 0x10, 0xc2, 0x10,
    0xc2, 0x10, 0xc2, 0x10, 0xc2, 0x10, 0xc2, 0x10, 0xc2, 0x10, 0xc2, 0x10, 0xc2, 0x10, 0xc2, 0x10, 0xc2, 0x10, 0xc2, 0x10, 0xc2, 0x10, 0xc2, 0x10,
    0xce, 0x9e, 0xce, 0x9e, 0xce, 0x9e, 0xce, 0x9e, 0xce, 0x9e, 0xce, 0x9e, 0xce, 0x9e, 0xce, 0x9e, 0x03, 0x11, 0x03, 0x11, 0x03, 0x11, 0x03, 0x11,
    0x03, 0x11, 0x03, 0x11, 0x03, 0x11, 0x03, 0x11, 0x03, 0x11, 0x03, 0x11, 0x03, 0x11, 0x03, 0x11, 0x03, 0x11, 0x03, 0x11, 0x03, 0x11, 0x03, 0x11,
    0x03, 0x11, 0x03, 0x11, 0x03, 0x11, 0x03, 0x11, 0x03, 0x11, 0x03, 0x11, 0x03, 0x11, 0x03, 0x11, 0x03, 0x11, 0x03, 0x11, 0x03, 0x11, 0x03, 0x11,
    0x03, 0x11, 0x03, 0x11, 0x27, 0x2b, 0x27, 0x2b, 0x27, 0x2b, 0x27, 0x2b, 0x27, 0x2b, 0x27, 0x2b, 0x27, 0x2b, 0x27, 0x2b, 0x27, 0x2b, 0x27, 0x2b,
    0x27, 0x2b, 0x27, 0x2b, 0x27, 0x2b, 0x27, 0x2b, 0x27, 0x2b, 0x27, 0x2b, 0x27, 0x2b, 0x27, 0x2b, 0x27, 0x2b, 0x27, 0x2b, 0xce, 0x9e, 0xce, 0x9e,
    0xce, 0x9e, 0xce, 0x9e, 0xce, 0x9e, 0xce, 0x9e, 0xce, 0x9e, 0xce, 0x9e, 0xce, 0x9e, 0xce, 0x9e, 0xce, 0x9e, 0xce, 0x9e, 0xce, 0x9e, 0xce, 0x9e,
    0xce, 0x9e, 0xce, 0x9e, 0xce, 0x9e, 0xce, 0x9e, 0xce, 0x9e, 0xce, 0x9e, 0xce, 0x9e, 0xce, 0x9e, 0xce, 0x9e, 0xce, 0x9e, 0xce, 0x9e, 0xce, 0x9e,
    0xce, 0x9e, 0xce, 0x9e, 0xce, 0x9e, 0xce, 0x9e, 0x03, 0x11, 0x03, 0x11, 0x03, 0x11, 0x03, 0x11, 0x03, 0x11, 0x03, 0x11, 0x03, 0x11, 0x03, 0x11,
    0x03, 0x11, 0x03, 0x11, 0x03, 0x11, 0x03, 0x11, 0x03, 0x11, 0x03, 0x11, 0x03, 0x11, 0x03, 0x11, 0x03, 0x11, 0x03, 0x11, 0x03, 0x11, 0x03, 0x11,
    0x03, 0x11, 0x03, 0x11, 0x03, 0x11, 0x03, 0x11, 0x03, 0x11, 0x03, 0x11, 0x03, 0x11, 0x03, 0x11, 0x03, 0x11, 0x03, 0x11, 0x27, 0x2b, 0x27, 0x2b,
    0x27, 0x2b, 0x27, 0x2b, 0x27, 0x2b, 0x27, 0x2b, 0x27, 0x2b, 0x27, 0x2b, 0x27, 0x2b, 0x27, 0x2b, 0x27, 0x2b, 0x27, 0x2b, 0x27, 0x2b, 0x27, 0x2b,
    0x27, 0x2b, 0x27, 0x2b, 0x27, 0x2b, 0x27, 0x2b, 0x27, 0x2b, 0x27, 0x2b, 0xce, 0x9e, 0xce, 0x9e, 0xce, 0x9e, 0xce, 0x9e, 0xce, 0x9e, 0xce, 0x9e,
    0xce, 0x9e, 0xce, 0x9e, 0xce, 0x9e, 0xce, 0x9e, 0xce, 0x9e, 0xce, 0x9e, 0xce, 0x9e, 0xce, 0x9e, 0xce, 0x9e, 0xce, 0x9e, 0xce, 0x9e, 0xce, 0x9e,
    0xce, 0x9e, 0xce, 0x9e, 0xce, 0x9e, 0xce, 0x9e, 0xce, 0x9e, 0xce, 0x9e, 0xce, 0x9e, 0xce, 0x9e, 0xce, 0x9e, 0xce, 0x9e, 0xce, 0x9e, 0xce, 0x9e,
    0x03, 0x11, 0x03, 0x11, 0x03, 0x11, 0x03, 0x11, 0x03, 0x11, 0x03, 0x11, 0x03, 0x11, 0x03, 0x11, 0x03, 0x11, 0x03, 0x11, 0x03, 0x11, 0x03, 0x11,
    0x03, 0x11, 0x03, 0x11, 0x03, 0x11, 0x03, 0x11, 0x03, 0x11, 0x03, 0x11, 0x03, 0x11, 0x03, 0x11, 0x03, 0x11, 0x03, 0x11, 0x03, 0x11, 0x03, 0x11,
    0x03, 0x11, 0x03, 0x11, 0x03, 0x11, 0x03, 0x11, 0x03, 0x11, 0x03, 0x11, 0x27, 0x2b, 0x27, 0x2b, 0x27, 0x2b, 0x27, 0x2b, 0x27, 0x2b, 0x27, 0x2b,
    0x27, 0x2b, 0x27, 0x2b, 0x27, 0x2b, 0x27, 0x2b, 0x6b, 0x55, 0x6b, 0x55, 0x6b, 0x55, 0x6b, 0x55, 0x6b, 0x55, 0x6b, 0x55, 0x6b, 0x55, 0x6b, 0x55,
    0x6b, 0x55, 0x6b, 0x55, 0xf5, 0xee, 0xf5, 0xee, 0xf5, 0xee, 0xf5, 0xee, 0xf5, 0xee, 0xf5, 0xee, 0xf5, 0xee, 0xf5, 0xee, 0xf5, 0xee, 0xf5, 0xee,
    0xf5, 0xee, 0xf5, 0xee, 0xf5, 0xee, 0xf5, 0xee, 0xf5, 0xee, 0xf5, 0xee, 0xf5, 0xee, 0xf5, 0xee, 0x6b, 0x55, 0x6b, 0x55, 0x6b, 0x55, 0x6b, 0x55,
    0x27, 0x2b, 0x27, 0x2b, 0x27, 0x2b, 0x27, 0x2b, 0x03, 0x11, 0x03, 0x11, 0x03, 0x11, 0x03, 0x11, 0x03, 0x11, 0x03, 0x11, 0x03, 0x11, 0x03, 0x11,
    0x03, 0x11, 0x03, 0x11, 0x03, 0x11, 0x03, 0x11, 0x03, 0x11, 0x03, 0x11, 0x03, 0x11, 0x03, 0x11, 0x03, 0x11, 0x03, 0x11, 0x03, 0x11, 0x03, 0x11,
    0x03, 0x11, 0x03, 0x11, 0x03, 0x11, 0x03, 0x11, 0x03, 0x11, 0x03, 0x11, 0x03, 0x11, 0x03, 0x11, 0x03, 0x11, 0x03, 0x11, 0x03, 0x11, 0x03, 0x11,
    0x03, 0x11, 0x03, 0x11, 0x27, 0x2b, 0x27, 0x2b, 0x27, 0x2b, 0x27, 0x2b, 0x27, 0x2b, 0x27, 0x2b, 0x27, 0x2b, 0x27, 0x2b, 0x27, 0x2b, 0x27, 0x2b,
    0x6b, 0x55, 0x6b, 0x55, 0x6b, 0x55, 0x6b, 0x55, 0x6b, 0x55, 0x6b, 0x55, 0x6b, 0x55, 0x6b, 0x55, 0x6b, 0x55, 0x6b, 0x55, 0xf5, 0xee, 0xf5, 0xee,
    0xf5, 0xee, 0xf5, 0xee, 0xf5, 0xee, 0xf5, 0xee, 0xf5, 0xee, 0xf5, 0xee, 0xf5, 0xee, 0xf5, 0xee, 0xf5, 0xee, 0xf5, 0xee, 0xf5, 0xee, 0xf5, 0xee,
    0xf5, 0xee, 0xf5, 0xee, 0xf5, 0xee, 0xf5, 0xee, 0x6b, 0x55, 0x6b, 0x55, 0x6b, 0x55, 0x6b, 0x55, 0x27, 0x2b, 0x27, 0x2b, 0x27, 0x2b, 0x27, 0x2b,
    0x03, 0x11, 0x03, 0x11, 0x03, 0x11, 0x03, 0x11, 0x03, 0x11, 0x03, 0x11, 0x03, 0x11, 0x03, 0x11, 0x03, 0x11, 0x03, 0x11, 0x03, 0x11, 0x03, 0x11,
    0x03, 0x11, 0x03, 0x11, 0x03, 0x11, 0x03, 0x11, 0x03, 0x11, 0x03, 0x11, 0x03, 0x11, 0x03, 0x11, 0x03, 0x11, 0x03, 0x11, 0x03, 0x11, 0x03, 0x11,
    0x03, 0x11, 0x03, 0x11, 0x27, 0x2b, 0x27, 0x2b, 0x03, 0x11, 0x03, 0x11, 0x03, 0x11, 0x03, 0x11, 0x03, 0x11, 0x03, 0x11, 0x27, 0x2b, 0x27, 0x2b,
    0x27, 0x2b, 0x27, 0x2b, 0x27, 0x2b, 0x27, 0x2b, 0x27, 0x2b, 0x27, 0x2b, 0x27, 0x2b, 0x27, 0x2b, 0x6b, 0x55, 0x6b, 0x55, 0x6b, 0x55, 0x6b, 0x55,
    0x6b, 0x55, 0x6b, 0x55, 0x6b, 0x55, 0x6b, 0x55, 0x6b, 0x55, 0x6b, 0x55, 0xf5, 0xee, 0xf5, 0xee, 0xf5, 0xee, 0xf5, 0xee, 0xf5, 0xee, 0xf5, 0xee,
    0xf5, 0xee, 0xf5, 0xee, 0xf5, 0xee, 0xf5, 0xee, 0xf5, 0xee, 0xf5, 0xee, 0xf5, 0xee, 0xf5, 0xee, 0xf5, 0xee, 0xf5, 0xee, 0xf5, 0xee, 0xf5, 0xee,
    0x6b, 0x55, 0x6b, 0x55, 0x6b, 0x55, 0x6b, 0x55, 0x27, 0x2b, 0x27, 0x2b, 0x27, 0x2b, 0x27, 0x2b, 0x03, 0x11, 0x03, 0x11, 0x03, 0x11, 0x03, 0x11,
    0x03, 0x11, 0x03, 0x11, 0x03, 0x11, 0x03, 0x11, 0x03, 0x11, 0x03, 0x11, 0x03, 0x11, 0x03, 0x11, 0x03, 0x11, 0x03, 0x11, 0x03, 0x11, 0x03, 0x11,
    0x03, 0x11, 0x03, 0x11, 0x03, 0x11, 0x03, 0x11, 0x03, 0x11, 0x03, 0x11, 0x03, 0x11, 0x03, 0x11, 0x03, 0x11, 0x03, 0x11, 0x27, 0x2b, 0x27, 0x2b,
    0x03, 0x11, 0x03, 0x11, 0x03, 0x11, 0x03, 0x11, 0x03, 0x11, 0x03, 0x11, 0x27, 0x2b, 0x27, 0x2b, 0x27, 0x2b, 0x27, 0x2b, 0x27, 0x2b, 0x27, 0x2b,
    0x27, 0x2b, 0x27, 0x2b, 0x27, 0x2b, 0x27, 0x2b, 0x6b, 0x55, 0x6b, 0x55, 0x6b, 0x55, 0x6b, 0x55, 0x6b, 0x55, 0x6b, 0x55, 0x6b, 0x55, 0x6b, 0x55,
    0x6b, 0x55, 0x6b, 0x55, 0xf5, 0xee, 0xf5, 0xee, 0xf5, 0xee, 0xf5, 0xee, 0xf5, 0xee, 0xf5, 0xee, 0xf5, 0xee, 0xf5, 0xee, 0xf5, 0xee, 0xf5, 0xee,
    0xf5, 0xee, 0xf5, 0xee, 0xf5, 0xee, 0xf5, 0xee, 0xf5, 0xee, 0xf5, 0xee, 0xf5, 0xee, 0xf5, 0xee, 0x6b, 0x55, 0x6b, 0x55, 0x6b, 0x55, 0x6b, 0x55,
    0x27, 0x2b, 0x27, 0x2b, 0x27, 0x2b, 0x27, 0x2b, 0x03, 0x11, 0x03, 0x11, 0x03, 0x11, 0x03, 0x11, 0x03, 0x11, 0x03, 0x11, 0x03, 0x11, 0x03, 0x11,
    0x03, 0x11, 0x03, 0x11, 0x03, 0x11, 0x03, 0x11, 0x03, 0x11, 0x03, 0x11, 0x03, 0x11, 0x03, 0x11, 0x03, 0x11, 0x03, 0x11, 0x03, 0x11, 0x03, 0x11,
    0x03, 0x11, 0x03, 0x11, 0x03, 0x11, 0x03, 0x11, 0x03, 0x11, 0x03, 0x11, 0x27, 0x2b, 0x27, 0x2b, 0x27, 0x2b, 0x27, 0x2b, 0x27, 0x2b, 0x27, 0x2b,
    0x03, 0x11, 0x03, 0x11, 0x27, 0x2b, 0x27, 0x2b, 0x27, 0x2b, 0x27, 0x2b, 0x27, 0x2b, 0x27, 0x2b, 0x27, 0x2b, 0x27, 0x2b, 0x27, 0x2b, 0x27, 0x2b,
    0x6b, 0x55, 0x6b, 0x55, 0x6b, 0x55, 0x6b, 0x55, 0x6b, 0x55, 0x6b, 0x55, 0x6b, 0x55, 0x6b, 0x55, 0x6b, 0x55, 0x6b, 0x55, 0xf5, 0xee, 0xf5, 0xee,
    0xf5, 0xee, 0xf5, 0xee, 0xf5, 0xee, 0xf5, 0xee, 0xf5, 0xee, 0xf5, 0xee, 0xf5, 0xee, 0xf5, 0xee, 0xf5, 0xee, 0xf5, 0xee, 0xf5, 0xee, 0xf5, 0xee,
    0xf5, 0xee, 0xf5, 0xee, 0xf5, 0xee, 0xf5, 0xee, 0x6b, 0x55, 0x6b, 0x55, 0x6b, 0x55, 0x6b, 0x55, 0x27, 0x2b, 0x27, 0x2b, 0x27, 0x2b, 0x27, 0x2b,
    0x03, 0x11, 0x03, 0x11, 0x03, 0x11, 0x03, 0x11, 0x03, 0x11, 0x03, 0x11, 0x03, 0x11, 0x03, 0x11, 0x03, 0x11, 0x03, 0x11, 0x03, 0x11, 0x03, 0x11,
    0x03, 0x11, 0x03, 0x11, 0x03, 0x11, 0x03, 0x11, 0x03, 0x11, 0x03, 0x11, 0x03, 0x11, 0x03, 0x11, 0x03, 0x11, 0x03, 0x11, 0x03, 0x11, 0x03, 0x11,
    0x03, 0x11, 0x03, 0x11, 0x27, 0x2b, 0x27, 0x2b, 0x27, 0x2b, 0x27, 0x2b, 0x27, 0x2b, 0x27, 0x2b, 0x03, 0x11, 0x03, 0x11, 0x27, 0x2b, 0x27, 0x2b,
    0x27, 0x2b, 0x27, 0x2b, 0x27, 0x2b, 0x27, 0x2b, 0x27, 0x2b, 0x27, 0x2b, 0x27, 0x2b, 0x27, 0x2b, 0x6b, 0x55, 0x6b, 0x55, 0x6b, 0x55, 0x6b, 0x55,
    0x6b, 0x55, 0x6b, 0x55, 0x6b, 0x55, 0x6b, 0x55, 0x6b, 0x55, 0x6b, 0x55, 0xf5, 0xee, 0xf5, 0xee, 0xf5, 0xee, 0xf5, 0xee, 0xf5, 0xee, 0xf5, 0xee,
    0xf5, 0xee, 0xf5, 0xee, 0xf5, 0xee, 0xf5, 0xee, 0xf5, 0xee, 0xf5, 0xee, 0xf5, 0xee, 0xf5, 0xee, 0xf5, 0xee, 0xf5, 0xee, 0xf5, 0xee, 0xf5, 0xee,
    0x6b, 0x55, 0x6b, 0x55, 0x6b, 0x55, 0x6b, 0x55, 0x27, 0x2b, 0x27, 0x2b, 0x27, 0x2b, 0x27, 0x2b, 0x03, 0x11, 0x03, 0x11, 0x03, 0x11, 0x03, 0x11,
    0x03, 0x11, 0x03, 0x11, 0x03, 0x11, 0x03, 0x11, 0x03, 0x11, 0x03, 0x11, 0x03, 0x11, 0x03, 0x11, 0x03, 0x11, 0x03, 0x11, 0x03, 0x11, 0x03, 0x11,
    0x03, 0x11, 0x03, 0x11, 0x03, 0x11, 0x03, 0x11, 0x03, 0x11, 0x03, 0x11, 0x03, 0x11, 0x03, 0x11, 0x03, 0x11, 0x03, 0x11, 0x03, 0x11, 0x03, 0x11,
    0x27, 0x2b, 0x27, 0x2b, 0x27, 0x2b, 0x27, 0x2b, 0x27, 0x2b, 0x27, 0x2b, 0x03, 0x11, 0x03, 0x11, 0x03, 0x11, 0x03, 0x11, 0x03, 0x11, 0x03, 0x11,
    0x27, 0x2b, 0x27, 0x2b, 0x27, 0x2b, 0x27, 0x2b, 0x6b, 0x55, 0x6b, 0x55, 0x6b, 0x55, 0x6b, 0x55, 0x6b, 0x55, 0x6b, 0x55, 0x6b, 0x55, 0x6b, 0x55,
    0x6b, 0x55, 0x6b, 0x55, 0xf5, 0xee, 0xf5, 0xee, 0xf5, 0xee, 0xf5, 0xee, 0xf5, 0xee, 0xf5, 0xee, 0xf5, 0xee, 0xf5, 0xee, 0xf5, 0xee, 0xf5, 0xee,
    0xf5, 0xee, 0xf5, 0xee, 0xf5, 0xee, 0xf5, 0xee, 0xf5, 0xee, 0xf5, 0xee, 0xf5, 0xee, 0xf5, 0xee, 0x6b, 0x55, 0x6b, 0x55, 0x6b, 0x55, 0x6b, 0x55,
    0x27, 0x2b, 0x27, 0x2b, 0x27, 0x2b, 0x27, 0x2b, 0x03, 0x11, 0x03, 0x11, 0x03, 0x11, 0x03, 0x11, 0x03, 0x11, 0x03, 0x11, 0x03, 0x11, 0x03, 0x11,
    0x03, 0x11, 0x03, 0x11, 0x03, 0x11, 0x03, 0x11, 0x03, 0x11, 0x03, 0x11, 0x03, 0x11, 0x03, 0x11, 0x03, 0x11, 0x03, 0x11, 0x03, 0x11, 0x03, 0x11,
    0x03, 0x11, 0x03, 0x11, 0x03, 0x11, 0x03, 0x11, 0x03, 0x11, 0x03, 0x11, 0x03, 0x11, 0x03, 0x11, 0x27, 0x2b, 0x27, 0x2b, 0x27, 0x2b, 0x27, 0x2b,
    0x27, 0x2b, 0x27, 0x2b, 0x03, 0x11, 0x03, 0x11, 0x03, 0x11, 0x03, 0x11, 0x03, 0x11, 0x03, 0x11, 0x27, 0x2b, 0x27, 0x2b, 0x27, 0x2b, 0x27, 0x2b,
    0x6b, 0x55, 0x6b, 0x55, 0x6b, 0x55, 0x6b, 0x55, 0x6b, 0x55, 0x6b, 0x55, 0x6b, 0x55, 0x6b, 0x55, 0x6b, 0x55, 0x6b, 0x55, 0xf5, 0xee, 0xf5, 0xee,
    0xf5, 0xee, 0xf5, 0xee, 0xf5, 0xee, 0xf5, 0xee, 0xf5, 0xee, 0xf5, 0xee, 0xf5, 0xee, 0xf5, 0xee, 0xf5, 0xee, 0xf5, 0xee, 0xf5, 0xee, 0xf5, 0xee,
    0xf5, 0xee, 0xf5, 0xee, 0xf5, 0xee, 0xf5, 0xee, 0x6b, 0x55, 0x6b, 0x55, 0x6b, 0x55, 0x6b, 0x55, 0x27, 0x2b, 0x27, 0x2b, 0x27, 0x2b, 0x27, 0x2b,
    0x03, 0x11, 0x03, 0x11, 0x03, 0x11, 0x03, 0x11, 0x03, 0x11, 0x03, 0x11, 0x03, 0x11, 0x03, 0x11, 0x03, 0x11, 0x03, 0x11, 0x03, 0x11, 0x03, 0x11,
    0x03, 0x11, 0x03, 0x11, 0x03, 0x11, 0x03, 0x11, 0x03, 0x11, 0x03, 0x11, 0x03, 0x11, 0x03, 0x11, 0x03, 0x11, 0x03, 0x11, 0x03, 0x11, 0x03, 0x11,
    0x03, 0x11, 0x03, 0x11, 0x03, 0x11, 0x03, 0x11, 0x27, 0x2b, 0x27, 0x2b, 0x27, 0x2b, 0x27, 0x2b, 0x27, 0x2b, 0x27, 0x2b, 0x27, 0x2b, 0x27, 0x2b,
    0x27, 0x2b, 0x27, 0x2b, 0x03, 0x11, 0x03, 0x11, 0x27, 0x2b, 0x27, 0x2b, 0x27, 0x2b, 0x27, 0x2b, 0x6b, 0x55, 0x6b, 0x55, 0x6b, 0x55, 0x6b, 0x55,
    0x6b, 0x55, 0x6b, 0x55, 0x6b, 0x55, 0x6b, 0x55, 0x6b, 0x55, 0x6b, 0x55, 0xf5, 0xee, 0xf5, 0xee, 0xf5, 0xee, 0xf5, 0xee, 0xf5, 0xee, 0xf5, 0xee,
    0xf5, 0xee, 0xf5, 0xee, 0xf5, 0xee, 0xf5, 0xee, 0xf5, 0xee, 0xf5, 0xee, 0xf5, 0xee, 0xf5, 0xee, 0xf5, 0xee, 0xf5, 0xee, 0xf5, 0xee, 0xf5, 0xee,
    0x6b, 0x55, 0x6b, 0x55, 0x6b, 0x55, 0x6b, 0x55, 0x27, 0x2b, 0x27, 0x2b, 0x27, 0x2b, 0x27, 0x2b, 0x03, 0x11, 0x03, 0x11, 0x03, 0x11, 0x03, 0x11,
    0x03, 0x11, 0x03, 0x11, 0x03, 0x11, 0x03, 0x11, 0x03, 0x11, 0x03, 0x11, 0x03, 0x11, 0x03, 0x11, 0x03, 0x11, 0x03, 0x11, 0x03, 0x11, 0x03, 0x11,
    0x03, 0x11, 0x03, 0x11, 0x03, 0x11, 0x03, 0x11, 0x03, 0x11, 0x03, 0x11, 0x03, 0x11, 0x03, 0x11, 0x03, 0x11, 0x03, 0x11, 0x03, 0x11, 0x03, 0x11,
    0x27, 0x2b, 0x27, 0x2b, 0x27, 0x2b, 0x27, 0x2b, 0x27, 0x2b, 0x27, 0x2b, 0x27, 0x2b, 0x27, 0x2b, 0x27, 0x2b, 0x27, 0x2b, 0x03, 0x11, 0x03, 0x11,
    0x27, 0x2b, 0x27, 0x2b, 0x27, 0x2b, 0x27, 0x2b, 0x6b, 0x55, 0x6b, 0x55, 0x6b, 0x55, 0x6b, 0x55, 0x6b, 0x55, 0x6b, 0x55, 0x6b, 0x55, 0x6b, 0x55,
    0x6b, 0x55, 0x6b, 0x55, 0xf5, 0xee, 0xf5, 0xee, 0xf5, 0xee, 0xf5, 0xee, 0xf5, 0xee, 0xf5, 0xee, 0xf5, 0xee, 0xf5, 0xee, 0xf5, 0xee, 0xf5, 0xee,
    0xf5, 0xee, 0xf5, 0xee, 0xf5, 0xee, 0xf5, 0xee, 0xf5, 0xee, 0xf5, 0xee, 0xf5, 0xee, 0xf5, 0xee, 0x6b, 0x55, 0x6b, 0x55, 0x6b, 0x55, 0x6b, 0x55,
    0x27, 0x2b, 0x27, 0x2b, 0x27, 0x2b, 0x27, 0x2b, 0x03, 0x11, 0x03, 0x11, 0x03, 0x11, 0x03, 0x11, 0x03, 0x11, 0x03, 0x11, 0x03, 0x11, 0x03, 0x11,
    0x03, 0x11, 0x03, 0x11, 0x03, 0x11, 0x03, 0x11, 0x03, 0x11, 0x03, 0x11, 0x03, 0x11, 0x03, 0x11, 0x03, 0x11, 0x03, 0x11, 0x03, 0x11, 0x03, 0x11,
    0x03, 0x11, 0x03, 0x11, 0x03, 0x11, 0x03, 0x11, 0x03, 0x11, 0x03, 0x11, 0x03, 0x11, 0x03, 0x11, 0x27, 0x2b, 0x27, 0x2b, 0x27, 0x2b, 0x27, 0x2b,
    0x27, 0x2b, 0x27, 0x2b, 0x27, 0x2b, 0x27, 0x2b, 0x27, 0x2b, 0x27, 0x2b, 0x27, 0x2b, 0x27, 0x2b, 0x27, 0x2b, 0x27, 0x2b, 0x27, 0x2b, 0x27, 0x2b,
    0x6b, 0x55, 0x6b, 0x55, 0x6b, 0x55, 0x6b, 0x55, 0x6b, 0x55, 0x6b, 0x55, 0x6b, 0x55, 0x6b, 0x55, 0x6b, 0x55, 0x6b, 0x55, 0xf5, 0xee, 0xf5, 0xee,
    0xf5, 0xee, 0xf5, 0xee, 0xf5, 0xee, 0xf5, 0xee, 0xf5, 0xee, 0xf5, 0xee, 0xf5, 0xee, 0xf5, 0xee, 0xf5, 0xee, 0xf5, 0xee, 0xf5, 0xee, 0xf5, 0xee,
    0xf5, 0xee, 0xf5, 0xee, 0xf5, 0xee, 0xf5, 0xee, 0x6b, 0x55, 0x6b, 0x55, 0x6b, 0x55, 0x6b, 0x55, 0x27, 0x2b, 0x27, 0x2b, 0x27, 0x2b, 0x27, 0x2b,
    0x03, 0x11, 0x03, 0x11, 0x03, 0x11, 0x03, 0x11, 0x03, 0x11, 0x03, 0x11, 0x03, 0x11, 0x03, 0x11, 0x03, 0x11, 0x03, 0x11, 0x03, 0x11, 0x03, 0x11,
    0x03, 0x11, 0x03, 0x11, 0x03, 0x11, 0x03, 0x11, 0x03, 0x11, 0x03, 0x11, 0x03, 0x11, 0x03, 0x11, 0x03, 0x11, 0x03, 0x11, 0x03, 0x11, 0x03, 0x11,
    0x03, 0x11, 0x03, 0x11, 0x03, 0x11, 0x03, 0x11, 0x27, 0x2b, 0x27, 0x2b, 0x27, 0x2b, 0x27, 0x2b, 0x27, 0x2b, 0x27, 0x2b, 0x27, 0x2b, 0x27, 0x2b,
    0x27, 0x2b, 0x27, 0x2b, 0x27, 0x2b, 0x27, 0x2b, 0x27, 0x2b, 0x27, 0x2b, 0x27, 0x2b, 0x27, 0x2b, 0x6b, 0x55, 0x6b, 0x55, 0x6b, 0x55, 0x6b, 0x55,
    0x6b, 0x55, 0x6b, 0x55, 0x6b, 0x55, 0x6b, 0x55, 0x6b, 0x55, 0x6b, 0x55, 0xf5, 0xee, 0xf5, 0xee, 0xf5, 0xee, 0xf5, 0xee, 0xf5, 0xee, 0xf5, 0xee,
    0xf5, 0xee, 0xf5, 0xee, 0xf5, 0xee, 0xf5, 0xee, 0xf5, 0xee, 0xf5, 0xee, 0xf5, 0xee, 0xf5, 0xee, 0xf5, 0xee, 0xf5, 0xee, 0xf5, 0xee, 0xf5, 0xee,
    0x6b, 0x55, 0x6b, 0x55, 0x6b, 0x55, 0x6b, 0x55, 0x27, 0x2b, 0x27, 0x2b, 0x27, 0x2b, 0x27, 0x2b, 0x03, 0x11, 0x03, 0x11, 0x03, 0x11, 0x03, 0x11,
    0x03, 0x11, 0x03, 0x11, 0x03, 0x11, 0x03, 0x11, 0x03, 0x11, 0x03, 0x11, 0x03, 0x11, 0x03, 0x11, 0x03, 0x11, 0x03, 0x11, 0x03, 0x11, 0x03, 0x11,
    0x03, 0x11, 0x03, 0x11, 0x03, 0x11, 0x03, 0x11, 0x03, 0x11, 0x03, 0x11, 0x03, 0x11, 0x03, 0x11, 0x03, 0x11, 0x03, 0x11, 0x03, 0x11, 0x03, 0x11,
    0x03, 0x11, 0x03, 0x11, 0x27, 0x2b, 0x27, 0x2b, 0x27, 0x2b, 0x27, 0x2b, 0x27, 0x2b, 0x27, 0x2b, 0x27, 0x2b, 0x27, 0x2b, 0x27, 0x2b, 0x27, 0x2b,
    0x27, 0x2b, 0x27, 0x2b, 0x27, 0x2b, 0x27, 0x2b, 0x6b, 0x55, 0x6b, 0x55, 0x6b, 0x55, 0x6b, 0x55, 0x6b, 0x55, 0x6b, 0x55, 0x6b, 0x55, 0x6b, 0x55,
    0x6b, 0x55, 0x6b, 0x55, 0xf5, 0xee, 0xf5, 0xee, 0xf5, 0xee, 0xf5, 0xee, 0xf5, 0xee, 0xf5, 0xee, 0xf5, 0xee, 0xf5, 0xee, 0xf5, 0xee, 0xf5, 0xee,
    0xf5, 0xee, 0xf5, 0xee, 0xf5, 0xee, 0xf5, 0xee, 0xf5, 0xee, 0xf5, 0xee, 0xf5, 0xee, 0xf5, 0xee, 0x6b, 0x55, 0x6b, 0x55, 0x6b, 0x55, 0x6b, 0x55,
    0x27, 0x2b, 0x27, 0x2b, 0x27, 0x2b, 0x27, 0x2b, 0x03, 0x11, 0x03, 0x11, 0x03, 0x11, 0x03, 0x11, 0x03, 0x11, 0x03, 0x11, 0x03, 0x11, 0x03, 0x11,
    0x03, 0x11, 0x03, 0x11, 0x03, 0x11, 0x03, 0x11, 0x03, 0x11, 0x03, 0x11, 0x03, 0x11, 0x03, 0x11, 0x03, 0x11, 0x03, 0x11, 0x03, 0x11, 0x03, 0x11,
    0x03, 0x11, 0x03, 0x11, 0x03, 0x11, 0x03, 0x11, 0x03, 0x11, 0x03, 0x11, 0x03, 0x11, 0x03, 0x11, 0x03, 0x11, 0x03, 0x11, 0x27, 0x2b, 0x27, 0x2b,
    0x27, 0x2b, 0x27, 0x2b, 0x27, 0x2b, 0x27, 0x2b, 0x27, 0x2b, 0x27, 0x2b, 0x27, 0x2b, 0x27, 0x2b, 0x27, 0x2b, 0x27, 0x2b, 0x27, 0x2b, 0x27, 0x2b,
    0x6b, 0x55, 0x6b, 0x55, 0x6b, 0x55, 0x6b, 0x55, 0x6b, 0x55, 0x6b, 0x55, 0x6b, 0x55, 0x6b, 0x55, 0x6b, 0x55, 0x6b, 0x55, 0xf5, 0xee, 0xf5, 0xee,
    0xf5, 0xee, 0xf5, 0xee, 0xf5, 0xee, 0xf5, 0xee, 0xf5, 0xee, 0xf5, 0xee, 0xf5, 0xee, 0xf5, 0xee, 0xf5, 0xee, 0xf5, 0xee, 0xf5, 0xee, 0xf5, 0xee,
    0xf5, 0xee, 0xf5, 0xee, 0xf5, 0xee, 0xf5, 0xee, 0x6b, 0x55, 0x6b, 0x55, 0x6b, 0x55, 0x6b, 0x55, 0x27, 0x2b, 0x27, 0x2b, 0x27, 0x2b, 0x27, 0x2b,
    0x03, 0x11, 0x03, 0x11, 0x03, 0x11, 0x03, 0x11, 0x03, 0x11, 0x03, 0x11, 0x03, 0x11, 0x03, 0x11, 0x03, 0x11, 0x03, 0x11, 0x03, 0x11, 0x03, 0x11,
    0x03, 0x11, 0x03, 0x11, 0x03, 0x11, 0x03, 0x11, 0x03, 0x11, 0x03, 0x11, 0x03, 0x11, 0x03, 0x11, 0x03, 0x11, 0x03, 0x11, 0x03, 0x11, 0x03, 0x11,
    0x03, 0x11, 0x03, 0x11, 0x03, 0x11, 0x03, 0x11, 0x03, 0x11, 0x03, 0x11, 0x27, 0x2b, 0x27, 0x2b, 0x27, 0x2b, 0x27, 0x2b, 0x27, 0x2b, 0x27, 0x2b,
    0x27, 0x2b, 0x27, 0x2b, 0x27, 0x2b, 0x27, 0x2b, 0x27, 0x2b, 0x27, 0x2b, 0x27, 0x2b, 0x27, 0x2b, 0x6b, 0x55, 0x6b, 0x55, 0x6b, 0x55, 0x6b, 0x55,
    0x6b, 0x55, 0x6b, 0x55, 0x6b, 0x55, 0x6b, 0x55, 0x6b, 0x55, 0x6b, 0x55, 0xf5, 0xee, 0xf5, 0xee, 0xf5, 0xee, 0xf5, 0xee, 0xf5, 0xee, 0xf5, 0xee,
    0xf5, 0xee, 0xf5, 0xee, 0xf5, 0xee, 0xf5, 0xee, 0xf5, 0xee, 0xf5, 0xee, 0xf5, 0xee, 0xf5, 0xee, 0xf5, 0xee, 0xf5, 0xee, 0xf5, 0xee, 0xf5, 0xee,
    0x6b, 0x55, 0x6b, 0x55, 0x6b, 0x55, 0x6b, 0x55, 0x27, 0x2b, 0x27, 0x2b, 0x27, 0x2b, 0x27, 0x2b, 0x03, 0x11, 0x03, 0x11, 0x03, 0x11, 0x03, 0x11,
    0x03, 0x11, 0x03, 0x11, 0x03, 0x11, 0x03, 0x11, 0x03, 0x11, 0x03, 0x11, 0x03, 0x11, 0x03, 0x11, 0x03, 0x11, 0x03, 0x11, 0x03, 0x11, 0x03, 0x11,
    0x03, 0x11, 0x03, 0x11, 0x03, 0x11, 0x03, 0x11, 0x03, 0x11, 0x03, 0x11, 0x03, 0x11, 0x03, 0x11, 0x03, 0x11, 0x03, 0x11, 0x03, 0x11, 0x03, 0x11,
    0x03, 0x11, 0x03, 0x11, 0x27, 0x2b, 0x27, 0x2b, 0x27, 0x2b, 0x27, 0x2b, 0x27, 0x2b, 0x27, 0x2b, 0x27, 0x2b, 0x27, 0x2b, 0x27, 0x2b, 0x27, 0x2b,
    0x27, 0x2b, 0x27, 0x2b, 0x27, 0x2b, 0x27, 0x2b, 0x6b, 0x55, 0x6b, 0x55, 0x6b, 0x55, 0x6b, 0x55, 0x6b, 0x55, 0x6b, 0x55, 0x6b, 0x55, 0x6b, 0x55,
    0x6b, 0x55, 0x6b, 0x55, 0xf5, 0xee, 0xf5, 0xee, 0xf5, 0xee, 0xf5, 0xee, 0xf5, 0xee, 0xf5, 0xee, 0xf5, 0xee, 0xf5, 0xee, 0xf5, 0xee, 0xf5, 0xee,
    0xf5, 0xee, 0xf5, 0xee, 0xf5, 0xee, 0xf5, 0xee, 0xf5, 0xee, 0xf5, 0xee, 0xf5, 0xee, 0xf5, 0xee, 0x6b, 0x55, 0x6b, 0x55, 0x6b, 0x55, 0x6b, 0x55,
    0x27, 0x2b, 0x27, 0x2b, 0x27, 0x2b, 0x27, 0x2b, 0x03, 0x11, 0x03, 0x11, 0x03, 0x11, 0x03, 0x11, 0x03, 0x11, 0x03, 0x11, 0x03, 0x11, 0x03, 0x11,
    0x03, 0x11, 0x03, 0x11, 0x03, 0x11, 0x03, 0x11, 0x03, 0x11, 0x03, 0x11, 0x03, 0x11, 0x03, 0x11, 0x03, 0x11, 0x03, 0x11, 0x03, 0x11, 0x03, 0x11,
    0x03, 0x11, 0x03, 0x11, 0x03, 0x11, 0x03, 0x11, 0x03, 0x11, 0x03, 0x11, 0x03, 0x11, 0x03, 0x11, 0x03, 0x11, 0x03, 0x11, 0x03, 0x11, 0x03, 0x11,
    0x03, 0x11, 0x03, 0x11, 0x03, 0x11, 0x03, 0x11, 0x27, 0x2b, 0x27, 0x2b, 0x27, 0x2b, 0x27, 0x2b, 0x27, 0x2b, 0x27, 0x2b, 0x27, 0x2b, 0x27, 0x2b,
    0x6b, 0x55, 0x6b, 0x55, 0x6b, 0x55, 0x6b, 0x55, 0x6b, 0x55, 0x6b, 0x55, 0x6b, 0x55, 0x6b, 0x55, 0x6b, 0x55, 0x6b, 0x55, 0xf5, 0xee, 0xf5, 0xee,
    0xf5, 0xee, 0xf5, 0xee, 0xf5, 0xee, 0xf5, 0xee, 0xf5, 0xee, 0xf5, 0xee, 0xf5, 0xee, 0xf5, 0xee, 0xf5, 0xee, 0xf5, 0xee, 0xf5, 0xee, 0xf5, 0xee,
    0xf5, 0xee, 0xf5, 0xee, 0xf5, 0xee, 0xf5, 0xee, 0x6b, 0x55, 0x6b, 0x55, 0x6b, 0x55, 0x6b, 0x55, 0x27, 0x2b, 0x27, 0x2b, 0x27, 0x2b, 0x27, 0x2b,
    0x03, 0x11, 0x03, 0x11, 0x03, 0x11, 0x03, 0x11, 0x03, 0x11, 0x03, 0x11, 0x03, 0x11, 0x03, 0x11, 0x03, 0x11, 0x03, 0x11, 0x03, 0x11, 0x03, 0x11,
    0x03, 0x11, 0x03, 0x11, 0x03, 0x11, 0x03, 0x11, 0x03, 0x11, 0x03, 0x11, 0x03, 0x11, 0x03, 0x11, 0x03, 0x11, 0x03, 0x11, 0x03, 0x11, 0x03, 0x11,
    0x03, 0x11, 0x03, 0x11, 0x03, 0x11, 0x03, 0x11, 0x03, 0x11, 0x03, 0x11, 0x03, 0x11, 0x03, 0x11, 0x03, 0x11, 0x03, 0x11, 0x03, 0x11, 0x03, 0x11,
    0x27, 0x2b, 0x27, 0x2b, 0x27, 0x2b, 0x27, 0x2b, 0x27, 0x2b, 0x27, 0x2b, 0x27, 0x2b, 0x27, 0x2b, 0x6b, 0x55, 0x6b, 0x55, 0x6b, 0x55, 0x6b, 0x55,
    0x6b, 0x55, 0x6b, 0x55, 0x6b, 0x55, 0x6b, 0x55, 0x6b, 0x55, 0x6b, 0x55, 0xf5, 0xee, 0xf5, 0xee, 0xf5, 0xee, 0xf5, 0xee, 0xf5, 0xee, 0xf5, 0xee,
    0xf5, 0xee, 0xf5, 0xee, 0xf5, 0xee, 0xf5, 0xee, 0xf5, 0xee, 0xf5, 0xee, 0xf5, 0xee, 0xf5, 0xee, 0xf5, 0xee, 0xf5, 0xee, 0xf5, 0xee, 0xf5, 0xee,
    0x6b, 0x55, 0x6b, 0x55, 0x6b, 0x55, 0x6b, 0x55, 0x27, 0x2b, 0x27, 0x2b, 0x27, 0x2b, 0x27, 0x2b, 0x03, 0x11, 0x03, 0x11, 0x03, 0x11, 0x03, 0x11,
    0x03, 0x11, 0x03, 0x11, 0x03, 0x11, 0x03, 0x11, 0x03, 0x11, 0x03, 0x11, 0x03, 0x11, 0x03, 0x11, 0x03, 0x11, 0x03, 0x11, 0x03, 0x11, 0x03, 0x11,
    0x03, 0x11, 0x03, 0x11, 0x03, 0x11, 0x03, 0x11, 0x03, 0x11, 0x03, 0x11, 0x03, 0x11, 0x03, 0x11, 0x03, 0x11, 0x03, 0x11, 0x03, 0x11, 0x03, 0x11,
    0x03, 0x11, 0x03, 0x11, 0x03, 0x11, 0x03, 0x11, 0x03, 0x11, 0x03, 0x11, 0x03, 0x11, 0x03, 0x11, 0x03, 0x11, 0x03, 0x11, 0x03, 0x11, 0x03, 0x11,
    0x27, 0x2b, 0x27, 0x2b, 0x27, 0x2b, 0x27, 0x2b, 0x27, 0x2b, 0x27, 0x2b, 0x27, 0x2b, 0x27, 0x2b, 0x27, 0x2b, 0x27, 0x2b, 0x27, 0x2b, 0x27, 0x2b,
    0x27, 0x2b, 0x27, 0x2b, 0x27, 0x2b, 0x27, 0x2b, 0xf5, 0xee, 0xf5, 0xee, 0xf5, 0xee, 0xf5, 0xee, 0xf5, 0xee, 0xf5, 0xee, 0xf5, 0xee, 0xf5, 0xee,
    0xf5, 0xee, 0xf5, 0xee, 0xf5, 0xee, 0xf5, 0xee, 0x27, 0x2b, 0x27, 0x2b, 0x27, 0x2b, 0x27, 0x2b, 0x27, 0x2b, 0x27, 0x2b, 0x27, 0x2b, 0x27, 0x2b,
    0x27, 0x2b, 0x27, 0x2b, 0x27, 0x2b, 0x27, 0x2b, 0x27, 0x2b, 0x27, 0x2b, 0x27, 0x2b, 0x27, 0x2b, 0x03, 0x11, 0x03, 0x11, 0x03, 0x11, 0x03, 0x11,
    0x03, 0x11, 0x03, 0x11, 0x03, 0x11, 0x03, 0x11, 0x03, 0x11, 0x03, 0x11, 0x03, 0x11, 0x03, 0x11, 0x03, 0x11, 0x03, 0x11, 0x03, 0x11, 0x03, 0x11,
    0x03, 0x11, 0x03, 0x11, 0x03, 0x11, 0x03, 0x11, 0x03, 0x11, 0x03, 0x11, 0x03, 0x11, 0x03, 0x11, 0x03, 0x11, 0x03, 0x11, 0x03, 0x11, 0x03, 0x11,
    0x03, 0x11, 0x03, 0x11, 0x03, 0x11, 0x03, 0x11, 0x03, 0x11, 0x03, 0x11, 0x03, 0x11, 0x03, 0x11, 0x27, 0x2b, 0x27, 0x2b, 0x27, 0x2b, 0x27, 0x2b,
    0x27, 0x2b, 0x27, 0x2b, 0x27, 0x2b, 0x27, 0x2b, 0x27, 0x2b, 0x27, 0x2b, 0x27, 0x2b, 0x27, 0x2b, 0x27, 0x2b, 0x27, 0x2b, 0x27, 0x2b, 0x27, 0x2b,
    0xf5, 0xee, 0xf5, 0xee, 0xf5, 0xee, 0xf5, 0xee, 0xf5, 0xee, 0xf5, 0xee, 0xf5, 0xee, 0xf5, 0xee, 0xf5, 0xee, 0xf5, 0xee, 0xf5, 0xee, 0xf5, 0xee,
    0x27, 0x2b, 0x27, 0x2b, 0x27, 0x2b, 0x27, 0x2b, 0x27, 0x2b, 0x27, 0x2b, 0x27, 0x2b, 0x27, 0x2b, 0x27, 0x2b, 0x27, 0x2b, 0x27, 0x2b, 0x27, 0x2b,
    0x27, 0x2b, 0x27, 0x2b, 0x27, 0x2b, 0x27, 0x2b, 0x03, 0x11, 0x03, 0x11, 0x03, 0x11, 0x03, 0x11, 0x03, 0x11, 0x03, 0x11, 0x03, 0x11, 0x03, 0x11,
    0x03, 0x11, 0x03, 0x11, 0x03, 0x11, 0x03, 0x11, 0x03, 0x11, 0x03, 0x11, 0x03, 0x11, 0x03, 0x11, 0x03, 0x11, 0x03, 0x11, 0x03, 0x11, 0x03, 0x11,
    0x03, 0x11, 0x03, 0x11, 0x03, 0x11, 0x03, 0x11, 0x03, 0x11, 0x03, 0x11, 0x03, 0x11, 0x03, 0x11, 0x03, 0x11, 0x03, 0x11, 0x03, 0x11, 0x03, 0x11,
    0x03, 0x11, 0x03, 0x11, 0x03, 0x11, 0x03, 0x11, 0x27, 0x2b, 0x27, 0x2b, 0x27, 0x2b, 0x27, 0x2b, 0x27, 0x2b, 0x27, 0x2b, 0x27, 0x2b, 0x27, 0x2b,
    0x27, 0x2b, 0x27, 0x2b, 0x27, 0x2b, 0x27, 0x2b, 0x27, 0x2b, 0x27, 0x2b, 0x27, 0x2b, 0x27, 0x2b, 0x27, 0x2b, 0x27, 0x2b, 0x27, 0x2b, 0x27, 0x2b,
    0x27, 0x2b, 0x27, 0x2b, 0x27, 0x2b, 0x27, 0x2b, 0x27, 0x2b, 0x27, 0x2b, 0x27, 0x2b, 0x27, 0x2b, 0x27, 0x2b, 0x27, 0x2b, 0x27, 0x2b, 0x27, 0x2b,
    0x27, 0x2b, 0x27, 0x2b, 0x27, 0x2b, 0x27, 0x2b, 0x27, 0x2b, 0x27, 0x2b, 0x27, 0x2b, 0x27, 0x2b, 0x27, 0x2b, 0x27, 0x2b, 0x27, 0x2b, 0x27, 0x2b,
    0x03, 0x11, 0x03, 0x11, 0x03, 0x11, 0x03, 0x11, 0x03, 0x11, 0x03, 0x11, 0x03, 0x11, 0x03, 0x11, 0x03, 0x11, 0x03, 0x11, 0x03, 0x11, 0x03, 0x11,
    0x03, 0x11, 0x03, 0x11, 0x03, 0x11, 0x03, 0x11, 0x03, 0x11, 0x03, 0x11, 0x03, 0x11, 0x03, 0x11, 0x03, 0x11, 0x03, 0x11, 0x03, 0x11, 0x03, 0x11,
    0x03, 0x11, 0x03, 0x11, 0x03, 0x11, 0x03, 0x11, 0x03, 0x11, 0x03, 0x11, 0x03, 0x11, 0x03, 0x11, 0x03, 0x11, 0x03, 0x11, 0x03, 0x11, 0x03, 0x11,
    0x27, 0x2b, 0x27, 0x2b, 0x27, 0x2b, 0x27, 0x2b, 0x27, 0x2b, 0x27, 0x2b, 0x27, 0x2b, 0x27, 0x2b, 0x27, 0x2b, 0x27, 0x2b, 0x27, 0x2b, 0x27, 0x2b,
    0x27, 0x2b, 0x27, 0x2b, 0x27, 0x2b, 0x27, 0x2b, 0x27, 0x2b, 0x27, 0x2b, 0x27, 0x2b, 0x27, 0x2b, 0x27, 0x2b, 0x27, 0x2b, 0x27, 0x2b, 0x27, 0x2b,
    0x27, 0x2b, 0x27, 0x2b, 0x27, 0x2b, 0x27, 0x2b, 0x27, 0x2b, 0x27, 0x2b, 0x27, 0x2b, 0x27, 0x2b, 0x27, 0x2b, 0x27, 0x2b, 0x27, 0x2b, 0x27, 0x2b,
    0x27, 0x2b, 0x27, 0x2b, 0x27, 0x2b, 0x27, 0x2b, 0x27, 0x2b, 0x27, 0x2b, 0x27, 0x2b, 0x27, 0x2b, 0x03, 0x11, 0x03, 0x11, 0x03, 0x11, 0x03, 0x11,
    0x03, 0x11, 0x03, 0x11, 0x03, 0x11, 0x03, 0x11, 0x03, 0x11, 0x03, 0x11, 0x03, 0x11, 0x03, 0x11, 0x03, 0x11, 0x03, 0x11, 0x03, 0x11, 0x03, 0x11,
    0x03, 0x11, 0x03, 0x11, 0x03, 0x11, 0x03, 0x11, 0x03, 0x11, 0x03, 0x11, 0x03, 0x11, 0x03, 0x11, 0x03, 0x11, 0x03, 0x11, 0x03, 0x11, 0x03, 0x11,
    0x03, 0x11, 0x03, 0x11, 0x03, 0x11, 0x03, 0x11, 0x03, 0x11, 0x03, 0x11, 0x03, 0x11, 0x03, 0x11, 0x27, 0x2b, 0x27, 0x2b, 0x27, 0x2b, 0x27, 0x2b,
    0x27, 0x2b, 0x27, 0x2b, 0x27, 0x2b, 0x27, 0x2b, 0x27, 0x2b, 0x27, 0x2b, 0x27, 0x2b, 0x27, 0x2b, 0x27, 0x2b, 0x27, 0x2b, 0x27, 0x2b, 0x27, 0x2b,
    0x03, 0x11, 0x03, 0x11, 0x03, 0x11, 0x03, 0x11, 0x03, 0x11, 0x03, 0x11, 0x03, 0x11, 0x03, 0x11, 0x03, 0x11, 0x03, 0x11, 0x03, 0x11, 0x03, 0x11,
    0x27, 0x2b, 0x27, 0x2b, 0x27, 0x2b, 0x27, 0x2b, 0x27, 0x2b, 0x27, 0x2b, 0x27, 0x2b, 0x27, 0x2b, 0x27, 0x2b, 0x27, 0x2b, 0x27, 0x2b, 0x27, 0x2b,
    0x27, 0x2b, 0x27, 0x2b, 0x27, 0x2b, 0x27, 0x2b, 0x03, 0x11, 0x03, 0x11, 0x03, 0x11, 0x03, 0x11, 0x03, 0x11, 0x03, 0x11, 0x03, 0x11, 0x03, 0x11,
    0x03, 0x11, 0x03, 0x11, 0x03, 0x11, 0x03, 0x11, 0x03, 0x11, 0x03, 0x11, 0x03, 0x11, 0x03, 0x11, 0x03, 0x11, 0x03, 0x11, 0x03, 0x11, 0x03, 0x11,
    0x03, 0x11, 0x03, 0x11, 0x03, 0x11, 0x03, 0x11, 0x03, 0x11, 0x03, 0x11, 0x03, 0x11, 0x03, 0x11, 0x03, 0x11, 0x03, 0x11, 0x03, 0x11, 0x03, 0x11,
    0x03, 0x11, 0x03, 0x11, 0x03, 0x11, 0x03, 0x11, 0x27, 0x2b, 0x27, 0x2b, 0x27, 0x2b, 0x27, 0x2b, 0x27, 0x2b, 0x27, 0x2b, 0x27, 0x2b, 0x27, 0x2b,
    0x27, 0x2b, 0x27, 0x2b, 0x27, 0x2b, 0x27, 0x2b, 0x27, 0x2b, 0x27, 0x2b, 0x27, 0x2b, 0x27, 0x2b, 0x03, 0x11, 0x03, 0x11, 0x03, 0x11, 0x03, 0x11,
    0x03, 0x11, 0x03, 0x11, 0x03, 0x11, 0x03, 0x11, 0x03, 0x11, 0x03, 0x11, 0x03, 0x11, 0x03, 0x11, 0x27, 0x2b, 0x27, 0x2b, 0x27, 0x2b, 0x27, 0x2b,
    0x27, 0x2b, 0x27, 0x2b, 0x27, 0x2b, 0x27, 0x2b, 0x27, 0x2b, 0x27, 0x2b, 0x27, 0x2b, 0x27, 0x2b, 0x27, 0x2b, 0x27, 0x2b, 0x27, 0x2b, 0x27, 0x2b,
    0x03, 0x11, 0x03, 0x11, 0x03, 0x11, 0x03, 0x11, 0x03, 0x11, 0x03, 0x11, 0x03, 0x11, 0x03, 0x11, 0x03, 0x11, 0x03, 0x11, 0x03, 0x11, 0x03, 0x11,
    0x03, 0x11, 0x03, 0x11, 0x03, 0x11, 0x03, 0x11, 0x03, 0x11, 0x03, 0x11, 0x03, 0x11, 0x03, 0x11, 0x03, 0x11, 0x03, 0x11, 0x03, 0x11, 0x03, 0x11,
    0x03, 0x11, 0x03, 0x11, 0x03, 0x11, 0x03, 0x11, 0x03, 0x11, 0x03, 0x11, 0x03, 0x11, 0x03, 0x11, 0x03, 0x11, 0x03, 0x11, 0x03, 0x11, 0x03, 0x11,
    0x27, 0x2b, 0x27, 0x2b, 0x27, 0x2b, 0x27, 0x2b, 0x27, 0x2b, 0x27, 0x2b, 0x27, 0x2b, 0x27, 0x2b, 0x27, 0x2b, 0x27, 0x2b, 0x27, 0x2b, 0x27, 0x2b,
    0x27, 0x2b, 0x27, 0x2b, 0x27, 0x2b, 0x27, 0x2b, 0x03, 0x11, 0x03, 0x11, 0x03, 0x11, 0x03, 0x11, 0x03, 0x11, 0x03, 0x11, 0x03, 0x11, 0x03, 0x11,
    0x03, 0x11, 0x03, 0x11, 0x03, 0x11, 0x03, 0x11, 0x27, 0x2b, 0x27, 0x2b, 0x27, 0x2b, 0x27, 0x2b, 0x27, 0x2b, 0x27, 0x2b, 0x27, 0x2b, 0x27, 0x2b,
    0x27, 0x2b, 0x27, 0x2b, 0x27, 0x2b, 0x27, 0x2b, 0x27, 0x2b, 0x27, 0x2b, 0x27, 0x2b, 0x27, 0x2b, 0x03, 0x11, 0x03, 0x11, 0x03, 0x11, 0x03, 0x11,
    0x03, 0x11, 0x03, 0x11, 0x03, 0x11, 0x03, 0x11, 0x03, 0x11, 0x03, 0x11, 0x03, 0x11, 0x03, 0x11, 0x03, 0x11, 0x03, 0x11, 0x03, 0x11, 0x03, 0x11,
    0x03, 0x11, 0x03, 0x11, 0x03, 0x11, 0x03, 0x11, 0x03, 0x11, 0x03, 0x11, 0x03, 0x11, 0x03, 0x11, 0x03, 0x11, 0x03, 0x11, 0x03, 0x11, 0x03, 0x11,
    0x03, 0x11, 0x03, 0x11, 0x03, 0x11, 0x03, 0x11, 0x03, 0x11, 0x03, 0x11, 0x03, 0x11, 0x03, 0x11, 0x27, 0x2b, 0x27, 0x2b, 0x27, 0x2b, 0x27, 0x2b,
    0x27, 0x2b, 0x27, 0x2b, 0x27, 0x2b, 0x27, 0x2b, 0x27, 0x2b, 0x27, 0x2b, 0x27, 0x2b, 0x27, 0x2b, 0x27, 0x2b, 0x27, 0x2b, 0x27, 0x2b, 0x27, 0x2b,
    0x03, 0x11, 0x03, 0x11, 0x03, 0x11, 0x03, 0x11, 0x03, 0x11, 0x03, 0x11, 0x03, 0x11, 0x03, 0x11, 0x03, 0x11, 0x03, 0x11, 0x03, 0x11, 0x03, 0x11,
    0x27, 0x2b, 0x27, 0x2b, 0x27, 0x2b, 0x27, 0x2b, 0x27, 0x2b, 0x27, 0x2b, 0x27, 0x2b, 0x27, 0x2b, 0x27, 0x2b, 0x27, 0x2b, 0x27, 0x2b, 0x27, 0x2b,
    0x27, 0x2b, 0x27, 0x2b, 0x27, 0x2b, 0x27, 0x2b, 0x03, 0x11, 0x03, 0x11, 0x03, 0x11, 0x03, 0x11, 0x03, 0x11, 0x03, 0x11, 0x03, 0x11, 0x03, 0x11,
    0x03, 0x11, 0x03, 0x11, 0x03, 0x11, 0x03, 0x11, 0x03, 0x11, 0x03, 0x11, 0x03, 0x11, 0x03, 0x11, 0x03, 0x11, 0x03, 0x11, 0x03, 0x11, 0x03, 0x11,
    0x03, 0x11, 0x03, 0x11, 0x03, 0x11, 0x03, 0x11, 0x03, 0x11, 0x03, 0x11, 0x03, 0x11, 0x03, 0x11, 0x03, 0x11, 0x03, 0x11, 0x03, 0x11, 0x03, 0x11,
    0x03, 0x11, 0x03, 0x11, 0x03, 0x11, 0x03, 0x11, 0x03, 0x11, 0x03, 0x11, 0x03, 0x11, 0x03, 0x11, 0x03, 0x11, 0x03, 0x11, 0x03, 0x11, 0x03, 0x11,
    0x03, 0x11, 0x03, 0x11, 0x03, 0x11, 0x03, 0x11, 0x03, 0x11, 0x03, 0x11, 0x03, 0x11, 0x03, 0x11, 0x03, 0x11, 0x03, 0x11, 0x03, 0x11, 0x03, 0x11,
    0x03, 0x11, 0x03, 0x11, 0x03, 0x11, 0x03, 0x11, 0x03, 0x11, 0x03, 0x11, 0x03, 0x11, 0x03, 0x11, 0x03, 0x11, 0x03, 0x11, 0x03, 0x11, 0x03, 0x11,
    0x03, 0x11, 0x03, 0x11, 0x03, 0x11, 0x03, 0x11, 0x03, 0x11, 0x03, 0x11, 0x03, 0x11, 0x03, 0x11, 0x03, 0x11, 0x03, 0x11, 0x03, 0x11, 0x03, 0x11,
    0x03, 0x11, 0x03, 0x11, 0x03, 0x11, 0x03, 0x11, 0x03, 0x11, 0x03, 0x11, 0x03, 0x11, 0x03, 0x11, 0x03, 0x11, 0x03, 0x11, 0x03, 0x11, 0x03, 0x11,
    0x03, 0x11, 0x03, 0x11, 0x03, 0x11, 0x03, 0x11, 0x03, 0x11, 0x03, 0x11, 0x03, 0x11, 0x03, 0x11, 0x03, 0x11, 0x03, 0x11, 0x03, 0x11, 0x03, 0x11,
    0x03, 0x11, 0x03, 0x11, 0x03, 0x11, 0x03, 0x11, 0x03, 0x11, 0x03, 0x11, 0x03, 0x11, 0x03, 0x11, 0x03, 0x11, 0x03, 0x11, 0x03, 0x11, 0x03, 0x11,
    0x03, 0x11, 0x03, 0x11, 0x03, 0x11, 0x03, 0x11, 0x03, 0x11, 0x03, 0x11, 0x03, 0x11, 0x03, 0x11, 0x03, 0x11, 0x03, 0x11, 0x03, 0x11, 0x03, 0x11,
    0x03, 0x11, 0x03, 0x11, 0x03, 0x11, 0x03, 0x11, 0x03, 0x11, 0x03, 0x11, 0x03, 0x11, 0x03, 0x11, 0x03, 0x11, 0x03, 0x11, 0x03, 0x11, 0x03, 0x11,
    0x03, 0x11, 0x03, 0x11, 0x03, 0x11, 0x03, 0x11, 0x03, 0x11, 0x03, 0x11, 0x03, 0x11, 0x03, 0x11, 0x03, 0x11, 0x03, 0x11, 0x03, 0x11, 0x03, 0x11,
    0x03, 0x11, 0x03, 0x11, 0x03, 0x11, 0x03, 0x11, 0x03, 0x11, 0x03, 0x11, 0x03, 0x11, 0x03, 0x11, 0x03, 0x11, 0x03, 0x11, 0x03, 0x11, 0x03, 0x11,
    0x03, 0x11, 0x03, 0x11, 0x03, 0x11, 0x03, 0x11, 0x03, 0x11, 0x03, 0x11, 0x03, 0x11, 0x03, 0x11, 0x03, 0x11, 0x03, 0x11, 0x03, 0x11, 0x03, 0x11,
    0x03, 0x11, 0x03, 0x11, 0x03, 0x11, 0x03, 0x11, 0x03, 0x11, 0x03, 0x11, 0x03, 0x11, 0x03, 0x11, 0x03, 0x11, 0x03, 0x11, 0x03, 0x11, 0x03, 0x11,
    0x03, 0x11, 0x03, 0x11, 0x03, 0x11, 0x03, 0x11, 0x03, 0x11, 0x03, 0x11, 0x03, 0x11, 0x03, 0x11, 0x03, 0x11, 0x03, 0x11, 0x03, 0x11, 0x03, 0x11,
    0x03, 0x11, 0x03, 0x11, 0x03, 0x11, 0x03, 0x11, 0x03, 0x11, 0x03, 0x11, 0x03, 0x11, 0x03, 0x11, 0x03, 0x11, 0x03, 0x11, 0x03, 0x11, 0x03, 0x11,
    0x03, 0x11, 0x03, 0x11, 0x03, 0x11, 0x03, 0x11, 0x03, 0x11, 0x03, 0x11, 0x03, 0x11, 0x03, 0x11, 0x03, 0x11, 0x03, 0x11, 0x03, 0x11, 0x03, 0x11,
    0x03, 0x11, 0x03, 0x11, 0x03, 0x11, 0x03, 0x11, 0x03, 0x11, 0x03, 0x11, 0x03, 0x11, 0x03, 0x11, 0x03, 0x11, 0x03, 0x11, 0x03, 0x11, 0x03, 0x11,
    0x03, 0x11, 0x03, 0x11, 0x03, 0x11, 0x03, 0x11, 0x03, 0x11, 0x03, 0x11, 0x03, 0x11, 0x03, 0x11, 0x03, 0x11, 0x03, 0x11, 0x03, 0x11, 0x03, 0x11,
    0x03, 0x11, 0x03, 0x11, 0x03, 0x11, 0x03, 0x11, 0x03, 0x11, 0x03, 0x11, 0x03, 0x11, 0x03, 0x11, 0x03, 0x11, 0x03, 0x11, 0x03, 0x11, 0x03, 0x11,
    0x03, 0x11, 0x03, 0x11, 0x03, 0x11, 0x03, 0x11, 0x03, 0x11, 0x03, 0x11, 0x03, 0x11, 0x03, 0x11, 0x03, 0x11, 0x03, 0x11, 0x03, 0x11, 0x03, 0x11,
    0x03, 0x11, 0x03, 0x11, 0x03, 0x11, 0x03, 0x11, 0x03, 0x11, 0x03, 0x11, 0x03, 0x11, 0x03, 0x11, 0x03, 0x11, 0x03, 0x11, 0x03, 0x11, 0x03, 0x11,
    0x03, 0x11, 0x03, 0x11, 0x03, 0x11, 0x03, 0x11, 0x03, 0x11, 0x03, 0x11, 0x03, 0x11, 0x03, 0x11, 0x03, 0x11, 0x03, 0x11, 0x03, 0x11, 0x03, 0x11,
    0x03, 0x11, 0x03, 0x11, 0x03, 0x11, 0x03, 0x11, 0x03, 0x11, 0x03, 0x11, 0x03, 0x11, 0x03, 0x11, 0x03, 0x11, 0x03, 0x11, 0x03, 0x11, 0x03, 0x11,
    0x03, 0x11, 0x03, 0x11, 0x03, 0x11, 0x03, 0x11, 0x03, 0x11, 0x03, 0x11, 0x03, 0x11, 0x03, 0x11, 0x03, 0x11, 0x03, 0x11, 0x03, 0x11, 0x03, 0x11,
    0x03, 0x11, 0x03, 0x11, 0x03, 0x11, 0x03, 0x11, 0x03, 0x11, 0x03, 0x11, 0x03, 0x11, 0x03, 0x11, 0x03, 0x11, 0x03, 0x11, 0x03, 0x11, 0x03, 0x11,
    0x03, 0x11, 0x03, 0x11, 0x03, 0x11, 0x03, 0x11, 0x03, 0x11, 0x03, 0x11, 0x03, 0x11, 0x03, 0x11, 0x03, 0x11, 0x03, 0x11, 0x03, 0x11, 0x03, 0x11,
    0x03, 0x11, 0x03, 0x11, 0x03, 0x11, 0x03, 0x11, 0x03, 0x11, 0x03, 0x11, 0x03, 0x11, 0x03, 0x11, 0x03, 0x11, 0x03, 0x11, 0x03, 0x11, 0x03, 0x11,
    0x03, 0x11, 0x03, 0x11, 0x03, 0x11, 0x03, 0x11, 0x03, 0x11, 0x03, 0x11, 0x03, 0x11, 0x03, 0x11, 0x03, 0x11, 0x03, 0x11, 0x03, 0x11, 0x03, 0x11,
    0x03, 0x11, 0x03, 0x11, 0x03, 0x11, 0x03, 0x11, 0x03, 0x11, 0x03, 0x11, 0x03, 0x11, 0x03, 0x11, 0x03, 0x11, 0x03, 0x11, 0x03, 0x11, 0x03, 0x11,
    0x03, 0x11, 0x03, 0x11, 0x03, 0x11, 0x03, 0x11, 0x03, 0x11, 0x03, 0x11, 0x03, 0x11, 0x03, 0x11, 0x03, 0x11, 0x03, 0x11, 0x03, 0x11, 0x03, 0x11,
    0x03, 0x11, 0x03, 0x11, 0x03, 0x11, 0x03, 0x11, 0x03, 0x11, 0x03, 0x11, 0x03, 0x11, 0x03, 0x11, 0x03, 0x11, 0x03, 0x11, 0x03, 0x11, 0x03, 0x11,
    0x03, 0x11, 0x03, 0x11, 0x03, 0x11, 0x03, 0x11, 0x03, 0x11, 0x03, 0x11, 0x03, 0x11, 0x03, 0x11, 0x03, 0x11, 0x03, 0x11, 0x03, 0x11, 0x03, 0x11,
    0x03, 0x11, 0x03, 0x11, 0x03, 0x11, 0x03, 0x11, 0x03, 0x11, 0x03, 0x11, 0x03, 0x11, 0x03, 0x11, 0x03, 0x11, 0x03, 0x11, 0x03, 0x11, 0x03, 0x11,
    0x03, 0x11, 0x03, 0x11, 0x03, 0x11, 0x03, 0x11, 0x03, 0x11, 0x03, 0x11, 0x03, 0x11, 0x03, 0x11, 0x03, 0x11, 0x03, 0x11, 0x03, 0x11, 0x03, 0x11,
    0x03, 0x11, 0x03, 0x11, 0x03, 0x11, 0x03, 0x11, 0x03, 0x11, 0x03, 0x11, 0x03, 0x11, 0x03, 0x11, 0x03, 0x11, 0x03, 0x11, 0x03, 0x11, 0x03, 0x11,
    0x03, 0x11, 0x03, 0x11, 0x03, 0x11, 0x03, 0x11, 0x03, 0x11, 0x03, 0x11, 0x03, 0x11, 0x03, 0x11, 0x03, 0x11, 0x03, 0x11, 0x03, 0x11, 0x03, 0x11,
    0x03, 0x11, 0x03, 0x11, 0x03, 0x11, 0x03, 0x11, 0x03, 0x11, 0x03, 0x11, 0x03, 0x11, 0x03, 0x11, 0x03, 0x11, 0x03, 0x11, 0x03, 0x11, 0x03, 0x11,
    0x03, 0x11, 0x03, 0x11, 0x03, 0x11, 0x03, 0x11, 0x03, 0x11, 0x03, 0x11, 0x03, 0x11, 0x03, 0x11, 0x03, 0x11, 0x03, 0x11, 0x03, 0x11, 0x03, 0x11,
    0x03, 0x11, 0x03, 0x11, 0x03, 0x11, 0x03, 0x11, 0x03, 0x11, 0x03, 0x11, 0x03, 0x11, 0x03, 0x11, 0x03, 0x11, 0x03, 0x11, 0x03, 0x11, 0x03, 0x11,
    0x03, 0x11, 0x03, 0x11, 0x03, 0x11, 0x03, 0x11, 0x03, 0x11, 0x03, 0x11, 0x03, 0x11, 0x03, 0x11, 0x03, 0x11, 0x03, 0x11, 0x03, 0x11, 0x03, 0x11,
    0x03, 0x11, 0x03, 0x11, 0x03, 0x11, 0x03, 0x11, 0x03, 0x11, 0x03, 0x11, 0x03, 0x11, 0x03, 0x11, 0x03, 0x11, 0x03, 0x11, 0x03, 0x11, 0x03, 0x11,
    0x03, 0x11, 0x03, 0x11, 0x03, 0x11, 0x03, 0x11, 0x03, 0x11, 0x03, 0x11, 0x03, 0x11, 0x03, 0x11, 0x03, 0x11, 0x03, 0x11, 0x03, 0x11, 0x03, 0x11,
    0x03, 0x11, 0x03, 0x11, 0x03, 0x11, 0x03, 0x11, 0x03, 0x11, 0x03, 0x11, 0x03, 0x11, 0x03, 0x11, 0x03, 0x11, 0x03, 0x11, 0x03, 0x11, 0x03, 0x11,
    0x03, 0x11, 0x03, 0x11, 0x03, 0x11, 0x03, 0x11, 0x03, 0x11, 0x03, 0x11, 0x03, 0x11, 0x03, 0x11, 0x03, 0x11, 0x03, 0x11, 0x03, 0x11, 0x03, 0x11,
    0x03, 0x11, 0x03, 0x11, 0x03, 0x11, 0x03, 0x11, 0x03, 0x11, 0x03, 0x11, 0x03, 0x11, 0x03, 0x11, 0x03, 0x11, 0x03, 0x11, 0x03, 0x11, 0x03, 0x11,
    0x03, 0x11, 0x03, 0x11, 0x03, 0x11, 0x03, 0x11, 0x03, 0x11, 0x03, 0x11, 0x03, 0x11, 0x03, 0x11, 0x03, 0x11, 0x03, 0x11, 0x03, 0x11, 0x03, 0x11,
    0x03, 0x11, 0x03, 0x11, 0x03, 0x11, 0x03, 0x11, 0x03, 0x11, 0x03, 0x11, 0x03, 0x11, 0x03, 0x11, 0x03, 0x11, 0x03, 0x11, 0x03, 0x11, 0x03, 0x11,
    0x03, 0x11, 0x03, 0x11, 0x03, 0x11, 0x03, 0x11, 0x03, 0x11, 0x03, 0x11, 0x03, 0x11, 0x03, 0x11, 0x03, 0x11, 0x03, 0x11, 0x03, 0x11, 0x03, 0x11,
    0x03, 0x11, 0x03, 0x11, 0x03, 0x11, 0x03, 0x11, 0x03, 0x11, 0x03, 0x11, 0x03, 0x11, 0x03, 0x11, 0x03, 0x11, 0x03, 0x11, 0x03, 0x11, 0x03, 0x11,
    0x03, 0x11, 0x03, 0x11, 0x03, 0x11, 0x03, 0x11, 0x03, 0x11, 0x03, 0x11, 0x03, 0x11, 0x03, 0x11, 0x03, 0x11, 0x03, 0x11, 0x03, 0x11, 0x03, 0x11,
    0x03, 0x11, 0x03, 0x11, 0x03, 0x11, 0x03, 0x11, 0x03, 0x11, 0x03, 0x11, 0x03, 0x11, 0x03, 0x11, 0x03, 0x11, 0x03, 0x11, 0x03, 0x11, 0x03, 0x11,
    0x03, 0x11, 0x03, 0x11, 0x03, 0x11, 0x03, 0x11, 0x03, 0x11, 0x03, 0x11, 0x03, 0x11, 0x03, 0x11, 0x03, 0x11, 0x03, 0x11, 0x03, 0x11, 0x03, 0x11,
    0x03, 0x11, 0x03, 0x11, 0x03, 0x11, 0x03, 0x11, 0x03, 0x11, 0x03, 0x11, 0x03, 0x11, 0x03, 0x11, 0x03, 0x11, 0x03, 0x11, 0x03, 0x11, 0x03, 0x11,
    0x03, 0x11, 0x03, 0x11, 0x03, 0x11, 0x03, 0x11, 0x03, 0x11, 0x03, 0x11, 0x03, 0x11, 0x03, 0x11, 0x03, 0x11, 0x03, 0x11, 0x03, 0x11, 0x03, 0x11,
    0x03, 0x11, 0x03, 0x11, 0x03, 0x11, 0x03, 0x11, 0x03, 0x11, 0x03, 0x11, 0x03, 0x11, 0x03, 0x11, 0x03, 0x11, 0x03, 0x11, 0x03, 0x11, 0x03, 0x11,
    0x03, 0x11, 0x03, 0x11, 0x03, 0x11, 0x03, 0x11, 0x03, 0x11, 0x03, 0x11, 0x03, 0x11, 0x03, 0x11, 0x03, 0x11, 0x03, 0x11, 0x03, 0x11, 0x03, 0x11,
    0x03, 0x11, 0x03, 0x11, 0x03, 0x11, 0x03, 0x11, 0x03, 0x11, 0x03, 0x11, 0x03, 0x11, 0x03, 0x11, 0x03, 0x11, 0x03, 0x11, 0x03, 0x11, 0x03, 0x11,
    0x03, 0x11, 0x03, 0x11, 0x03, 0x11, 0x03, 0x11, 0x03, 0x11, 0x03, 0x11, 0x03, 0x11, 0x03, 0x11, 0x03, 0x11, 0x03, 0x11, 0x03, 0x11, 0x03, 0x11,
    0x03, 0x11, 0x03, 0x11, 0x03, 0x11, 0x03, 0x11, 0x03, 0x11, 0x03, 0x11, 0x03, 0x11, 0x03, 0x11, 0x03, 0x11, 0x03, 0x11, 0x03, 0x11, 0x03, 0x11,
    0x03, 0x11, 0x03, 0x11, 0x03, 0x11, 0x03, 0x11, 0x03, 0x11, 0x03, 0x11, 0x03, 0x11, 0x03, 0x11, 0x03, 0x11, 0x03, 0x11, 0x03, 0x11, 0x03, 0x11,
    0x03, 0x11, 0x03, 0x11, 0x03, 0x11, 0x03, 0x11, 0x03, 0x11, 0x03, 0x11, 0x03, 0x11, 0x03, 0x11, 0x03, 0x11, 0x03, 0x11, 0x03, 0x11, 0x03, 0x11,
    0x03, 0x11, 0x03, 0x11, 0x03, 0x11, 0x03, 0x11, 0x03, 0x11, 0x03, 0x11, 0x03, 0x11, 0x03, 0x11, 0x03, 0x11, 0x03, 0x11, 0x03, 0x11, 0x03, 0x11,
    0x03, 0x11, 0x03, 0x11, 0x03, 0x11, 0x03, 0x11, 0x03, 0x11, 0x03, 0x11, 0x03, 0x11, 0x03, 0x11, 0x03, 0x11, 0x03, 0x11, 0x03, 0x11, 0x03, 0x11,
    0x03, 0x11, 0x03, 0x11, 0x03, 0x11, 0x03, 0x11, 0x03, 0x11, 0x03, 0x11, 0x03, 0x11, 0x03, 0x11, 0x03, 0x11, 0x03, 0x11, 0x03, 0x11, 0x03, 0x11,
    0x03, 0x11, 0x03, 0x11, 0x03, 0x11, 0x03, 0x11, 0x03, 0x11, 0x03, 0x11, 0x03, 0x11, 0x03, 0x11, 0x03, 0x11, 0x03, 0x11, 0x03, 0x11, 0x03, 0x11,
    0x03, 0x11, 0x03, 0x11, 0x03, 0x11, 0x03, 0x11,
};
const lv_img_dsc_t pet_scratch_1 = {
    .header.cf = LV_IMG_CF_TRUE_COLOR,
    .header.always_zero = 0,
    .header.reserved = 0,
    .header.w = 80,
    .header.h = 80,
    .data_size = 12800,
    .data = pet_scratch_1_map,
};

static const LV_ATTRIBUTE_MEM_ALIGN LV_ATTRIBUTE_LARGE_CONST uint8_t pet_scratch_2_map[] = {
    0x03, 0x11, 0x03, 0x11, 0x03, 0x11, 0x03, 0x11, 0x03, 0x11, 0x03, 0x11, 0x03, 0x11, 0x03, 0x11, 0x03, 0x11, 0x03, 0x11, 0x03, 0x11, 0x03, 0x11,
    0x03, 0x11, 0x03, 0x11, 0x03, 0x11, 0x03, 0x11, 0x03, 0x11, 0x03, 0x11, 0x03, 0x11, 0x03, 0x11, 0x03, 0x11, 0x03, 0x11, 0x03, 0x11, 0x03, 0x11,
    0x03, 0x11, 0x03, 0x11, 0x03, 0x11, 0x03, 0x11, 0x03, 0x11, 0x03, 0x11, 0x03, 0x11, 0x03, 0x11, 0x03, 0x11, 0x03, 0x11, 0x03, 0x11, 0x03, 0x11,
    0x03, 0x11, 0x03, 0x11, 0x03, 0x11, 0x03, 0x11, 0x03, 0x11, 0x03, 0x11, 0x03, 0x11, 0x03, 0x11, 0x03, 0x11, 0x03, 0x11, 0x03, 0x11, 0x03, 0x11,
    0x03, 0x11, 0x03, 0x11, 0x03, 0x11, 0x03, 0x11, 0x03, 0x11, 0x03, 0x11, 0x03, 0x11, 0x03, 0x11, 0x03, 0x11, 0x03, 0x11, 0x03, 0x11, 0x03, 0x11,
    0x03, 0x11, 0x03, 0x11, 0x03, 0x11, 0x03, 0x11, 0x03, 0x11, 0x03, 0x11, 0x03, 0x11, 0x03, 0x11, 0x03, 0x11, 0x03, 0x11, 0x03, 0x11, 0x03, 0x11,
    0x03, 0x11, 0x03, 0x11, 0x03, 0x11, 0x03, 0x11, 0x03, 0x11, 0x03, 0x11, 0x03, 0x11, 0x03, 0x11, 0x03, 0x11, 0x03, 0x11, 0x03, 0x11, 0x03, 0x11,
    0x03, 0x11, 0x03, 0x11, 0x03, 0x11, 0x03, 0x11, 0x03, 0x11, 0x03, 0x11, 0x03, 0x11, 0x03, 0x11, 0x03, 0x11, 0x03, 0x11, 0x03, 0x11, 0x03, 0x11,
    0x03, 0x11, 0x03, 0x11, 0x03, 0x11, 0x03, 0x11, 0x03, 0x11, 0x03, 0x11, 0x03, 0x11, 0x03, 0x11, 0x03, 0x11, 0x03, 0x11, 0x03, 0x11, 0x03, 0x11,
    0x03, 0x11, 0x03, 0x11, 0x03, 0x11, 0x03, 0x11, 0x03, 0x11, 0x03, 0x11, 0x03, 0x11, 0x03, 0x11, 0x03, 0x11, 0x03, 0x11, 0x03, 0x11, 0x03, 0x11,
    0x03, 0x11, 0x03, 0x11, 0x03, 0x11, 0x03, 0x11, 0x03, 0x11, 0x03, 0x11, 0x03, 0x11, 0x03, 0x11, 0x03, 0x11, 0x03, 0x11, 0x03, 0x11, 0x03, 0x11,
    0x03, 0x11, 0x03, 0x11, 0x03, 0x11, 0x03, 0x11, 0x03, 0x11, 0x03, 0x11, 0x03, 0x11, 0x03, 0x11, 0x03, 0x11, 0x03, 0x11, 0x03, 0x11, 0x03, 0x11,
    0x03, 0x11, 0x03, 0x11, 0x03, 0x11, 0x03, 0x11, 0x03, 0x11, 0x03, 0x11, 0x03, 0x11, 0x03, 0x11, 0x03, 0x11, 0x03, 0x11, 0x03, 0x11, 0x03, 0x11,
    0x03, 0x11, 0x03, 0x11, 0x03, 0x11, 0x03, 0x11, 0x03, 0x11, 0x03, 0x11, 0x03, 0x11, 0x03, 0x11, 0x03, 0x11, 0x03, 0x11, 0x03, 0x11, 0x03, 0x11,
    0x03, 0x11, 0x03, 0x11, 0x03, 0x11, 0x03, 0x11, 0x03, 0x11, 0x03, 0x11, 0x03, 0x11, 0x03, 0x11, 0x03, 0x11, 0x03, 0x11, 0x03, 0x11, 0x03, 0x11,
    0x03, 0x11, 0x03, 0x11, 0x03, 0x11, 0x03, 0x11, 0x03, 0x11, 0x03, 0x11, 0x03, 0x11, 0x03, 0x11, 0x03, 0x11, 0x03, 0x11, 0x03, 0x11, 0x03, 0x11,
    0x03, 0x11, 0x03, 0x11, 0x03, 0x11, 0x03, 0x11, 0x03, 0x11, 0x03, 0x11, 0x03, 0x11, 0x03, 0x11, 0x03, 0x11, 0x03, 0x11, 0x03, 0x11, 0x03, 0x11,
    0x03, 0x11, 0x03, 0x11, 0x03, 0x11, 0x03, 0x11, 0x03, 0x11, 0x03, 0x11, 0x03, 0x11, 0x03, 0x11, 0x03, 0x11, 0x03, 0x11, 0x03, 0x11, 0x03, 0x11,
    0x03, 0x11, 0x03, 0x11, 0x03, 0x11, 0x03, 0x11, 0x03, 0x11, 0x03, 0x11, 0x03, 0x11, 0x03, 0x11, 0x03, 0x11, 0x03, 0x11, 0x03, 0x11, 0x03, 0x11,
    0x03, 0x11, 0x03, 0x11, 0x03, 0x11, 0x03, 0x11, 0x03, 0x11, 0x03, 0x11, 0x03, 0x11, 0x03, 0x11, 0x03, 0x11, 0x03, 0x11, 0x03, 0x11, 0x03, 0x11,
    0x03, 0x11, 0x03, 0x11, 0x03, 0x11, 0x03, 0x11, 0x03, 0x11, 0x03, 0x11, 0x03, 0x11, 0x03, 0x11, 0x03, 0x11, 0x03, 0x11, 0x03, 0x11, 0x03, 0x11,
    0x03, 0x11, 0x03, 0x11, 0x03, 0x11, 0x03, 0x11, 0x03, 0x11, 0x03, 0x11, 0x03, 0x11, 0x03, 0x11, 0x03, 0x11, 0x03, 0x11, 0x03, 0x11, 0x03, 0x11,
    0x03, 0x11, 0x03, 0x11, 0x03, 0x11, 0x03, 0x11, 0x03, 0x11, 0x03, 0x11, 0x03, 0x11, 0x03, 0x11, 0x03, 0x11, 0x03, 0x11, 0x03, 0x11, 0x03, 0x11,
    0x03, 0x11, 0x03, 0x11, 0x03, 0x11, 0x03, 0x11, 0x03, 0x11, 0x03, 0x11, 0x03, 0x11, 0x03, 0x11, 0x03, 0x11, 0x03, 0x11, 0x03, 0x11, 0x03, 0x11,
    0x03, 0x11, 0x03, 0x11, 0x03, 0x11, 0x03, 0x11, 0x03, 0x11, 0x03, 0x11, 0x03, 0x11, 0x03, 0x11, 0x03, 0x11, 0x03, 0x11, 0x03, 0x11, 0x03, 0x11,
    0x03, 0x11, 0x03, 0x11, 0x03, 0x11, 0x03, 0x11, 0x03, 0x11, 0x03, 0x11, 0x03, 0x11, 0x03, 0x11, 0x03, 0x11, 0x03, 0x11, 0x03, 0x11, 0x03, 0x11,
    0x03, 0x11, 0x03, 0x11, 0x03, 0x11, 0x03, 0x11, 0x03, 0x11, 0x03, 0x11, 0x03, 0x11, 0x03, 0x11, 0x03, 0x11, 0x03, 0x11, 0x03, 0x11, 0x03, 0x11,
    0x03, 0x11, 0x03, 0x11, 0x03, 0x11, 0x03, 0x11, 0x03, 0x11, 0x03, 0x11, 0x03, 0x11, 0x03, 0x11, 0x4b, 0xee, 0x4b, 0xee, 0x4b, 0xee, 0x4b, 0xee,
    0x03, 0x11, 0x03, 0x11, 0x03, 0x11, 0x03, 0x11, 0xce, 0x9e, 0xce, 0x9e, 0x03, 0x11, 0x03, 0x11, 0x03, 0x11, 0x03, 0x11, 0x03, 0x11, 0x03, 0x11,
    0x03, 0x11, 0x03, 0x11, 0x03, 0x11, 0x03, 0x11, 0x03, 0x11, 0x03, 0x11, 0x03, 0x11, 0x03, 0x11, 0x03, 0x11, 0x03, 0x11, 0x03, 0x11, 0x03, 0x11,
    0x03, 0x11, 0x03, 0x11, 0x03, 0x11, 0x03, 0x11, 0x03, 0x11, 0x03, 0x11, 0x03, 0x11, 0x03, 0x11, 0x03, 0x11, 0x03, 0x11, 0x03, 0x11, 0x03, 0x11,
    0x03, 0x11, 0x03, 0x11, 0x03, 0x11, 0x03, 0x11, 0x03, 0x11, 0x03, 0x11, 0xce, 0x9e, 0xce, 0x9e, 0x03, 0x11, 0x03, 0x11, 0x03, 0x11, 0x03, 0x11,
    0x03, 0x11, 0x03, 0x11, 0x03, 0x11, 0x03, 0x11, 0x03, 0x11, 0x03, 0x11, 0x03, 0x11, 0x03, 0x11, 0x03, 0x11, 0x03, 0x11, 0x03, 0x11, 0x03, 0x11,
    0x03, 0x11, 0x03, 0x11, 0x03, 0x11, 0x03, 0x11, 0x03, 0x11, 0x03, 0x11, 0x03, 0x11, 0x03, 0x11, 0x03, 0x11, 0x03, 0x11, 0x03, 0x11, 0x03, 0x11,
    0x03, 0x11, 0x03, 0x11, 0x03, 0x11, 0x03, 0x11, 0x4b, 0xee, 0x4b, 0xee, 0x4b, 0xee, 0x4b, 0xee, 0x03, 0x11, 0x03, 0x11, 0x03, 0x11, 0x03, 0x11,
    0xce, 0x9e, 0xce, 0x9e, 0x03, 0x11, 0x03, 0x11, 0x03, 0x11, 0x03, 0x11, 0x03, 0x11, 0x03, 0x11, 0x03, 0x11, 0x03, 0x11, 0x03, 0x11, 0x03, 0x11,
    0x03, 0x11, 0x03, 0x11, 0x03, 0x11, 0x03, 0x11, 0x03, 0x11, 0x03, 0x11, 0x03, 0x11, 0x03, 0x11, 0x03, 0x11, 0x03, 0x11, 0x03, 0x11, 0x03, 0x11,
    0x03, 0x11, 0x03, 0x11, 0x03, 0x11, 0x03, 0x11, 0x03, 0x11, 0x03, 0x11, 0x03, 0x11, 0x03, 0x11, 0x03, 0x11, 0x03, 0x11, 0x03, 0x11, 0x03, 0x11,
    0x03, 0x11, 0x03, 0x11, 0xce, 0x9e, 0xce, 0x9e, 0x03, 0x11, 0x03, 0x11, 0x03, 0x11, 0x03, 0x11, 0x03, 0x11, 0x03, 0x11, 0x03, 0x11, 0x03, 0x11,
    0x03, 0x11, 0x03, 0x11, 0x03, 0x11, 0x03, 0x11, 0x03, 0x11, 0x03, 0x11, 0x03, 0x11, 0x03, 0x11, 0x03, 0x11, 0x03, 0x11, 0x03, 0x11, 0x03, 0x11,
    0x03, 0x11, 0x03, 0x11, 0x03, 0x11, 0x03, 0x11, 0x03, 0x11, 0x03, 0x11, 0x03, 0x11, 0x03, 0x11, 0x03, 0x11, 0x03, 0x11, 0x03, 0x11, 0x03, 0x11,
    0x4b, 0xee, 0x4b, 0xee, 0x4b, 0xee, 0x4b, 0xee, 0x03, 0x11, 0x03, 0x11, 0x03, 0x11, 0x03, 0x11, 0xce, 0x9e, 0xce, 0x9e, 0xce, 0x9e, 0xce, 0x9e,
    0x03, 0x11, 0x03, 0x11, 0x03, 0x11, 0x03, 0x11, 0x03, 0x11, 0x03, 0x11, 0x03, 0x11, 0x03, 0x11, 0x03, 0x11, 0x03, 0x11, 0x03, 0x11, 0x03, 0x11,
    0x03, 0x11, 0x03, 0x11, 0x03, 0x11, 0x03, 0x11, 0x03, 0x11, 0x03, 0x11, 0x03, 0x11, 0x03, 0x11, 0x03, 0x11, 0x03, 0x11, 0x03, 0x11, 0x03, 0x11,
    0x03, 0x11, 0x03, 0x11, 0x03, 0x11, 0x03, 0x11, 0x03, 0x11, 0x03, 0x11, 0x03, 0x11, 0x03, 0x11, 0xce, 0x9e, 0xce, 0x9e, 0xce, 0x9e, 0xce, 0x9e,
    0x03, 0x11, 0x03, 0x11, 0x03, 0x11, 0x03, 0x11, 0x03, 0x11, 0x03, 0x11, 0x03, 0x11, 0x03, 0x11, 0x03, 0x11, 0x03, 0x11, 0x03, 0x11, 0x03, 0x11,
    0x03, 0x11, 0x03, 0x11, 0x03, 0x11, 0x03, 0x11, 0x03, 0x11, 0x03, 0x11, 0x03, 0x11, 0x03, 0x11, 0x03, 0x11, 0x03, 0x11, 0x03, 0x11, 0x03, 0x11,
    0x03, 0x11, 0x03, 0x11, 0x03, 0x11, 0x03, 0x11, 0x03, 0x11, 0x03, 0x11, 0x03, 0x11, 0x03, 0x11, 0x4b, 0xee, 0x4b, 0xee, 0x4b, 0xee, 0x4b, 0xee,
    0x03, 0x11, 0x03, 0x11, 0x03, 0x11, 0x03, 0x11, 0xce, 0x9e, 0xce, 0x9e, 0xce, 0x9e, 0xce, 0x9e, 0x03, 0x11, 0x03, 0x11, 0x03, 0x11, 0x03, 0x11,
    0x03, 0x11, 0x03, 0x11, 0x03, 0x11, 0x03, 0x11, 0x03, 0x11, 0x03, 0x11, 0x03, 0x11, 0x03, 0x11, 0x03, 0x11, 0x03, 0x11, 0x03, 0x11, 0x03, 0x11,
    0x03, 0x11, 0x03, 0x11, 0x03, 0x11, 0x03, 0x11, 0x03, 0x11, 0x03, 0x11, 0x03, 0x11, 0x03, 0x11, 0x03, 0x11, 0x03, 0x11, 0x03, 0x11, 0x03, 0x11,
    0x03, 0x11, 0x03, 0x11, 0x03, 0x11, 0x03, 0x11, 0xce, 0x9e, 0xce, 0x9e, 0xce, 0x9e, 0xce, 0x9e, 0x03, 0x11, 0x03, 0x11, 0x03, 0x11, 0x03, 0x11,
    0x03, 0x11, 0x03, 0x11, 0x03, 0x11, 0x03, 0x11, 0x03, 0x11, 0x03, 0x11, 0x03, 0x11, 0x03, 0x11, 0x03, 0x11, 0x03, 0x11, 0x03, 0x11, 0x03, 0x11,
    0x03, 0x11, 0x03, 0x11, 0x03, 0x11, 0x03, 0x11, 0x03, 0x11, 0x03, 0x11, 0x03, 0x11, 0x03, 0x11, 0x03, 0x11, 0x03, 0x11, 0x4b, 0xee, 0x4b, 0xee,
    0x4b, 0xee, 0x4b, 0xee, 0x03, 0x11, 0x03, 0x11, 0x4b, 0xee, 0x4b, 0xee, 0x4b, 0xee, 0x4b, 0xee, 0x03, 0x11, 0x03, 0x11, 0x03, 0x11, 0x03, 0x11,
    0x03, 0x11, 0x03, 0x11, 0xce, 0x9e, 0xce, 0x9e, 0xce, 0x9e, 0xce, 0x9e, 0xce, 0x9e, 0xce, 0x9e, 0x03, 0x11, 0x03, 0x11, 0x03, 0x11, 0x03, 0x11,
    0x03, 0x11, 0x03, 0x11, 0x03, 0x11, 0x03, 0x11, 0x03, 0x11, 0x03, 0x11, 0x03, 0x11, 0x03, 0x11, 0x03, 0x11, 0x03, 0x11, 0x03, 0x11, 0x03, 0x11,
    0x03, 0x11, 0x03, 0x11, 0x03, 0x11, 0x03, 0x11, 0x03, 0x11, 0x03, 0x11, 0x03, 0x11, 0x03, 0x11, 0x03, 0x11, 0x03, 0x11, 0xce, 0x9e, 0xce, 0x9e,
    0xce, 0x9e, 0xce, 0x9e, 0xce, 0x9e, 0xce, 0x9e, 0x03, 0x11, 0x03, 0x11, 0x03, 0x11, 0x03, 0x11, 0x03, 0x11, 0x03, 0x11, 0x03, 0x11, 0x03, 0x11,
    0x03, 0x11, 0x03, 0x11, 0x03, 0x11, 0x03, 0x11, 0x03, 0x11, 0x03, 0x11, 0x03, 0x11, 0x03, 0x11, 0x03, 0x11, 0x03, 0x11, 0x03, 0x11, 0x03, 0x11,
    0x03, 0x11, 0x03, 0x11, 0x03, 0x11, 0x03, 0x11, 0x03, 0x11, 0x03, 0x11, 0x4b, 0xee, 0x4b, 0xee, 0x4b, 0xee, 0x4b, 0xee, 0x03, 0x11, 0x03, 0x11,
    0x4b, 0xee, 0x4b, 0xee, 0x4b, 0xee, 0x4b, 0xee, 0x03, 0x11, 0x03, 0x11, 0x03, 0x11, 0x03, 0x11, 0x03, 0x11, 0x03, 0x11, 0xce, 0x9e, 0xce, 0x9e,
    0xce, 0x9e, 0xce, 0x9e, 0xce, 0x9e, 0xce, 0x9e, 0x03, 0x11, 0x03, 0x11, 0x03, 0x11, 0x03, 0x11, 0x03, 0x11, 0x03, 0x11, 0x03, 0x11, 0x03, 0x11,
    0x03, 0x11, 0x03, 0x11, 0x03, 0x11, 0x03, 0x11, 0x03, 0x11, 0x03, 0x11, 0x03, 0x11, 0x03, 0x11, 0x03, 0x11, 0x03, 0x11, 0x03, 0x11, 0x03, 0x11,
    0x03, 0x11, 0x03, 0x11, 0x03, 0x11, 0x03, 0x11, 0x03, 0x11, 0x03, 0x11, 0xce, 0x9e, 0xce, 0x9e, 0xce, 0x9e, 0xce, 0x9e, 0xce, 0x9e, 0xce, 0x9e,
    0x03, 0x11, 0x03, 0x11, 0x03, 0x11, 0x03, 0x11, 0x03, 0x11, 0x03, 0x11, 0x03, 0x11, 0x03, 0x11, 0x03, 0x11, 0x03, 0x11, 0x03, 0x11, 0x03, 0x11,
    0x03, 0x11, 0x03, 0x11, 0x03, 0x11, 0x03, 0x11, 0x03, 0x11, 0x03, 0x11, 0x03, 0x11, 0x03, 0x11, 0x03, 0x11, 0x03, 0x11, 0x03, 0x11, 0x03, 0x11,
    0x03, 0x11, 0x03, 0x11, 0x4b, 0xee, 0x4b, 0xee, 0x4b, 0xee, 0x4b, 0xee, 0x03, 0x11, 0x03, 0x11, 0x4b, 0xee, 0x4b, 0xee, 0x4b, 0xee, 0x4b, 0xee,
    0x03, 0x11, 0x03, 0x11, 0x03, 0x11, 0x03, 0x11, 0x03, 0x11, 0x03, 0x11, 0xce, 0x9e, 0xce, 0x9e, 0xce, 0x9e, 0xce, 0x9e, 0xce, 0x9e, 0xce, 0x9e,
    0xce, 0x9e, 0xce, 0x9e, 0x03, 0x11, 0x03, 0x11, 0x03, 0x11, 0x03, 0x11, 0x03, 0x11, 0x03, 0x11, 0x03, 0x11, 0x03, 0x11, 0x03, 0x11, 0x03, 0x11,
    0x03, 0x11, 0x03, 0x11, 0x03, 0x11, 0x03, 0x11, 0x03, 0x11, 0x03, 0x11, 0x03, 0x11, 0x03, 0x11, 0x03, 0x11, 0x03, 0x11, 0xce, 0x9e, 0xce, 0x9e,
    0xce, 0x9e, 0xce, 0x9e, 0xce, 0x9e, 0xce, 0x9e, 0xce, 0x9e, 0xce, 0x9e, 0xce, 0x9e, 0xce, 0x9e, 0x03, 0x11, 0x03, 0x11, 0x03, 0x11, 0x03, 0x11,
    0x03, 0x11, 0x03, 0x11, 0x03, 0x11, 0x03, 0x11, 0x03, 0x11, 0x03, 0x11, 0x03, 0x11, 0x03, 0x11, 0x03, 0x11, 0x03, 0x11, 0x03, 0x11, 0x03, 0x11,
    0x03, 0x11, 0x03, 0x11, 0x03, 0x11, 0x03, 0x11, 0x03, 0x11, 0x03, 0x11, 0x03, 0x11, 0x03, 0x11, 0x03, 0x11, 0x03, 0x11, 0x4b, 0xee, 0x4b, 0xee,
    0x4b, 0xee, 0x4b, 0xee, 0x03, 0x11, 0x03, 0x11, 0x4b, 0xee, 0x4b, 0xee, 0x4b, 0xee, 0x4b, 0xee, 0x03, 0x11, 0x03, 0x11, 0x03, 0x11, 0x03, 0x11,
    0x03, 0x11, 0x03, 0x11, 0xce, 0x9e, 0xce, 0x9e, 0xce, 0x9e, 0xce, 0x9e, 0xce, 0x9e, 0xce, 0x9e, 0xce, 0x9e, 0xce, 0x9e, 0x03, 0x11, 0x03, 0x11,
    0x03, 0x11, 0x03, 0x11, 0x03, 0x11, 0x03, 0x11, 0x03, 0x11, 0x03, 0x11, 0x03, 0x11, 0x03, 0x11, 0x03, 0x11, 0x03, 0x11, 0x03, 0x11, 0x03, 0x11,
    0x03, 0x11, 0x03, 0x11, 0x03, 0x11, 0x03, 0x11, 0x03, 0x11, 0x03, 0x11, 0xce, 0x9e, 0xce, 0x9e, 0xce, 0x9e, 0xce, 0x9e, 0xce, 0x9e, 0xce, 0x9e,
    0xce, 0x9e, 0xce, 0x9e, 0xce, 0x9e, 0xce, 0x9e, 0x03, 0x11, 0x03, 0x11, 0x03, 0x11, 0x03, 0x11, 0x03, 0x11, 0x03, 0x11, 0x03, 0x11, 0x03, 0x11,
    0x03, 0x11, 0x03, 0x11, 0x03, 0x11, 0x03, 0x11, 0x03, 0x11, 0x03, 0x11, 0x03, 0x11, 0x03, 0x11, 0x03, 0x11, 0x03, 0x11, 0x03, 0x11, 0x03, 0x11,
    0x03, 0x11, 0x03, 0x11, 0x03, 0x11, 0x03, 0x11, 0x03, 0x11, 0x03, 0x11, 0x4b, 0xee, 0x4b, 0xee, 0x4b, 0xee, 0x4b, 0xee, 0x03, 0x11, 0x03, 0x11,
    0x03, 0x11, 0x03, 0x11, 0x03, 0x11, 0x03, 0x11, 0x03, 0x11, 0x03, 0x11, 0x03, 0x11, 0x03, 0x11, 0x03, 0x11, 0x03, 0x11, 0x6b, 0x55, 0x6b, 0x55,
    0xce, 0x9e, 0xce, 0x9e, 0xce, 0x9e, 0xce, 0x9e, 0xce, 0x9e, 0xce, 0x9e, 0xce, 0x9e, 0xce, 0x9e, 0xce, 0x9e, 0xce, 0x9e, 0x6b, 0x55, 0x6b, 0x55,
    0x6b, 0x55, 0x6b, 0x55, 0x6b, 0x55, 0x6b, 0x55, 0x6b, 0x55, 0x6b, 0x55, 0x6b, 0x55, 0x6b, 0x55, 0x6b, 0x55, 0x6b, 0x55, 0x6b, 0x55, 0x6b, 0x55,
    0xce, 0x9e, 0xce, 0x9e, 0xce, 0x9e, 0xce, 0x9e, 0xce, 0x9e, 0xce, 0x9e, 0xce, 0x9e, 0xce, 0x9e, 0xce, 0x9e, 0xce, 0x9e, 0x03, 0x11, 0x03, 0x11,
    0x03, 0x11, 0x03, 0x11, 0x03, 0x11, 0x03, 0x11, 0x03, 0x11, 0x03, 0x11, 0x03, 0x11, 0x03, 0x11, 0x03, 0x11, 0x03, 0x11, 0x03, 0x11, 0x03, 0x11,
    0x03, 0x11, 0x03, 0x11, 0x03, 0x11, 0x03, 0x11, 0x03, 0x11, 0x03, 0x11, 0x03, 0x11, 0x03, 0x11, 0x03, 0x11, 0x03, 0x11, 0x03, 0x11, 0x03, 0x11,
    0x03, 0x11, 0x03, 0x11, 0x4b, 0xee, 0x4b, 0xee, 0x4b, 0xee, 0x4b, 0xee, 0x03, 0x11, 0x03, 0x11, 0x03, 0x11, 0x03, 0x11, 0x03, 0x11, 0x03, 0x11,
    0x03, 0x11, 0x03, 0x11, 0x03, 0x11, 0x03, 0x11, 0x03, 0x11, 0x03, 0x11, 0x6b, 0x55, 0x6b, 0x55, 0xce, 0x9e, 0xce, 0x9e, 0xce, 0x9e, 0xce, 0x9e,
    0xce, 0x9e, 0xce, 0x9e, 0xce, 0x9e, 0xce, 0x9e, 0xce, 0x9e, 0xce, 0x9e, 0x6b, 0x55, 0x6b, 0x55, 0x6b, 0x55, 0x6b, 0x55, 0x6b, 0x55, 0x6b, 0x55,
    0x6b, 0x55, 0x6b, 0x55, 0x6b, 0x55, 0x6b, 0x55, 0x6b, 0x55, 0x6b, 0x55, 0x6b, 0x55, 0x6b, 0x55, 0xce, 0x9e, 0xce, 0x9e, 0xce, 0x9e, 0xce, 0x9e,
    0xce, 0x9e, 0xce, 0x9e, 0xce, 0x9e, 0xce, 0x9e, 0xce, 0x9e, 0xce, 0x9e, 0x03, 0x11, 0x03, 0x11, 0x03, 0x11, 0x03, 0x11, 0x03, 0x11, 0x03, 0x11,
    0x03, 0x11, 0x03, 0x11, 0x03, 0x11, 0x03, 0x11, 0x03, 0x11, 0x03, 0x11, 0x03, 0x11, 0x03, 0x11, 0x03, 0x11, 0x03, 0x11, 0x03, 0x11, 0x03, 0x11,
    0x03, 0x11, 0x03, 0x11, 0x03, 0x11, 0x03, 0x11, 0x03, 0x11, 0x03, 0x11, 0x03, 0x11, 0x03, 0x11, 0x03, 0x11, 0x03, 0x11, 0x4b, 0xee, 0x4b, 0xee,
    0x4b, 0xee, 0x4b, 0xee, 0xce, 0x9e, 0xce, 0x9e, 0xce, 0x9e, 0xce, 0x9e, 0xce, 0x9e, 0xce, 0x9e, 0xce, 0x9e, 0xce, 0x9e, 0xce, 0x9e, 0xce, 0x9e,
    0xce, 0x9e, 0xce, 0x9e, 0x6b, 0x55, 0x6b, 0x55, 0xce, 0x9e, 0xce, 0x9e, 0x6b, 0x55, 0x6b, 0x55, 0x6b, 0x55, 0x6b, 0x55, 0x6b, 0x55, 0x6b, 0x55,
    0x6b, 0x55, 0x6b, 0x55, 0x6b, 0x55, 0x6b, 0x55, 0x6b, 0x55, 0x6b, 0x55, 0x6b, 0x55, 0x6b, 0x55, 0x6b, 0x55, 0x6b, 0x55, 0x6b, 0x55, 0x6b, 0x55,
    0x6b, 0x55, 0x6b, 0x55, 0x6b, 0x55, 0x6b, 0x55, 0x6b, 0x55, 0x6b, 0x55, 0xce, 0x9e, 0xce, 0x9e, 0xce, 0x9e, 0xce, 0x9e, 0xce, 0x9e, 0xce, 0x9e,
    0xce, 0x9e, 0xce, 0x9e, 0x27, 0x2b, 0x27, 0x2b, 0x03, 0x11, 0x03, 0x11, 0x03, 0x11, 0x03, 0x11, 0x03, 0x11, 0x03, 0x11, 0x03, 0x11, 0x03, 0x11,
    0x03, 0x11, 0x03, 0x11, 0x03, 0x11, 0x03, 0x11, 0x03, 0x11, 0x03, 0x11, 0x03, 0x11, 0x03, 0x11, 0x03, 0x11, 0x03, 0x11, 0x03, 0x11, 0x03, 0x11,
    0x03, 0x11, 0x03, 0x11, 0x03, 0x11, 0x03, 0x11, 0x03, 0x11, 0x03, 0x11, 0x4b, 0xee, 0x4b, 0xee, 0x4b, 0xee, 0x4b, 0xee, 0xce, 0x9e, 0xce, 0x9e,
    0xce, 0x9e, 0xce, 0x9e, 0xce, 0x9e, 0xce, 0x9e, 0xce, 0x9e, 0xce, 0x9e, 0xce, 0x9e, 0xce, 0x9e, 0xce, 0x9e, 0xce, 0x9e, 0x6b, 0x55, 0x6b, 0x55,
    0xce, 0x9e, 0xce, 0x9e, 0x6b, 0x55, 0x6b, 0x55, 0x6b, 0x55, 0x6b, 0x55, 0x6b, 0x55, 0x6b, 0x55, 0x6b, 0x55, 0x6b, 0x55, 0x6b, 0x55, 0x6b, 0x55,
    0x6b, 0x55, 0x6b, 0x55, 0x6b, 0x55, 0x6b, 0x55, 0x6b, 0x55, 0x6b, 0x55, 0x6b, 0x55, 0x6b, 0x55, 0x6b, 0x55, 0x6b, 0x55, 0x6b, 0x55, 0x6b, 0x55,
    0x6b, 0x55, 0x6b, 0x55, 0xce, 0x9e, 0xce, 0x9e, 0xce, 0x9e, 0xce, 0x9e, 0xce, 0x9e, 0xce, 0x9e, 0xce, 0x9e, 0xce, 0x9e, 0x27, 0x2b, 0x27, 0x2b,
    0x03, 0x11, 0x03, 0x11, 0x03, 0x11, 0x03, 0x11, 0x03, 0x11, 0x03, 0x11, 0x03, 0x11, 0x03, 0x11, 0x03, 0x11, 0x03, 0x11, 0x03, 0x11, 0x03, 0x11,
    0x03, 0x11, 0x03, 0x11, 0x03, 0x11, 0x03, 0x11, 0x03, 0x11, 0x03, 0x11, 0x03, 0x11, 0x03, 0x11, 0x03, 0x11, 0x03, 0x11, 0x03, 0x11, 0x03, 0x11,
    0x03, 0x11, 0x03, 0x11, 0x03, 0x11, 0x03, 0x11, 0x03, 0x11, 0x03, 0x11, 0xce, 0x9e, 0xce, 0x9e, 0xce, 0x9e, 0xce, 0x9e, 0xce, 0x9e, 0xce, 0x9e,
    0xce, 0x9e, 0xce, 0x9e, 0xce, 0x9e, 0xce, 0x9e, 0xce, 0x9e, 0xce, 0x9e, 0x6b, 0x55, 0x6b, 0x55, 0x6b, 0x55, 0x6b, 0x55, 0x6b, 0x55, 0x6b, 0x55,
    0x6b, 0x55, 0x6b, 0x55, 0x6b, 0x55, 0x6b, 0x55, 0x6b, 0x55, 0x6b, 0x55, 0x6b, 0x55, 0x6b, 0x55, 0x6b, 0x55, 0x6b, 0x55, 0x6b, 0x55, 0x6b, 0x55,
    0x6b, 0x55, 0x6b, 0x55, 0x6b, 0x55, 0x6b, 0x55, 0x6b, 0x55, 0x6b, 0x55, 0x6b, 0x55, 0x6b, 0x55, 0x6b, 0x55, 0x6b, 0x55, 0x6b, 0x55, 0x6b, 0x55,
    0x6b, 0x55, 0x6b, 0x55, 0xce, 0x9e, 0xce, 0x9e, 0xce, 0x9e, 0xce, 0x9e, 0x27, 0x2b, 0x27, 0x2b, 0x03, 0x11, 0x03, 0x11, 0x03, 0x11, 0x03, 0x11,
    0x03, 0x11, 0x03, 0x11, 0x03, 0x11, 0x03, 0x11, 0x03, 0x11, 0x03, 0x11, 0x03, 0x11, 0x03, 0x11, 0x03, 0x11, 0x03, 0x11, 0x03, 0x11, 0x03, 0x11,
    0x03, 0x11, 0x03, 0x11, 0x03, 0x11, 0x03, 0x11, 0x03, 0x11, 0x03, 0x11, 0x03, 0x11, 0x03, 0x11, 0x03, 0x11, 0x03, 0x11, 0x03, 0x11, 0x03, 0x11,
    0x03, 0x11, 0x03, 0x11, 0xce, 0x9e, 0xce, 0x9e, 0xce, 0x9e, 0xce, 0x9e, 0xce, 0x9e, 0xce, 0x9e, 0xce, 0x9e, 0xce, 0x9e, 0xce, 0x9e, 0xce, 0x9e,
    0xce, 0x9e, 0xce, 0x9e, 0x6b, 0x55, 0x6b, 0x55, 0x6b, 0x55, 0x6b, 0x55, 0x6b, 0x55, 0x6b, 0x55, 0x6b, 0x55, 0x6b, 0x55, 0x6b, 0x55, 0x6b, 0x55,
    0x6b, 0x55, 0x6b, 0x55, 0x6b, 0x55, 0x6b, 0x55, 0x6b, 0x55, 0x6b, 0x55, 0x6b, 0x55, 0x6b, 0x55, 0x6b, 0x55, 0x6b, 0x55, 0x6b, 0x55, 0x6b, 0x55,
    0x6b, 0x55, 0x6b, 0x55, 0x6b, 0x55, 0x6b, 0x55, 0x6b, 0x55, 0x6b, 0x55, 0x6b, 0x55, 0x6b, 0x55, 0x6b, 0x55, 0x6b, 0x55, 0xce, 0x9e, 0xce, 0x9e,
    0xce, 0x9e, 0xce, 0x9e, 0x27, 0x2b, 0x27, 0x2b, 0x03, 0x11, 0x03, 0x11, 0x03, 0x11, 0x03, 0x11, 0x03, 0x11, 0x03, 0x11, 0x03, 0x11, 0x03, 0x11,
    0x03, 0x11, 0x03, 0x11, 0x03, 0x11, 0x03, 0x11, 0x03, 0x11, 0x03, 0x11, 0x03, 0x11, 0x03, 0x11, 0x03, 0x11, 0x03, 0x11, 0x03, 0x11, 0x03, 0x11,
    0x03, 0x11, 0x03, 0x11, 0x03, 0x11, 0x03, 0x11, 0x03, 0x11, 0x03, 0x11, 0x03, 0x11, 0x03, 0x11, 0x03, 0x11, 0x03, 0x11, 0xce, 0x9e, 0xce, 0x9e,
    0xce, 0x9e, 0xce, 0x9e, 0xce, 0x9e, 0xce, 0x9e, 0xce, 0x9e, 0xce, 0x9e, 0xce, 0x9e, 0xce, 0x9e, 0xce, 0x9e, 0xce, 0x9e, 0x6b, 0x55, 0x6b, 0x55,
    0x6b, 0x55, 0x6b, 0x55, 0x6b, 0x55, 0x6b, 0x55, 0x6b, 0x55, 0x6b, 0x55, 0x6b, 0x55, 0x6b, 0x55, 0x6b, 0x55, 0x6b, 0x55, 0x6b, 0x55, 0x6b, 0x55,
    0x6b, 0x55, 0x6b, 0x55, 0x6b, 0x55, 0x6b, 0x55, 0x6b, 0x55, 0x6b, 0x55, 0x6b, 0x55, 0x6b, 0x55, 0x6b, 0x55, 0x6b, 0x55, 0x6b, 0x55, 0x6b, 0x55,
    0x6b, 0x55, 0x6b, 0x55, 0x6b, 0x55, 0x6b, 0x55, 0x6b, 0x55, 0x6b, 0x55, 0x6b, 0x55, 0x6b, 0x55, 0xce, 0x9e, 0xce, 0x9e, 0x27, 0x2b, 0x27, 0x2b,
    0x03, 0x11, 0x03, 0x11, 0x03, 0x11, 0x03, 0x11, 0x03, 0x11, 0x03, 0x11, 0x03, 0x11, 0x03, 0x11, 0x03, 0x11, 0x03, 0x11, 0x03, 0x11, 0x03, 0x11,
    0x03, 0x11, 0x03, 0x11, 0x03, 0x11, 0x03, 0x11, 0x03, 0x11, 0x03, 0x11, 0x03, 0x11, 0x03, 0x11, 0x03, 0x11, 0x03, 0x11, 0x03, 0x11, 0x03, 0x11,
    0x03, 0x11, 0x03, 0x11, 0x03, 0x11, 0x03, 0x11, 0x03, 0x11, 0x03, 0x11, 0xce, 0x9e, 0xce, 0x9e, 0xce, 0x9e, 0xce, 0x9e, 0xce, 0x9e, 0xce, 0x9e,
    0xce, 0x9e, 0xce, 0x9e, 0xce, 0x9e, 0xce, 0x9e, 0xce, 0x9e, 0xce, 0x9e, 0x6b, 0x55, 0x6b, 0x55, 0x6b, 0x55, 0x6b, 0x55, 0x6b, 0x55, 0x6b, 0x55,
    0x6b, 0x55, 0x6b, 0x55, 0x6b, 0x55, 0x6b, 0x55, 0x6b, 0x55, 0x6b, 0x55, 0x6b, 0x55, 0x6b, 0x55, 0x6b, 0x55, 0x6b, 0x55, 0x6b, 0x55, 0x6b, 0x55,
    0x6b, 0x55, 0x6b, 0x55, 0x6b, 0x55, 0x6b, 0x55, 0x6b, 0x55, 0x6b, 0x55, 0x6b, 0x55, 0x6b, 0x55, 0x6b, 0x55, 0x6b, 0x55, 0x6b, 0x55, 0x6b, 0x55,
    0x6b, 0x55, 0x6b, 0x55, 0x6b, 0x55, 0x6b, 0x55, 0xce, 0x9e, 0xce, 0x9e, 0x27, 0x2b, 0x27, 0x2b, 0x03, 0x11, 0x03, 0x11, 0x03, 0x11, 0x03, 0x11,
    0x03, 0x11, 0x03, 0x11, 0x03, 0x11, 0x03, 0x11, 0x03, 0x11, 0x03, 0x11, 0x03, 0x11, 0x03, 0x11, 0x03, 0x11, 0x03, 0x11, 0x03, 0x11, 0x03, 0x11,
    0x03, 0x11, 0x03, 0x11, 0x03, 0x11, 0x03, 0x11, 0x03, 0x11, 0x03, 0x11, 0x03, 0x11, 0x03, 0x11, 0x03, 0x11, 0x03, 0x11, 0x03, 0x11, 0x03, 0x11,
    0x03, 0x11, 0x03, 0x11, 0x6b, 0x55, 0x6b, 0x55, 0x6b, 0x55, 0x6b, 0x55, 0x6b, 0x55, 0x6b, 0x55, 0xce, 0x9e, 0xce, 0x9e, 0xce, 0x9e, 0xce, 0x9e,
    0xce, 0x9e, 0xce, 0x9e, 0x6b, 0x55, 0x6b, 0x55, 0x6b, 0x55, 0x6b, 0x55, 0x6b, 0x55, 0x6b, 0x55, 0x6b, 0x55, 0x6b, 0x55, 0x6b, 0x55, 0x6b, 0x55,
    0x6b, 0x55, 0x6b, 0x55, 0x6b, 0x55, 0x6b, 0x55, 0x6b, 0x55, 0x6b, 0x55, 0x6b, 0x55, 0x6b, 0x55, 0x6b, 0x55, 0x6b, 0x55, 0x6b, 0x55, 0x6b, 0x55,
    0x6b, 0x55, 0x6b, 0x55, 0x6b, 0x55, 0x6b, 0x55, 0x6b, 0x55, 0x6b, 0x55, 0x6b, 0x55, 0x6b, 0x55, 0x6b, 0x55, 0x6b, 0x55, 0x6b, 0x55, 0x6b, 0x55,
    0x27, 0x2b, 0x27, 0x2b, 0x27, 0x2b, 0x27, 0x2b, 0x03, 0x11, 0x03, 0x11, 0x03, 0x11, 0x03, 0x11, 0x03, 0x11, 0x03, 0x11, 0x03, 0x11, 0x03, 0x11,
    0x03, 0x11, 0x03, 0x11, 0x03, 0x11, 0x03, 0x11, 0x03, 0x11, 0x03, 0x11, 0x03, 0x11, 0x03, 0x11, 0x03, 0x11, 0x03, 0x11, 0x03, 0x11, 0x03, 0x11,
    0x03, 0x11, 0x03, 0x11, 0x03, 0x11, 0x03, 0x11, 0x03, 0x11, 0x03, 0x11, 0x03, 0x11, 0x03, 0x11, 0x03, 0x11, 0x03, 0x11, 0x6b, 0x55, 0x6b, 0x55,
    0x6b, 0x55, 0x6b, 0x55, 0x6b, 0x55, 0x6b, 0x55, 0xce, 0x9e, 0xce, 0x9e, 0xce, 0x9e, 0xce, 0x9e, 0xce, 0x9e, 0xce, 0x9e, 0x6b, 0x55, 0x6b, 0x55,
    0x6b, 0x55, 0x6b, 0x55, 0x6b, 0x55, 0x6b, 0x55, 0x6b, 0x55, 0x6b, 0x55, 0x6b, 0x55, 0x6b, 0x55, 0x6b, 0x55, 0x6b, 0x55, 0x6b, 0x55, 0x6b, 0x55,
    0x6b, 0x55, 0x6b, 0x55, 0x6b, 0x55, 0x6b, 0x55, 0x6b, 0x55, 0x6b, 0x55, 0x6b, 0x55, 0x6b, 0x55, 0x6b, 0x55, 0x6b, 0x55, 0x6b, 0x55, 0x6b, 0x55,
    0x6b, 0x55, 0x6b, 0x55, 0x6b, 0x55, 0x6b, 0x55, 0x6b, 0x55, 0x6b, 0x55, 0x6b, 0x55, 0x6b, 0x55, 0x27, 0x2b, 0x27, 0x2b, 0x27, 0x2b, 0x27, 0x2b,
    0x03, 0x11, 0x03, 0x11, 0x03, 0x11, 0x03, 0x11, 0x03, 0x11, 0x03, 0x11, 0x03, 0x11, 0x03, 0x11, 0x03, 0x11, 0x03, 0x11, 0x03, 0x11, 0x03, 0x11,
    0x03, 0x11, 0x03, 0x11, 0x03, 0x11, 0x03, 0x11, 0x03, 0x11, 0x03, 0x11, 0x03, 0x11, 0x03, 0x11, 0x03, 0x11, 0x03, 0x11, 0x03, 0x11, 0x03, 0x11,
    0x03, 0x11, 0x03, 0x11, 0x03, 0x11, 0x03, 0x11, 0x03, 0x11, 0x03, 0x11, 0x6b, 0x55, 0x6b, 0x55, 0x6b, 0x55, 0x6b, 0x55, 0x6b, 0x55, 0x6b, 0x55,
    0xce, 0x9e, 0xce, 0x9e, 0xce, 0x9e, 0xce, 0x9e, 0xce, 0x9e, 0xce, 0x9e, 0x6b, 0x55, 0x6b, 0x55, 0x6b, 0x55, 0x6b, 0x55, 0x6b, 0x55, 0x6b, 0x55,
    0x6b, 0x55, 0x6b, 0x55, 0xc2, 0x10, 0xc2, 0x10, 0xc2, 0x10, 0xc2, 0x10, 0xc2, 0x10, 0xc2, 0x10, 0x6b, 0x55, 0x6b, 0x55, 0x6b, 0x55, 0x6b, 0x55,
    0x6b, 0x55, 0x6b, 0x55, 0x6b, 0x55, 0x6b, 0x55, 0x6b, 0x55, 0x6b, 0x55, 0x6b, 0x55, 0x6b, 0x55, 0xc2, 0x10, 0xc2, 0x10, 0xc2, 0x10, 0xc2, 0x10,
    0xc2, 0x10, 0xc2, 0x10, 0x6b, 0x55, 0x6b, 0x55, 0x27, 0x2b, 0x27, 0x2b, 0x27, 0x2b, 0x27, 0x2b, 0x03, 0x11, 0x03, 0x11, 0x03, 0x11, 0x03, 0x11,
    0x03, 0x11, 0x03, 0x11, 0x03, 0x11, 0x03, 0x11, 0x03, 0x11, 0x03, 0x11, 0x03, 0x11, 0x03, 0x11, 0x03, 0x11, 0x03, 0x11, 0x03, 0x11, 0x03, 0x11,
    0x03, 0x11, 0x03, 0x11, 0x03, 0x11, 0x03, 0x11, 0x03, 0x11, 0x03, 0x11, 0x03, 0x11, 0x03, 0x11, 0x03, 0x11, 0x03, 0x11, 0x03, 0x11, 0x03, 0x11,
    0x03, 0x11, 0x03, 0x11, 0x6b, 0x55, 0x6b, 0x55, 0x6b, 0x55, 0x6b, 0x55, 0x6b, 0x55, 0x6b, 0x55, 0xce, 0x9e, 0xce, 0x9e, 0xce, 0x9e, 0xce, 0x9e,
    0xce, 0x9e, 0xce, 0x9e, 0x6b, 0x55, 0x6b, 0x55, 0x6b, 0x55, 0x6b, 0x55, 0x6b, 0x55, 0x6b, 0x55, 0x6b, 0x55, 0x6b, 0x55, 0xc2, 0x10, 0xc2, 0x10,
    0xc2, 0x10, 0xc2, 0x10, 0xc2, 0x10, 0xc2, 0x10, 0x6b, 0x55, 0x6b, 0x55, 0x6b, 0x55, 0x6b, 0x55, 0x6b, 0x55, 0x6b, 0x55, 0x6b, 0x55, 0x6b, 0x55,
    0x6b, 0x55, 0x6b, 0x55, 0x6b, 0x55, 0x6b, 0x55, 0xc2, 0x10, 0xc2, 0x10, 0xc2, 0x10, 0xc2, 0x10, 0xc2, 0x10, 0xc2, 0x10, 0x6b, 0x55, 0x6b, 0x55,
    0x27, 0x2b, 0x27, 0x2b, 0x27, 0x2b, 0x27, 0x2b, 0x03, 0x11, 0x03, 0x11, 0x03, 0x11, 0x03, 0x11, 0x03, 0x11, 0x03, 0x11, 0x03, 0x11, 0x03, 0x11,
    0x03, 0x11, 0x03, 0x11, 0x03, 0x11, 0x03, 0x11, 0x03, 0x11, 0x03, 0x11, 0x03, 0x11, 0x03, 0x11, 0x03, 0x11, 0x03, 0x11, 0x03, 0x11, 0x03, 0x11,
    0x03, 0x11, 0x03, 0x11, 0x03, 0x11, 0x03, 0x11, 0x03, 0x11, 0x03, 0x11, 0x03, 0x11, 0x03, 0x11, 0x03, 0x11, 0x03, 0x11, 0x6b, 0x55, 0x6b, 0x55,
    0x6b, 0x55, 0x6b, 0x55, 0x6b, 0x55, 0x6b, 0x55, 0x03, 0x11, 0x03, 0x11, 0x27, 0x2b, 0x27, 0x2b, 0x27, 0x2b, 0x27, 0x2b, 0x6b, 0x55, 0x6b, 0x55,
    0x6b, 0x55, 0x6b, 0x55, 0x6b, 0x55, 0x6b, 0x55, 0x6b, 0x55, 0x6b, 0x55, 0xc2, 0x10, 0xc2, 0x10, 0xc2, 0x10, 0xc2, 0x10, 0xc2, 0x10, 0xc2, 0x10,
    0x6b, 0x55, 0x6b, 0x55, 0x6b, 0x55, 0x6b, 0x55, 0x6b, 0x55, 0x6b, 0x55, 0x6b, 0x55, 0x6b, 0x55, 0x6b, 0x55, 0x6b, 0x55, 0x6b, 0x55, 0x6b, 0x55,
    0xc2, 0x10, 0xc2, 0x10, 0xc2, 0x10, 0xc2, 0x10, 0xc2, 0x10, 0xc2, 0x10, 0x6b, 0x55, 0x6b, 0x55, 0x27, 0x2b, 0x27, 0x2b, 0x27, 0x2b, 0x27, 0x2b,
    0x03, 0x11, 0x03, 0x11, 0x03, 0x11, 0x03, 0x11, 0x03, 0x11, 0x03, 0x11, 0x03, 0x11, 0x03, 0x11, 0x03, 0x11, 0x03, 0x11, 0x03, 0x11, 0x03, 0x11,
    0x03, 0x11, 0x03, 0x11, 0x03, 0x11, 0x03, 0x11, 0x03, 0x11, 0x03, 0x11, 0x03, 0x11, 0x03, 0x11, 0x03, 0x11, 0x03, 0x11, 0x03, 0x11, 0x03, 0x11,
    0x03, 0x11, 0x03, 0x11, 0x03, 0x11, 0x03, 0x11, 0x03, 0x11, 0x03, 0x11, 0x6b, 0x55, 0x6b, 0x55, 0x6b, 0x55, 0x6b, 0x55, 0x6b, 0x55, 0x6b, 0x55,
    0x03, 0x11, 0x03, 0x11, 0x27, 0x2b, 0x27, 0x2b, 0x27, 0x2b, 0x27, 0x2b, 0x6b, 0x55, 0x6b, 0x55, 0x6b, 0x55, 0x6b, 0x55, 0x6b, 0x55, 0x6b, 0x55,
    0x6b, 0x55, 0x6b, 0x55, 0xc2, 0x10, 0xc2, 0x10, 0xc2, 0x10, 0xc2, 0x10, 0xc2, 0x10, 0xc2, 0x10, 0x6b, 0x55, 0x6b, 0x55, 0x6b, 0x55, 0x6b, 0x55,
    0x6b, 0x55, 0x6b, 0x55, 0x6b, 0x55, 0x6b, 0x55, 0x6b, 0x55, 0x6b, 0x55, 0x6b, 0x55, 0x6b, 0x55, 0xc2, 0x10, 0xc2, 0x10, 0xc2, 0x10, 0xc2, 0x10,
    0xc2, 0x10, 0xc2, 0x10, 0x6b, 0x55, 0x6b, 0x55, 0x27, 0x2b, 0x27, 0x2b, 0x27, 0x2b, 0x27, 0x2b, 0x03, 0x11, 0x03, 0x11, 0x03, 0x11, 0x03, 0x11,
    0x03, 0x11, 0x03, 0x11, 0x03, 0x11, 0x03, 0x11, 0x03, 0x11, 0x03, 0x11, 0x03, 0x11, 0x03, 0x11, 0x03, 0x11, 0x03, 0x11, 0x03, 0x11, 0x03, 0x11,
    0x03, 0x11, 0x03, 0x11, 0x03, 0x11, 0x03, 0x11, 0x03, 0x11, 0x03, 0x11, 0x03, 0x11, 0x03, 0x11, 0x03, 0x11, 0x03, 0x11, 0x03, 0x11, 0x03, 0x11,
    0x03, 0x11, 0x03, 0x11, 0x6b, 0x55, 0x6b, 0x55, 0x6b, 0x55, 0x6b, 0x55, 0x6b, 0x55, 0x6b, 0x55, 0x03, 0x11, 0x03, 0x11, 0x27, 0x2b, 0x27, 0x2b,
    0x27, 0x2b, 0x27, 0x2b, 0x6b, 0x55, 0x6b, 0x55, 0x6b, 0x55, 0x6b, 0x55, 0x6b, 0x55, 0x6b, 0x55, 0x6b, 0x55, 0x6b, 0x55, 0xc2, 0x10, 0xc2, 0x10,
    0xc2, 0x10, 0xc2, 0x10, 0xc2, 0x10, 0xc2, 0x10, 0x6b, 0x55, 0x6b, 0x55, 0x6b, 0x55, 0x6b, 0x55, 0x6b, 0x55, 0x6b, 0x55, 0x6b, 0x55, 0x6b, 0x55,
    0x6b, 0x55, 0x6b, 0x55, 0x6b, 0x55, 0x6b, 0x55, 0xc2, 0x10, 0xc2, 0x10, 0xc2, 0x10, 0xc2, 0x10, 0xc2, 0x10, 0xc2, 0x10, 0x6b, 0x55, 0x6b, 0x55,
    0x27, 0x2b, 0x27, 0x2b, 0x27, 0x2b, 0x27, 0x2b, 0x03, 0x11, 0x03, 0x11, 0x03, 0x11, 0x03, 0x11, 0x03, 0x11, 0x03, 0x11, 0x03, 0x11, 0x03, 0x11,
    0x03, 0x11, 0x03, 0x11, 0x03, 0x11, 0x03, 0x11, 0x03, 0x11, 0x03, 0x11, 0x03, 0x11, 0x03, 0x11, 0x03, 0x11, 0x03, 0x11, 0x03, 0x11, 0x03, 0x11,
    0x03, 0x11, 0x03, 0x11, 0x03, 0x11, 0x03, 0x11, 0x03, 0x11, 0x03, 0x11, 0x03, 0x11, 0x03, 0x11, 0x03, 0x11, 0x03, 0x11, 0x6b, 0x55, 0x6b, 0x55,
    0x6b, 0x55, 0x6b, 0x55, 0x6b, 0x55, 0x6b, 0x55, 0x03, 0x11, 0x03, 0x11, 0x27, 0x2b, 0x27, 0x2b, 0x27, 0x2b, 0x27, 0x2b, 0x6b, 0x55, 0x6b, 0x55,
    0x6b, 0x55, 0x6b, 0x55, 0x6b, 0x55, 0x6b, 0x55, 0x6b, 0x55, 0x6b, 0x55, 0xc2, 0x10, 0xc2, 0x10, 0xc2, 0x10, 0xc2, 0x10, 0xc2, 0x10, 0xc2, 0x10,
    0x6b, 0x55, 0x6b, 0x55, 0x6b, 0x55, 0x6b, 0x55, 0x6b, 0x55, 0x6b, 0x55, 0x6b, 0x55, 0x6b, 0x55, 0x6b, 0x55, 0x6b, 0x55, 0x6b, 0x55, 0x6b, 0x55,
    0xc2, 0x10, 0xc2, 0x10, 0xc2, 0x10, 0xc2, 0x10, 0xc2, 0x10, 0xc2, 0x10, 0x6b, 0x55, 0x6b, 0x55, 0x27, 0x2b, 0x27, 0x2b, 0x27, 0x2b, 0x27, 0x2b,
    0x03, 0x11, 0x03, 0x11, 0x03, 0x11, 0x03, 0x11, 0x03, 0x11, 0x03, 0x11, 0x03, 0x11, 0x03, 0x11, 0x03, 0x11, 0x03, 0x11, 0x03, 0x11, 0x03, 0x11,
    0x03, 0x11, 0x03, 0x11, 0x03, 0x11, 0x03, 0x11, 0x03, 0x11, 0x03, 0x11, 0x03, 0x11, 0x03, 0x11, 0x03, 0x11, 0x03, 0x11, 0x03, 0x11, 0x03, 0x11,
    0x03, 0x11, 0x03, 0x11, 0x03, 0x11, 0x03, 0x11, 0x03, 0x11, 0x03, 0x11, 0x6b, 0x55, 0x6b, 0x55, 0x6b, 0x55, 0x6b, 0x55, 0x6b, 0x55, 0x6b, 0x55,
    0x03, 0x11, 0x03, 0x11, 0x27, 0x2b, 0x27, 0x2b, 0x27, 0x2b, 0x27, 0x2b, 0x6b, 0x55, 0x6b, 0x55, 0x6b, 0x55, 0x6b, 0x55, 0x6b, 0x55, 0x6b, 0x55,
    0x6b, 0x55, 0x6b, 0x55, 0x6b, 0x55, 0x6b, 0x55, 0x6b, 0x55, 0x6b, 0x55, 0x6b, 0x55, 0x6b, 0x55, 0x6b, 0x55, 0x6b, 0x55, 0x6b, 0x55, 0x6b, 0x55,
    0x6b, 0x55, 0x6b, 0x55, 0x6b, 0x55, 0x6b, 0x55, 0x6b, 0x55, 0x6b, 0x55, 0x6b, 0x55, 0x6b, 0x55, 0x6b, 0x55, 0x6b, 0x55, 0x6b, 0x55, 0x6b, 0x55,
    0x6b, 0x55, 0x6b, 0x55, 0x6b, 0x55, 0x6b, 0x55, 0x27, 0x2b, 0x27, 0x2b, 0x27, 0x2b, 0x27, 0x2b, 0x03, 0x11, 0x03, 0x11, 0x03, 0x11, 0x03, 0x11,
    0x03, 0x11, 0x03, 0x11, 0x03, 0x11, 0x03, 0x11, 0x03, 0x11, 0x03, 0x11, 0x03, 0x11, 0x03, 0x11, 0x03, 0x11, 0x03, 0x11, 0x03, 0x11, 0x03, 0x11,
    0x03, 0x11, 0x03, 0x11, 0x03, 0x11, 0x03, 0x11, 0x03, 0x11, 0x03, 0x11, 0x03, 0x11, 0x03, 0x11, 0x03, 0x11, 0x03, 0x11, 0x03, 0x11, 0x03, 0x11,
    0x03, 0x11, 0x03, 0x11, 0x6b, 0x55, 0x6b, 0x55, 0x6b, 0x55, 0x6b, 0x55, 0x6b, 0x55, 0x6b, 0x55, 0x03, 0x11, 0x03, 0x11, 0x27, 0x2b, 0x27, 0x2b,
    0x27, 0x2b, 0x27, 0x2b, 0x6b, 0x55, 0x6b, 0x55, 0x6b, 0x55, 0x6b, 0x55, 0x6b, 0x55, 0x6b, 0x55, 0x6b, 0x55, 0x6b, 0x55, 0x6b, 0x55, 0x6b, 0x55,
    0x6b, 0x55, 0x6b, 0x55, 0x6b, 0x55, 0x6b, 0x55, 0x6b, 0x55, 0x6b, 0x55, 0x6b, 0x55, 0x6b, 0x55, 0x6b, 0x55, 0x6b, 0x55, 0x6b, 0x55, 0x6b, 0x55,
    0x6b, 0x55, 0x6b, 0x55, 0x6b, 0x55, 0x6b, 0x55, 0x6b, 0x55, 0x6b, 0x55, 0x6b, 0x55, 0x6b, 0x55, 0x6b, 0x55, 0x6b, 0x55, 0x6b, 0x55, 0x6b, 0x55,
    0x27, 0x2b, 0x27, 0x2b, 0x27, 0x2b, 0x27, 0x2b, 0x03, 0x11, 0x03, 0x11, 0x03, 0x11, 0x03, 0x11, 0x03, 0x11, 0x03, 0x11, 0x03, 0x11, 0x03, 0x11,
    0x03, 0x11, 0x03, 0x11, 0x03, 0x11, 0x03, 0x11, 0x03, 0x11, 0x03, 0x11, 0x03, 0x11, 0x03, 0x11, 0x03, 0x11, 0x03, 0x11, 0x03, 0x11, 0x03, 0x11,
    0x03, 0x11, 0x03, 0x11, 0x03, 0x11, 0x03, 0x11, 0x03, 0x11, 0x03, 0x11, 0x03, 0x11, 0x03, 0x11, 0x03, 0x11, 0x03, 0x11, 0x6b, 0x55, 0x6b, 0x55,
    0x6b, 0x55, 0x6b, 0x55, 0x6b, 0x55, 0x6b, 0x55, 0x03, 0x11, 0x03, 0x11, 0x27, 0x2b, 0x27, 0x2b, 0x27, 0x2b, 0x27, 0x2b, 0x6b, 0x55, 0x6b, 0x55,
    0x6b, 0x55, 0x6b, 0x55, 0x6b, 0x55, 0x6b, 0x55, 0x6b, 0x55, 0x6b, 0x55, 0x6b, 0x55, 0x6b, 0x55, 0x6b, 0x55, 0x6b, 0x55, 0xce, 0x9e, 0xce, 0x9e,
    0xce, 0x9e, 0xce, 0x9e, 0xce, 0x9e, 0xce, 0x9e, 0xce, 0x9e, 0xce, 0x9e, 0xce, 0x9e, 0xce, 0x9e, 0xce, 0x9e, 0xce, 0x9e, 0xce, 0x9e, 0xce, 0x9e,
    0xce, 0x9e, 0xce, 0x9e, 0xce, 0x9e, 0xce, 0x9e, 0xce, 0x9e, 0xce, 0x9e, 0xce, 0x9e, 0xce, 0x9e, 0xce, 0x9e, 0xce, 0x9e, 0xce, 0x9e, 0xce, 0x9e,
    0xce, 0x9e, 0xce, 0x9e, 0xce, 0x9e, 0xce, 0x9e, 0x03, 0x11, 0x03, 0x11, 0x03, 0x11, 0x03, 0x11, 0x03, 0x11, 0x03, 0x11, 0x03, 0x11, 0x03, 0x11,
    0x03, 0x11, 0x03, 0x11, 0x03, 0x11, 0x03, 0x11, 0x03, 0x11, 0x03, 0x11, 0x03, 0x11, 0x03, 0x11, 0x03, 0x11, 0x03, 0x11, 0x03, 0x11, 0x03, 0x11,
    0x03, 0x11, 0x03, 0x11, 0x03, 0x11, 0x03, 0x11, 0x03, 0x11, 0x03, 0x11, 0x6b, 0x55, 0x6b, 0x55, 0x6b, 0x55, 0x6b, 0x55, 0x6b, 0x55, 0x6b, 0x55,
    0x03, 0x11, 0x03, 0x11, 0x27, 0x2b, 0x27, 0x2b, 0x27, 0x2b, 0x27, 0x2b, 0x6b, 0x55, 0x6b, 0x55, 0x6b, 0x55, 0x6b, 0x55, 0x6b, 0x55, 0x6b, 0x55,
    0x6b, 0x55, 0x6b, 0x55, 0x6b, 0x55, 0x6b, 0x55, 0x6b, 0x55, 0x6b, 0x55, 0xce, 0x9e, 0xce, 0x9e, 0xce, 0x9e, 0xce, 0x9e, 0xce, 0x9e, 0xce, 0x9e,
    0xce, 0x9e, 0xce, 0x9e, 0xce, 0x9e, 0xce, 0x9e, 0xce, 0x9e, 0xce, 0x9e, 0xce, 0x9e, 0xce, 0x9e, 0xce, 0x9e, 0xce, 0x9e, 0xce, 0x9e, 0xce, 0x9e,
    0xce, 0x9e, 0xce, 0x9e, 0xce, 0x9e, 0xce, 0x9e, 0xce, 0x9e, 0xce, 0x9e, 0xce, 0x9e, 0xce, 0x9e, 0xce, 0x9e, 0xce, 0x9e, 0xce, 0x9e, 0xce, 0x9e,
    0x03, 0x11, 0x03, 0x11, 0x03, 0x11, 0x03, 0x11, 0x03, 0x11, 0x03, 0x11, 0x03, 0x11, 0x03, 0x11, 0x03, 0x11, 0x03, 0x11, 0x03, 0x11, 0x03, 0x11,
    0x03, 0x11, 0x03, 0x11, 0x03, 0x11, 0x03, 0x11, 0x03, 0x11, 0x03, 0x11, 0x03, 0x11, 0x03, 0x11, 0x03, 0x11, 0x03, 0x11, 0x03, 0x11, 0x03, 0x11,
    0x03, 0x11, 0x03, 0x11, 0x6b, 0x55, 0x6b, 0x55, 0x6b, 0x55, 0x6b, 0x55, 0x6b, 0x55, 0x6b, 0x55, 0x27, 0x2b, 0x27, 0x2b, 0x27, 0x2b, 0x27, 0x2b,
    0x27, 0x2b, 0x27, 0x2b, 0x27, 0x2b, 0x27, 0x2b, 0x6b, 0x55, 0x6b, 0x55, 0x6b, 0x55, 0x6b, 0x55, 0x6b, 0x55, 0x6b, 0x55, 0x6b, 0x55, 0x6b, 0x55,
    0x6b, 0x55, 0x6b, 0x55, 0xce, 0x9e, 0xce, 0x9e, 0xce, 0x9e, 0xce, 0x9e, 0xce, 0x9e, 0xce, 0x9e, 0xce, 0x9e, 0xce, 0x9e, 0xce, 0x9e, 0xce, 0x9e,
    0xce, 0x9e, 0xce, 0x9e, 0xce, 0x9e, 0xce, 0x9e, 0xce, 0x9e, 0xce, 0x9e, 0xce, 0x9e, 0xce, 0x9e, 0xce, 0x9e, 0xce, 0x9e, 0xce, 0x9e, 0xce, 0x9e,
    0xce, 0x9e, 0xce, 0x9e, 0xce, 0x9e, 0xce, 0x9e, 0xce, 0x9e, 0xce, 0x9e, 0xce, 0x9e, 0xce, 0x9e, 0x03, 0x11, 0x03, 0x11, 0x03, 0x11, 0x03, 0x11,
    0x03, 0x11, 0x03, 0x11, 0x03, 0x11, 0x03, 0x11, 0x03, 0x11, 0x03, 0x11, 0x03, 0x11, 0x03, 0x11, 0x03, 0x11, 0x03, 0x11, 0x03, 0x11, 0x03, 0x11,
    0x03, 0x11, 0x03, 0x11, 0x03, 0x11, 0x03, 0x11, 0x03, 0x11, 0x03, 0x11, 0x03, 0x11, 0x03, 0x11, 0x03, 0x11, 0x03, 0x11, 0x6b, 0x55, 0x6b, 0x55,
    0x6b, 0x55, 0x6b, 0x55, 0x6b, 0x55, 0x6b, 0x55, 0x27, 0x2b, 0x27, 0x2b, 0x27, 0x2b, 0x27, 0x2b, 0x27, 0x2b, 0x27, 0x2b, 0x27, 0x2b, 0x27, 0x2b,
    0x6b, 0x55, 0x6b, 0x55, 0x6b, 0x55, 0x6b, 0x55, 0x6b, 0x55, 0x6b, 0x55, 0x6b, 0x55, 0x6b, 0x55, 0x6b, 0x55, 0x6b, 0x55, 0xce, 0x9e, 0xce, 0x9e,
    0xce, 0x9e, 0xce, 0x9e, 0xce, 0x9e, 0xce, 0x9e, 0xce, 0x9e, 0xce, 0x9e, 0xce, 0x9e, 0xce, 0x9e, 0xce, 0x9e, 0xce, 0x9e, 0xce, 0x9e, 0xce, 0x9e,
    0xce, 0x9e, 0xce, 0x9e, 0xce, 0x9e, 0xce, 0x9e, 0xce, 0x9e, 0xce, 0x9e, 0xce, 0x9e, 0xce, 0x9e, 0xce, 0x9e, 0xce, 0x9e, 0xce, 0x9e, 0xce, 0x9e,
    0xce, 0x9e, 0xce, 0x9e, 0xce, 0x9e, 0xce, 0x9e, 0x03, 0x11, 0x03, 0x11, 0x03, 0x11, 0x03, 0x11, 0x03, 0x11, 0x03, 0x11, 0x03, 0x11, 0x03, 0x11,
    0x03, 0x11, 0x03, 0x11, 0x03, 0x11, 0x03, 0x11, 0x03, 0x11, 0x03, 0x11, 0x03, 0x11, 0x03, 0x11, 0x03, 0x11, 0x03, 0x11, 0x03, 0x11, 0x03, 0x11,
    0x03, 0x11, 0x03, 0x11, 0x03, 0x11, 0x03, 0x11, 0x03, 0x11, 0x03, 0x11, 0x6b, 0x55, 0x6b, 0x55, 0x6b, 0x55, 0x6b, 0x55, 0x6b, 0x55, 0x6b, 0x55,
    0x27, 0x2b, 0x27, 0x2b, 0x27, 0x2b, 0x27, 0x2b, 0x27, 0x2b, 0x27, 0x2b, 0x27, 0x2b, 0x27, 0x2b, 0x6b, 0x55, 0x6b, 0x55, 0x6b, 0x55, 0x6b, 0x55,
    0x6b, 0x55, 0x6b, 0x55, 0x6b, 0x55, 0x6b, 0x55, 0x6b, 0x55, 0x6b, 0x55, 0xce, 0x9e, 0xce, 0x9e, 0xce, 0x9e, 0xce, 0x9e, 0xce, 0x9e, 0xce, 0x9e,
    0xce, 0x9e, 0xce, 0x9e, 0xce, 0x9e, 0xce, 0x9e, 0xce, 0x9e, 0xce, 0x9e, 0xce, 0x9e, 0xce, 0x9e, 0xce, 0x9e, 0xce, 0x9e, 0xce, 0x9e, 0xce, 0x9e,
    0xce, 0x9e, 0xce, 0x9e, 0xce, 0x9e, 0xce, 0x9e, 0xc2, 0x10, 0xc2, 0x10, 0xc2, 0x10, 0xc2, 0x10, 0xce, 0x9e, 0xce, 0x9e, 0xce, 0x9e, 0xce, 0x9e,
    0xce, 0x9e, 0xce, 0x9e, 0x03, 0x11, 0x03, 0x11, 0x03, 0x11, 0x03, 0x11, 0x03, 0x11, 0x03, 0x11, 0x03, 0x11, 0x03, 0x11, 0x03, 0x11, 0x03, 0x11,
    0x03, 0x11, 0x03, 0x11, 0x03, 0x11, 0x03, 0x11, 0x03, 0x11, 0x03, 0x11, 0x03, 0x11, 0x03, 0x11, 0x03, 0x11, 0x03, 0x11, 0x03, 0x11, 0x03, 0x11,
    0x03, 0x11, 0x03, 0x11, 0x6b, 0x55, 0x6b, 0x55, 0x6b, 0x55, 0x6b, 0x55, 0x6b, 0x55, 0x6b, 0x55, 0x27, 0x2b, 0x27, 0x2b, 0x27, 0x2b, 0x27, 0x2b,
    0x27, 0x2b, 0x27, 0x2b, 0x27, 0x2b, 0x27, 0x2b, 0x6b, 0x55, 0x6b, 0x55, 0x6b, 0x55, 0x6b, 0x55, 0x6b, 0x55, 0x6b, 0x55, 0x6b, 0x55, 0x6b, 0x55,
    0x6b, 0x55, 0x6b, 0x55, 0xce, 0x9e, 0xce, 0x9e, 0xce, 0x9e, 0xce, 0x9e, 0xce, 0x9e, 0xce, 0x9e, 0xce, 0x9e, 0xce, 0x9e, 0xce, 0x9e, 0xce, 0x9e,
    0xce, 0x9e, 0xce, 0x9e, 0xce, 0x9e, 0xce, 0x9e, 0xce, 0x9e, 0xce, 0x9e, 0xce, 0x9e, 0xce, 0x9e, 0xce, 0x9e, 0xce, 0x9e, 0xce, 0x9e, 0xce, 0x9e,
    0xc2, 0x10, 0xc2, 0x10, 0xc2, 0x10, 0xc2, 0x10, 0xce, 0x9e, 0xce, 0x9e, 0xce, 0x9e, 0xce, 0x9e, 0xce, 0x9e, 0xce, 0x9e, 0x03, 0x11, 0x03, 0x11,
    0x03, 0x11, 0x03, 0x11, 0x03, 0x11, 0x03, 0x11, 0x03, 0x11, 0x03, 0x11, 0x03, 0x11, 0x03, 0x11, 0x03, 0x11, 0x03, 0x11, 0x03, 0x11, 0x03, 0x11,
    0x03, 0x11, 0x03, 0x11, 0x03, 0x11, 0x03, 0x11, 0x03, 0x11, 0x03, 0x11, 0x03, 0x11, 0x03, 0x11, 0x03, 0x11, 0x03, 0x11, 0x6b, 0x55, 0x6b, 0x55,
    0x6b, 0x55, 0x6b, 0x55, 0x6b, 0x55, 0x6b, 0x55, 0x27, 0x2b, 0x27, 0x2b, 0x27, 0x2b, 0x27, 0x2b, 0x27, 0x2b, 0x27, 0x2b, 0x27, 0x2b, 0x27, 0x2b,
    0x6b, 0x55, 0x6b, 0x55, 0x6b, 0x55, 0x6b, 0x55, 0x6b, 0x55, 0x6b, 0x55, 0x6b, 0x55, 0x6b, 0x55, 0x6b, 0x55, 0x6b, 0x55, 0xce, 0x9e, 0xce, 0x9e,
    0xce, 0x9e, 0xce, 0x9e, 0xce, 0x9e, 0xce, 0x9e, 0xce, 0x9e, 0xce, 0x9e, 0xce, 0x9e, 0xce, 0x9e, 0xce, 0x9e, 0xce, 0x9e, 0xce, 0x9e, 0xce, 0x9e,
    0xce, 0x9e, 0xce, 0x9e, 0xce, 0x9e, 0xce, 0x9e, 0xce, 0x9e, 0xce, 0x9e, 0xce, 0x9e, 0xce, 0x9e, 0xc2, 0x10, 0xc2, 0x10, 0xc2, 0x10, 0xc2, 0x10,
    0xce, 0x9e, 0xce, 0x9e, 0xce, 0x9e, 0xce, 0x9e, 0xce, 0x9e, 0xce, 0x9e, 0x03, 0x11, 0x03, 0x11, 0x03, 0x11, 0x03, 0x11, 0x03, 0x11, 0x03, 0x11,
    0x03, 0x11, 0x03, 0x11, 0x03, 0x11, 0x03, 0x11, 0x03, 0x11, 0x03, 0x11, 0x03, 0x11, 0x03, 0x11, 0x03, 0x11, 0x03, 0x11, 0x03, 0x11, 0x03, 0x11,
    0x03, 0x11, 0x03, 0x11, 0x03, 0x11, 0x03, 0x11, 0x03, 0x11, 0x03, 0x11, 0x6b, 0x55, 0x6b, 0x55, 0x6b, 0x55, 0x6b, 0x55, 0x6b, 0x55, 0x6b, 0x55,
    0x27, 0x2b, 0x27, 0x2b, 0x27, 0x2b, 0x27, 0x2b, 0x27, 0x2b, 0x27, 0x2b, 0x27, 0x2b, 0x27, 0x2b, 0x6b, 0x55, 0x6b, 0x55, 0x6b, 0x55, 0x6b, 0x55,
    0x6b, 0x55, 0x6b, 0x55, 0x6b, 0x55, 0x6b, 0x55, 0x6b, 0x55, 0x6b, 0x55, 0xce, 0x9e, 0xce, 0x9e, 0xce, 0x9e, 0xce, 0x9e, 0xce, 0x9e, 0xce, 0x9e,
    0xce, 0x9e, 0xce, 0x9e, 0xce, 0x9e, 0xce, 0x9e, 0xce, 0x9e, 0xce, 0x9e, 0xce, 0x9e, 0xce, 0x9e, 0xce, 0x9e, 0xce, 0x9e, 0xce, 0x9e, 0xce, 0x9e,
    0xce, 0x9e, 0xce, 0x9e, 0xce, 0x9e, 0xce, 0x9e, 0xc2, 0x10, 0xc2, 0x10, 0xc2, 0x10, 0xc2, 0x10, 0xce, 0x9e, 0xce, 0x9e, 0xce, 0x9e, 0xce, 0x9e,
    0xce, 0x9e, 0xce, 0x9e, 0x03, 0x11, 0x03, 0x11, 0x03, 0x11, 0x03, 0x11, 0x03, 0x11, 0x03, 0x11, 0x03, 0x11, 0x03, 0x11, 0x03, 0x11, 0x03, 0x11,
    0x03, 0x11, 0x03, 0x11, 0x03, 0x11, 0x03, 0x11, 0x03, 0x11, 0x03, 0x11, 0x03, 0x11, 0x03, 0x11, 0x03, 0x11, 0x03, 0x11, 0x03, 0x11, 0x03, 0x11,
    0x03, 0x11, 0x03, 0x11, 0x03, 0x11, 0x03, 0x11, 0x03, 0x11, 0x03, 0x11, 0x27, 0x2b, 0x27, 0x2b, 0x27, 0x2b, 0x27, 0x2b, 0x27, 0x2b, 0x27, 0x2b,
    0x27, 0x2b, 0x27, 0x2b, 0x27, 0x2b, 0x27, 0x2b, 0x6b, 0x55, 0x6b, 0x55, 0x6b, 0x55, 0x6b, 0x55, 0x6b, 0x55, 0x6b, 0x55, 0x6b, 0x55, 0x6b, 0x55,
    0x6b, 0x55, 0x6b, 0x55, 0xce, 0x9e, 0xce, 0x9e, 0xce, 0x9e, 0xce, 0x9e, 0xce, 0x9e, 0xce, 0x9e, 0xce, 0x9e, 0xce, 0x9e, 0xce, 0x9e, 0xce, 0x9e,
    0xce, 0x9e, 0xce, 0x9e, 0xce, 0x9e, 0xce, 0x9e, 0xce, 0x9e, 0xce, 0x9e, 0xce, 0x9e, 0xce, 0x9e, 0xce, 0x9e, 0xce, 0x9e, 0xce, 0x9e, 0xce, 0x9e,
    0xce, 0x9e, 0xce, 0x9e, 0xce, 0x9e, 0xce, 0x9e, 0xce, 0x9e, 0xce, 0x9e, 0xce, 0x9e, 0xce, 0x9e, 0xce, 0x9e, 0xce, 0x9e, 0x03, 0x11, 0x03, 0x11,
    0x03, 0x11, 0x03, 0x11, 0x03, 0x11, 0x03, 0x11, 0x03, 0x11, 0x03, 0x11, 0x03, 0x11, 0x03, 0x11, 0x03, 0x11, 0x03, 0x11, 0x03, 0x11, 0x03, 0x11,
    0x03, 0x11, 0x03, 0x11, 0x03, 0x11, 0x03, 0x11, 0x03, 0x11, 0x03, 0x11, 0x03, 0x11, 0x03, 0x11, 0x03, 0x11, 0x03, 0x11, 0x03, 0x11, 0x03, 0x11,
    0x03, 0x11, 0x03, 0x11, 0x27, 0x2b, 0x27, 0x2b, 0x27, 0x2b, 0x27, 0x2b, 0x27, 0x2b, 0x27, 0x2b, 0x27, 0x2b, 0x27, 0x2b, 0x27, 0x2b, 0x27, 0x2b,
    0x6b, 0x55, 0x6b, 0x55, 0x6b, 0x55, 0x6b, 0x55, 0x6b, 0x55, 0x6b, 0x55, 0x6b, 0x55, 0x6b, 0x55, 0x6b, 0x55, 0x6b, 0x55, 0xce, 0x9e, 0xce, 0x9e,
    0xce, 0x9e, 0xce, 0x9e, 0xce, 0x9e, 0xce, 0x9e, 0xce, 0x9e, 0xce, 0x9e, 0xce, 0x9e, 0xce, 0x9e, 0xce, 0x9e, 0xce, 0x9e, 0xce, 0x9e, 0xce, 0x9e,
    0xce, 0x9e, 0xce, 0x9e, 0xce, 0x9e, 0xce, 0x9e, 0xce, 0x9e, 0xce, 0x9e, 0xce, 0x9e, 0xce, 0x9e, 0xce, 0x9e, 0xce, 0x9e, 0xce, 0x9e, 0xce, 0x9e,
    0xce, 0x9e, 0xce, 0x9e, 0xce, 0x9e, 0xce, 0x9e, 0xce, 0x9e, 0xce, 0x9e, 0x03, 0x11, 0x03, 0x11, 0x03, 0x11, 0x03, 0x11, 0x03, 0x11, 0x03, 0x11,
    0x03, 0x11, 0x03, 0x11, 0x03, 0x11, 0x03, 0x11, 0x03, 0x11, 0x03, 0x11, 0x03, 0x11, 0x03, 0x11, 0x03, 0x11, 0x03, 0x11, 0x03, 0x11, 0x03, 0x11,
    0x03, 0x11, 0x03, 0x11, 0x03, 0x11, 0x03, 0x11, 0x03, 0x11, 0x03, 0x11, 0x03, 0x11, 0x03, 0x11, 0x03, 0x11, 0x03, 0x11, 0x27, 0x2b, 0x27, 0x2b,
    0x27, 0x2b, 0x27, 0x2b, 0x27, 0x2b, 0x27, 0x2b, 0x27, 0x2b, 0x27, 0x2b, 0x27, 0x2b, 0x27, 0x2b, 0x6b, 0x55, 0x6b, 0x55, 0x6b, 0x55, 0x6b, 0x55,
    0x6b, 0x55, 0x6b, 0x55, 0x6b, 0x55, 0x6b, 0x55, 0x6b, 0x55, 0x6b, 0x55, 0xce, 0x9e, 0xce, 0x9e, 0xce, 0x9e, 0xce, 0x9e, 0xce, 0x9e, 0xce, 0x9e,
    0xc2, 0x10, 0xc2, 0x10, 0xc2, 0x10, 0xc2, 0x10, 0xc2, 0x10, 0xc2, 0x10, 0xc2, 0x10, 0xc2, 0x10, 0xc2, 0x10, 0xc2, 0x10, 0xc2, 0x10, 0xc2, 0x10,
    0xc2, 0x10, 0xc2, 0x10, 0xc2, 0x10, 0xc2, 0x10, 0xce, 0x9e, 0xce, 0x9e, 0xce, 0x9e, 0xce, 0x9e, 0xce, 0x9e, 0xce, 0x9e, 0xce, 0x9e, 0xce, 0x9e,
    0xce, 0x9e, 0xce, 0x9e, 0x03, 0x11, 0x03, 0x11, 0x03, 0x11, 0x03, 0x11, 0x03, 0x11, 0x03, 0x11, 0x03, 0x11, 0x03, 0x11, 0x03, 0x11, 0x03, 0x11,
    0x03, 0x11, 0x03, 0x11, 0x03, 0x11, 0x03, 0x11, 0x03, 0x11, 0x03, 0x11, 0x03, 0x11, 0x03, 0x11, 0x03, 0x11, 0x03, 0x11, 0x03, 0x11, 0x03, 0x11,
    0x03, 0x11, 0x03, 0x11, 0x03, 0x11, 0x03, 0x11, 0x03, 0x11, 0x03, 0x11, 0x27, 0x2b, 0x27, 0x2b, 0x27, 0x2b, 0x27, 0x2b, 0x27, 0x2b, 0x27, 0x2b,
    0x27, 0x2b, 0x27, 0x2b, 0x27, 0x2b, 0x27, 0x2b, 0x6b, 0x55, 0x6b, 0x55, 0x6b, 0x55, 0x6b, 0x55, 0x6b, 0x55, 0x6b, 0x55, 0x6b, 0x55, 0x6b, 0x55,
    0x6b, 0x55, 0x6b, 0x55, 0xce, 0x9e, 0xce, 0x9e, 0xce, 0x9e, 0xce, 0x9e, 0xce, 0x9e, 0xce, 0x9e, 0xc2, 0x10, 0xc2, 0x10, 0xc2, 0x10, 0xc2, 0x10,
    0xc2, 0x10, 0xc2, 0x10, 0xc2, 0x10, 0xc2, 0x10, 0xc2, 0x10, 0xc2, 0x10, 0xc2, 0x10, 0xc2, 0x10, 0xc2, 0x10, 0xc2, 0x10, 0xc2, 0x10, 0xc2, 0x10,
    0xce, 0x9e, 0xce, 0x9e, 0xce, 0x9e, 0xce, 0x9e, 0xce, 0x9e, 0xce, 0x9e, 0xce, 0x9e, 0xce, 0x9e, 0xce, 0x9e, 0xce, 0x9e, 0x03, 0x11, 0x03, 0x11,
    0x03, 0x11, 0x03, 0x11, 0x03, 0x11, 0x03, 0x11, 0x03, 0x11, 0x03, 0x11, 0x03, 0x11, 0x03, 0x11, 0x03, 0x11, 0x03, 0x11, 0x03, 0x11, 0x03, 0x11,
    0x03, 0x11, 0x03, 0x11, 0x03, 0x11, 0x03, 0x11, 0x03, 0x11, 0x03, 0x11, 0x03, 0x11, 0x03, 0x11, 0x03, 0x11, 0x03, 0x11, 0x03, 0x11, 0x03, 0x11,
    0x03, 0x11, 0x03, 0x11, 0x27, 0x2b, 0x27, 0x2b, 0x27, 0x2b, 0x27, 0x2b, 0x27, 0x2b, 0x27, 0x2b, 0x27, 0x2b, 0x27, 0x2b, 0x27, 0x2b, 0x27, 0x2b,
    0x6b, 0x55, 0x6b, 0x55, 0x6b, 0x55, 0x6b, 0x55, 0x6b, 0x55, 0x6b, 0x55, 0x6b, 0x55, 0x6b, 0x55, 0x6b, 0x55, 0x6b, 0x55, 0xce, 0x9e, 0xce, 0x9e,
    0xce, 0x9e, 0xce, 0x9e, 0xce, 0x9e, 0xce, 0x9e, 0xc2, 0x10, 0xc2, 0x10, 0xc2, 0x10, 0xc2, 0x10, 0xc2, 0x10, 0xc2, 0x10, 0xc2, 0x10, 0xc2, 0x10,
    0xc2, 0x10, 0xc2, 0x10, 0xc2, 0x10, 0xc2, 0x10, 0xc2, 0x10, 0xc2, 0x10, 0xc2, 0x10, 0xc2, 0x10, 0xce, 0x9e, 0xce, 0x9e, 0xce, 0x9e, 0xce, 0x9e,
    0xce, 0x9e, 0xce, 0x9e, 0xce, 0x9e, 0xce, 0x9e, 0x03, 0x11, 0x03, 0x11, 0x03, 0x11, 0x03, 0x11, 0x03, 0x11, 0x03, 0x11, 0x03, 0x11, 0x03, 0x11,
    0x03, 0x11, 0x03, 0x11, 0x03, 0x11, 0x03, 0x11, 0x03, 0x11, 0x03, 0x11, 0x03, 0x11, 0x03, 0x11, 0x03, 0x11, 0x03, 0x11, 0x03, 0x11, 0x03, 0x11,
    0x03, 0x11, 0x03, 0x11, 0x03, 0x11, 0x03, 0x11, 0x03, 0x11, 0x03, 0x11, 0x03, 0x11, 0x03, 0x11, 0x03, 0x11, 0x03, 0x11, 0x27, 0x2b, 0x27, 0x2b,
    0x27, 0x2b, 0x27, 0x2b, 0x27, 0x2b, 0x27, 0x2b, 0x27, 0x2b, 0x27, 0x2b, 0x27, 0x2b, 0x27, 0x2b, 0x6b, 0x55, 0x6b, 0x55, 0x6b, 0x55, 0x6b, 0x55,
    0x6b, 0x55, 0x6b, 0x55, 0x6b, 0x55, 0x6b, 0x55, 0x6b, 0x55, 0x6b, 0x55, 0xce, 0x9e, 0xce, 0x9e, 0xce, 0x9e, 0xce, 0x9e, 0xce, 0x9e, 0xce, 0x9e,
    0xc2, 0x10, 0xc2, 0x10, 0xc2, 0x10, 0xc2, 0x10, 0xc2, 0x10, 0xc2, 0x10, 0xc2, 0x10, 0xc2, 0x10, 0xc2, 0x10, 0xc2, 0x10, 0xc2, 0x10, 0xc2, 0x10,
    0xc2, 0x10, 0xc2, 0x10, 0xc2, 0x10, 0xc2, 0x10, 0xce, 0x9e, 0xce, 0x9e, 0xce, 0x9e, 0xce, 0x9e, 0xce, 0x9e, 0xce, 0x9e, 0xce, 0x9e, 0xce, 0x9e,
    0x03, 0x11, 0x03, 0x11, 0x03, 0x11, 0x03, 0x11, 0x03, 0x11, 0x03, 0x11, 0x03, 0x11, 0x03, 0x11, 0x03, 0x11, 0x03, 0x11, 0x03, 0x11, 0x03, 0x11,
    0x03, 0x11, 0x03, 0x11, 0x03, 0x11, 0x03, 0x11, 0x03, 0x11, 0x03, 0x11, 0x03, 0x11, 0x03, 0x11, 0x03, 0x11, 0x03, 0x11, 0x03, 0x11, 0x03, 0x11,
    0x03, 0x11, 0x03, 0x11, 0x03, 0x11, 0x03, 0x11, 0x03, 0x11, 0x03, 0x11, 0x27, 0x2b, 0x27, 0x2b, 0x27, 0x2b, 0x27, 0x2b, 0x27, 0x2b, 0x27, 0x2b,
    0x27, 0x2b, 0x27, 0x2b, 0x27, 0x2b, 0x27, 0x2b, 0x27, 0x2b, 0x27, 0x2b, 0x27, 0x2b, 0x27, 0x2b, 0x27, 0x2b, 0x27, 0x2b, 0x27, 0x2b, 0x27, 0x2b,
    0x27, 0x2b, 0x27, 0x2b, 0xce, 0x9e, 0xce, 0x9e, 0xce, 0x9e, 0xce, 0x9e, 0xce, 0x9e, 0xce, 0x9e, 0xce, 0x9e, 0xce, 0x9e, 0xce, 0x9e, 0xce, 0x9e,
    0xce, 0x9e, 0xce, 0x9e, 0xce, 0x9e, 0xce, 0x9e, 0xce, 0x9e, 0xce, 0x9e, 0xce, 0x9e, 0xce, 0x9e, 0xce, 0x9e, 0xce, 0x9e, 0xce, 0x9e, 0xce, 0x9e,
    0xce, 0x9e, 0xce, 0x9e, 0xce, 0x9e, 0xce, 0x9e, 0xce, 0x9e, 0xce, 0x9e, 0xce, 0x9e, 0xce, 0x9e, 0x03, 0x11, 0x03, 0x11, 0x03, 0x11, 0x03, 0x11,
    0x03, 0x11, 0x03, 0x11, 0x03, 0x11, 0x03, 0x11, 0x03, 0x11, 0x03, 0x11, 0x03, 0x11, 0x03, 0x11, 0x03, 0x11, 0x03, 0x11, 0x03, 0x11, 0x03, 0x11,
    0x03, 0x11, 0x03, 0x11, 0x03, 0x11, 0x03, 0x11, 0x03, 0x11, 0x03, 0x11, 0x03, 0x11, 0x03, 0x11, 0x03, 0x11, 0x03, 0x11, 0x03, 0x11, 0x03, 0x11,
    0x03, 0x11, 0x03, 0x11, 0x27, 0x2b, 0x27, 0x2b, 0x27, 0x2b, 0x27, 0x2b, 0x27, 0x2b, 0x27, 0x2b, 0x27, 0x2b, 0x27, 0x2b, 0x27, 0x2b, 0x27, 0x2b,
    0x27, 0x2b, 0x27, 0x2b, 0x27, 0x2b, 0x27, 0x2b, 0x27, 0x2b, 0x27, 0x2b, 0x27, 0x2b, 0x27, 0x2b, 0x27, 0x2b, 0x27, 0x2b, 0xce, 0x9e, 0xce, 0x9e,
    0xce, 0x9e, 0xce, 0x9e, 0xce, 0x9e, 0xce, 0x9e, 0xce, 0x9e, 0xce, 0x9e, 0xce, 0x9e, 0xce, 0x9e, 0xce, 0x9e, 0xce, 0x9e, 0xce, 0x9e, 0xce, 0x9e,
    0xce, 0x9e, 0xce, 0x9e, 0xce, 0x9e, 0xce, 0x9e, 0xce, 0x9e, 0xce, 0x9e, 0xce, 0x9e, 0xce, 0x9e, 0xce, 0x9e, 0xce, 0x9e, 0xce, 0x9e, 0xce, 0x9e,
    0xce, 0x9e, 0xce, 0x9e, 0xce, 0x9e, 0xce, 0x9e, 0x03, 0x11, 0x03, 0x11, 0x03, 0x11, 0x03, 0x11, 0x03, 0x11, 0x03, 0x11, 0x03, 0x11, 0x03, 0x11,
    0x03, 0x11, 0x03, 0x11, 0x03, 0x11, 0x03, 0x11, 0x03, 0x11, 0x03, 0x11, 0x03, 0x11, 0x03, 0x11, 0x03, 0x11, 0x03, 0x11, 0x03, 0x11, 0x03, 0x11,
    0x03, 0x11, 0x03, 0x11, 0x03, 0x11, 0x03, 0x11, 0x03, 0x11, 0x03, 0x11, 0x03, 0x11, 0x03, 0x11, 0x03, 0x11, 0x03, 0x11, 0x27, 0x2b, 0x27, 0x2b,
    0x27, 0x2b, 0x27, 0x2b, 0x27, 0x2b, 0x27, 0x2b, 0x27, 0x2b, 0x27, 0x2b, 0x27, 0x2b, 0x27, 0x2b, 0x6b, 0x55, 0x6b, 0x55, 0x6b, 0x55, 0x6b, 0x55,
    0x6b, 0x55, 0x6b, 0x55, 0x6b, 0x55, 0x6b, 0x55, 0x6b, 0x55, 0x6b, 0x55, 0xf5, 0xee, 0xf5, 0xee, 0xf5, 0xee, 0xf5, 0xee, 0xf5, 0xee, 0xf5, 0xee,
    0xf5, 0xee, 0xf5, 0xee, 0xf5, 0xee, 0xf5, 0xee, 0xf5, 0xee, 0xf5, 0xee, 0xf5, 0xee, 0xf5, 0xee, 0xf5, 0xee, 0xf5, 0xee, 0xf5, 0xee, 0xf5, 0xee,
    0x6b, 0x55, 0x6b, 0x55, 0x6b, 0x55, 0x6b, 0x55, 0x27, 0x2b, 0x27, 0x2b, 0x27, 0x2b, 0x27, 0x2b, 0x03, 0x11, 0x03, 0x11, 0x03, 0x11, 0x03, 0x11,
    0x03, 0x11, 0x03, 0x11, 0x03, 0x11, 0x03, 0x11, 0x03, 0x11, 0x03, 0x11, 0x03, 0x11, 0x03, 0x11, 0x03, 0x11, 0x03, 0x11, 0x03, 0x11, 0x03, 0x11,
    0x03, 0x11, 0x03, 0x11, 0x03, 0x11, 0x03, 0x11, 0x03, 0x11, 0x03, 0x11, 0x03, 0x11, 0x03, 0x11, 0x03, 0x11, 0x03, 0x11, 0x03, 0x11, 0x03, 0x11,
    0x03, 0x11, 0x03, 0x11, 0x03, 0x11, 0x03, 0x11, 0x03, 0x11, 0x03, 0x11, 0x27, 0x2b, 0x27, 0x2b, 0x27, 0x2b, 0x27, 0x2b, 0x27, 0x2b, 0x27, 0x2b,
    0x27, 0x2b, 0x27, 0x2b, 0x27, 0x2b, 0x27, 0x2b, 0x6b, 0x55, 0x6b, 0x55, 0x6b, 0x55, 0x6b, 0x55, 0x6b, 0x55, 0x6b, 0x55, 0x6b, 0x55, 0x6b, 0x55,
    0x6b, 0x55, 0x6b, 0x55, 0xf5, 0xee, 0xf5, 0xee, 0xf5, 0xee, 0xf5, 0xee, 0xf5, 0xee, 0xf5, 0xee, 0xf5, 0xee, 0xf5, 0xee, 0xf5, 0xee, 0xf5, 0xee,
    0xf5, 0xee, 0xf5, 0xee, 0xf5, 0xee, 0xf5, 0xee, 0xf5, 0xee, 0xf5, 0xee, 0xf5, 0xee, 0xf5, 0xee, 0x6b, 0x55, 0x6b, 0x55, 0x6b, 0x55, 0x6b, 0x55,
    0x27, 0x2b, 0x27, 0x2b, 0x27, 0x2b, 0x27, 0x2b, 0x03, 0x11, 0x03, 0x11, 0x03, 0x11, 0x03, 0x11, 0x03, 0x11, 0x03, 0x11, 0x03, 0x11, 0x03, 0x11,
    0x03, 0x11, 0x03, 0x11, 0x03, 0x11, 0x03, 0x11, 0x03, 0x11, 0x03, 0x11, 0x03, 0x11, 0x03, 0x11, 0x03, 0x11, 0x03, 0x11, 0x03, 0x11, 0x03, 0x11,
    0x03, 0x11, 0x03, 0x11, 0x03, 0x11, 0x03, 0x11, 0x03, 0x11, 0x03, 0x11, 0x27, 0x2b, 0x27, 0x2b, 0x03, 0x11, 0x03, 0x11, 0x03, 0x11, 0x03, 0x11,
    0x03, 0x11, 0x03, 0x11, 0x27, 0x2b, 0x27, 0x2b, 0x27, 0x2b, 0x27, 0x2b, 0x27, 0x2b, 0x27, 0x2b, 0x27, 0x2b, 0x27, 0x2b, 0x27, 0x2b, 0x27, 0x2b,
    0x6b, 0x55, 0x6b, 0x55, 0x6b, 0x55, 0x6b, 0x55, 0x6b, 0x55, 0x6b, 0x55, 0x6b, 0x55, 0x6b, 0x55, 0x6b, 0x55, 0x6b, 0x55, 0xf5, 0xee, 0xf5, 0xee,
    0xf5, 0xee, 0xf5, 0xee, 0xf5, 0xee, 0xf5, 0xee, 0xf5, 0xee, 0xf5, 0xee, 0xf5, 0xee, 0xf5, 0xee, 0xf5, 0xee, 0xf5, 0xee, 0xf5, 0xee, 0xf5, 0xee,
    0xf5, 0xee, 0xf5, 0xee, 0xf5, 0xee, 0xf5, 0xee, 0x6b, 0x55, 0x6b, 0x55, 0x6b, 0x55, 0x6b, 0x55, 0x27, 0x2b, 0x27, 0x2b, 0x27, 0x2b, 0x27, 0x2b,
    0x03, 0x11, 0x03, 0x11, 0x03, 0x11, 0x03, 0x11, 0x03, 0x11, 0x03, 0x11, 0x03, 0x11, 0x03, 0x11, 0x03, 0x11, 0x03, 0x11, 0x03, 0x11, 0x03, 0x11,
    0x03, 0x11, 0x03, 0x11, 0x03, 0x11, 0x03, 0x11, 0x03, 0x11, 0x03, 0x11, 0x03, 0x11, 0x03, 0x11, 0x03, 0x11, 0x03, 0x11, 0x03, 0x11, 0x03, 0x11,
    0x03, 0x11, 0x03, 0x11, 0x27, 0x2b, 0x27, 0x2b, 0x03, 0x11, 0x03, 0x11, 0x03, 0x11, 0x03, 0x11, 0x03, 0x11, 0x03, 0x11, 0x27, 0x2b, 0x27, 0x2b,
    0x27, 0x2b, 0x27, 0x2b, 0x27, 0x2b, 0x27, 0x2b, 0x27, 0x2b, 0x27, 0x2b, 0x27, 0x2b, 0x27, 0x2b, 0x6b, 0x55, 0x6b, 0x55, 0x6b, 0x55, 0x6b, 0x55,
    0x6b, 0x55, 0x6b, 0x55, 0x6b, 0x55, 0x6b, 0x55, 0x6b, 0x55, 0x6b, 0x55, 0xf5, 0xee, 0xf5, 0xee, 0xf5, 0xee, 0xf5, 0xee, 0xf5, 0xee, 0xf5, 0xee,
    0xf5, 0xee, 0xf5, 0xee, 0xf5, 0xee, 0xf5, 0xee, 0xf5, 0xee, 0xf5, 0xee, 0xf5, 0xee, 0xf5, 0xee, 0xf5, 0xee, 0xf5, 0xee, 0xf5, 0xee, 0xf5, 0xee,
    0x6b, 0x55, 0x6b, 0x55, 0x6b, 0x55, 0x6b, 0x55, 0x27, 0x2b, 0x27, 0x2b, 0x27, 0x2b, 0x27, 0x2b, 0x03, 0x11, 0x03, 0x11, 0x03, 0x11, 0x03, 0x11,
    0x03, 0x11, 0x03, 0x11, 0x03, 0x11, 0x03, 0x11, 0x03, 0x11, 0x03, 0x11, 0x03, 0x11, 0x03, 0x11, 0x03, 0x11, 0x03, 0x11, 0x03, 0x11, 0x03, 0x11,
    0x03, 0x11, 0x03, 0x11, 0x03, 0x11, 0x03, 0x11, 0x03, 0x11, 0x03, 0x11, 0x03, 0x11, 0x03, 0x11, 0x03, 0x11, 0x03, 0x11, 0x27, 0x2b, 0x27, 0x2b,
    0x27, 0x2b, 0x27, 0x2b, 0x27, 0x2b, 0x27, 0x2b, 0x03, 0x11, 0x03, 0x11, 0x27, 0x2b, 0x27, 0x2b, 0x27, 0x2b, 0x27, 0x2b, 0x27, 0x2b, 0x27, 0x2b,
    0x27, 0x2b, 0x27, 0x2b, 0x27, 0x2b, 0x27, 0x2b, 0x6b, 0x55, 0x6b, 0x55, 0x6b, 0x55, 0x6b, 0x55, 0x6b, 0x55, 0x6b, 0x55, 0x6b, 0x55, 0x6b, 0x55,
    0x6b, 0x55, 0x6b, 0x55, 0xf5, 0xee, 0xf5, 0xee, 0xf5, 0xee, 0xf5, 0xee, 0xf5, 0xee, 0xf5, 0xee, 0xf5, 0xee, 0xf5, 0xee, 0xf5, 0xee, 0xf5, 0xee,
    0xf5, 0xee, 0xf5, 0xee, 0xf5, 0xee, 0xf5, 0xee, 0xf5, 0xee, 0xf5, 0xee, 0xf5, 0xee, 0xf5, 0xee, 0x6b, 0x55, 0x6b, 0x55, 0x6b, 0x55, 0x6b, 0x55,
    0x27, 0x2b, 0x27, 0x2b, 0x27, 0x2b, 0x27, 0x2b, 0x03, 0x11, 0x03, 0x11, 0x03, 0x11, 0x03, 0x11, 0x03, 0x11, 0x03, 0x11, 0x03, 0x11, 0x03, 0x11,
    0x03, 0x11, 0x03, 0x11, 0x03, 0x11, 0x03, 0x11, 0x03, 0x11, 0x03, 0x11, 0x03, 0x11, 0x03, 0x11, 0x03, 0x11, 0x03, 0x11, 0x03, 0x11, 0x03, 0x11,
    0x03, 0x11, 0x03, 0x11, 0x03, 0x11, 0x03, 0x11, 0x03, 0x11, 0x03, 0x11, 0x27, 0x2b, 0x27, 0x2b, 0x27, 0x2b, 0x27, 0x2b, 0x27, 0x2b, 0x27, 0x2b,
    0x03, 0x11, 0x03, 0x11, 0x27, 0x2b, 0x27, 0x2b, 0x27, 0x2b, 0x27, 0x2b, 0x27, 0x2b, 0x27, 0x2b, 0x27, 0x2b, 0x27, 0x2b, 0x27, 0x2b, 0x27, 0x2b,
    0x6b, 0x55, 0x6b, 0x55, 0x6b, 0x55, 0x6b, 0x55, 0x6b, 0x55, 0x6b, 0x55, 0x6b, 0x55, 0x6b, 0x55, 0x6b, 0x55, 0x6b, 0x55, 0xf5, 0xee, 0xf5, 0xee,
    0xf5, 0xee, 0xf5, 0xee, 0xf5, 0xee, 0xf5, 0xee, 0xf5, 0xee, 0xf5, 0xee, 0xf5, 0xee, 0xf5, 0xee, 0xf5, 0xee, 0xf5, 0xee, 0xf5, 0xee, 0xf5, 0xee,
    0xf5, 0xee, 0xf5, 0xee, 0xf5, 0xee, 0xf5, 0xee, 0x6b, 0x55, 0x6b, 0x55, 0x6b, 0x55, 0x6b, 0x55, 0x27, 0x2b, 0x27, 0x2b, 0x27, 0x2b, 0x27, 0x2b,
    0x03, 0x11, 0x03, 0x11, 0x03, 0x11, 0x03, 0x11, 0x03, 0x11, 0x03, 0x11, 0x03, 0x11, 0x03, 0x11, 0x03, 0x11, 0x03, 0x11, 0x03, 0x11, 0x03, 0x11,
    0x03, 0x11, 0x03, 0x11, 0x03, 0x11, 0x03, 0x11, 0x03, 0x11, 0x03, 0x11, 0x03, 0x11, 0x03, 0x11, 0x03, 0x11, 0x03, 0x11, 0x03, 0x11, 0x03, 0x11,
    0x03, 0x11, 0x03, 0x11, 0x03, 0x11, 0x03, 0x11, 0x27, 0x2b, 0x27, 0x2b, 0x27, 0x2b, 0x27, 0x2b, 0x27, 0x2b, 0x27, 0x2b, 0x03, 0x11, 0x03, 0x11,
    0x03, 0x11, 0x03, 0x11, 0x03, 0x11, 0x03, 0x11, 0x27, 0x2b, 0x27, 0x2b, 0x27, 0x2b, 0x27, 0x2b, 0x6b, 0x55, 0x6b, 0x55, 0x6b, 0x55, 0x6b, 0x55,
    0x6b, 0x55, 0x6b, 0x55, 0x6b, 0x55, 0x6b, 0x55, 0x6b, 0x55, 0x6b, 0x55, 0xf5, 0xee, 0xf5, 0xee, 0xf5, 0xee, 0xf5, 0xee, 0xf5, 0xee, 0xf5, 0xee,
    0xf5, 0xee, 0xf5, 0xee, 0xf5, 0xee, 0xf5, 0xee, 0xf5, 0xee, 0xf5, 0xee, 0xf5, 0xee, 0xf5, 0xee, 0xf5, 0xee, 0xf5, 0xee, 0xf5, 0xee, 0xf5, 0xee,
    0x6b, 0x55, 0x6b, 0x55, 0x6b, 0x55, 0x6b, 0x55, 0x27, 0x2b, 0x27, 0x2b, 0x27, 0x2b, 0x27, 0x2b, 0x03, 0x11, 0x03, 0x11, 0x03, 0x11, 0x03, 0x11,
    0x03, 0x11, 0x03, 0x11, 0x03, 0x11, 0x03, 0x11, 0x03, 0x11, 0x03, 0x11, 0x03, 0x11, 0x03, 0x11, 0x03, 0x11, 0x03, 0x11, 0x03, 0x11, 0x03, 0x11,
    0x03, 0x11, 0x03, 0x11, 0x03, 0x11, 0x03, 0x11, 0x03, 0x11, 0x03, 0x11, 0x03, 0x11, 0x03, 0x11, 0x03, 0x11, 0x03, 0x11, 0x03, 0x11, 0x03, 0x11,
    0x27, 0x2b, 0x27, 0x2b, 0x27, 0x2b, 0x27, 0x2b, 0x27, 0x2b, 0x27, 0x2b, 0x03, 0x11, 0x03, 0x11, 0x03, 0x11, 0x03, 0x11, 0x03, 0x11, 0x03, 0x11,
    0x27, 0x2b, 0x27, 0x2b, 0x27, 0x2b, 0x27, 0x2b, 0x6b, 0x55, 0x6b, 0x55, 0x6b, 0x55, 0x6b, 0x55, 0x6b, 0x55, 0x6b, 0x55, 0x6b, 0x55, 0x6b, 0x55,
    0x6b, 0x55, 0x6b, 0x55, 0xf5, 0xee, 0xf5, 0xee, 0xf5, 0xee, 0xf5, 0xee, 0xf5, 0xee, 0xf5, 0xee, 0xf5, 0xee, 0xf5, 0xee, 0xf5, 0xee, 0xf5, 0xee,
    0xf5, 0xee, 0xf5, 0xee, 0xf5, 0xee, 0xf5, 0xee, 0xf5, 0xee, 0xf5, 0xee, 0xf5, 0xee, 0xf5, 0xee, 0x6b, 0x55, 0x6b, 0x55, 0x6b, 0x55, 0x6b, 0x55,
    0x27, 0x2b, 0x27, 0x2b, 0x27, 0x2b, 0x27, 0x2b, 0x03, 0x11, 0x03, 0x11, 0x03, 0x11, 0x03, 0x11, 0x03, 0x11, 0x03, 0x11, 0x03, 0x11, 0x03, 0x11,
    0x03, 0x11, 0x03, 0x11, 0x03, 0x11, 0x03, 0x11, 0x03, 0x11, 0x03, 0x11, 0x03, 0x11, 0x03, 0x11, 0x03, 0x11, 0x03, 0x11, 0x03, 0x11, 0x03, 0x11,
    0x03, 0x11, 0x03, 0x11, 0x03, 0x11, 0x03, 0x11, 0x03, 0x11, 0x03, 0x11, 0x03, 0x11, 0x03, 0x11, 0x27, 0x2b, 0x27, 0x2b, 0x27, 0x2b, 0x27, 0x2b,
    0x27, 0x2b, 0x27, 0x2b, 0x27, 0x2b, 0x27, 0x2b, 0x27, 0x2b, 0x27, 0x2b, 0x03, 0x11, 0x03, 0x11, 0x27, 0x2b, 0x27, 0x2b, 0x27, 0x2b, 0x27, 0x2b,
    0x6b, 0x55, 0x6b, 0x55, 0x6b, 0x55, 0x6b, 0x55, 0x6b, 0x55, 0x6b, 0x55, 0x6b, 0x55, 0x6b, 0x55, 0x6b, 0x55, 0x6b, 0x55, 0xf5, 0xee, 0xf5, 0xee,
    0xf5, 0xee, 0xf5, 0xee, 0xf5, 0xee, 0xf5, 0xee, 0xf5, 0xee, 0xf5, 0xee, 0xf5, 0xee, 0xf5, 0xee, 0xf5, 0xee, 0xf5, 0xee, 0xf5, 0xee, 0xf5, 0xee,
    0xf5, 0xee, 0xf5, 0xee, 0xf5, 0xee, 0xf5, 0xee, 0x6b, 0x55, 0x6b, 0x55, 0x6b, 0x55, 0x6b, 0x55, 0x27, 0x2b, 0x27, 0x2b, 0x27, 0x2b, 0x27, 0x2b,
    0x03, 0x11, 0x03, 0x11, 0x03, 0x11, 0x03, 0x11, 0x03, 0x11, 0x03, 0x11, 0x03, 0x11, 0x03, 0x11, 0x03, 0x11, 0x03, 0x11, 0x03, 0x11, 0x03, 0x11,
    0x03, 0x11, 0x03, 0x11, 0x03, 0x11, 0x03, 0x11, 0x03, 0x11, 0x03, 0x11, 0x03, 0x11, 0x03, 0x11, 0x03, 0x11, 0x03, 0x11, 0x03, 0x11, 0x03, 0x11,
    0x03, 0x11, 0x03, 0x11, 0x03, 0x11, 0x03, 0x11, 0x27, 0x2b, 0x27, 0x2b, 0x27, 0x2b, 0x27, 0x2b, 0x27, 0x2b, 0x27, 0x2b, 0x27, 0x2b, 0x27, 0x2b,
    0x27, 0x2b, 0x27, 0x2b, 0x03, 0x11, 0x03, 0x11, 0x27, 0x2b, 0x27, 0x2b, 0x27, 0x2b, 0x27, 0x2b, 0x6b, 0x55, 0x6b, 0x55, 0x6b, 0x55, 0x6b, 0x55,
    0x6b, 0x55, 0x6b, 0x55, 0x6b, 0x55, 0x6b, 0x55, 0x6b, 0x55, 0x6b, 0x55, 0xf5, 0xee, 0xf5, 0xee, 0xf5, 0xee, 0xf5, 0xee, 0xf5, 0xee, 0xf5, 0xee,
    0xf5, 0xee, 0xf5, 0xee, 0xf5, 0xee, 0xf5, 0xee, 0xf5, 0xee, 0xf5, 0xee, 0xf5, 0xee, 0xf5, 0xee, 0xf5, 0xee, 0xf5, 0xee, 0xf5, 0xee, 0xf5, 0xee,
    0x6b, 0x55, 0x6b, 0x55, 0x6b, 0x55, 0x6b, 0x55, 0x27, 0x2b, 0x27, 0x2b, 0x27, 0x2b, 0x27, 0x2b, 0x03, 0x11, 0x03, 0x11, 0x03, 0x11, 0x03, 0x11,
    0x03, 0x11, 0x03, 0x11, 0x03, 0x11, 0x03, 0x11, 0x03, 0x11, 0x03, 0x11, 0x03, 0x11, 0x03, 0x11, 0x03, 0x11, 0x03, 0x11, 0x03, 0x11, 0x03, 0x11,
    0x03, 0x11, 0x03, 0x11, 0x03, 0x11, 0x03, 0x11, 0x03, 0x11, 0x03, 0x11, 0x03, 0x11, 0x03, 0x11, 0x03, 0x11, 0x03, 0x11, 0x03, 0x11, 0x03, 0x11,
    0x27, 0x2b, 0x27, 0x2b, 0x27, 0x2b, 0x27, 0x2b, 0x27, 0x2b, 0x27, 0x2b, 0x27, 0x2b, 0x27, 0x2b, 0x27, 0x2b, 0x27, 0x2b, 0x27, 0x2b, 0x27, 0x2b,
    0x27, 0x2b, 0x27, 0x2b, 0x27, 0x2b, 0x27, 0x2b, 0x6b, 0x55, 0x6b, 0x55, 0x6b, 0x55, 0x6b, 0x55, 0x6b, 0x55, 0x6b, 0x55, 0x6b, 0x55, 0x6b, 0x55,
    0x6b, 0x55, 0x6b, 0x55, 0xf5, 0xee, 0xf5, 0xee, 0xf5, 0xee, 0xf5, 0xee, 0xf5, 0xee, 0xf5, 0xee, 0xf5, 0xee, 0xf5, 0xee, 0xf5, 0xee, 0xf5, 0xee,
    0xf5, 0xee, 0xf5, 0xee, 0xf5, 0xee, 0xf5, 0xee, 0xf5, 0xee, 0xf5, 0xee, 0xf5, 0xee, 0xf5, 0xee, 0x6b, 0x55, 0x6b, 0x55, 0x6b, 0x55, 0x6b, 0x55,
    0x27, 0x2b, 0x27, 0x2b, 0x27, 0x2b, 0x27, 0x2b, 0x03, 0x11, 0x03, 0x11, 0x03, 0x11, 0x03, 0x11, 0x03, 0x11, 0x03, 0x11, 0x03, 0x11, 0x03, 0x11,
    0x03, 0x11, 0x03, 0x11, 0x03, 0x11, 0x03, 0x11, 0x03, 0x11, 0x03, 0x11, 0x03, 0x11, 0x03, 0x11, 0x03, 0x11, 0x03, 0x11, 0x03, 0x11, 0x03, 0x11,
    0x03, 0x11, 0x03, 0x11, 0x03, 0x11, 0x03, 0x11, 0x03, 0x11, 0x03, 0x11, 0x03, 0x11, 0x03, 0x11, 0x27, 0x2b, 0x27, 0x2b, 0x27, 0x2b, 0x27, 0x2b,
    0x27, 0x2b, 0x27, 0x2b, 0x27, 0x2b, 0x27, 0x2b, 0x27, 0x2b, 0x27, 0x2b, 0x27, 0x2b, 0x27, 0x2b, 0x27, 0x2b, 0x27, 0x2b, 0x27, 0x2b, 0x27, 0x2b,
    0x6b, 0x55, 0x6b, 0x55, 0x6b, 0x55, 0x6b, 0x55, 0x6b, 0x55, 0x6b, 0x55, 0x6b, 0x55, 0x6b, 0x55, 0x6b, 0x55, 0x6b, 0x55, 0xf5, 0xee, 0xf5, 0xee,
    0xf5, 0xee, 0xf5, 0xee, 0xf5, 0xee, 0xf5, 0xee, 0xf5, 0xee, 0xf5, 0xee, 0xf5, 0xee, 0xf5, 0xee, 0xf5, 0xee, 0xf5, 0xee, 0xf5, 0xee, 0xf5, 0xee,
    0xf5, 0xee, 0xf5, 0xee, 0xf5, 0xee, 0xf5, 0xee, 0x6b, 0x55, 0x6b, 0x55, 0x6b, 0x55, 0x6b, 0x55, 0x27, 0x2b, 0x27, 0x2b, 0x27, 0x2b, 0x27, 0x2b,
    0x03, 0x11, 0x03, 0x11, 0x03, 0x11, 0x03, 0x11, 0x03, 0x11, 0x03, 0x11, 0x03, 0x11, 0x03, 0x11, 0x03, 0x11, 0x03, 0x11, 0x03, 0x11, 0x03, 0x11,
    0x03, 0x11, 0x03, 0x11, 0x03, 0x11, 0x03, 0x11, 0x03, 0x11, 0x03, 0x11, 0x03, 0x11, 0x03, 0x11, 0x03, 0x11, 0x03, 0x11, 0x03, 0x11, 0x03, 0x11,
    0x03, 0x11, 0x03, 0x11, 0x03, 0x11, 0x03, 0x11, 0x03, 0x11, 0x03, 0x11, 0x27, 0x2b, 0x27, 0x2b, 0x27, 0x2b, 0x27, 0x2b, 0x27, 0x2b, 0x27, 0x2b,
    0x27, 0x2b, 0x27, 0x2b, 0x27, 0x2b, 0x27, 0x2b, 0x27, 0x2b, 0x27, 0x2b, 0x27, 0x2b, 0x27, 0x2b, 0x6b, 0x55, 0x6b, 0x55, 0x6b, 0x55, 0x6b, 0x55,
    0x6b, 0x55, 0x6b, 0x55, 0x6b, 0x55, 0x6b, 0x55, 0x6b, 0x55, 0x6b, 0x55, 0xf5, 0xee, 0xf5, 0xee, 0xf5, 0xee, 0xf5, 0xee, 0xf5, 0xee, 0xf5, 0xee,
    0xf5, 0xee, 0xf5, 0xee, 0xf5, 0xee, 0xf5, 0xee, 0xf5, 0xee, 0xf5, 0xee, 0xf5, 0xee, 0xf5, 0xee, 0xf5, 0xee, 0xf5, 0xee, 0xf5, 0xee, 0xf5, 0xee,
    0x6b, 0x55, 0x6b, 0x55, 0x6b, 0x55, 0x6b, 0x55, 0x27, 0x2b, 0x27, 0x2b, 0x27, 0x2b, 0x27, 0x2b, 0x03, 0x11, 0x03, 0x11, 0x03, 0x11, 0x03, 0x11,
    0x03, 0x11, 0x03, 0x11, 0x03, 0x11, 0x03, 0x11, 0x03, 0x11, 0x03, 0x11, 0x03, 0x11, 0x03, 0x11, 0x03, 0x11, 0x03, 0x11, 0x03, 0x11, 0x03, 0x11,
    0x03, 0x11, 0x03, 0x11, 0x03, 0x11, 0x03, 0x11, 0x03, 0x11, 0x03, 0x11, 0x03, 0x11, 0x03, 0x11, 0x03, 0x11, 0x03, 0x11, 0x03, 0x11, 0x03, 0x11,
    0x03, 0x11, 0x03, 0x11, 0x27, 0x2b, 0x27, 0x2b, 0x27, 0x2b, 0x27, 0x2b, 0x27, 0x2b, 0x27, 0x2b, 0x27, 0x2b, 0x27, 0x2b, 0x27, 0x2b, 0x27, 0x2b,
    0x27, 0x2b, 0x27, 0x2b, 0x27, 0x2b, 0x27, 0x2b, 0x6b, 0x55, 0x6b, 0x55, 0x6b, 0x55, 0x6b, 0x55, 0x6b, 0x55, 0x6b, 0x55, 0x6b, 0x55, 0x6b, 0x55,
    0x6b, 0x55, 0x6b, 0x55, 0xf5, 0xee, 0xf5, 0xee, 0xf5, 0xee, 0xf5, 0xee, 0xf5, 0xee, 0xf5, 0xee, 0xf5, 0xee, 0xf5, 0xee, 0xf5, 0xee, 0xf5, 0xee,
    0xf5, 0xee, 0xf5, 0xee, 0xf5, 0xee, 0xf5, 0xee, 0xf5, 0xee, 0xf5, 0xee, 0xf5, 0xee, 0xf5, 0xee, 0x6b, 0x55, 0x6b, 0x55, 0x6b, 0x55, 0x6b, 0x55,
    0x27, 0x2b, 0x27, 0x2b, 0x27, 0x2b, 0x27, 0x2b, 0x03, 0x11, 0x03, 0x11, 0x03, 0x11, 0x03, 0x11, 0x03, 0x11, 0x03, 0x11, 0x03, 0x11, 0x03, 0x11,
    0x03, 0x11, 0x03, 0x11, 0x03, 0x11, 0x03, 0x11, 0x03, 0x11, 0x03, 0x11, 0x03, 0x11, 0x03, 0x11, 0x03, 0x11, 0x03, 0x11, 0x03, 0x11, 0x03, 0x11,
    0x03, 0x11, 0x03, 0x11, 0x03, 0x11, 0x03, 0x11, 0x03, 0x11, 0x03, 0x11, 0x03, 0x11, 0x03, 0x11, 0x03, 0x11, 0x03, 0x11, 0x27, 0x2b, 0x27, 0x2b,
    0x27, 0x2b, 0x27, 0x2b, 0x27, 0x2b, 0x27, 0x2b, 0x27, 0x2b, 0x27, 0x2b, 0x27, 0x2b, 0x27, 0x2b, 0x27, 0x2b, 0x27, 0x2b, 0x27, 0x2b, 0x27, 0x2b,
    0x6b, 0x55, 0x6b, 0x55, 0x6b, 0x55, 0x6b, 0x55, 0x6b, 0x55, 0x6b, 0x55, 0x6b, 0x55, 0x6b, 0x55, 0x6b, 0x55, 0x6b, 0x55, 0xf5, 0xee, 0xf5, 0xee,
    0xf5, 0xee, 0xf5, 0xee, 0xf5, 0xee, 0xf5, 0xee, 0xf5, 0xee, 0xf5, 0xee, 0xf5, 0xee, 0xf5, 0xee, 0xf5, 0xee, 0xf5, 0xee, 0xf5, 0xee, 0xf5, 0xee,
    0xf5, 0xee, 0xf5, 0xee, 0xf5, 0xee, 0xf5, 0xee, 0x6b, 0x55, 0x6b, 0x55, 0x6b, 0x55, 0x6b, 0x55, 0x27, 0x2b, 0x27, 0x2b, 0x27, 0x2b, 0x27, 0x2b,
    0x03, 0x11, 0x03, 0x11, 0x03, 0x11, 0x03, 0x11, 0x03, 0x11, 0x03, 0x11, 0x03, 0x11, 0x03, 0x11, 0x03, 0x11, 0x03, 0x11, 0x03, 0x11, 0x03, 0x11,
    0x03, 0x11, 0x03, 0x11, 0x03, 0x11, 0x03, 0x11, 0x03, 0x11, 0x03, 0x11, 0x03, 0x11, 0x03, 0x11, 0x03, 0x11, 0x03, 0x11, 0x03, 0x11, 0x03, 0x11,
    0x03, 0x11, 0x03, 0x11, 0x03, 0x11, 0x03, 0x11, 0x03, 0x11, 0x03, 0x11, 0x27, 0x2b, 0x27, 0x2b, 0x27, 0x2b, 0x27, 0x2b, 0x27, 0x2b, 0x27, 0x2b,
    0x27, 0x2b, 0x27, 0x2b, 0x27, 0x2b, 0x27, 0x2b, 0x27, 0x2b, 0x27, 0x2b, 0x27, 0x2b, 0x27, 0x2b, 0x6b, 0x55, 0x6b, 0x55, 0x6b, 0x55, 0x6b, 0x55,
    0x6b, 0x55, 0x6b, 0x55, 0x6b, 0x55, 0x6b, 0x55, 0x6b, 0x55, 0x6b, 0x55, 0xf5, 0xee, 0xf5, 0xee, 0xf5, 0xee, 0xf5, 0xee, 0xf5, 0xee, 0xf5, 0xee,
    0xf5, 0xee, 0xf5, 0xee, 0xf5, 0xee, 0xf5, 0xee, 0xf5, 0xee, 0xf5, 0xee, 0xf5, 0xee, 0xf5, 0xee, 0xf5, 0xee, 0xf5, 0xee, 0xf5, 0xee, 0xf5, 0xee,
    0x6b, 0x55, 0x6b, 0x55, 0x6b, 0x55, 0x6b, 0x55, 0x27, 0x2b, 0x27, 0x2b, 0x27, 0x2b, 0x27, 0x2b, 0x03, 0x11, 0x03, 0x11, 0x03, 0x11, 0x03, 0x11,
    0x03, 0x11, 0x03, 0x11, 0x03, 0x11, 0x03, 0x11, 0x03, 0x11, 0x03, 0x11, 0x03, 0x11, 0x03, 0x11, 0x03, 0x11, 0x03, 0x11, 0x03, 0x11, 0x03, 0x11,
    0x03, 0x11, 0x03, 0x11, 0x03, 0x11, 0x03, 0x11, 0x03, 0x11, 0x03, 0x11, 0x03, 0x11, 0x03, 0x11, 0x03, 0x11, 0x03, 0x11, 0x03, 0x11, 0x03, 0x11,
    0x03, 0x11, 0x03, 0x11, 0x03, 0x11, 0x03, 0x11, 0x03, 0x11, 0x03, 0x11, 0x03, 0x11, 0x03, 0x11, 0x27, 0x2b, 0x27, 0x2b, 0x27, 0x2b, 0x27, 0x2b,
    0x27, 0x2b, 0x27, 0x2b, 0x27, 0x2b, 0x27, 0x2b, 0x6b, 0x55, 0x6b, 0x55, 0x6b, 0x55, 0x6b, 0x55, 0x6b, 0x55, 0x6b, 0x55, 0x6b, 0x55, 0x6b, 0x55,
    0x6b, 0x55, 0x6b, 0x55, 0xf5, 0xee, 0xf5, 0xee, 0xf5, 0xee, 0xf5, 0xee, 0xf5, 0xee, 0xf5, 0xee, 0xf5, 0xee, 0xf5, 0xee, 0xf5, 0xee, 0xf5, 0xee,
    0xf5, 0xee, 0xf5, 0xee, 0xf5, 0xee, 0xf5, 0xee, 0xf5, 0xee, 0xf5, 0xee, 0xf5, 0xee, 0xf5, 0xee, 0x6b, 0x55, 0x6b, 0x55, 0x6b, 0x55, 0x6b, 0x55,
    0x27, 0x2b, 0x27, 0x2b, 0x27, 0x2b, 0x27, 0x2b, 0x03, 0x11, 0x03, 0x11, 0x03, 0x11, 0x03, 0x11, 0x03, 0x11, 0x03, 0x11, 0x03, 0x11, 0x03, 0x11,
    0x03, 0x11, 0x03, 0x11, 0x03, 0x11, 0x03, 0x11, 0x03, 0x11, 0x03, 0x11, 0x03, 0x11, 0x03, 0x11, 0x03, 0x11, 0x03, 0x11, 0x03, 0x11, 0x03, 0x11,
    0x03, 0x11, 0x03, 0x11, 0x03, 0x11, 0x03, 0x11, 0x03, 0x11, 0x03, 0x11, 0x03, 0x11, 0x03, 0x11, 0x03, 0x11, 0x03, 0x11, 0x03, 0x11, 0x03, 0x11,
    0x03, 0x11, 0x03, 0x11, 0x03, 0x11, 0x03, 0x11, 0x27, 0x2b, 0x27, 0x2b, 0x27, 0x2b, 0x27, 0x2b, 0x27, 0x2b, 0x27, 0x2b, 0x27, 0x2b, 0x27, 0x2b,
    0x6b, 0x55, 0x6b, 0x55, 0x6b, 0x55, 0x6b, 0x55, 0x6b, 0x55, 0x6b, 0x55, 0x6b, 0x55, 0x6b, 0x55, 0x6b, 0x55, 0x6b, 0x55, 0xf5, 0xee, 0xf5, 0xee,
    0xf5, 0xee, 0xf5, 0xee, 0xf5, 0xee, 0xf5, 0xee, 0xf5, 0xee, 0xf5, 0xee, 0xf5, 0xee, 0xf5, 0xee, 0xf5, 0xee, 0xf5, 0xee, 0xf5, 0xee, 0xf5, 0xee,
    0xf5, 0xee, 0xf5, 0xee, 0xf5, 0xee, 0xf5, 0xee, 0x6b, 0x55, 0x6b, 0x55, 0x6b, 0x55, 0x6b, 0x55, 0x27, 0x2b, 0x27, 0x2b, 0x27, 0x2b, 0x27, 0x2b,
    0x03, 0x11, 0x03, 0x11, 0x03, 0x11, 0x03, 0x11, 0x03, 0x11, 0x03, 0x11, 0x03, 0x11, 0x03, 0x11, 0x03, 0x11, 0x03, 0x11, 0x03, 0x11, 0x03, 0x11,
    0x03, 0x11, 0x03, 0x11, 0x03, 0x11, 0x03, 0x11, 0x03, 0x11, 0x03, 0x11, 0x03, 0x11, 0x03, 0x11, 0x03, 0x11, 0x03, 0x11, 0x03, 0x11, 0x03, 0x11,
    0x03, 0x11, 0x03, 0x11, 0x03, 0x11, 0x03, 0x11, 0x03, 0x11, 0x03, 0x11, 0x03, 0x11, 0x03, 0x11, 0x03, 0x11, 0x03, 0x11, 0x03, 0x11, 0x03, 0x11,
    0x03, 0x11, 0x03, 0x11, 0x03, 0x11, 0x03, 0x11, 0x27, 0x2b, 0x27, 0x2b, 0x27, 0x2b, 0x27, 0x2b, 0x27, 0x2b, 0x27, 0x2b, 0x27, 0x2b, 0x27, 0x2b,
    0x27, 0x2b, 0x27, 0x2b, 0x27, 0x2b, 0x27, 0x2b, 0x27, 0x2b, 0x27, 0x2b, 0x27, 0x2b, 0x27, 0x2b, 0xf5, 0xee, 0xf5, 0xee, 0xf5, 0xee, 0xf5, 0xee,
    0xf5, 0xee, 0xf5, 0xee, 0xf5, 0xee, 0xf5, 0xee, 0xf5, 0xee, 0xf5, 0xee, 0xf5, 0xee, 0xf5, 0xee, 0x27, 0x2b, 0x27, 0x2b, 0x27, 0x2b, 0x27, 0x2b,
    0x27, 0x2b, 0x27, 0x2b, 0x27, 0x2b, 0x27, 0x2b, 0x27, 0x2b, 0x27, 0x2b, 0x27, 0x2b, 0x27, 0x2b, 0x27, 0x2b, 0x27, 0x2b, 0x27, 0x2b, 0x27, 0x2b,
    0x03, 0x11, 0x03, 0x11, 0x03, 0x11, 0x03, 0x11, 0x03, 0x11, 0x03, 0x11, 0x03, 0x11, 0x03, 0x11, 0x03, 0x11, 0x03, 0x11, 0x03, 0x11, 0x03, 0x11,
    0x03, 0x11, 0x03, 0x11, 0x03, 0x11, 0x03, 0x11, 0x03, 0x11, 0x03, 0x11, 0x03, 0x11, 0x03, 0x11, 0x03, 0x11, 0x03, 0x11, 0x03, 0x11, 0x03, 0x11,
    0x03, 0x11, 0x03, 0x11, 0x03, 0x11, 0x03, 0x11, 0x03, 0x11, 0x03, 0x11, 0x03, 0x11, 0x03, 0x11, 0x03, 0x11, 0x03, 0x11, 0x03, 0x11, 0x03, 0x11,
    0x27, 0x2b, 0x27, 0x2b, 0x27, 0x2b, 0x27, 0x2b, 0x27, 0x2b, 0x27, 0x2b, 0x27, 0x2b, 0x27, 0x2b, 0x27, 0x2b, 0x27, 0x2b, 0x27, 0x2b, 0x27, 0x2b,
    0x27, 0x2b, 0x27, 0x2b, 0x27, 0x2b, 0x27, 0x2b, 0xf5, 0xee, 0xf5, 0xee, 0xf5, 0xee, 0xf5, 0xee, 0xf5, 0xee, 0xf5, 0xee, 0xf5, 0xee, 0xf5, 0xee,
    0xf5, 0xee, 0xf5, 0xee, 0xf5, 0xee, 0xf5, 0xee, 0x27, 0x2b, 0x27, 0x2b, 0x27, 0x2b, 0x27, 0x2b, 0x27, 0x2b, 0x27, 0x2b, 0x27, 0x2b, 0x27, 0x2b,
    0x27, 0x2b, 0x27, 0x2b, 0x27, 0x2b, 0x27, 0x2b, 0x27, 0x2b, 0x27, 0x2b, 0x27, 0x2b, 0x27, 0x2b, 0x03, 0x11, 0x03, 0x11, 0x03, 0x11, 0x03, 0x11,
    0x03, 0x11, 0x03, 0x11, 0x03, 0x11, 0x03, 0x11, 0x03, 0x11, 0x03, 0x11, 0x03, 0x11, 0x03, 0x11, 0x03, 0x11, 0x03, 0x11, 0x03, 0x11, 0x03, 0x11,
    0x03, 0x11, 0x03, 0x11, 0x03, 0x11, 0x03, 0x11, 0x03, 0x11, 0x03, 0x11, 0x03, 0x11, 0x03, 0x11, 0x03, 0x11, 0x03, 0x11, 0x03, 0x11, 0x03, 0x11,
    0x03, 0x11, 0x03, 0x11, 0x03, 0x11, 0x03, 0x11, 0x03, 0x11, 0x03, 0x11, 0x03, 0x11, 0x03, 0x11, 0x27, 0x2b, 0x27, 0x2b, 0x27, 0x2b, 0x27, 0x2b,
    0x27, 0x2b, 0x27, 0x2b, 0x27, 0x2b, 0x27, 0x2b, 0x27, 0x2b, 0x27, 0x2b, 0x27, 0x2b, 0x27, 0x2b, 0x27, 0x2b, 0x27, 0x2b, 0x27, 0x2b, 0x27, 0x2b,
    0x27, 0x2b, 0x27, 0x2b, 0x27, 0x2b, 0x27, 0x2b, 0x27, 0x2b, 0x27, 0x2b, 0x27, 0x2b, 0x27, 0x2b, 0x27, 0x2b, 0x27, 0x2b, 0x27, 0x2b, 0x27, 0x2b,
    0x27, 0x2b, 0x27, 0x2b, 0x27, 0x2b, 0x27, 0x2b, 0x27, 0x2b, 0x27, 0x2b, 0x27, 0x2b, 0x27, 0x2b, 0x27, 0x2b, 0x27, 0x2b, 0x27, 0x2b, 0x27, 0x2b,
    0x27, 0x2b, 0x27, 0x2b, 0x27, 0x2b, 0x27, 0x2b, 0x03, 0x11, 0x03, 0x11, 0x03, 0x11, 0x03, 0x11, 0x03, 0x11, 0x03, 0x11, 0x03, 0x11, 0x03, 0x11,
    0x03, 0x11, 0x03, 0x11, 0x03, 0x11, 0x03, 0x11, 0x03, 0x11, 0x03, 0x11, 0x03, 0x11, 0x03, 0x11, 0x03, 0x11, 0x03, 0x11, 0x03, 0x11, 0x03, 0x11,
    0x03, 0x11, 0x03, 0x11, 0x03, 0x11, 0x03, 0x11, 0x03, 0x11, 0x03, 0x11, 0x03, 0x11, 0x03, 0x11, 0x03, 0x11, 0x03, 0x11, 0x03, 0x11, 0x03, 0x11,
    0x03, 0x11, 0x03, 0x11, 0x03, 0x11, 0x03, 0x11, 0x27, 0x2b, 0x27, 0x2b, 0x27, 0x2b, 0x27, 0x2b, 0x27, 0x2b, 0x27, 0x2b, 0x27, 0x2b, 0x27, 0x2b,
    0x27, 0x2b, 0x27, 0x2b, 0x27, 0x2b, 0x27, 0x2b, 0x27, 0x2b, 0x27, 0x2b, 0x27, 0x2b, 0x27, 0x2b, 0x27, 0x2b, 0x27, 0x2b, 0x27, 0x2b, 0x27, 0x2b,
    0x27, 0x2b, 0x27, 0x2b, 0x27, 0x2b, 0x27, 0x2b, 0x27, 0x2b, 0x27, 0x2b, 0x27, 0x2b, 0x27, 0x2b, 0x27, 0x2b, 0x27, 0x2b, 0x27, 0x2b, 0x27, 0x2b,
    0x27, 0x2b, 0x27, 0x2b, 0x27, 0x2b, 0x27, 0x2b, 0x27, 0x2b, 0x27, 0x2b, 0x27, 0x2b, 0x27, 0x2b, 0x27, 0x2b, 0x27, 0x2b, 0x27, 0x2b, 0x27, 0x2b,
    0x03, 0x11, 0x03, 0x11, 0x03, 0x11, 0x03, 0x11, 0x03, 0x11, 0x03, 0x11, 0x03, 0x11, 0x03, 0x11, 0x03, 0x11, 0x03, 0x11, 0x03, 0x11, 0x03, 0x11,
    0x03, 0x11, 0x03, 0x11, 0x03, 0x11, 0x03, 0x11, 0x03, 0x11, 0x03, 0x11, 0x03, 0x11, 0x03, 0x11, 0x03, 0x11, 0x03, 0x11, 0x03, 0x11, 0x03, 0x11,
    0x03, 0x11, 0x03, 0x11, 0x03, 0x11, 0x03, 0x11, 0x03, 0x11, 0x03, 0x11, 0x03, 0x11, 0x03, 0x11, 0x03, 0x11, 0x03, 0x11, 0x03, 0x11, 0x03, 0x11,
    0x27, 0x2b, 0x27, 0x2b, 0x27, 0x2b, 0x27, 0x2b, 0x27, 0x2b, 0x27, 0x2b, 0x27, 0x2b, 0x27, 0x2b, 0x27, 0x2b, 0x27, 0x2b, 0x27, 0x2b, 0x27, 0x2b,
    0x27, 0x2b, 0x27, 0x2b, 0x27, 0x2b, 0x27, 0x2b, 0x03, 0x11, 0x03, 0x11, 0x03, 0x11, 0x03, 0x11, 0x03, 0x11, 0x03, 0x11, 0x03, 0x11, 0x03, 0x11,
    0x03, 0x11, 0x03, 0x11, 0x03, 0x11, 0x03, 0x11, 0x27, 0x2b, 0x27, 0x2b, 0x27, 0x2b, 0x27, 0x2b, 0x27, 0x2b, 0x27, 0x2b, 0x27, 0x2b, 0x27, 0x2b,
    0x27, 0x2b, 0x27, 0x2b, 0x27, 0x2b, 0x27, 0x2b, 0x27, 0x2b, 0x27, 0x2b, 0x27, 0x2b, 0x27, 0x2b, 0x03, 0x11, 0x03, 0x11, 0x03, 0x11, 0x03, 0x11,
    0x03, 0x11, 0x03, 0x11, 0x03, 0x11, 0x03, 0x11, 0x03, 0x11, 0x03, 0x11, 0x03, 0x11, 0x03, 0x11, 0x03, 0x11, 0x03, 0x11, 0x03, 0x11, 0x03, 0x11,
    0x03, 0x11, 0x03, 0x11, 0x03, 0x11, 0x03, 0x11, 0x03, 0x11, 0x03, 0x11, 0x03, 0x11, 0x03, 0x11, 0x03, 0x11, 0x03, 0x11, 0x03, 0x11, 0x03, 0x11,
    0x03, 0x11, 0x03, 0x11, 0x03, 0x11, 0x03, 0x11, 0x03, 0x11, 0x03, 0x11, 0x03, 0x11, 0x03, 0x11, 0x27, 0x2b, 0x27, 0x2b, 0x27, 0x2b, 0x27, 0x2b,
    0x27, 0x2b, 0x27, 0x2b, 0x27, 0x2b, 0x27, 0x2b, 0x27, 0x2b, 0x27, 0x2b, 0x27, 0x2b, 0x27, 0x2b, 0x27, 0x2b, 0x27, 0x2b, 0x27, 0x2b, 0x27, 0x2b,
    0x03, 0x11, 0x03, 0x11, 0x03, 0x11, 0x03, 0x11, 0x03, 0x11, 0x03, 0x11, 0x03, 0x11, 0x03, 0x11, 0x03, 0x11, 0x03, 0x11, 0x03, 0x11, 0x03, 0x11,
    0x27, 0x2b, 0x27, 0x2b, 0x27, 0x2b, 0x27, 0x2b, 0x27, 0x2b, 0x27, 0x2b, 0x27, 0x2b, 0x27, 0x2b, 0x27, 0x2b, 0x27, 0x2b, 0x27, 0x2b, 0x27, 0x2b,
    0x27, 0x2b, 0x27, 0x2b, 0x27, 0x2b, 0x27, 0x2b, 0x03, 0x11, 0x03, 0x11, 0x03, 0x11, 0x03, 0x11, 0x03, 0x11, 0x03, 0x11, 0x03, 0x11, 0x03, 0x11,
    0x03, 0x11, 0x03, 0x11, 0x03, 0x11, 0x03, 0x11, 0x03, 0x11, 0x03, 0x11, 0x03, 0x11, 0x03, 0x11, 0x03, 0x11, 0x03, 0x11, 0x03, 0x11, 0x03, 0x11,
    0x03, 0x11, 0x03, 0x11, 0x03, 0x11, 0x03, 0x11, 0x03, 0x11, 0x03, 0x11, 0x03, 0x11, 0x03, 0x11, 0x03, 0x11, 0x03, 0x11, 0x03, 0x11, 0x03, 0x11,
    0x03, 0x11, 0x03, 0x11, 0x03, 0x11, 0x03, 0x11, 0x27, 0x2b, 0x27, 0x2b, 0x27, 0x2b, 0x27, 0x2b, 0x27, 0x2b, 0x27, 0x2b, 0x27, 0x2b, 0x27, 0x2b,
    0x27, 0x2b, 0x27, 0x2b, 0x27, 0x2b, 0x27, 0x2b, 0x27, 0x2b, 0x27, 0x2b, 0x27, 0x2b, 0x27, 0x2b, 0x03, 0x11, 0x03, 0x11, 0x03, 0x11, 0x03, 0x11,
    0x03, 0x11, 0x03, 0x11, 0x03, 0x11, 0x03, 0x11, 0x03, 0x11, 0x03, 0x11, 0x03, 0x11, 0x03, 0x11, 0x27, 0x2b, 0x27, 0x2b, 0x27, 0x2b, 0x27, 0x2b,
    0x27, 0x2b, 0x27, 0x2b, 0x27, 0x2b, 0x27, 0x2b, 0x27, 0x2b, 0x27, 0x2b, 0x27, 0x2b, 0x27, 0x2b, 0x27, 0x2b, 0x27, 0x2b, 0x27, 0x2b, 0x27, 0x2b,
    0x03, 0x11, 0x03, 0x11, 0x03, 0x11, 0x03, 0x11, 0x03, 0x11, 0x03, 0x11, 0x03, 0x11, 0x03, 0x11, 0x03, 0x11, 0x03, 0x11, 0x03, 0x11, 0x03, 0x11,
    0x03, 0x11, 0x03, 0x11, 0x03, 0x11, 0x03, 0x11, 0x03, 0x11, 0x03, 0x11, 0x03, 0x11, 0x03, 0x11, 0x03, 0x11, 0x03, 0x11, 0x03, 0x11, 0x03, 0x11,
    0x03, 0x11, 0x03, 0x11, 0x03, 0x11, 0x03, 0x11, 0x03, 0x11, 0x03, 0x11, 0x03, 0x11, 0x03, 0x11, 0x03, 0x11, 0x03, 0x11, 0x03, 0x11, 0x03, 0x11,
    0x27, 0x2b, 0x27, 0x2b, 0x27, 0x2b, 0x27, 0x2b, 0x27, 0x2b, 0x27, 0x2b, 0x27, 0x2b, 0x27, 0x2b, 0x27, 0x2b, 0x27, 0x2b, 0x27, 0x2b, 0x27, 0x2b,
    0x27, 0x2b, 0x27, 0x2b, 0x27, 0x2b, 0x27, 0x2b, 0x03, 0x11, 0x03, 0x11, 0x03, 0x11, 0x03, 0x11, 0x03, 0x11, 0x03, 0x11, 0x03, 0x11, 0x03, 0x11,
    0x03, 0x11, 0x03, 0x11, 0x03, 0x11, 0x03, 0x11, 0x27, 0x2b, 0x27, 0x2b, 0x27, 0x2b, 0x27, 0x2b, 0x27, 0x2b, 0x27, 0x2b, 0x27, 0x2b, 0x27, 0x2b,
    0x27, 0x2b, 0x27, 0x2b, 0x27, 0x2b, 0x27, 0x2b, 0x27, 0x2b, 0x27, 0x2b, 0x27, 0x2b, 0x27, 0x2b, 0x03, 0x11, 0x03, 0x11, 0x03, 0x11, 0x03, 0x11,
    0x03, 0x11, 0x03, 0x11, 0x03, 0x11, 0x03, 0x11, 0x03, 0x11, 0x03, 0x11, 0x03, 0x11, 0x03, 0x11, 0x03, 0x11, 0x03, 0x11, 0x03, 0x11, 0x03, 0x11,
    0x03, 0x11, 0x03, 0x11, 0x03, 0x11, 0x03, 0x11, 0x03, 0x11, 0x03, 0x11, 0x03, 0x11, 0x03, 0x11, 0x03, 0x11, 0x03, 0x11, 0x03, 0x11, 0x03, 0x11,
    0x03, 0x11, 0x03, 0x11, 0x03, 0x11, 0x03, 0x11, 0x03, 0x11, 0x03, 0x11, 0x03, 0x11, 0x03, 0x11, 0x03, 0x11, 0x03, 0x11, 0x03, 0x11, 0x03, 0x11,
    0x03, 0x11, 0x03, 0x11, 0x03, 0x11, 0x03, 0x11, 0x03, 0x11, 0x03, 0x11, 0x03, 0x11, 0x03, 0x11, 0x03, 0x11, 0x03, 0x11, 0x03, 0x11, 0x03, 0x11,
    0x03, 0x11, 0x03, 0x11, 0x03, 0x11, 0x03, 0x11, 0x03, 0x11, 0x03, 0x11, 0x03, 0x11, 0x03, 0x11, 0x03, 0x11, 0x03, 0x11, 0x03, 0x11, 0x03, 0x11,
    0x03, 0x11, 0x03, 0x11, 0x03, 0x11, 0x03, 0x11, 0x03, 0x11, 0x03, 0x11, 0x03, 0x11, 0x03, 0x11, 0x03, 0x11, 0x03, 0x11, 0x03, 0x11, 0x03, 0x11,
    0x03, 0x11, 0x03, 0x11, 0x03, 0x11, 0x03, 0x11, 0x03, 0x11, 0x03, 0x11, 0x03, 0x11, 0x03, 0x11, 0x03, 0x11, 0x03, 0x11, 0x03, 0x11, 0x03, 0x11,
    0x03, 0x11, 0x03, 0x11, 0x03, 0x11, 0x03, 0x11, 0x03, 0x11, 0x03, 0x11, 0x03, 0x11, 0x03, 0x11, 0x03, 0x11, 0x03, 0x11, 0x03, 0x11, 0x03, 0x11,
    0x03, 0x11, 0x03, 0x11, 0x03, 0x11, 0x03, 0x11, 0x03, 0x11, 0x03, 0x11, 0x03, 0x11, 0x03, 0x11, 0x03, 0x11, 0x03, 0x11, 0x03, 0x11, 0x03, 0x11,
    0x03, 0x11, 0x03, 0x11, 0x03, 0x11, 0x03, 0x11, 0x03, 0x11, 0x03, 0x11, 0x03, 0x11, 0x03, 0x11, 0x03, 0x11, 0x03, 0x11, 0x03, 0x11, 0x03, 0x11,
    0x03, 0x11, 0x03, 0x11, 0x03, 0x11, 0x03, 0x11, 0x03, 0x11, 0x03, 0x11, 0x03, 0x11, 0x03, 0x11, 0x03, 0x11, 0x03, 0x11, 0x03, 0x11, 0x03, 0x11,
    0x03, 0x11, 0x03, 0x11, 0x03, 0x11, 0x03, 0x11, 0x03, 0x11, 0x03, 0x11, 0x03, 0x11, 0x03, 0x11, 0x03, 0x11, 0x03, 0x11, 0x03, 0x11, 0x03, 0x11,
    0x03, 0x11, 0x03, 0x11, 0x03, 0x11, 0x03, 0x11, 0x03, 0x11, 0x03, 0x11, 0x03, 0x11, 0x03, 0x11, 0x03, 0x11, 0x03, 0x11, 0x03, 0x11, 0x03, 0x11,
    0x03, 0x11, 0x03, 0x11, 0x03, 0x11, 0x03, 0x11, 0x03, 0x11, 0x03, 0x11, 0x03, 0x11, 0x03, 0x11, 0x03, 0x11, 0x03, 0x11, 0x03, 0x11, 0x03, 0x11,
    0x03, 0x11, 0x03, 0x11, 0x03, 0x11, 0x03, 0x11, 0x03, 0x11, 0x03, 0x11, 0x03, 0x11, 0x03, 0x11, 0x03, 0x11, 0x03, 0x11, 0x03, 0x11, 0x03, 0x11,
    0x03, 0x11, 0x03, 0x11, 0x03, 0x11, 0x03, 0x11, 0x03, 0x11, 0x03, 0x11, 0x03, 0x11, 0x03, 0x11, 0x03, 0x11, 0x03, 0x11, 0x03, 0x11, 0x03, 0x11,
    0x03, 0x11, 0x03, 0x11, 0x03, 0x11, 0x03, 0x11, 0x03, 0x11, 0x03, 0x11, 0x03, 0x11, 0x03, 0x11, 0x03, 0x11, 0x03, 0x11, 0x03, 0x11, 0x03, 0x11,
    0x03, 0x11, 0x03, 0x11, 0x03, 0x11, 0x03, 0x11, 0x03, 0x11, 0x03, 0x11, 0x03, 0x11, 0x03, 0x11, 0x03, 0x11, 0x03, 0x11, 0x03, 0x11, 0x03, 0x11,
    0x03, 0x11, 0x03, 0x11, 0x03, 0x11, 0x03, 0x11, 0x03, 0x11, 0x03, 0x11, 0x03, 0x11, 0x03, 0x11, 0x03, 0x11, 0x03, 0x11, 0x03, 0x11, 0x03, 0x11,
    0x03, 0x11, 0x03, 0x11, 0x03, 0x11, 0x03, 0x11, 0x03, 0x11, 0x03, 0x11, 0x03, 0x11, 0x03, 0x11, 0x03, 0x11, 0x03, 0x11, 0x03, 0x11, 0x03, 0x11,
    0x03, 0x11, 0x03, 0x11, 0x03, 0x11, 0x03, 0x11, 0x03, 0x11, 0x03, 0x11, 0x03, 0x11, 0x03, 0x11, 0x03, 0x11, 0x03, 0x11, 0x03, 0x11, 0x03, 0x11,
    0x03, 0x11, 0x03, 0x11, 0x03, 0x11, 0x03, 0x11, 0x03, 0x11, 0x03, 0x11, 0x03, 0x11, 0x03, 0x11, 0x03, 0x11, 0x03, 0x11, 0x03, 0x11, 0x03, 0x11,
    0x03, 0x11, 0x03, 0x11, 0x03, 0x11, 0x03, 0x11, 0x03, 0x11, 0x03, 0x11, 0x03, 0x11, 0x03, 0x11, 0x03, 0x11, 0x03, 0x11, 0x03, 0x11, 0x03, 0x11,
    0x03, 0x11, 0x03, 0x11, 0x03, 0x11, 0x03, 0x11, 0x03, 0x11, 0x03, 0x11, 0x03, 0x11, 0x03, 0x11, 0x03, 0x11, 0x03, 0x11, 0x03, 0x11, 0x03, 0x11,
    0x03, 0x11, 0x03, 0x11, 0x03, 0x11, 0x03, 0x11, 0x03, 0x11, 0x03, 0x11, 0x03, 0x11, 0x03, 0x11, 0x03, 0x11, 0x03, 0x11, 0x03, 0x11, 0x03, 0x11,
    0x03, 0x11, 0x03, 0x11, 0x03, 0x11, 0x03, 0x11, 0x03, 0x11, 0x03, 0x11, 0x03, 0x11, 0x03, 0x11, 0x03, 0x11, 0x03, 0x11, 0x03, 0x11, 0x03, 0x11,
    0x03, 0x11, 0x03, 0x11, 0x03, 0x11, 0x03, 0x11, 0x03, 0x11, 0x03, 0x11, 0x03, 0x11, 0x03, 0x11, 0x03, 0x11, 0x03, 0x11, 0x03, 0x11, 0x03, 0x11,
    0x03, 0x11, 0x03, 0x11, 0x03, 0x11, 0x03, 0x11, 0x03, 0x11, 0x03, 0x11, 0x03, 0x11, 0x03, 0x11, 0x03, 0x11, 0x03, 0x11, 0x03, 0x11, 0x03, 0x11,
    0x03, 0x11, 0x03, 0x11, 0x03, 0x11, 0x03, 0x11, 0x03, 0x11, 0x03, 0x11, 0x03, 0x11, 0x03, 0x11, 0x03, 0x11, 0x03, 0x11, 0x03, 0x11, 0x03, 0x11,
    0x03, 0x11, 0x03, 0x11, 0x03, 0x11, 0x03, 0x11, 0x03, 0x11, 0x03, 0x11, 0x03, 0x11, 0x03, 0x11, 0x03, 0x11, 0x03, 0x11, 0x03, 0x11, 0x03, 0x11,
    0x03, 0x11, 0x03, 0x11, 0x03, 0x11, 0x03, 0x11, 0x03, 0x11, 0x03, 0x11, 0x03, 0x11, 0x03, 0x11, 0x03, 0x11, 0x03, 0x11, 0x03, 0x11, 0x03, 0x11,
    0x03, 0x11, 0x03, 0x11, 0x03, 0x11, 0x03, 0x11, 0x03, 0x11, 0x03, 0x11, 0x03, 0x11, 0x03, 0x11, 0x03, 0x11, 0x03, 0x11, 0x03, 0x11, 0x03, 0x11,
    0x03, 0x11, 0x03, 0x11, 0x03, 0x11, 0x03, 0x11, 0x03, 0x11, 0x03, 0x11, 0x03, 0x11, 0x03, 0x11, 0x03, 0x11, 0x03, 0x11, 0x03, 0x11, 0x03, 0x11,
    0x03, 0x11, 0x03, 0x11, 0x03, 0x11, 0x03, 0x11, 0x03, 0x11, 0x03, 0x11, 0x03, 0x11, 0x03, 0x11, 0x03, 0x11, 0x03, 0x11, 0x03, 0x11, 0x03, 0x11,
    0x03, 0x11, 0x03, 0x11, 0x03, 0x11, 0x03, 0x11, 0x03, 0x11, 0x03, 0x11, 0x03, 0x11, 0x03, 0x11, 0x03, 0x11, 0x03, 0x11, 0x03, 0x11, 0x03, 0x11,
    0x03, 0x11, 0x03, 0x11, 0x03, 0x11, 0x03, 0x11, 0x03, 0x11, 0x03, 0x11, 0x03, 0x11, 0x03, 0x11, 0x03, 0x11, 0x03, 0x11, 0x03, 0x11, 0x03, 0x11,
    0x03, 0x11, 0x03, 0x11, 0x03, 0x11, 0x03, 0x11, 0x03, 0x11, 0x03, 0x11, 0x03, 0x11, 0x03, 0x11, 0x03, 0x11, 0x03, 0x11, 0x03, 0x11, 0x03, 0x11,
    0x03, 0x11, 0x03, 0x11, 0x03, 0x11, 0x03, 0x11, 0x03, 0x11, 0x03, 0x11, 0x03, 0x11, 0x03, 0x11, 0x03, 0x11, 0x03, 0x11, 0x03, 0x11, 0x03, 0x11,
    0x03, 0x11, 0x03, 0x11, 0x03, 0x11, 0x03, 0x11, 0x03, 0x11, 0x03, 0x11, 0x03, 0x11, 0x03, 0x11, 0x03, 0x11, 0x03, 0x11, 0x03, 0x11, 0x03, 0x11,
    0x03, 0x11, 0x03, 0x11, 0x03, 0x11, 0x03, 0x11, 0x03, 0x11, 0x03, 0x11, 0x03, 0x11, 0x03, 0x11, 0x03, 0x11, 0x03, 0x11, 0x03, 0x11, 0x03, 0x11,
    0x03, 0x11, 0x03, 0x11, 0x03, 0x11, 0x03, 0x11, 0x03, 0x11, 0x03, 0x11, 0x03, 0x11, 0x03, 0x11, 0x03, 0x11, 0x03, 0x11, 0x03, 0x11, 0x03, 0x11,
    0x03, 0x11, 0x03, 0x11, 0x03, 0x11, 0x03, 0x11, 0x03, 0x11, 0x03, 0x11, 0x03, 0x11, 0x03, 0x11, 0x03, 0x11, 0x03, 0x11, 0x03, 0x11, 0x03, 0x11,
    0x03, 0x11, 0x03, 0x11, 0x03, 0x11, 0x03, 0x11, 0x03, 0x11, 0x03, 0x11, 0x03, 0x11, 0x03, 0x11, 0x03, 0x11, 0x03, 0x11, 0x03, 0x11, 0x03, 0x11,
    0x03, 0x11, 0x03, 0x11, 0x03, 0x11, 0x03, 0x11, 0x03, 0x11, 0x03, 0x11, 0x03, 0x11, 0x03, 0x11, 0x03, 0x11, 0x03, 0x11, 0x03, 0x11, 0x03, 0x11,
    0x03, 0x11, 0x03, 0x11, 0x03, 0x11, 0x03, 0x11, 0x03, 0x11, 0x03, 0x11, 0x03, 0x11, 0x03, 0x11, 0x03, 0x11, 0x03, 0x11, 0x03, 0x11, 0x03, 0x11,
    0x03, 0x11, 0x03, 0x11, 0x03, 0x11, 0x03, 0x11, 0x03, 0x11, 0x03, 0x11, 0x03, 0x11, 0x03, 0x11, 0x03, 0x11, 0x03, 0x11, 0x03, 0x11, 0x03, 0x11,
    0x03, 0x11, 0x03, 0x11, 0x03, 0x11, 0x03, 0x11, 0x03, 0x11, 0x03, 0x11, 0x03, 0x11, 0x03, 0x11, 0x03, 0x11, 0x03, 0x11, 0x03, 0x11, 0x03, 0x11,
    0x03, 0x11, 0x03, 0x11, 0x03, 0x11, 0x03, 0x11, 0x03, 0x11, 0x03, 0x11, 0x03, 0x11, 0x03, 0x11, 0x03, 0x11, 0x03, 0x11, 0x03, 0x11, 0x03, 0x11,
    0x03, 0x11, 0x03, 0x11, 0x03, 0x11, 0x03, 0x11, 0x03, 0x11, 0x03, 0x11, 0x03, 0x11, 0x03, 0x11, 0x03, 0x11, 0x03, 0x11, 0x03, 0x11, 0x03, 0x11,
    0x03, 0x11, 0x03, 0x11, 0x03, 0x11, 0x03, 0x11, 0x03, 0x11, 0x03, 0x11, 0x03, 0x11, 0x03, 0x11, 0x03, 0x11, 0x03, 0x11, 0x03, 0x11, 0x03, 0x11,
    0x03, 0x11, 0x03, 0x11, 0x03, 0x11, 0x03, 0x11, 0x03, 0x11, 0x03, 0x11, 0x03, 0x11, 0x03, 0x11, 0x03, 0x11, 0x03, 0x11, 0x03, 0x11, 0x03, 0x11,
    0x03, 0x11, 0x03, 0x11, 0x03, 0x11, 0x03, 0x11, 0x03, 0x11, 0x03, 0x11, 0x03, 0x11, 0x03, 0x11, 0x03, 0x11, 0x03, 0x11, 0x03, 0x11, 0x03, 0x11,
    0x03, 0x11, 0x03, 0x11, 0x03, 0x11, 0x03, 0x11, 0x03, 0x11, 0x03, 0x11, 0x03, 0x11, 0x03, 0x11, 0x03, 0x11, 0x03, 0x11, 0x03, 0x11, 0x03, 0x11,
    0x03, 0x11, 0x03, 0x11, 0x03, 0x11, 0x03, 0x11, 0x03, 0x11, 0x03, 0x11, 0x03, 0x11, 0x03, 0x11, 0x03, 0x11, 0x03, 0x11, 0x03, 0x11, 0x03, 0x11,
    0x03, 0x11, 0x03, 0x11, 0x03, 0x11, 0x03, 0x11,
};
const lv_img_dsc_t pet_scratch_2 = {
    .header.cf = LV_IMG_CF_TRUE_COLOR,
    .header.always_zero = 0,
    .header.reserved = 0,
    .header.w = 80,
    .header.h = 80,
    .data_size = 12800,
    .data = pet_scratch_2_map,
};

static const LV_ATTRIBUTE_MEM_ALIGN LV_ATTRIBUTE_LARGE_CONST uint8_t pet_scratch_3_map[] = {
    0x03, 0x11, 0x03, 0x11, 0x03, 0x11, 0x03, 0x11, 0x03, 0x11, 0x03, 0x11, 0x03, 0x11, 0x03, 0x11, 0x03, 0x11, 0x03, 0x11, 0x03, 0x11, 0x03, 0x11,
    0x03, 0x11, 0x03, 0x11, 0x03, 0x11, 0x03, 0x11, 0x03, 0x11, 0x03, 0x11, 0x03, 0x11, 0x03, 0x11, 0x03, 0x11, 0x03, 0x11, 0x03, 0x11, 0x03, 0x11,
    0x03, 0x11, 0x03, 0x11, 0x03, 0x11, 0x03, 0x11, 0x03, 0x11, 0x03, 0x11, 0x03, 0x11, 0x03, 0x11, 0x03, 0x11, 0x03, 0x11, 0x03, 0x11, 0x03, 0x11,
    0x03, 0x11, 0x03, 0x11, 0x03, 0x11, 0x03, 0x11, 0x03, 0x11, 0x03, 0x11, 0x03, 0x11, 0x03, 0x11, 0x03, 0x11, 0x03, 0x11, 0x03, 0x11, 0x03, 0x11,
    0x03, 0x11, 0x03, 0x11, 0x03, 0x11, 0x03, 0x11, 0x03, 0x11, 0x03, 0x11, 0x03, 0x11, 0x03, 0x11, 0x03, 0x11, 0x03, 0x11, 0x03, 0x11, 0x03, 0x11,
    0x03, 0x11, 0x03, 0x11, 0x03, 0x11, 0x03, 0x11, 0x03, 0x11, 0x03, 0x11, 0x03, 0x11, 0x03, 0x11, 0x03, 0x11, 0x03, 0x11, 0x03, 0x11, 0x03, 0x11,
    0x03, 0x11, 0x03, 0x11, 0x03, 0x11, 0x03, 0x11, 0x03, 0x11, 0x03, 0x11, 0x03, 0x11, 0x03, 0x11, 0x03, 0x11, 0x03, 0x11, 0x03, 0x11, 0x03, 0x11,
    0x03, 0x11, 0x03, 0x11, 0x03, 0x11, 0x03, 0x11, 0x03, 0x11, 0x03, 0x11, 0x03, 0x11, 0x03, 0x11, 0x03, 0x11, 0x03, 0x11, 0x03, 0x11, 0x03, 0x11,
    0x03, 0x11, 0x03, 0x11, 0x03, 0x11, 0x03, 0x11, 0x03, 0x11, 0x03, 0x11, 0x03, 0x11, 0x03, 0x11, 0x03, 0x11, 0x03, 0x11, 0x03, 0x11, 0x03, 0x11,
    0x03, 0x11, 0x03, 0x11, 0x03, 0x11, 0x03, 0x11, 0x03, 0x11, 0x03, 0x11, 0x03, 0x11, 0x03, 0x11, 0x03, 0x11, 0x03, 0x11, 0x03, 0x11, 0x03, 0x11,
    0x03, 0x11, 0x03, 0x11, 0x03, 0x11, 0x03, 0x11, 0x03, 0x11, 0x03, 0x11, 0x03, 0x11, 0x03, 0x11, 0x03, 0x11, 0x03, 0x11, 0x03, 0x11, 0x03, 0x11,
    0x03, 0x11, 0x03, 0x11, 0x03, 0x11, 0x03, 0x11, 0x03, 0x11, 0x03, 0x11, 0x03, 0x11, 0x03, 0x11, 0x03, 0x11, 0x03, 0x11, 0x03, 0x11, 0x03, 0x11,
    0x03, 0x11, 0x03, 0x11, 0x03, 0x11, 0x03, 0x11, 0x03, 0x11, 0x03, 0x11, 0x03, 0x11, 0x03, 0x11, 0x03, 0x11, 0x03, 0x11, 0x03, 0x11, 0x03, 0x11,
    0x03, 0x11, 0x03, 0x11, 0x03, 0x11, 0x03, 0x11, 0x03, 0x11, 0x03, 0x11, 0x03, 0x11, 0x03, 0x11, 0x03, 0x11, 0x03, 0x11, 0x03, 0x11, 0x03, 0x11,
    0x03, 0x11, 0x03, 0x11, 0x03, 0x11, 0x03, 0x11, 0x03, 0x11, 0x03, 0x11, 0x03, 0x11, 0x03, 0x11, 0x03, 0x11, 0x03, 0x11, 0x03, 0x11, 0x03, 0x11,
    0x03, 0x11, 0x03, 0x11, 0x03, 0x11, 0x03, 0x11, 0x03, 0x11, 0x03, 0x11, 0x03, 0x11, 0x03, 0x11, 0x03, 0x11, 0x03, 0x11, 0x03, 0x11, 0x03, 0x11,
    0x03, 0x11, 0x03, 0x11, 0x03, 0x11, 0x03, 0x11, 0x03, 0x11, 0x03, 0x11, 0x03, 0x11, 0x03, 0x11, 0x03, 0x11, 0x03, 0x11, 0x03, 0x11, 0x03, 0x11,
    0x03, 0x11, 0x03, 0x11, 0x03, 0x11, 0x03, 0x11, 0x03, 0x11, 0x03, 0x11, 0x03, 0x11, 0x03, 0x11, 0x03, 0x11, 0x03, 0x11, 0x03, 0x11, 0x03, 0x11,
    0x03, 0x11, 0x03, 0x11, 0x03, 0x11, 0x03, 0x11, 0x03, 0x11, 0x03, 0x11, 0x03, 0x11, 0x03, 0x11, 0x03, 0x11, 0x03, 0x11, 0x03, 0x11, 0x03, 0x11,
    0x03, 0x11, 0x03, 0x11, 0x03, 0x11, 0x03, 0x11, 0x03, 0x11, 0x03, 0x11, 0x03, 0x11, 0x03, 0x11, 0x03, 0x11, 0x03, 0x11, 0x03, 0x11, 0x03, 0x11,
    0x03, 0x11, 0x03, 0x11, 0x03, 0x11, 0x03, 0x11, 0x03, 0x11, 0x03, 0x11, 0x03, 0x11, 0x03, 0x11, 0x03, 0x11, 0x03, 0x11, 0x03, 0x11, 0x03, 0x11,
    0x03, 0x11, 0x03, 0x11, 0x03, 0x11, 0x03, 0x11, 0x03, 0x11, 0x03, 0x11, 0x03, 0x11, 0x03, 0x11, 0x03, 0x11, 0x03, 0x11, 0x03, 0x11, 0x03, 0x11,
    0x03, 0x11, 0x03, 0x11, 0x03, 0x11, 0x03, 0x11, 0x03, 0x11, 0x03, 0x11, 0x03, 0x11, 0x03, 0x11, 0x03, 0x11, 0x03, 0x11, 0x03, 0x11, 0x03, 0x11,
    0x03, 0x11, 0x03, 0x11, 0x03, 0x11, 0x03, 0x11, 0x03, 0x11, 0x03, 0x11, 0x03, 0x11, 0x03, 0x11, 0x03, 0x11, 0x03, 0x11, 0x03, 0x11, 0x03, 0x11,
    0x03, 0x11, 0x03, 0x11, 0x03, 0x11, 0x03, 0x11, 0x03, 0x11, 0x03, 0x11, 0x03, 0x11, 0x03, 0x11, 0x03, 0x11, 0x03, 0x11, 0x03, 0x11, 0x03, 0x11,
    0x03, 0x11, 0x03, 0x11, 0x03, 0x11, 0x03, 0x11, 0x03, 0x11, 0x03, 0x11, 0x03, 0x11, 0x03, 0x11, 0x03, 0x11, 0x03, 0x11, 0x03, 0x11, 0x03, 0x11,
    0x03, 0x11, 0x03, 0x11, 0x03, 0x11, 0x03, 0x11, 0x03, 0x11, 0x03, 0x11, 0x03, 0x11, 0x03, 0x11, 0x03, 0x11, 0x03, 0x11, 0x03, 0x11, 0x03, 0x11,
    0x03, 0x11, 0x03, 0x11, 0x03, 0x11, 0x03, 0x11, 0x03, 0x11, 0x03, 0x11, 0x03, 0x11, 0x03, 0x11, 0x03, 0x11, 0x03, 0x11, 0x03, 0x11, 0x03, 0x11,
    0x03, 0x11, 0x03, 0x11, 0x03, 0x11, 0x03, 0x11, 0x03, 0x11, 0x03, 0x11, 0x03, 0x11, 0x03, 0x11, 0x03, 0x11, 0x03, 0x11, 0x03, 0x11, 0x03, 0x11,
    0x03, 0x11, 0x03, 0x11, 0x03, 0x11, 0x03, 0x11, 0x03, 0x11, 0x03, 0x11, 0x03, 0x11, 0x03, 0x11, 0x03, 0x11, 0x03, 0x11, 0x03, 0x11, 0x03, 0x11,
    0x03, 0x11, 0x03, 0x11, 0x03, 0x11, 0x03, 0x11, 0x03, 0x11, 0x03, 0x11, 0x03, 0x11, 0x03, 0x11, 0x03, 0x11, 0x03, 0x11, 0x03, 0x11, 0x03, 0x11,
    0x03, 0x11, 0x03, 0x11, 0x03, 0x11, 0x03, 0x11, 0x03, 0x11, 0x03, 0x11, 0x03, 0x11, 0x03, 0x11, 0x03, 0x11, 0x03, 0x11, 0x03, 0x11, 0x03, 0x11,
    0x03, 0x11, 0x03, 0x11, 0x03, 0x11, 0x03, 0x11, 0x03, 0x11, 0x03, 0x11, 0x03, 0x11, 0x03, 0x11, 0x03, 0x11, 0x03, 0x11, 0x03, 0x11, 0x03, 0x11,
    0x03, 0x11, 0x03, 0x11, 0x03, 0x11, 0x03, 0x11, 0x03, 0x11, 0x03, 0x11, 0x03, 0x11, 0x03, 0x11, 0x03, 0x11, 0x03, 0x11, 0x03, 0x11, 0x03, 0x11,
    0x03, 0x11, 0x03, 0x11, 0x03, 0x11, 0x03, 0x11, 0x03, 0x11, 0x03, 0x11, 0x03, 0x11, 0x03, 0x11, 0x03, 0x11, 0x03, 0x11, 0x03, 0x11, 0x03, 0x11,
    0x03, 0x11, 0x03, 0x11, 0x03, 0x11, 0x03, 0x11, 0x03, 0x11, 0x03, 0x11, 0x03, 0x11, 0x03, 0x11, 0x03, 0x11, 0x03, 0x11, 0x03, 0x11, 0x03, 0x11,
    0x03, 0x11, 0x03, 0x11, 0x03, 0x11, 0x03, 0x11, 0x03, 0x11, 0x03, 0x11, 0x03, 0x11, 0x03, 0x11, 0x03, 0x11, 0x03, 0x11, 0x03, 0x11, 0x03, 0x11,
    0x03, 0x11, 0x03, 0x11, 0x03, 0x11, 0x03, 0x11, 0x03, 0x11, 0x03, 0x11, 0x03, 0x11, 0x03, 0x11, 0x03, 0x11, 0x03, 0x11, 0x03, 0x11, 0x03, 0x11,
    0x03, 0x11, 0x03, 0x11, 0x03, 0x11, 0x03, 0x11, 0x03, 0x11, 0x03, 0x11, 0x03, 0x11, 0x03, 0x11, 0x03, 0x11, 0x03, 0x11, 0x03, 0x11, 0x03, 0x11,
    0x03, 0x11, 0x03, 0x11, 0x03, 0x11, 0x03, 0x11, 0x03, 0x11, 0x03, 0x11, 0x03, 0x11, 0x03, 0x11, 0x03, 0x11, 0x03, 0x11, 0x03, 0x11, 0x03, 0x11,
    0x03, 0x11, 0x03, 0x11, 0x03, 0x11, 0x03, 0x11, 0x03, 0x11, 0x03, 0x11, 0x03, 0x11, 0x03, 0x11, 0x03, 0x11, 0x03, 0x11, 0x03, 0x11, 0x03, 0x11,
    0x03, 0x11, 0x03, 0x11, 0x03, 0x11, 0x03, 0x11, 0x03, 0x11, 0x03, 0x11, 0x03, 0x11, 0x03, 0x11, 0xce, 0x9e, 0xce, 0x9e, 0x03, 0x11, 0x03, 0x11,
    0x03, 0x11, 0x03, 0x11, 0x03, 0x11, 0x03, 0x11, 0x03, 0x11, 0x03, 0x11, 0x03, 0x11, 0x03, 0x11, 0x03, 0x11, 0x03, 0x11, 0x03, 0x11, 0x03, 0x11,
    0x03, 0x11, 0x03, 0x11, 0x03, 0x11, 0x03, 0x11, 0x03, 0x11, 0x03, 0x11, 0x03, 0x11, 0x03, 0x11, 0x03, 0x11, 0x03, 0x11, 0x03, 0x11, 0x03, 0x11,
    0x03, 0x11, 0x03, 0x11, 0x03, 0x11, 0x03, 0x11, 0x03, 0x11, 0x03, 0x11, 0x03, 0x11, 0x03, 0x11, 0x03, 0x11, 0x03, 0x11, 0xce, 0x9e, 0xce, 0x9e,
    0x03, 0x11, 0x03, 0x11, 0x03, 0x11, 0x03, 0x11, 0x03, 0x11, 0x03, 0x11, 0x03, 0x11, 0x03, 0x11, 0x03, 0x11, 0x03, 0x11, 0x03, 0x11, 0x03, 0x11,
    0x03, 0x11, 0x03, 0x11, 0x03, 0x11, 0x03, 0x11, 0x03, 0x11, 0x03, 0x11, 0x03, 0x11, 0x03, 0x11, 0x03, 0x11, 0x03, 0x11, 0x03, 0x11, 0x03, 0x11,
    0x03, 0x11, 0x03, 0x11, 0x03, 0x11, 0x03, 0x11, 0x03, 0x11, 0x03, 0x11, 0x03, 0x11, 0x03, 0x11, 0x03, 0x11, 0x03, 0x11, 0x03, 0x11, 0x03, 0x11,
    0x03, 0x11, 0x03, 0x11, 0x03, 0x11, 0x03, 0x11, 0xce, 0x9e, 0xce, 0x9e, 0x03, 0x11, 0x03, 0x11, 0x03, 0x11, 0x03, 0x11, 0x03, 0x11, 0x03, 0x11,
    0x03, 0x11, 0x03, 0x11, 0x03, 0x11, 0x03, 0x11, 0x03, 0x11, 0x03, 0x11, 0x03, 0x11, 0x03, 0x11, 0x03, 0x11, 0x03, 0x11, 0x03, 0x11, 0x03, 0x11,
    0x03, 0x11, 0x03, 0x11, 0x03, 0x11, 0x03, 0x11, 0x03, 0x11, 0x03, 0x11, 0x03, 0x11, 0x03, 0x11, 0x03, 0x11, 0x03, 0x11, 0x03, 0x11, 0x03, 0x11,
    0x03, 0x11, 0x03, 0x11, 0x03, 0x11, 0x03, 0x11, 0x03, 0x11, 0x03, 0x11, 0xce, 0x9e, 0xce, 0x9e, 0x03, 0x11, 0x03, 0x11, 0x03, 0x11, 0x03, 0x11,
    0x03, 0x11, 0x03, 0x11, 0x03, 0x11, 0x03, 0x11, 0x03, 0x11, 0x03, 0x11, 0x03, 0x11, 0x03, 0x11, 0x03, 0x11, 0x03, 0x11, 0x03, 0x11, 0x03, 0x11,
    0x03, 0x11, 0x03, 0x11, 0x03, 0x11, 0x03, 0x11, 0x03, 0x11, 0x03, 0x11, 0x03, 0x11, 0x03, 0x11, 0x03, 0x11, 0x03, 0x11, 0x03, 0x11, 0x03, 0x11,
    0x03, 0x11, 0x03, 0x11, 0x03, 0x11, 0x03, 0x11, 0x03, 0x11, 0x03, 0x11, 0x03, 0x11, 0x03, 0x11, 0x03, 0x11, 0x03, 0x11, 0x03, 0x11, 0x03, 0x11,
    0xce, 0x9e, 0xce, 0x9e, 0xce, 0x9e, 0xce, 0x9e, 0x03, 0x11, 0x03, 0x11, 0x03, 0x11, 0x03, 0x11, 0x03, 0x11, 0x03, 0x11, 0x03, 0x11, 0x03, 0x11,
    0x03, 0x11, 0x03, 0x11, 0x03, 0x11, 0x03, 0x11, 0x03, 0x11, 0x03, 0x11, 0x03, 0x11, 0x03, 0x11, 0x03, 0x11, 0x03, 0x11, 0x03, 0x11, 0x03, 0x11,
    0x03, 0x11, 0x03, 0x11, 0x03, 0x11, 0x03, 0x11, 0x03, 0x11, 0x03, 0x11, 0x03, 0x11, 0x03, 0x11, 0x03, 0x11, 0x03, 0x11, 0x03, 0x11, 0x03, 0x11,
    0xce, 0x9e, 0xce, 0x9e, 0xce, 0x9e, 0xce, 0x9e, 0x03, 0x11, 0x03, 0x11, 0x03, 0x11, 0x03, 0x11, 0x03, 0x11, 0x03, 0x11, 0x03, 0x11, 0x03, 0x11,
    0x03, 0x11, 0x03, 0x11, 0x03, 0x11, 0x03, 0x11, 0x03, 0x11, 0x03, 0x11, 0x03, 0x11, 0x03, 0x11, 0x03, 0x11, 0x03, 0x11, 0x03, 0x11, 0x03, 0x11,
    0x03, 0x11, 0x03, 0x11, 0x03, 0x11, 0x03, 0x11, 0x03, 0x11, 0x03, 0x11, 0x03, 0x11, 0x03, 0x11, 0x03, 0x11, 0x03, 0x11, 0x03, 0x11, 0x03, 0x11,
    0x03, 0x11, 0x03, 0x11, 0x03, 0x11, 0x03, 0x11, 0x03, 0x11, 0x03, 0x11, 0x03, 0x11, 0x03, 0x11, 0xce, 0x9e, 0xce, 0x9e, 0xce, 0x9e, 0xce, 0x9e,
    0x03, 0x11, 0x03, 0x11, 0x03, 0x11, 0x03, 0x11, 0x03, 0x11, 0x03, 0x11, 0x03, 0x11, 0x03, 0x11, 0x03, 0x11, 0x03, 0x11, 0x03, 0x11, 0x03, 0x11,
    0x03, 0x11, 0x03, 0x11, 0x03, 0x11, 0x03, 0x11, 0x03, 0x11, 0x03, 0x11, 0x03, 0x11, 0x03, 0x11, 0x03, 0x11, 0x03, 0x11, 0x03, 0x11, 0x03, 0x11,
    0x03, 0x11, 0x03, 0x11, 0x03, 0x11, 0x03, 0x11, 0x03, 0x11, 0x03, 0x11, 0x03, 0x11, 0x03, 0x11, 0xce, 0x9e, 0xce, 0x9e, 0xce, 0x9e, 0xce, 0x9e,
    0x03, 0x11, 0x03, 0x11, 0x03, 0x11, 0x03, 0x11, 0x03, 0x11, 0x03, 0x11, 0x03, 0x11, 0x03, 0x11, 0x03, 0x11, 0x03, 0x11, 0x03, 0x11, 0x03, 0x11,
    0x03, 0x11, 0x03, 0x11, 0x03, 0x11, 0x03, 0x11, 0x03, 0x11, 0x03, 0x11, 0x03, 0x11, 0x03, 0x11, 0x03, 0x11, 0x03, 0x11, 0x03, 0x11, 0x03, 0x11,
    0x03, 0x11, 0x03, 0x11, 0x03, 0x11, 0x03, 0x11, 0x03, 0x11, 0x03, 0x11, 0x03, 0x11, 0x03, 0x11, 0x03, 0x11, 0x03, 0x11, 0x03, 0x11, 0x03, 0x11,
    0x03, 0x11, 0x03, 0x11, 0x03, 0x11, 0x03, 0x11, 0x03, 0x11, 0x03, 0x11, 0xce, 0x9e, 0xce, 0x9e, 0xce, 0x9e, 0xce, 0x9e, 0xce, 0x9e, 0xce, 0x9e,
    0x03, 0x11, 0x03, 0x11, 0x03, 0x11, 0x03, 0x11, 0x03, 0x11, 0x03, 0x11, 0x03, 0x11, 0x03, 0x11, 0x03, 0x11, 0x03, 0x11, 0x03, 0x11, 0x03, 0x11,
    0x03, 0x11, 0x03, 0x11, 0x03, 0x11, 0x03, 0x11, 0x03, 0x11, 0x03, 0x11, 0x03, 0x11, 0x03, 0x11, 0x03, 0x11, 0x03, 0x11, 0x03, 0x11, 0x03, 0x11,
    0x03, 0x11, 0x03, 0x11, 0xce, 0x9e, 0xce, 0x9e, 0xce, 0x9e, 0xce, 0x9e, 0xce, 0x9e, 0xce, 0x9e, 0x03, 0x11, 0x03, 0x11, 0x03, 0x11, 0x03, 0x11,
    0x03, 0x11, 0x03, 0x11, 0x03, 0x11, 0x03, 0x11, 0x03, 0x11, 0x03, 0x11, 0x03, 0x11, 0x03, 0x11, 0x03, 0x11, 0x03, 0x11, 0x03, 0x11, 0x03, 0x11,
    0x03, 0x11, 0x03, 0x11, 0x03, 0x11, 0x03, 0x11, 0x03, 0x11, 0x03, 0x11, 0x03, 0x11, 0x03, 0x11, 0x03, 0x11, 0x03, 0x11, 0x03, 0x11, 0x03, 0x11,
    0x03, 0x11, 0x03, 0x11, 0x03, 0x11, 0x03, 0x11, 0x03, 0x11, 0x03, 0x11, 0x03, 0x11, 0x03, 0x11, 0x03, 0x11, 0x03, 0x11, 0x03, 0x11, 0x03, 0x11,
    0x03, 0x11, 0x03, 0x11, 0xce, 0x9e, 0xce, 0x9e, 0xce, 0x9e, 0xce, 0x9e, 0xce, 0x9e, 0xce, 0x9e, 0x03, 0x11, 0x03, 0x11, 0x03, 0x11, 0x03, 0x11,
    0x03, 0x11, 0x03, 0x11, 0x03, 0x11, 0x03, 0x11, 0x03, 0x11, 0x03, 0x11, 0x03, 0x11, 0x03, 0x11, 0x03, 0x11, 0x03, 0x11, 0x03, 0x11, 0x03, 0x11,
    0x03, 0x11, 0x03, 0x11, 0x03, 0x11, 0x03, 0x11, 0x03, 0x11, 0x03, 0x11, 0x03, 0x11, 0x03, 0x11, 0x03, 0x11, 0x03, 0x11, 0xce, 0x9e, 0xce, 0x9e,
    0xce, 0x9e, 0xce, 0x9e, 0xce, 0x9e, 0xce, 0x9e, 0x03, 0x11, 0x03, 0x11, 0x03, 0x11, 0x03, 0x11, 0x03, 0x11, 0x03, 0x11, 0x03, 0x11, 0x03, 0x11,
    0x03, 0x11, 0x03, 0x11, 0x03, 0x11, 0x03, 0x11, 0x03, 0x11, 0x03, 0x11, 0x03, 0x11, 0x03, 0x11, 0x03, 0x11, 0x03, 0x11, 0x03, 0x11, 0x03, 0x11,
    0x03, 0x11, 0x03, 0x11, 0x03, 0x11, 0x03, 0x11, 0x03, 0x11, 0x03, 0x11, 0x03, 0x11, 0x03, 0x11, 0x03, 0x11, 0x03, 0x11, 0x03, 0x11, 0x03, 0x11,
    0x03, 0x11, 0x03, 0x11, 0x03, 0x11, 0x03, 0x11, 0x03, 0x11, 0x03, 0x11, 0x03, 0x11, 0x03, 0x11, 0x03, 0x11, 0x03, 0x11, 0xce, 0x9e, 0xce, 0x9e,
    0xce, 0x9e, 0xce, 0x9e, 0xce, 0x9e, 0xce, 0x9e, 0xce, 0x9e, 0xce, 0x9e, 0x03, 0x11, 0x03, 0x11, 0x03, 0x11, 0x03, 0x11, 0x03, 0x11, 0x03, 0x11,
    0x03, 0x11, 0x03, 0x11, 0x03, 0x11, 0x03, 0x11, 0x03, 0x11, 0x03, 0x11, 0x03, 0x11, 0x03, 0x11, 0x03, 0x11, 0x03, 0x11, 0x03, 0x11, 0x03, 0x11,
    0x03, 0x11, 0x03, 0x11, 0xce, 0x9e, 0xce, 0x9e, 0xce, 0x9e, 0xce, 0x9e, 0xce, 0x9e, 0xce, 0x9e, 0xce, 0x9e, 0xce, 0x9e, 0xce, 0x9e, 0xce, 0x9e,
    0x03, 0x11, 0x03, 0x11, 0x03, 0x11, 0x03, 0x11, 0x03, 0x11, 0x03, 0x11, 0x03, 0x11, 0x03, 0x11, 0x03, 0x11, 0x03, 0x11, 0x03, 0x11, 0x03, 0x11,
    0x03, 0x11, 0x03, 0x11, 0x03, 0x11, 0x03, 0x11, 0x03, 0x11, 0x03, 0x11, 0x03, 0x11, 0x03, 0x11, 0x03, 0x11, 0x03, 0x11, 0x03, 0x11, 0x03, 0x11,
    0x03, 0x11, 0x03, 0x11, 0x03, 0x11, 0x03, 0x11, 0x03, 0x11, 0x03, 0x11, 0x03, 0x11, 0x03, 0x11, 0x03, 0x11, 0x03, 0x11, 0x03, 0x11, 0x03, 0x11,
    0x03, 0x11, 0x03, 0x11, 0x03, 0x11, 0x03, 0x11, 0x03, 0x11, 0x03, 0x11, 0xce, 0x9e, 0xce, 0x9e, 0xce, 0x9e, 0xce, 0x9e, 0xce, 0x9e, 0xce, 0x9e,
    0xce, 0x9e, 0xce, 0x9e, 0x03, 0x11, 0x03, 0x11, 0x03, 0x11, 0x03, 0x11, 0x03, 0x11, 0x03, 0x11, 0x03, 0x11, 0x03, 0x11, 0x03, 0x11, 0x03, 0x11,
    0x03, 0x11, 0x03, 0x11, 0x03, 0x11, 0x03, 0x11, 0x03, 0x11, 0x03, 0x11, 0x03, 0x11, 0x03, 0x11, 0x03, 0x11, 0x03, 0x11, 0xce, 0x9e, 0xce, 0x9e,
    0xce, 0x9e, 0xce, 0x9e, 0xce, 0x9e, 0xce, 0x9e, 0xce, 0x9e, 0xce, 0x9e, 0xce, 0x9e, 0xce, 0x9e, 0x03, 0x11, 0x03, 0x11, 0x03, 0x11, 0x03, 0x11,
    0x03, 0x11, 0x03, 0x11, 0x03, 0x11, 0x03, 0x11, 0x03, 0x11, 0x03, 0x11, 0x03, 0x11, 0x03, 0x11, 0x03, 0x11, 0x03, 0x11, 0x03, 0x11, 0x03, 0x11,
    0x03, 0x11, 0x03, 0x11, 0x03, 0x11, 0x03, 0x11, 0x03, 0x11, 0x03, 0x11, 0x03, 0x11, 0x03, 0x11, 0x03, 0x11, 0x03, 0x11, 0x03, 0x11, 0x03, 0x11,
    0x03, 0x11, 0x03, 0x11, 0x03, 0x11, 0x03, 0x11, 0x03, 0x11, 0x03, 0x11, 0x03, 0x11, 0x03, 0x11, 0x03, 0x11, 0x03, 0x11, 0x03, 0x11, 0x03, 0x11,
    0x03, 0x11, 0x03, 0x11, 0x6b, 0x55, 0x6b, 0x55, 0xce, 0x9e, 0xce, 0x9e, 0xce, 0x9e, 0xce, 0x9e, 0xce, 0x9e, 0xce, 0x9e, 0xce, 0x9e, 0xce, 0x9e,
    0xce, 0x9e, 0xce, 0x9e, 0x6b, 0x55, 0x6b, 0x55, 0x6b, 0x55, 0x6b, 0x55, 0x6b, 0x55, 0x6b, 0x55, 0x6b, 0x55, 0x6b, 0x55, 0x6b, 0x55, 0x6b, 0x55,
    0x6b, 0x55, 0x6b, 0x55, 0x6b, 0x55, 0x6b, 0x55, 0xce, 0x9e, 0xce, 0x9e, 0xce, 0x9e, 0xce, 0x9e, 0xce, 0x9e, 0xce, 0x9e, 0xce, 0x9e, 0xce, 0x9e,
    0xce, 0x9e, 0xce, 0x9e, 0x03, 0x11, 0x03, 0x11, 0x03, 0x11, 0x03, 0x11, 0x03, 0x11, 0x03, 0x11, 0x03, 0x11, 0x03, 0x11, 0x03, 0x11, 0x03, 0x11,
    0x03, 0x11, 0x03, 0x11, 0x03, 0x11, 0x03, 0x11, 0x03, 0x11, 0x03, 0x11, 0x03, 0x11, 0x03, 0x11, 0x03, 0x11, 0x03, 0x11, 0x03, 0x11, 0x03, 0x11,
    0x03, 0x11, 0x03, 0x11, 0x03, 0x11, 0x03, 0x11, 0x03, 0x11, 0x03, 0x11, 0x03, 0x11, 0x03, 0x11, 0x03, 0x11, 0x03, 0x11, 0x03, 0x11, 0x03, 0x11,
    0x03, 0x11, 0x03, 0x11, 0x03, 0x11, 0x03, 0x11, 0x03, 0x11, 0x03, 0x11, 0x03, 0x11, 0x03, 0x11, 0x03, 0x11, 0x03, 0x11, 0x6b, 0x55, 0x6b, 0x55,
    0xce, 0x9e, 0xce, 0x9e, 0xce, 0x9e, 0xce, 0x9e, 0xce, 0x9e, 0xce, 0x9e, 0xce, 0x9e, 0xce, 0x9e, 0xce, 0x9e, 0xce, 0x9e, 0x6b, 0x55, 0x6b, 0x55,
    0x6b, 0x55, 0x6b, 0x55, 0x6b, 0x55, 0x6b, 0x55, 0x6b, 0x55, 0x6b, 0x55, 0x6b, 0x55, 0x6b, 0x55, 0x6b, 0x55, 0x6b, 0x55, 0x6b, 0x55, 0x6b, 0x55,
    0xce, 0x9e, 0xce, 0x9e, 0xce, 0x9e, 0xce, 0x9e, 0xce, 0x9e, 0xce, 0x9e, 0xce, 0x9e, 0xce, 0x9e, 0xce, 0x9e, 0xce, 0x9e, 0x03, 0x11, 0x03, 0x11,
    0x03, 0x11, 0x03, 0x11, 0x03, 0x11, 0x03, 0x11, 0x03, 0x11, 0x03, 0x11, 0x03, 0x11, 0x03, 0x11, 0x03, 0x11, 0x03, 0x11, 0x03, 0x11, 0x03, 0x11,
    0x03, 0x11, 0x03, 0x11, 0x03, 0x11, 0x03, 0x11, 0x03, 0x11, 0x03, 0x11, 0x03, 0x11, 0x03, 0x11, 0x03, 0x11, 0x03, 0x11, 0x03, 0x11, 0x03, 0x11,
    0x03, 0x11, 0x03, 0x11, 0x03, 0x11, 0x03, 0x11, 0x03, 0x11, 0x03, 0x11, 0x03, 0x11, 0x03, 0x11, 0x03, 0x11, 0x03, 0x11, 0x03, 0x11, 0x03, 0x11,
    0x03, 0x11, 0x03, 0x11, 0x27, 0x2b, 0x27, 0x2b, 0x27, 0x2b, 0x27, 0x2b, 0x6b, 0x55, 0x6b, 0x55, 0xce, 0x9e, 0xce, 0x9e, 0x6b, 0x55, 0x6b, 0x55,
    0x6b, 0x55, 0x6b, 0x55, 0x6b, 0x55, 0x6b, 0x55, 0x6b, 0x55, 0x6b, 0x55, 0x6b, 0x55, 0x6b, 0x55, 0x6b, 0x55, 0x6b, 0x55, 0x6b, 0x55, 0x6b, 0x55,
    0x6b, 0x55, 0x6b, 0x55, 0x6b, 0x55, 0x6b, 0x55, 0x6b, 0x55, 0x6b, 0x55, 0x6b, 0x55, 0x6b, 0x55, 0x6b, 0x55, 0x6b, 0x55, 0xce, 0x9e, 0xce, 0x9e,
    0xce, 0x9e, 0xce, 0x9e, 0xce, 0x9e, 0xce, 0x9e, 0xce, 0x9e, 0xce, 0x9e, 0x27, 0x2b, 0x27, 0x2b, 0x03, 0x11, 0x03, 0x11, 0x03, 0x11, 0x03, 0x11,
    0x03, 0x11, 0x03, 0x11, 0x03, 0x11, 0x03, 0x11, 0x03, 0x11, 0x03, 0x11, 0x03, 0x11, 0x03, 0x11, 0x03, 0x11, 0x03, 0x11, 0x03, 0x11, 0x03, 0x11,
    0x03, 0x11, 0x03, 0x11, 0x03, 0x11, 0x03, 0x11, 0x03, 0x11, 0x03, 0x11, 0x03, 0x11, 0x03, 0x11, 0x03, 0x11, 0x03, 0x11, 0x03, 0x11, 0x03, 0x11,
    0x03, 0x11, 0x03, 0x11, 0x03, 0x11, 0x03, 0x11, 0x03, 0x11, 0x03, 0x11, 0x03, 0x11, 0x03, 0x11, 0x03, 0x11, 0x03, 0x11, 0x27, 0x2b, 0x27, 0x2b,
    0x27, 0x2b, 0x27, 0x2b, 0x6b, 0x55, 0x6b, 0x55, 0xce, 0x9e, 0xce, 0x9e, 0x6b, 0x55, 0x6b, 0x55, 0x6b, 0x55, 0x6b, 0x55, 0x6b, 0x55, 0x6b, 0x55,
    0x6b, 0x55, 0x6b, 0x55, 0x6b, 0x55, 0x6b, 0x55, 0x6b, 0x55, 0x6b, 0x55, 0x6b, 0x55, 0x6b, 0x55, 0x6b, 0x55, 0x6b, 0x55, 0x6b, 0x55, 0x6b, 0x55,
    0x6b, 0x55, 0x6b, 0x55, 0x6b, 0x55, 0x6b, 0x55, 0x6b, 0x55, 0x6b, 0x55, 0xce, 0x9e, 0xce, 0x9e, 0xce, 0x9e, 0xce, 0x9e, 0xce, 0x9e, 0xce, 0x9e,
    0xce, 0x9e, 0xce, 0x9e, 0x27, 0x2b, 0x27, 0x2b, 0x03, 0x11, 0x03, 0x11, 0x03, 0x11, 0x03, 0x11, 0x03, 0x11, 0x03, 0x11, 0x03, 0x11, 0x03, 0x11,
    0x03, 0x11, 0x03, 0x11, 0x03, 0x11, 0x03, 0x11, 0x03, 0x11, 0x03, 0x11, 0x03, 0x11, 0x03, 0x11, 0x03, 0x11, 0x03, 0x11, 0x03, 0x11, 0x03, 0x11,
    0x03, 0x11, 0x03, 0x11, 0x03, 0x11, 0x03, 0x11, 0x03, 0x11, 0x03, 0x11, 0x03, 0x11, 0x03, 0x11, 0x03, 0x11, 0x03, 0x11, 0x03, 0x11, 0x03, 0x11,
    0x03, 0x11, 0x03, 0x11, 0x03, 0x11, 0x03, 0x11, 0x03, 0x11, 0x03, 0x11, 0x27, 0x2b, 0x27, 0x2b, 0x27, 0x2b, 0x27, 0x2b, 0x6b, 0x55, 0x6b, 0x55,
    0x6b, 0x55, 0x6b, 0x55, 0x6b, 0x55, 0x6b, 0x55, 0x6b, 0x55, 0x6b, 0x55, 0x6b, 0x55, 0x6b, 0x55, 0x6b, 0x55, 0x6b, 0x55, 0x6b, 0x55, 0x6b, 0x55,
    0x6b, 0x55, 0x6b, 0x55, 0x6b, 0x55, 0x6b, 0x55, 0x6b, 0x55, 0x6b, 0x55, 0x6b, 0x55, 0x6b, 0x55, 0x6b, 0x55, 0x6b, 0x55, 0x6b, 0x55, 0x6b, 0x55,
    0x6b, 0x55, 0x6b, 0x55, 0x6b, 0x55, 0x6b, 0x55, 0x6b, 0x55, 0x6b, 0x55, 0xce, 0x9e, 0xce, 0x9e, 0xce, 0x9e, 0xce, 0x9e, 0x27, 0x2b, 0x27, 0x2b,
    0x03, 0x11, 0x03, 0x11, 0x03, 0x11, 0x03, 0x11, 0x03, 0x11, 0x03, 0x11, 0x03, 0x11, 0x03, 0x11, 0x03, 0x11, 0x03, 0x11, 0x03, 0x11, 0x03, 0x11,
    0x03, 0x11, 0x03, 0x11, 0x03, 0x11, 0x03, 0x11, 0x03, 0x11, 0x03, 0x11, 0x03, 0x11, 0x03, 0x11, 0x03, 0x11, 0x03, 0x11, 0x03, 0x11, 0x03, 0x11,
    0x03, 0x11, 0x03, 0x11, 0x03, 0x11, 0x03, 0x11, 0x03, 0x11, 0x03, 0x11, 0x03, 0x11, 0x03, 0x11, 0x03, 0x11, 0x03, 0x11, 0x03, 0x11, 0x03, 0x11,
    0x03, 0x11, 0x03, 0x11, 0x27, 0x2b, 0x27, 0x2b, 0x27, 0x2b, 0x27, 0x2b, 0x6b, 0x55, 0x6b, 0x55, 0x6b, 0x55, 0x6b, 0x55, 0x6b, 0x55, 0x6b, 0x55,
    0x6b, 0x55, 0x6b, 0x55, 0x6b, 0x55, 0x6b, 0x55, 0x6b, 0x55, 0x6b, 0x55, 0x6b, 0x55, 0x6b, 0x55, 0x6b, 0x55, 0x6b, 0x55, 0x6b, 0x55, 0x6b, 0x55,
    0x6b, 0x55, 0x6b, 0x55, 0x6b, 0x55, 0x6b, 0x55, 0x6b, 0x55, 0x6b, 0x55, 0x6b, 0x55, 0x6b, 0x55, 0x6b, 0x55, 0x6b, 0x55, 0x6b, 0x55, 0x6b, 0x55,
    0x6b, 0x55, 0x6b, 0x55, 0xce, 0x9e, 0xce, 0x9e, 0xce, 0x9e, 0xce, 0x9e, 0x27, 0x2b, 0x27, 0x2b, 0x03, 0x11, 0x03, 0x11, 0x03, 0x11, 0x03, 0x11,
    0x03, 0x11, 0x03, 0x11, 0x03, 0x11, 0x03, 0x11, 0x03, 0x11, 0x03, 0x11, 0x03, 0x11, 0x03, 0x11, 0x03, 0x11, 0x03, 0x11, 0x03, 0x11, 0x03, 0x11,
    0x03, 0x11, 0x03, 0x11, 0x03, 0x11, 0x03, 0x11, 0x03, 0x11, 0x03, 0x11, 0x03, 0x11, 0x03, 0x11, 0x03, 0x11, 0x03, 0x11, 0x03, 0x11, 0x03, 0x11,
    0x03, 0x11, 0x03, 0x11, 0x03, 0x11, 0x03, 0x11, 0x03, 0x11, 0x03, 0x11, 0x03, 0x11, 0x03, 0x11, 0x03, 0x11, 0x03, 0x11, 0x27, 0x2b, 0x27, 0x2b,
    0x27, 0x2b, 0x27, 0x2b, 0x6b, 0x55, 0x6b, 0x55, 0x6b, 0x55, 0x6b, 0x55, 0x6b, 0x55, 0x6b, 0x55, 0x6b, 0x55, 0x6b, 0x55, 0x6b, 0x55, 0x6b, 0x55,
    0x6b, 0x55, 0x6b, 0x55, 0x6b, 0x55, 0x6b, 0x55, 0x6b, 0x55, 0x6b, 0x55, 0x6b, 0x55, 0x6b, 0x55, 0x6b, 0x55, 0x6b, 0x55, 0x6b, 0x55, 0x6b, 0x55,
    0x6b, 0x55, 0x6b, 0x55, 0x6b, 0x55, 0x6b, 0x55, 0x6b, 0x55, 0x6b, 0x55, 0x6b, 0x55, 0x6b, 0x55, 0x6b, 0x55, 0x6b, 0x55, 0x6b, 0x55, 0x6b, 0x55,
    0xce, 0x9e, 0xce, 0x9e, 0x27, 0x2b, 0x27, 0x2b, 0x03, 0x11, 0x03, 0x11, 0x03, 0x11, 0x03, 0x11, 0x03, 0x11, 0x03, 0x11, 0x03, 0x11, 0x03, 0x11,
    0x03, 0x11, 0x03, 0x11, 0x03, 0x11, 0x03, 0x11, 0x03, 0x11, 0x03, 0x11, 0x03, 0x11, 0x03, 0x11, 0x03, 0x11, 0x03, 0x11, 0x03, 0x11, 0x03, 0x11,
    0x03, 0x11, 0x03, 0x11, 0x03, 0x11, 0x03, 0x11, 0x03, 0x11, 0x03, 0x11, 0x03, 0x11, 0x03, 0x11, 0x03, 0x11, 0x03, 0x11, 0x03, 0x11, 0x03, 0x11,
    0x03, 0x11, 0x03, 0x11, 0x03, 0x11, 0x03, 0x11, 0x03, 0x11, 0x03, 0x11, 0x27, 0x2b, 0x27, 0x2b, 0x27, 0x2b, 0x27, 0x2b, 0x6b, 0x55, 0x6b, 0x55,
    0x6b, 0x55, 0x6b, 0x55, 0x6b, 0x55, 0x6b, 0x55, 0x6b, 0x55, 0x6b, 0x55, 0x6b, 0x55, 0x6b, 0x55, 0x6b, 0x55, 0x6b, 0x55, 0x6b, 0x55, 0x6b, 0x55,
    0x6b, 0x55, 0x6b, 0x55, 0x6b, 0x55, 0x6b, 0x55, 0x6b, 0x55, 0x6b, 0x55, 0x6b, 0x55, 0x6b, 0x55, 0x6b, 0x55, 0x6b, 0x55, 0x6b, 0x55, 0x6b, 0x55,
    0x6b, 0x55, 0x6b, 0x55, 0x6b, 0x55, 0x6b, 0x55, 0x6b, 0x55, 0x6b, 0x55, 0x6b, 0x55, 0x6b, 0x55, 0xce, 0x9e, 0xce, 0x9e, 0x27, 0x2b, 0x27, 0x2b,
    0x03, 0x11, 0x03, 0x11, 0x03, 0x11, 0x03, 0x11, 0x03, 0x11, 0x03, 0x11, 0x03, 0x11, 0x03, 0x11, 0x03, 0x11, 0x03, 0x11, 0x03, 0x11, 0x03, 0x11,
    0x03, 0x11, 0x03, 0x11, 0x03, 0x11, 0x03, 0x11, 0x03, 0x11, 0x03, 0x11, 0x03, 0x11, 0x03, 0x11, 0x03, 0x11, 0x03, 0x11, 0x03, 0x11, 0x03, 0x11,
    0x03, 0x11, 0x03, 0x11, 0x03, 0x11, 0x03, 0x11, 0x03, 0x11, 0x03, 0x11, 0xce, 0x9e, 0xce, 0x9e, 0xce, 0x9e, 0xce, 0x9e, 0xce, 0x9e, 0xce, 0x9e,
    0xce, 0x9e, 0xce, 0x9e, 0xce, 0x9e, 0xce, 0x9e, 0xce, 0x9e, 0xce, 0x9e, 0x6b, 0x55, 0x6b, 0x55, 0x6b, 0x55, 0x6b, 0x55, 0x6b, 0x55, 0x6b, 0x55,
    0x6b, 0x55, 0x6b, 0x55, 0x6b, 0x55, 0x6b, 0x55, 0x6b, 0x55, 0x6b, 0x55, 0x6b, 0x55, 0x6b, 0x55, 0x6b, 0x55, 0x6b, 0x55, 0x6b, 0x55, 0x6b, 0x55,
    0x6b, 0x55, 0x6b, 0x55, 0x6b, 0x55, 0x6b, 0x55, 0x6b, 0x55, 0x6b, 0x55, 0x6b, 0x55, 0x6b, 0x55, 0x6b, 0x55, 0x6b, 0x55, 0x6b, 0x55, 0x6b, 0x55,
    0x6b, 0x55, 0x6b, 0x55, 0x6b, 0x55, 0x6b, 0x55, 0x27, 0x2b, 0x27, 0x2b, 0x27, 0x2b, 0x27, 0x2b, 0x03, 0x11, 0x03, 0x11, 0x03, 0x11, 0x03, 0x11,
    0x03, 0x11, 0x03, 0x11, 0x03, 0x11, 0x03, 0x11, 0x03, 0x11, 0x03, 0x11, 0x03, 0x11, 0x03, 0x11, 0x03, 0x11, 0x03, 0x11, 0x03, 0x11, 0x03, 0x11,
    0x03, 0x11, 0x03, 0x11, 0x03, 0x11, 0x03, 0x11, 0x03, 0x11, 0x03, 0x11, 0x03, 0x11, 0x03, 0x11, 0x03, 0x11, 0x03, 0x11, 0x03, 0x11, 0x03, 0x11,
    0x03, 0x11, 0x03, 0x11, 0xce, 0x9e, 0xce, 0x9e, 0xce, 0x9e, 0xce, 0x9e, 0xce, 0x9e, 0xce, 0x9e, 0xce, 0x9e, 0xce, 0x9e, 0xce, 0x9e, 0xce, 0x9e,
    0xce, 0x9e, 0xce, 0x9e, 0x6b, 0x55, 0x6b, 0x55, 0x6b, 0x55, 0x6b, 0x55, 0x6b, 0x55, 0x6b, 0x55, 0x6b, 0x55, 0x6b, 0x55, 0x6b, 0x55, 0x6b, 0x55,
    0x6b, 0x55, 0x6b, 0x55, 0x6b, 0x55, 0x6b, 0x55, 0x6b, 0x55, 0x6b, 0x55, 0x6b, 0x55, 0x6b, 0x55, 0x6b, 0x55, 0x6b, 0x55, 0x6b, 0x55, 0x6b, 0x55,
    0x6b, 0x55, 0x6b, 0x55, 0x6b, 0x55, 0x6b, 0x55, 0x6b, 0x55, 0x6b, 0x55, 0x6b, 0x55, 0x6b, 0x55, 0x6b, 0x55, 0x6b, 0x55, 0x6b, 0x55, 0x6b, 0x55,
    0x27, 0x2b, 0x27, 0x2b, 0x27, 0x2b, 0x27, 0x2b, 0x03, 0x11, 0x03, 0x11, 0x03, 0x11, 0x03, 0x11, 0x03, 0x11, 0x03, 0x11, 0x03, 0x11, 0x03, 0x11,
    0x03, 0x11, 0x03, 0x11, 0x03, 0x11, 0x03, 0x11, 0x03, 0x11, 0x03, 0x11, 0x03, 0x11, 0x03, 0x11, 0x03, 0x11, 0x03, 0x11, 0x03, 0x11, 0x03, 0x11,
    0x03, 0x11, 0x03, 0x11, 0x03, 0x11, 0x03, 0x11, 0x03, 0x11, 0x03, 0x11, 0x03, 0x11, 0x03, 0x11, 0x03, 0x11, 0x03, 0x11, 0xce, 0x9e, 0xce, 0x9e,
    0xce, 0x9e, 0xce, 0x9e, 0xce, 0x9e, 0xce, 0x9e, 0xce, 0x9e, 0xce, 0x9e, 0xce, 0x9e, 0xce, 0x9e, 0xce, 0x9e, 0xce, 0x9e, 0x6b, 0x55, 0x6b, 0x55,
    0x6b, 0x55, 0x6b, 0x55, 0x6b, 0x55, 0x6b, 0x55, 0x6b, 0x55, 0x6b, 0x55, 0xc2, 0x10, 0xc2, 0x10, 0xc2, 0x10, 0xc2, 0x10, 0xc2, 0x10, 0xc2, 0x10,
    0x6b, 0x55, 0x6b, 0x55, 0x6b, 0x55, 0x6b, 0x55, 0x6b, 0x55, 0x6b, 0x55, 0x6b, 0x55, 0x6b, 0x55, 0x6b, 0x55, 0x6b, 0x55, 0x6b, 0x55, 0x6b, 0x55,
    0xc2, 0x10, 0xc2, 0x10, 0xc2, 0x10, 0xc2, 0x10, 0xc2, 0x10, 0xc2, 0x10, 0x6b, 0x55, 0x6b, 0x55, 0x27, 0x2b, 0x27, 0x2b, 0x27, 0x2b, 0x27, 0x2b,
    0x03, 0x11, 0x03, 0x11, 0x03, 0x11, 0x03, 0x11, 0x03, 0x11, 0x03, 0x11, 0x03, 0x11, 0x03, 0x11, 0x03, 0x11, 0x03, 0x11, 0x03, 0x11, 0x03, 0x11,
    0x03, 0x11, 0x03, 0x11, 0x03, 0x11, 0x03, 0x11, 0x03, 0x11, 0x03, 0x11, 0x03, 0x11, 0x03, 0x11, 0x03, 0x11, 0x03, 0x11, 0x03, 0x11, 0x03, 0x11,
    0x03, 0x11, 0x03, 0x11, 0x03, 0x11, 0x03, 0x11, 0x03, 0x11, 0x03, 0x11, 0xce, 0x9e, 0xce, 0x9e, 0xce, 0x9e, 0xce, 0x9e, 0xce, 0x9e, 0xce, 0x9e,
    0xce, 0x9e, 0xce, 0x9e, 0xce, 0x9e, 0xce, 0x9e, 0xce, 0x9e, 0xce, 0x9e, 0x6b, 0x55, 0x6b, 0x55, 0x6b, 0x55, 0x6b, 0x55, 0x6b, 0x55, 0x6b, 0x55,
    0x6b, 0x55, 0x6b, 0x55, 0xc2, 0x10, 0xc2, 0x10, 0xc2, 0x10, 0xc2, 0x10, 0xc2, 0x10, 0xc2, 0x10, 0x6b, 0x55, 0x6b, 0x55, 0x6b, 0x55, 0x6b, 0x55,
    0x6b, 0x55, 0x6b, 0x55, 0x6b, 0x55, 0x6b, 0x55, 0x6b, 0x55, 0x6b, 0x55, 0x6b, 0x55, 0x6b, 0x55, 0xc2, 0x10, 0xc2, 0x10, 0xc2, 0x10, 0xc2, 0x10,
    0xc2, 0x10, 0xc2, 0x10, 0x6b, 0x55, 0x6b, 0x55, 0x27, 0x2b, 0x27, 0x2b, 0x27, 0x2b, 0x27, 0x2b, 0x03, 0x11, 0x03, 0x11, 0x03, 0x11, 0x03, 0x11,
    0x03, 0x11, 0x03, 0x11, 0x03, 0x11, 0x03, 0x11, 0x03, 0x11, 0x03, 0x11, 0x03, 0x11, 0x03, 0x11, 0x03, 0x11, 0x03, 0x11, 0x03, 0x11, 0x03, 0x11,
    0x03, 0x11, 0x03, 0x11, 0x03, 0x11, 0x03, 0x11, 0x03, 0x11, 0x03, 0x11, 0x03, 0x11, 0x03, 0x11, 0x03, 0x11, 0x03, 0x11, 0x03, 0x11, 0x03, 0x11,
    0x03, 0x11, 0x03, 0x11, 0xce, 0x9e, 0xce, 0x9e, 0xce, 0x9e, 0xce, 0x9e, 0xce, 0x9e, 0xce, 0x9e, 0xce, 0x9e, 0xce, 0x9e, 0xce, 0x9e, 0xce, 0x9e,
    0xce, 0x9e, 0xce, 0x9e, 0x6b, 0x55, 0x6b, 0x55, 0x6b, 0x55, 0x6b, 0x55, 0x6b, 0x55, 0x6b, 0x55, 0x6b, 0x55, 0x6b, 0x55, 0xc2, 0x10, 0xc2, 0x10,
    0xc2, 0x10, 0xc2, 0x10, 0xc2, 0x10, 0xc2, 0x10, 0x6b, 0x55, 0x6b, 0x55, 0x6b, 0x55, 0x6b, 0x55, 0x6b, 0x55, 0x6b, 0x55, 0x6b, 0x55, 0x6b, 0x55,
    0x6b, 0x55, 0x6b, 0x55, 0x6b, 0x55, 0x6b, 0x55, 0xc2, 0x10, 0xc2, 0x10, 0xc2, 0x10, 0xc2, 0x10, 0xc2, 0x10, 0xc2, 0x10, 0x6b, 0x55, 0x6b, 0x55,
    0x27, 0x2b, 0x27, 0x2b, 0x27, 0x2b, 0x27, 0x2b, 0x03, 0x11, 0x03, 0x11, 0x03, 0x11, 0x03, 0x11, 0x03, 0x11, 0x03, 0x11, 0x03, 0x11, 0x03, 0x11,
    0x03, 0x11, 0x03, 0x11, 0x03, 0x11, 0x03, 0x11, 0x03, 0x11, 0x03, 0x11, 0x03, 0x11, 0x03, 0x11, 0x03, 0x11, 0x03, 0x11, 0x03, 0x11, 0x03, 0x11,
    0x03, 0x11, 0x03, 0x11, 0x03, 0x11, 0x03, 0x11, 0x03, 0x11, 0x03, 0x11, 0x03, 0x11, 0x03, 0x11, 0x03, 0x11, 0x03, 0x11, 0xce, 0x9e, 0xce, 0x9e,
    0xce, 0x9e, 0xce, 0x9e, 0xce, 0x9e, 0xce, 0x9e, 0xce, 0x9e, 0xce, 0x9e, 0xce, 0x9e, 0xce, 0x9e, 0xce, 0x9e, 0xce, 0x9e, 0x6b, 0x55, 0x6b, 0x55,
    0x6b, 0x55, 0x6b, 0x55, 0x6b, 0x55, 0x6b, 0x55, 0x6b, 0x55, 0x6b, 0x55, 0xc2, 0x10, 0xc2, 0x10, 0xc2, 0x10, 0xc2, 0x10, 0xc2, 0x10, 0xc2, 0x10,
    0x6b, 0x55, 0x6b, 0x55, 0x6b, 0x55, 0x6b, 0x55, 0x6b, 0x55, 0x6b, 0x55, 0x6b, 0x55, 0x6b, 0x55, 0x6b, 0x55, 0x6b, 0x55, 0x6b, 0x55, 0x6b, 0x55,
    0xc2, 0x10, 0xc2, 0x10, 0xc2, 0x10, 0xc2, 0x10, 0xc2, 0x10, 0xc2, 0x10, 0x6b, 0x55, 0x6b, 0x55, 0x27, 0x2b, 0x27, 0x2b, 0x27, 0x2b, 0x27, 0x2b,
    0x03, 0x11, 0x03, 0x11, 0x03, 0x11, 0x03, 0x11, 0x03, 0x11, 0x03, 0x11, 0x03, 0x11, 0x03, 0x11, 0x03, 0x11, 0x03, 0x11, 0x03, 0x11, 0x03, 0x11,
    0x03, 0x11, 0x03, 0x11, 0x03, 0x11, 0x03, 0x11, 0x03, 0x11, 0x03, 0x11, 0x03, 0x11, 0x03, 0x11, 0x03, 0x11, 0x03, 0x11, 0x03, 0x11, 0x03, 0x11,
    0x03, 0x11, 0x03, 0x11, 0x03, 0x11, 0x03, 0x11, 0x03, 0x11, 0x03, 0x11, 0x6b, 0x55, 0x6b, 0x55, 0x6b, 0x55, 0x6b, 0x55, 0x6b, 0x55, 0x6b, 0x55,
    0xce, 0x9e, 0xce, 0x9e, 0xce, 0x9e, 0xce, 0x9e, 0xce, 0x9e, 0xce, 0x9e, 0x6b, 0x55, 0x6b, 0x55, 0x6b, 0x55, 0x6b, 0x55, 0x6b, 0x55, 0x6b, 0x55,
    0x6b, 0x55, 0x6b, 0x55, 0xc2, 0x10, 0xc2, 0x10, 0xc2, 0x10, 0xc2, 0x10, 0xc2, 0x10, 0xc2, 0x10, 0x6b, 0x55, 0x6b, 0x55, 0x6b, 0x55, 0x6b, 0x55,
    0x6b, 0x55, 0x6b, 0x55, 0x6b, 0x55, 0x6b, 0x55, 0x6b, 0x55, 0x6b, 0x55, 0x6b, 0x55, 0x6b, 0x55, 0xc2, 0x10, 0xc2, 0x10, 0xc2, 0x10, 0xc2, 0x10,
    0xc2, 0x10, 0xc2, 0x10, 0x6b, 0x55, 0x6b, 0x55, 0x27, 0x2b, 0x27, 0x2b, 0x27, 0x2b, 0x27, 0x2b, 0x03, 0x11, 0x03, 0x11, 0x03, 0x11, 0x03, 0x11,
    0x03, 0x11, 0x03, 0x11, 0x03, 0x11, 0x03, 0x11, 0x03, 0x11, 0x03, 0x11, 0x03, 0x11, 0x03, 0x11, 0x03, 0x11, 0x03, 0x11, 0x03, 0x11, 0x03, 0x11,
    0x03, 0x11, 0x03, 0x11, 0x03, 0x11, 0x03, 0x11, 0x03, 0x11, 0x03, 0x11, 0x03, 0x11, 0x03, 0x11, 0x03, 0x11, 0x03, 0x11, 0x03, 0x11, 0x03, 0x11,
    0x03, 0x11, 0x03, 0x11, 0x6b, 0x55, 0x6b, 0x55, 0x6b, 0x55, 0x6b, 0x55, 0x6b, 0x55, 0x6b, 0x55, 0xce, 0x9e, 0xce, 0x9e, 0xce, 0x9e, 0xce, 0x9e,
    0xce, 0x9e, 0xce, 0x9e, 0x6b, 0x55, 0x6b, 0x55, 0x6b, 0x55, 0x6b, 0x55, 0x6b, 0x55, 0x6b, 0x55, 0x6b, 0x55, 0x6b, 0x55, 0xc2, 0x10, 0xc2, 0x10,
    0xc2, 0x10, 0xc2, 0x10, 0xc2, 0x10, 0xc2, 0x10, 0x6b, 0x55, 0x6b, 0x55, 0x6b, 0x55, 0x6b, 0x55, 0x6b, 0x55, 0x6b, 0x55, 0x6b, 0x55, 0x6b, 0x55,
    0x6b, 0x55, 0x6b, 0x55, 0x6b, 0x55, 0x6b, 0x55, 0xc2, 0x10, 0xc2, 0x10, 0xc2, 0x10, 0xc2, 0x10, 0xc2, 0x10, 0xc2, 0x10, 0x6b, 0x55, 0x6b, 0x55,
    0x27, 0x2b, 0x27, 0x2b, 0x27, 0x2b, 0x27, 0x2b, 0x03, 0x11, 0x03, 0x11, 0x03, 0x11, 0x03, 0x11, 0x03, 0x11, 0x03, 0x11, 0x03, 0x11, 0x03, 0x11,
    0x03, 0x11, 0x03, 0x11, 0x03, 0x11, 0x03, 0x11, 0x03, 0x11, 0x03, 0x11, 0x03, 0x11, 0x03, 0x11, 0x03, 0x11, 0x03, 0x11, 0x03, 0x11, 0x03, 0x11,
    0x03, 0x11, 0x03, 0x11, 0x03, 0x11, 0x03, 0x11, 0x03, 0x11, 0x03, 0x11, 0x03, 0x11, 0x03, 0x11, 0x03, 0x11, 0x03, 0x11, 0x6b, 0x55, 0x6b, 0x55,
    0x6b, 0x55, 0x6b, 0x55, 0x6b, 0x55, 0x6b, 0x55, 0xce, 0x9e, 0xce, 0x9e, 0xce, 0x9e, 0xce, 0x9e, 0xce, 0x9e, 0xce, 0x9e, 0x6b, 0x55, 0x6b, 0x55,
    0x6b, 0x55, 0x6b, 0x55, 0x6b, 0x55, 0x6b, 0x55, 0x6b, 0x55, 0x6b, 0x55, 0x6b, 0x55, 0x6b, 0x55, 0x6b, 0x55, 0x6b, 0x55, 0x6b, 0x55, 0x6b, 0x55,
    0x6b, 0x55, 0x6b, 0x55, 0x6b, 0x55, 0x6b, 0x55, 0x6b, 0x55, 0x6b, 0x55, 0x6b, 0x55, 0x6b, 0x55, 0x6b, 0x55, 0x6b, 0x55, 0x6b, 0x55, 0x6b, 0x55,
    0x6b, 0x55, 0x6b, 0x55, 0x6b, 0x55, 0x6b, 0x55, 0x6b, 0x55, 0x6b, 0x55, 0x6b, 0x55, 0x6b, 0x55, 0x27, 0x2b, 0x27, 0x2b, 0x27, 0x2b, 0x27, 0x2b,
    0x03, 0x11, 0x03, 0x11, 0x03, 0x11, 0x03, 0x11, 0x03, 0x11, 0x03, 0x11, 0x03, 0x11, 0x03, 0x11, 0x03, 0x11, 0x03, 0x11, 0x03, 0x11, 0x03, 0x11,
    0x03, 0x11, 0x03, 0x11, 0x03, 0x11, 0x03, 0x11, 0x03, 0x11, 0x03, 0x11, 0x03, 0x11, 0x03, 0x11, 0x03, 0x11, 0x03, 0x11, 0x03, 0x11, 0x03, 0x11,
    0x03, 0x11, 0x03, 0x11, 0x03, 0x11, 0x03, 0x11, 0x03, 0x11, 0x03, 0x11, 0x6b, 0x55, 0x6b, 0x55, 0x6b, 0x55, 0x6b, 0x55, 0x6b, 0x55, 0x6b, 0x55,
    0xce, 0x9e, 0xce, 0x9e, 0xce, 0x9e, 0xce, 0x9e, 0xce, 0x9e, 0xce, 0x9e, 0x6b, 0x55, 0x6b, 0x55, 0x6b, 0x55, 0x6b, 0x55, 0x6b, 0x55, 0x6b, 0x55,
    0x6b, 0x55, 0x6b, 0x55, 0x6b, 0x55, 0x6b, 0x55, 0x6b, 0x55, 0x6b, 0x55, 0x6b, 0x55, 0x6b, 0x55, 0x6b, 0x55, 0x6b, 0x55, 0x6b, 0x55, 0x6b, 0x55,
    0x6b, 0x55, 0x6b, 0x55, 0x6b, 0x55, 0x6b, 0x55, 0x6b, 0x55, 0x6b, 0x55, 0x6b, 0x55, 0x6b, 0x55, 0x6b, 0x55, 0x6b, 0x55, 0x6b, 0x55, 0x6b, 0x55,
    0x6b, 0x55, 0x6b, 0x55, 0x6b, 0x55, 0x6b, 0x55, 0x27, 0x2b, 0x27, 0x2b, 0x27, 0x2b, 0x27, 0x2b, 0x03, 0x11, 0x03, 0x11, 0x03, 0x11, 0x03, 0x11,
    0x03, 0x11, 0x03, 0x11, 0x03, 0x11, 0x03, 0x11, 0x03, 0x11, 0x03, 0x11, 0x03, 0x11, 0x03, 0x11, 0x03, 0x11, 0x03, 0x11, 0x03, 0x11, 0x03, 0x11,
    0x03, 0x11, 0x03, 0x11, 0x03, 0x11, 0x03, 0x11, 0x03, 0x11, 0x03, 0x11, 0x03, 0x11, 0x03, 0x11, 0x03, 0x11, 0x03, 0x11, 0x03, 0x11, 0x03, 0x11,
    0x03, 0x11, 0x03, 0x11, 0x6b, 0x55, 0x6b, 0x55, 0x6b, 0x55, 0x6b, 0x55, 0x6b, 0x55, 0x6b, 0x55, 0x03, 0x11, 0x03, 0x11, 0x27, 0x2b, 0x27, 0x2b,
    0x27, 0x2b, 0x27, 0x2b, 0x6b, 0x55, 0x6b, 0x55, 0x6b, 0x55, 0x6b, 0x55, 0x6b, 0x55, 0x6b, 0x55, 0x6b, 0x55, 0x6b, 0x55, 0x6b, 0x55, 0x6b, 0x55,
    0x6b, 0x55, 0x6b, 0x55, 0xce, 0x9e, 0xce, 0x9e, 0xce, 0x9e, 0xce, 0x9e, 0xce, 0x9e, 0xce, 0x9e, 0xce, 0x9e, 0xce, 0x9e, 0xce, 0x9e, 0xce, 0x9e,
    0xce, 0x9e, 0xce, 0x9e, 0xce, 0x9e, 0xce, 0x9e, 0xce, 0x9e, 0xce, 0x9e, 0xce, 0x9e, 0xce, 0x9e, 0xce, 0x9e, 0xce, 0x9e, 0xce, 0x9e, 0xce, 0x9e,
    0xce, 0x9e, 0xce, 0x9e, 0xce, 0x9e, 0xce, 0x9e, 0xce, 0x9e, 0xce, 0x9e, 0xce, 0x9e, 0xce, 0x9e, 0x03, 0x11, 0x03, 0x11, 0x03, 0x11, 0x03, 0x11,
    0x03, 0x11, 0x03, 0x11, 0x03, 0x11, 0x03, 0x11, 0x03, 0x11, 0x03, 0x11, 0x03, 0x11, 0x03, 0x11, 0x03, 0x11, 0x03, 0x11, 0x03, 0x11, 0x03, 0x11,
    0x03, 0x11, 0x03, 0x11, 0x03, 0x11, 0x03, 0x11, 0x03, 0x11, 0x03, 0x11, 0x03, 0x11, 0x03, 0x11, 0x03, 0x11, 0x03, 0x11, 0x6b, 0x55, 0x6b, 0x55,
    0x6b, 0x55, 0x6b, 0x55, 0x6b, 0x55, 0x6b, 0x55, 0x03, 0x11, 0x03, 0x11, 0x27, 0x2b, 0x27, 0x2b, 0x27, 0x2b, 0x27, 0x2b, 0x6b, 0x55, 0x6b, 0x55,
    0x6b, 0x55, 0x6b, 0x55, 0x6b, 0x55, 0x6b, 0x55, 0x6b, 0x55, 0x6b, 0x55, 0x6b, 0x55, 0x6b, 0x55, 0x6b, 0x55, 0x6b, 0x55, 0xce, 0x9e, 0xce, 0x9e,
    0xce, 0x9e, 0xce, 0x9e, 0xce, 0x9e, 0xce, 0x9e, 0xce, 0x9e, 0xce, 0x9e, 0xce, 0x9e, 0xce, 0x9e, 0xce, 0x9e, 0xce, 0x9e, 0xce, 0x9e, 0xce, 0x9e,
    0xce, 0x9e, 0xce, 0x9e, 0xce, 0x9e, 0xce, 0x9e, 0xce, 0x9e, 0xce, 0x9e, 0xce, 0x9e, 0xce, 0x9e, 0xce, 0x9e, 0xce, 0x9e, 0xce, 0x9e, 0xce, 0x9e,
    0xce, 0x9e, 0xce, 0x9e, 0xce, 0x9e, 0xce, 0x9e, 0x03, 0x11, 0x03, 0x11, 0x03, 0x11, 0x03, 0x11, 0x03, 0x11, 0x03, 0x11, 0x03, 0x11, 0x03, 0x11,
    0x03, 0x11, 0x03, 0x11, 0x03, 0x11, 0x03, 0x11, 0x03, 0x11, 0x03, 0x11, 0x03, 0x11, 0x03, 0x11, 0x03, 0x11, 0x03, 0x11, 0x03, 0x11, 0x03, 0x11,
    0x03, 0x11, 0x03, 0x11, 0x03, 0x11, 0x03, 0x11, 0x03, 0x11, 0x03, 0x11, 0x6b, 0x55, 0x6b, 0x55, 0x6b, 0x55, 0x6b, 0x55, 0x6b, 0x55, 0x6b, 0x55,
    0x27, 0x2b, 0x27, 0x2b, 0x27, 0x2b, 0x27, 0x2b, 0x27, 0x2b, 0x27, 0x2b, 0x27, 0x2b, 0x27, 0x2b, 0x6b, 0x55, 0x6b, 0x55, 0x6b, 0x55, 0x6b, 0x55,
    0x6b, 0x55, 0x6b, 0x55, 0x6b, 0x55, 0x6b, 0x55, 0x6b, 0x55, 0x6b, 0x55, 0xce, 0x9e, 0xce, 0x9e, 0xce, 0x9e, 0xce, 0x9e, 0xce, 0x9e, 0xce, 0x9e,
    0xce, 0x9e, 0xce, 0x9e, 0xce, 0x9e, 0xce, 0x9e, 0xce, 0x9e, 0xce, 0x9e, 0xce, 0x9e, 0xce, 0x9e, 0xce, 0x9e, 0xce, 0x9e, 0xce, 0x9e, 0xce, 0x9e,
    0xce, 0x9e, 0xce, 0x9e, 0xce, 0x9e, 0xce, 0x9e, 0xce, 0x9e, 0xce, 0x9e, 0xce, 0x9e, 0xce, 0x9e, 0xce, 0x9e, 0xce, 0x9e, 0xce, 0x9e, 0xce, 0x9e,
    0x03, 0x11, 0x03, 0x11, 0x03, 0x11, 0x03, 0x11, 0x03, 0x11, 0x03, 0x11, 0x03, 0x11, 0x03, 0x11, 0x03, 0x11, 0x03, 0x11, 0x03, 0x11, 0x03, 0x11,
    0x03, 0x11, 0x03, 0x11, 0x03, 0x11, 0x03, 0x11, 0x03, 0x11, 0x03, 0x11, 0x03, 0x11, 0x03, 0x11, 0x03, 0x11, 0x03, 0x11, 0x03, 0x11, 0x03, 0x11,
    0x03, 0x11, 0x03, 0x11, 0x6b, 0x55, 0x6b, 0x55, 0x6b, 0x55, 0x6b, 0x55, 0x6b, 0x55, 0x6b, 0x55, 0x27, 0x2b, 0x27, 0x2b, 0x27, 0x2b, 0x27, 0x2b,
    0x27, 0x2b, 0x27, 0x2b, 0x27, 0x2b, 0x27, 0x2b, 0x6b, 0x55, 0x6b, 0x55, 0x6b, 0x55, 0x6b, 0x55, 0x6b, 0x55, 0x6b, 0x55, 0x6b, 0x55, 0x6b, 0x55,
    0x6b, 0x55, 0x6b, 0x55, 0xce, 0x9e, 0xce, 0x9e, 0xce, 0x9e, 0xce, 0x9e, 0xce, 0x9e, 0xce, 0x9e, 0xce, 0x9e, 0xce, 0x9e, 0xce, 0x9e, 0xce, 0x9e,
    0xce, 0x9e, 0xce, 0x9e, 0xce, 0x9e, 0xce, 0x9e, 0xce, 0x9e, 0xce, 0x9e, 0xce, 0x9e, 0xce, 0x9e, 0xce, 0x9e, 0xce, 0x9e, 0xce, 0x9e, 0xce, 0x9e,
    0xce, 0x9e, 0xce, 0x9e, 0xce, 0x9e, 0xce, 0x9e, 0xce, 0x9e, 0xce, 0x9e, 0xce, 0x9e, 0xce, 0x9e, 0x03, 0x11, 0x03, 0x11, 0x03, 0x11, 0x03, 0x11,
    0x03, 0x11, 0x03, 0x11, 0x03, 0x11, 0x03, 0x11, 0x03, 0x11, 0x03, 0x11, 0x03, 0x11, 0x03, 0x11, 0x03, 0x11, 0x03, 0x11, 0x03, 0x11, 0x03, 0x11,
    0x03, 0x11, 0x03, 0x11, 0x03, 0x11, 0x03, 0x11, 0x03, 0x11, 0x03, 0x11, 0x03, 0x11, 0x03, 0x11, 0x03, 0x11, 0x03, 0x11, 0x6b, 0x55, 0x6b, 0x55,
    0x6b, 0x55, 0x6b, 0x55, 0x6b, 0x55, 0x6b, 0x55, 0x27, 0x2b, 0x27, 0x2b, 0x27, 0x2b, 0x27, 0x2b, 0x27, 0x2b, 0x27, 0x2b, 0x27, 0x2b, 0x27, 0x2b,
    0x6b, 0x55, 0x6b, 0x55, 0x6b, 0x55, 0x6b, 0x55, 0x6b, 0x55, 0x6b, 0x55, 0x6b, 0x55, 0x6b, 0x55, 0x6b, 0x55, 0x6b, 0x55, 0xce, 0x9e, 0xce, 0x9e,
    0xce, 0x9e, 0xce, 0x9e, 0xce, 0x9e, 0xce, 0x9e, 0xce, 0x9e, 0xce, 0x9e, 0xce, 0x9e, 0xce, 0x9e, 0xce, 0x9e, 0xce, 0x9e, 0xce, 0x9e, 0xce, 0x9e,
    0xce, 0x9e, 0xce, 0x9e, 0xce, 0x9e, 0xce, 0x9e, 0xce, 0x9e, 0xce, 0x9e, 0xce, 0x9e, 0xce, 0x9e, 0xc2, 0x10, 0xc2, 0x10, 0xc2, 0x10, 0xc2, 0x10,
    0xce, 0x9e, 0xce, 0x9e, 0xce, 0x9e, 0xce, 0x9e, 0xce, 0x9e, 0xce, 0x9e, 0x03, 0x11, 0x03, 0x11, 0x03, 0x11, 0x03, 0x11, 0x03, 0x11, 0x03, 0x11,
    0x03, 0x11, 0x03, 0x11, 0x03, 0x11, 0x03, 0x11, 0x03, 0x11, 0x03, 0x11, 0x03, 0x11, 0x03, 0x11, 0x03, 0x11, 0x03, 0x11, 0x03, 0x11, 0x03, 0x11,
    0x03, 0x11, 0x03, 0x11, 0x03, 0x11, 0x03, 0x11, 0x03, 0x11, 0x03, 0x11, 0x6b, 0x55, 0x6b, 0x55, 0x6b, 0x55, 0x6b, 0x55, 0x6b, 0x55, 0x6b, 0x55,
    0x27, 0x2b, 0x27, 0x2b, 0x27, 0x2b, 0x27, 0x2b, 0x27, 0x2b, 0x27, 0x2b, 0x27, 0x2b, 0x27, 0x2b, 0x6b, 0x55, 0x6b, 0x55, 0x6b, 0x55, 0x6b, 0x55,
    0x6b, 0x55, 0x6b, 0x55, 0x6b, 0x55, 0x6b, 0x55, 0x6b, 0x55, 0x6b, 0x55, 0xce, 0x9e, 0xce, 0x9e, 0xce, 0x9e, 0xce, 0x9e, 0xce, 0x9e, 0xce, 0x9e,
    0xce, 0x9e, 0xce, 0x9e, 0xce, 0x9e, 0xce, 0x9e, 0xce, 0x9e, 0xce, 0x9e, 0xce, 0x9e, 0xce, 0x9e, 0xce, 0x9e, 0xce, 0x9e, 0xce, 0x9e, 0xce, 0x9e,
    0xce, 0x9e, 0xce, 0x9e, 0xce, 0x9e, 0xce, 0x9e, 0xc2, 0x10, 0xc2, 0x10, 0xc2, 0x10, 0xc2, 0x10, 0xce, 0x9e, 0xce, 0x9e, 0xce, 0x9e, 0xce, 0x9e,
    0xce, 0x9e, 0xce, 0x9e, 0x03, 0x11, 0x03, 0x11, 0x03, 0x11, 0x03, 0x11, 0x03, 0x11, 0x03, 0x11, 0x03, 0x11, 0x03, 0x11, 0x03, 0x11, 0x03, 0x11,
    0x03, 0x11, 0x03, 0x11, 0x03, 0x11, 0x03, 0x11, 0x03, 0x11, 0x03, 0x11, 0x03, 0x11, 0x03, 0x11, 0x03, 0x11, 0x03, 0x11, 0x03, 0x11, 0x03, 0x11,
    0x03, 0x11, 0x03, 0x11, 0x6b, 0x55, 0x6b, 0x55, 0x6b, 0x55, 0x6b, 0x55, 0x6b, 0x55, 0x6b, 0x55, 0x27, 0x2b, 0x27, 0x2b, 0x27, 0x2b, 0x27, 0x2b,
    0x27, 0x2b, 0x27, 0x2b, 0x27, 0x2b, 0x27, 0x2b, 0x6b, 0x55, 0x6b, 0x55, 0x6b, 0x55, 0x6b, 0x55, 0x6b, 0x55, 0x6b, 0x55, 0x6b, 0x55, 0x6b, 0x55,
    0x6b, 0x55, 0x6b, 0x55, 0xce, 0x9e, 0xce, 0x9e, 0xce, 0x9e, 0xce, 0x9e, 0xce, 0x9e, 0xce, 0x9e, 0xce, 0x9e, 0xce, 0x9e, 0xce, 0x9e, 0xce, 0x9e,
    0xce, 0x9e, 0xce, 0x9e, 0xce, 0x9e, 0xce, 0x9e, 0xce, 0x9e, 0xce, 0x9e, 0xce, 0x9e, 0xce, 0x9e, 0xce, 0x9e, 0xce, 0x9e, 0xce, 0x9e, 0xce, 0x9e,
    0xc2, 0x10, 0xc2, 0x10, 0xc2, 0x10, 0xc2, 0x10, 0xce, 0x9e, 0xce, 0x9e, 0xce, 0x9e, 0xce, 0x9e, 0xce, 0x9e, 0xce, 0x9e, 0x03, 0x11, 0x03, 0x11,
    0x03, 0x11, 0x03, 0x11, 0x03, 0x11, 0x03, 0x11, 0x03, 0x11, 0x03, 0x11, 0x03, 0x11, 0x03, 0x11, 0x03, 0x11, 0x03, 0x11, 0x03, 0x11, 0x03, 0x11,
    0x03, 0x11, 0x03, 0x11, 0x03, 0x11, 0x03, 0x11, 0x03, 0x11, 0x03, 0x11, 0x03, 0x11, 0x03, 0x11, 0x03, 0x11, 0x03, 0x11, 0x6b, 0x55, 0x6b, 0x55,
    0x6b, 0x55, 0x6b, 0x55, 0x6b, 0x55, 0x6b, 0x55, 0x27, 0x2b, 0x27, 0x2b, 0x27, 0x2b, 0x27, 0x2b, 0x27, 0x2b, 0x27, 0x2b, 0x27, 0x2b, 0x27, 0x2b,
    0x6b, 0x55, 0x6b, 0x55, 0x6b, 0x55, 0x6b, 0x55, 0x6b, 0x55, 0x6b, 0x55, 0x6b, 0x55, 0x6b, 0x55, 0x6b, 0x55, 0x6b, 0x55, 0xce, 0x9e, 0xce, 0x9e,
    0xce, 0x9e, 0xce, 0x9e, 0xce, 0x9e, 0xce, 0x9e, 0xce, 0x9e, 0xce, 0x9e, 0xce, 0x9e, 0xce, 0x9e, 0xce, 0x9e, 0xce, 0x9e, 0xce, 0x9e, 0xce, 0x9e,
    0xce, 0x9e, 0xce, 0x9e, 0xce, 0x9e, 0xce, 0x9e, 0xce, 0x9e, 0xce, 0x9e, 0xce, 0x9e, 0xce, 0x9e, 0xc2, 0x10, 0xc2, 0x10, 0xc2, 0x10, 0xc2, 0x10,
    0xce, 0x9e, 0xce, 0x9e, 0xce, 0x9e, 0xce, 0x9e, 0xce, 0x9e, 0xce, 0x9e, 0x03, 0x11, 0x03, 0x11, 0x03, 0x11, 0x03, 0x11, 0x03, 0x11, 0x03, 0x11,
    0x03, 0x11, 0x03, 0x11, 0x03, 0x11, 0x03, 0x11, 0x03, 0x11, 0x03, 0x11, 0x03, 0x11, 0x03, 0x11, 0x03, 0x11, 0x03, 0x11, 0x03, 0x11, 0x03, 0x11,
    0x03, 0x11, 0x03, 0x11, 0x03, 0x11, 0x03, 0x11, 0x03, 0x11, 0x03, 0x11, 0x03, 0x11, 0x03, 0x11, 0x03, 0x11, 0x03, 0x11, 0x27, 0x2b, 0x27, 0x2b,
    0x27, 0x2b, 0x27, 0x2b, 0x27, 0x2b, 0x27, 0x2b, 0x27, 0x2b, 0x27, 0x2b, 0x27, 0x2b, 0x27, 0x2b, 0x6b, 0x55, 0x6b, 0x55, 0x6b, 0x55, 0x6b, 0x55,
    0x6b, 0x55, 0x6b, 0x55, 0x6b, 0x55, 0x6b, 0x55, 0x6b, 0x55, 0x6b, 0x55, 0xce, 0x9e, 0xce, 0x9e, 0xce, 0x9e, 0xce, 0x9e, 0xce, 0x9e, 0xce, 0x9e,
    0xce, 0x9e, 0xce, 0x9e, 0xce, 0x9e, 0xce, 0x9e, 0xce, 0x9e, 0xce, 0x9e, 0xce, 0x9e, 0xce, 0x9e, 0xce, 0x9e, 0xce, 0x9e, 0xce, 0x9e, 0xce, 0x9e,
    0xce, 0x9e, 0xce, 0x9e, 0xce, 0x9e, 0xce, 0x9e, 0xce, 0x9e, 0xce, 0x9e, 0xce, 0x9e, 0xce, 0x9e, 0xce, 0x9e, 0xce, 0x9e, 0xce, 0x9e, 0xce, 0x9e,
    0xce, 0x9e, 0xce, 0x9e, 0x03, 0x11, 0x03, 0x11, 0x03, 0x11, 0x03, 0x11, 0x03, 0x11, 0x03, 0x11, 0x03, 0x11, 0x03, 0x11, 0x03, 0x11, 0x03, 0x11,
    0x03, 0x11, 0x03, 0x11, 0x03, 0x11, 0x03, 0x11, 0x03, 0x11, 0x03, 0x11, 0x03, 0x11, 0x03, 0x11, 0x03, 0x11, 0x03, 0x11, 0x03, 0x11, 0x03, 0x11,
    0x03, 0x11, 0x03, 0x11, 0x03, 0x11, 0x03, 0x11, 0x03, 0x11, 0x03, 0x11, 0x27, 0x2b, 0x27, 0x2b, 0x27, 0x2b, 0x27, 0x2b, 0x27, 0x2b, 0x27, 0x2b,
    0x27, 0x2b, 0x27, 0x2b, 0x27, 0x2b, 0x27, 0x2b, 0x6b, 0x55, 0x6b, 0x55, 0x6b, 0x55, 0x6b, 0x55, 0x6b, 0x55, 0x6b, 0x55, 0x6b, 0x55, 0x6b, 0x55,
    0x6b, 0x55, 0x6b, 0x55, 0xce, 0x9e, 0xce, 0x9e, 0xce, 0x9e, 0xce, 0x9e, 0xce, 0x9e, 0xce, 0x9e, 0xce, 0x9e, 0xce, 0x9e, 0xce, 0x9e, 0xce, 0x9e,
    0xce, 0x9e, 0xce, 0x9e, 0xce, 0x9e, 0xce, 0x9e, 0xce, 0x9e, 0xce, 0x9e, 0xce, 0x9e, 0xce, 0x9e, 0xce, 0x9e, 0xce, 0x9e, 0xce, 0x9e, 0xce, 0x9e,
    0xce, 0x9e, 0xce, 0x9e, 0xce, 0x9e, 0xce, 0x9e, 0xce, 0x9e, 0xce, 0x9e, 0xce, 0x9e, 0xce, 0x9e, 0xce, 0x9e, 0xce, 0x9e, 0x03, 0x11, 0x03, 0x11,
    0x03, 0x11, 0x03, 0x11, 0x03, 0x11, 0x03, 0x11, 0x03, 0x11, 0x03, 0x11, 0x03, 0x11, 0x03, 0x11, 0x03, 0x11, 0x03, 0x11, 0x03, 0x11, 0x03, 0x11,
    0x03, 0x11, 0x03, 0x11, 0x03, 0x11, 0x03, 0x11, 0x03, 0x11, 0x03, 0x11, 0x03, 0x11, 0x03, 0x11, 0x03, 0x11, 0x03, 0x11, 0x03, 0x11, 0x03, 0x11,
    0x03, 0x11, 0x03, 0x11, 0x27, 0x2b, 0x27, 0x2b, 0x27, 0x2b, 0x27, 0x2b, 0x27, 0x2b, 0x27, 0x2b, 0x27, 0x2b, 0x27, 0x2b, 0x27, 0x2b, 0x27, 0x2b,
    0x6b, 0x55, 0x6b, 0x55, 0x6b, 0x55, 0x6b, 0x55, 0x6b, 0x55, 0x6b, 0x55, 0x6b, 0x55, 0x6b, 0x55, 0x6b, 0x55, 0x6b, 0x55, 0xce, 0x9e, 0xce, 0x9e,
    0xce, 0x9e, 0xce, 0x9e, 0xce, 0x9e, 0xce, 0x9e, 0xc2, 0x10, 0xc2, 0x10, 0xc2, 0x10, 0xc2, 0x10, 0xc2, 0x10, 0xc2, 0x10, 0xc2, 0x10, 0xc2, 0x10,
    0xc2, 0x10, 0xc2, 0x10, 0xc2, 0x10, 0xc2, 0x10, 0xc2, 0x10, 0xc2, 0x10, 0xc2, 0x10, 0xc2, 0x10, 0xce, 0x9e, 0xce, 0x9e, 0xce, 0x9e, 0xce, 0x9e,
    0xce, 0x9e, 0xce, 0x9e, 0xce, 0x9e, 0xce, 0x9e, 0xce, 0x9e, 0xce, 0x9e, 0x03, 0x11, 0x03, 0x11, 0x03, 0x11, 0x03, 0x11, 0x03, 0x11, 0x03, 0x11,
    0x03, 0x11, 0x03, 0x11, 0x03, 0x11, 0x03, 0x11, 0x03, 0x11, 0x03, 0x11, 0x03, 0x11, 0x03, 0x11, 0x03, 0x11, 0x03, 0x11, 0x03, 0x11, 0x03, 0x11,
    0x03, 0x11, 0x03, 0x11, 0x03, 0x11, 0x03, 0x11, 0x03, 0x11, 0x03, 0x11, 0x03, 0x11, 0x03, 0x11, 0x03, 0x11, 0x03, 0x11, 0x27, 0x2b, 0x27, 0x2b,
    0x27, 0x2b, 0x27, 0x2b, 0x27, 0x2b, 0x27, 0x2b, 0x27, 0x2b, 0x27, 0x2b, 0x27, 0x2b, 0x27, 0x2b, 0x6b, 0x55, 0x6b, 0x55, 0x6b, 0x55, 0x6b, 0x55,
    0x6b, 0x55, 0x6b, 0x55, 0x6b, 0x55, 0x6b, 0x55, 0x6b, 0x55, 0x6b, 0x55, 0xce, 0x9e, 0xce, 0x9e, 0xce, 0x9e, 0xce, 0x9e, 0xce, 0x9e, 0xce, 0x9e,
    0xc2, 0x10, 0xc2, 0x10, 0xc2, 0x10, 0xc2, 0x10, 0xc2, 0x10, 0xc2, 0x10, 0xc2, 0x10, 0xc2, 0x10, 0xc2, 0x10, 0xc2, 0x10, 0xc2, 0x10, 0xc2, 0x10,
    0xc2, 0x10, 0xc2, 0x10, 0xc2, 0x10, 0xc2, 0x10, 0xce, 0x9e, 0xce, 0x9e, 0xce, 0x9e, 0xce, 0x9e, 0xce, 0x9e, 0xce, 0x9e, 0xce, 0x9e, 0xce, 0x9e,
    0xce, 0x9e, 0xce, 0x9e, 0x03, 0x11, 0x03, 0x11, 0x03, 0x11, 0x03, 0x11, 0x03, 0x11, 0x03, 0x11, 0x03, 0x11, 0x03, 0x11, 0x03, 0x11, 0x03, 0x11,
    0x03, 0x11, 0x03, 0x11, 0x03, 0x11, 0x03, 0x11, 0x03, 0x11, 0x03, 0x11, 0x03, 0x11, 0x03, 0x11, 0x03, 0x11, 0x03, 0x11, 0x03, 0x11, 0x03, 0x11,
    0x03, 0x11, 0x03, 0x11, 0x03, 0x11, 0x03, 0x11, 0x03, 0x11, 0x03, 0x11, 0x27, 0x2b, 0x27, 0x2b, 0x27, 0x2b, 0x27, 0x2b, 0x27, 0x2b, 0x27, 0x2b,
    0x27, 0x2b, 0x27, 0x2b, 0x27, 0x2b, 0x27, 0x2b, 0x6b, 0x55, 0x6b, 0x55, 0x6b, 0x55, 0x6b, 0x55, 0x6b, 0x55, 0x6b, 0x55, 0x6b, 0x55, 0x6b, 0x55,
    0x6b, 0x55, 0x6b, 0x55, 0xce, 0x9e, 0xce, 0x9e, 0xce, 0x9e, 0xce, 0x9e, 0xce, 0x9e, 0xce, 0x9e, 0xc2, 0x10, 0xc2, 0x10, 0xc2, 0x10, 0xc2, 0x10,
    0xc2, 0x10, 0xc2, 0x10, 0xc2, 0x10, 0xc2, 0x10, 0xc2, 0x10, 0xc2, 0x10, 0xc2, 0x10, 0xc2, 0x10, 0xc2, 0x10, 0xc2, 0x10, 0xc2, 0x10, 0xc2, 0x10,
    0xce, 0x9e, 0xce, 0x9e, 0xce, 0x9e, 0xce, 0x9e, 0xce, 0x9e, 0xce, 0x9e, 0xce, 0x9e, 0xce, 0x9e, 0x03, 0x11, 0x03, 0x11, 0x03, 0x11, 0x03, 0x11,
    0x03, 0x11, 0x03, 0x11, 0x03, 0x11, 0x03, 0x11, 0x03, 0x11, 0x03, 0x11, 0x03, 0x11, 0x03, 0x11, 0x03, 0x11, 0x03, 0x11, 0x03, 0x11, 0x03, 0x11,
    0x03, 0x11, 0x03, 0x11, 0x03, 0x11, 0x03, 0x11, 0x03, 0x11, 0x03, 0x11, 0x03, 0x11, 0x03, 0x11, 0x03, 0x11, 0x03, 0x11, 0x03, 0x11, 0x03, 0x11,
    0x03, 0x11, 0x03, 0x11, 0x27, 0x2b, 0x27, 0x2b, 0x27, 0x2b, 0x27, 0x2b, 0x27, 0x2b, 0x27, 0x2b, 0x27, 0x2b, 0x27, 0x2b, 0x27, 0x2b, 0x27, 0x2b,
    0x6b, 0x55, 0x6b, 0x55, 0x6b, 0x55, 0x6b, 0x55, 0x6b, 0x55, 0x6b, 0x55, 0x6b, 0x55, 0x6b, 0x55, 0x6b, 0x55, 0x6b, 0x55, 0xce, 0x9e, 0xce, 0x9e,
    0xce, 0x9e, 0xce, 0x9e, 0xce, 0x9e, 0xce, 0x9e, 0xc2, 0x10, 0xc2, 0x10, 0xc2, 0x10, 0xc2, 0x10, 0xc2, 0x10, 0xc2, 0x10, 0xc2, 0x10, 0xc2, 0x10,
    0xc2, 0x10, 0xc2, 0x10, 0xc2, 0x10, 0xc2, 0x10, 0xc2, 0x10, 0xc2, 0x10, 0xc2, 0x10, 0xc2, 0x10, 0xce, 0x9e, 0xce, 0x9e, 0xce, 0x9e, 0xce, 0x9e,
    0xce, 0x9e, 0xce, 0x9e, 0xce, 0x9e, 0xce, 0x9e, 0x03, 0x11, 0x03, 0x11, 0x03, 0x11, 0x03, 0x11, 0x03, 0x11, 0x03, 0x11, 0x03, 0x11, 0x03, 0x11,
    0x03, 0x11, 0x03, 0x11, 0x03, 0x11, 0x03, 0x11, 0x03, 0x11, 0x03, 0x11, 0x03, 0x11, 0x03, 0x11, 0x03, 0x11, 0x03, 0x11, 0x03, 0x11, 0x03, 0x11,
    0x03, 0x11, 0x03, 0x11, 0x03, 0x11, 0x03, 0x11, 0x03, 0x11, 0x03, 0x11, 0x03, 0x11, 0x03, 0x11, 0x03, 0x11, 0x03, 0x11, 0x27, 0x2b, 0x27, 0x2b,
    0x27, 0x2b, 0x27, 0x2b, 0x27, 0x2b, 0x27, 0x2b, 0x27, 0x2b, 0x27, 0x2b, 0x27, 0x2b, 0x27, 0x2b, 0x27, 0x2b, 0x27, 0x2b, 0x27, 0x2b, 0x27, 0x2b,
    0x27, 0x2b, 0x27, 0x2b, 0x27, 0x2b, 0x27, 0x2b, 0x27, 0x2b, 0x27, 0x2b, 0xce, 0x9e, 0xce, 0x9e, 0xce, 0x9e, 0xce, 0x9e, 0xce, 0x9e, 0xce, 0x9e,
    0xce, 0x9e, 0xce, 0x9e, 0xce, 0x9e, 0xce, 0x9e, 0xce, 0x9e, 0xce, 0x9e, 0xce, 0x9e, 0xce, 0x9e, 0xce, 0x9e, 0xce, 0x9e, 0xce, 0x9e, 0xce, 0x9e,
    0xce, 0x9e, 0xce, 0x9e, 0xce, 0x9e, 0xce, 0x9e, 0xce, 0x9e, 0xce, 0x9e, 0xce, 0x9e, 0xce, 0x9e, 0xce, 0x9e, 0xce, 0x9e, 0xce, 0x9e, 0xce, 0x9e,
    0x03, 0x11, 0x03, 0x11, 0x03, 0x11, 0x03, 0x11, 0x03, 0x11, 0x03, 0x11, 0x03, 0x11, 0x03, 0x11, 0x03, 0x11, 0x03, 0x11, 0x03, 0x11, 0x03, 0x11,
    0x03, 0x11, 0x03, 0x11, 0x03, 0x11, 0x03, 0x11, 0x03, 0x11, 0x03, 0x11, 0x03, 0x11, 0x03, 0x11, 0x03, 0x11, 0x03, 0x11, 0x03, 0x11, 0x03, 0x11,
    0x03, 0x11, 0x03, 0x11, 0x03, 0x11, 0x03, 0x11, 0x03, 0x11, 0x03, 0x11, 0x27, 0x2b, 0x27, 0x2b, 0x27, 0x2b, 0x27, 0x2b, 0x27, 0x2b, 0x27, 0x2b,
    0x27, 0x2b, 0x27, 0x2b, 0x27, 0x2b, 0x27, 0x2b, 0x27, 0x2b, 0x27, 0x2b, 0x27, 0x2b, 0x27, 0x2b, 0x27, 0x2b, 0x27, 0x2b, 0x27, 0x2b, 0x27, 0x2b,
    0x27, 0x2b, 0x27, 0x2b, 0xce, 0x9e, 0xce, 0x9e, 0xce, 0x9e, 0xce, 0x9e, 0xce, 0x9e, 0xce, 0x9e, 0xce, 0x9e, 0xce, 0x9e, 0xce, 0x9e, 0xce, 0x9e,
    0xce, 0x9e, 0xce, 0x9e, 0xce, 0x9e, 0xce, 0x9e, 0xce, 0x9e, 0xce, 0x9e, 0xce, 0x9e, 0xce, 0x9e, 0xce, 0x9e, 0xce, 0x9e, 0xce, 0x9e, 0xce, 0x9e,
    0xce, 0x9e, 0xce, 0x9e, 0xce, 0x9e, 0xce, 0x9e, 0xce, 0x9e, 0xce, 0x9e, 0xce, 0x9e, 0xce, 0x9e, 0x03, 0x11, 0x03, 0x11, 0x03, 0x11, 0x03, 0x11,
    0x03, 0x11, 0x03, 0x11, 0x03, 0x11, 0x03, 0x11, 0x03, 0x11, 0x03, 0x11, 0x03, 0x11, 0x03, 0x11, 0x03, 0x11, 0x03, 0x11, 0x03, 0x11, 0x03, 0x11,
    0x03, 0x11, 0x03, 0x11, 0x03, 0x11, 0x03, 0x11, 0x03, 0x11, 0x03, 0x11, 0x03, 0x11, 0x03, 0x11, 0x03, 0x11, 0x03, 0x11, 0x03, 0x11, 0x03, 0x11,
    0x03, 0x11, 0x03, 0x11, 0x27, 0x2b, 0x27, 0x2b, 0x27, 0x2b, 0x27, 0x2b, 0x27, 0x2b, 0x27, 0x2b, 0x27, 0x2b, 0x27, 0x2b, 0x27, 0x2b, 0x27, 0x2b,
    0x6b, 0x55, 0x6b, 0x55, 0x6b, 0x55, 0x6b, 0x55, 0x6b, 0x55, 0x6b, 0x55, 0x6b, 0x55, 0x6b, 0x55, 0x6b, 0x55, 0x6b, 0x55, 0xf5, 0xee, 0xf5, 0xee,
    0xf5, 0xee, 0xf5, 0xee, 0xf5, 0xee, 0xf5, 0xee, 0xf5, 0xee, 0xf5, 0xee, 0xf5, 0xee, 0xf5, 0xee, 0xf5, 0xee, 0xf5, 0xee, 0xf5, 0xee, 0xf5, 0xee,
    0xf5, 0xee, 0xf5, 0xee, 0xf5, 0xee, 0xf5, 0xee, 0x6b, 0x55, 0x6b, 0x55, 0x6b, 0x55, 0x6b, 0x55, 0x27, 0x2b, 0x27, 0x2b, 0x27, 0x2b, 0x27, 0x2b,
    0x03, 0x11, 0x03, 0x11, 0x03, 0x11, 0x03, 0x11, 0x03, 0x11, 0x03, 0x11, 0x03, 0x11, 0x03, 0x11, 0x03, 0x11, 0x03, 0x11, 0x03, 0x11, 0x03, 0x11,
    0x03, 0x11, 0x03, 0x11, 0x03, 0x11, 0x03, 0x11, 0x03, 0x11, 0x03, 0x11, 0x03, 0x11, 0x03, 0x11, 0x03, 0x11, 0x03, 0x11, 0x03, 0x11, 0x03, 0x11,
    0x03, 0x11, 0x03, 0x11, 0x03, 0x11, 0x03, 0x11, 0x03, 0x11, 0x03, 0x11, 0x03, 0x11, 0x03, 0x11, 0x03, 0x11, 0x03, 0x11, 0x27, 0x2b, 0x27, 0x2b,
    0x27, 0x2b, 0x27, 0x2b, 0x27, 0x2b, 0x27, 0x2b, 0x27, 0x2b, 0x27, 0x2b, 0x27, 0x2b, 0x27, 0x2b, 0x6b, 0x55, 0x6b, 0x55, 0x6b, 0x55, 0x6b, 0x55,
    0x6b, 0x55, 0x6b, 0x55, 0x6b, 0x55, 0x6b, 0x55, 0x6b, 0x55, 0x6b, 0x55, 0xf5, 0xee, 0xf5, 0xee, 0xf5, 0xee, 0xf5, 0xee, 0xf5, 0xee, 0xf5, 0xee,
    0xf5, 0xee, 0xf5, 0xee, 0xf5, 0xee, 0xf5, 0xee, 0xf5, 0xee, 0xf5, 0xee, 0xf5, 0xee, 0xf5, 0xee, 0xf5, 0xee, 0xf5, 0xee, 0xf5, 0xee, 0xf5, 0xee,
    0x6b, 0x55, 0x6b, 0x55, 0x6b, 0x55, 0x6b, 0x55, 0x27, 0x2b, 0x27, 0x2b, 0x27, 0x2b, 0x27, 0x2b, 0x03, 0x11, 0x03, 0x11, 0x03, 0x11, 0x03, 0x11,
    0x03, 0x11, 0x03, 0x11, 0x03, 0x11, 0x03, 0x11, 0x03, 0x11, 0x03, 0x11, 0x03, 0x11, 0x03, 0x11, 0x03, 0x11, 0x03, 0x11, 0x03, 0x11, 0x03, 0x11,
    0x03, 0x11, 0x03, 0x11, 0x03, 0x11, 0x03, 0x11, 0x03, 0x11, 0x03, 0x11, 0x03, 0x11, 0x03, 0x11, 0x03, 0x11, 0x03, 0x11, 0x27, 0x2b, 0x27, 0x2b,
    0x03, 0x11, 0x03, 0x11, 0x03, 0x11, 0x03, 0x11, 0x03, 0x11, 0x03, 0x11, 0x27, 0x2b, 0x27, 0x2b, 0x27, 0x2b, 0x27, 0x2b, 0x27, 0x2b, 0x27, 0x2b,
    0x27, 0x2b, 0x27, 0x2b, 0x27, 0x2b, 0x27, 0x2b, 0x6b, 0x55, 0x6b, 0x55, 0x6b, 0x55, 0x6b, 0x55, 0x6b, 0x55, 0x6b, 0x55, 0x6b, 0x55, 0x6b, 0x55,
    0x6b, 0x55, 0x6b, 0x55, 0xf5, 0xee, 0xf5, 0xee, 0xf5, 0xee, 0xf5, 0xee, 0xf5, 0xee, 0xf5, 0xee, 0xf5, 0xee, 0xf5, 0xee, 0xf5, 0xee, 0xf5, 0xee,
    0xf5, 0xee, 0xf5, 0xee, 0xf5, 0xee, 0xf5, 0xee, 0xf5, 0xee, 0xf5, 0xee, 0xf5, 0xee, 0xf5, 0xee, 0x6b, 0x55, 0x6b, 0x55, 0x6b, 0x55, 0x6b, 0x55,
    0x27, 0x2b, 0x27, 0x2b, 0x27, 0x2b, 0x27, 0x2b, 0x03, 0x11, 0x03, 0x11, 0x03, 0x11, 0x03, 0x11, 0x03, 0x11, 0x03, 0x11, 0x03, 0x11, 0x03, 0x11,
    0x03, 0x11, 0x03, 0x11, 0x03, 0x11, 0x03, 0x11, 0x03, 0x11, 0x03, 0x11, 0x03, 0x11, 0x03, 0x11, 0x03, 0x11, 0x03, 0x11, 0x03, 0x11, 0x03, 0x11,
    0x03, 0x11, 0x03, 0x11, 0x03, 0x11, 0x03, 0x11, 0x03, 0x11, 0x03, 0x11, 0x27, 0x2b, 0x27, 0x2b, 0x03, 0x11, 0x03, 0x11, 0x03, 0x11, 0x03, 0x11,
    0x03, 0x11, 0x03, 0x11, 0x27, 0x2b, 0x27, 0x2b, 0x27, 0x2b, 0x27, 0x2b, 0x27, 0x2b, 0x27, 0x2b, 0x27, 0x2b, 0x27, 0x2b, 0x27, 0x2b, 0x27, 0x2b,
    0x6b, 0x55, 0x6b, 0x55, 0x6b, 0x55, 0x6b, 0x55, 0x6b, 0x55, 0x6b, 0x55, 0x6b, 0x55, 0x6b, 0x55, 0x6b, 0x55, 0x6b, 0x55, 0xf5, 0xee, 0xf5, 0xee,
    0xf5, 0xee, 0xf5, 0xee, 0xf5, 0xee, 0xf5, 0xee, 0xf5, 0xee, 0xf5, 0xee, 0xf5, 0xee, 0xf5, 0xee, 0xf5, 0xee, 0xf5, 0xee, 0xf5, 0xee, 0xf5, 0xee,
    0xf5, 0xee, 0xf5, 0xee, 0xf5, 0xee, 0xf5, 0xee, 0x6b, 0x55, 0x6b, 0x55, 0x6b, 0x55, 0x6b, 0x55, 0x27, 0x2b, 0x27, 0x2b, 0x27, 0x2b, 0x27, 0x2b,
    0x03, 0x11, 0x03, 0x11, 0x03, 0x11, 0x03, 0x11, 0x03, 0x11, 0x03, 0x11, 0x03, 0x11, 0x03, 0x11, 0x03, 0x11, 0x03, 0x11, 0x03, 0x11, 0x03, 0x11,
    0x03, 0x11, 0x03, 0x11, 0x03, 0x11, 0x03, 0x11, 0x03, 0x11, 0x03, 0x11, 0x03, 0x11, 0x03, 0x11, 0x03, 0x11, 0x03, 0x11, 0x03, 0x11, 0x03, 0x11,
    0x03, 0x11, 0x03, 0x11, 0x27, 0x2b, 0x27, 0x2b, 0x27, 0x2b, 0x27, 0x2b, 0x27, 0x2b, 0x27, 0x2b, 0x03, 0x11, 0x03, 0x11, 0x27, 0x2b, 0x27, 0x2b,
    0x27, 0x2b, 0x27, 0x2b, 0x27, 0x2b, 0x27, 0x2b, 0x27, 0x2b, 0x27, 0x2b, 0x27, 0x2b, 0x27, 0x2b, 0x6b, 0x55, 0x6b, 0x55, 0x6b, 0x55, 0x6b, 0x55,
    0x6b, 0x55, 0x6b, 0x55, 0x6b, 0x55, 0x6b, 0x55, 0x6b, 0x55, 0x6b, 0x55, 0xf5, 0xee, 0xf5, 0xee, 0xf5, 0xee, 0xf5, 0xee, 0xf5, 0xee, 0xf5, 0xee,
    0xf5, 0xee, 0xf5, 0xee, 0xf5, 0xee, 0xf5, 0xee, 0xf5, 0xee, 0xf5, 0xee, 0xf5, 0xee, 0xf5, 0xee, 0xf5, 0xee, 0xf5, 0xee, 0xf5, 0xee, 0xf5, 0xee,
    0x6b, 0x55, 0x6b, 0x55, 0x6b, 0x55, 0x6b, 0x55, 0x27, 0x2b, 0x27, 0x2b, 0x27, 0x2b, 0x27, 0x2b, 0x03, 0x11, 0x03, 0x11, 0x03, 0x11, 0x03, 0x11,
    0x03, 0x11, 0x03, 0x11, 0x03, 0x11, 0x03, 0x11, 0x03, 0x11, 0x03, 0x11, 0x03, 0x11, 0x03, 0x11, 0x03, 0x11, 0x03, 0x11, 0x03, 0x11, 0x03, 0x11,
    0x03, 0x11, 0x03, 0x11, 0x03, 0x11, 0x03, 0x11, 0x03, 0x11, 0x03, 0x11, 0x03, 0x11, 0x03, 0x11, 0x03, 0x11, 0x03, 0x11, 0x27, 0x2b, 0x27, 0x2b,
    0x27, 0x2b, 0x27, 0x2b, 0x27, 0x2b, 0x27, 0x2b, 0x03, 0x11, 0x03, 0x11, 0x27, 0x2b, 0x27, 0x2b, 0x27, 0x2b, 0x27, 0x2b, 0x27, 0x2b, 0x27, 0x2b,
    0x27, 0x2b, 0x27, 0x2b, 0x27, 0x2b, 0x27, 0x2b, 0x6b, 0x55, 0x6b, 0x55, 0x6b, 0x55, 0x6b, 0x55, 0x6b, 0x55, 0x6b, 0x55, 0x6b, 0x55, 0x6b, 0x55,
    0x6b, 0x55, 0x6b, 0x55, 0xf5, 0xee, 0xf5, 0xee, 0xf5, 0xee, 0xf5, 0xee, 0xf5, 0xee, 0xf5, 0xee, 0xf5, 0xee, 0xf5, 0xee, 0xf5, 0xee, 0xf5, 0xee,
    0xf5, 0xee, 0xf5, 0xee, 0xf5, 0xee, 0xf5, 0xee, 0xf5, 0xee, 0xf5, 0xee, 0xf5, 0xee, 0xf5, 0xee, 0x6b, 0x55, 0x6b, 0x55, 0x6b, 0x55, 0x6b, 0x55,
    0x27, 0x2b, 0x27, 0x2b, 0x27, 0x2b, 0x27, 0x2b, 0x03, 0x11, 0x03, 0x11, 0x03, 0x11, 0x03, 0x11, 0x03, 0x11, 0x03, 0x11, 0x03, 0x11, 0x03, 0x11,
    0x03, 0x11, 0x03, 0x11, 0x03, 0x11, 0x03, 0x11, 0x03, 0x11, 0x03, 0x11, 0x03, 0x11, 0x03, 0x11, 0x03, 0x11, 0x03, 0x11, 0x03, 0x11, 0x03, 0x11,
    0x03, 0x11, 0x03, 0x11, 0x03, 0x11, 0x03, 0x11, 0x03, 0x11, 0x03, 0x11, 0x03, 0x11, 0x03, 0x11, 0x27, 0x2b, 0x27, 0x2b, 0x27, 0x2b, 0x27, 0x2b,
    0x27, 0x2b, 0x27, 0x2b, 0x03, 0x11, 0x03, 0x11, 0x03, 0x11, 0x03, 0x11, 0x03, 0x11, 0x03, 0x11, 0x27, 0x2b, 0x27, 0x2b, 0x27, 0x2b, 0x27, 0x2b,
    0x6b, 0x55, 0x6b, 0x55, 0x6b, 0x55, 0x6b, 0x55, 0x6b, 0x55, 0x6b, 0x55, 0x6b, 0x55, 0x6b, 0x55, 0x6b, 0x55, 0x6b, 0x55, 0xf5, 0xee, 0xf5, 0xee,
    0xf5, 0xee, 0xf5, 0xee, 0xf5, 0xee, 0xf5, 0xee, 0xf5, 0xee, 0xf5, 0xee, 0xf5, 0xee, 0xf5, 0xee, 0xf5, 0xee, 0xf5, 0xee, 0xf5, 0xee, 0xf5, 0xee,
    0xf5, 0xee, 0xf5, 0xee, 0xf5, 0xee, 0xf5, 0xee, 0x6b, 0x55, 0x6b, 0x55, 0x6b, 0x55, 0x6b, 0x55, 0x27, 0x2b, 0x27, 0x2b, 0x27, 0x2b, 0x27, 0x2b,
    0x03, 0x11, 0x03, 0x11, 0x03, 0x11, 0x03, 0x11, 0x03, 0x11, 0x03, 0x11, 0x03, 0x11, 0x03, 0x11, 0x03, 0x11, 0x03, 0x11, 0x03, 0x11, 0x03, 0x11,
    0x03, 0x11, 0x03, 0x11, 0x03, 0x11, 0x03, 0x11, 0x03, 0x11, 0x03, 0x11, 0x03, 0x11, 0x03, 0x11, 0x03, 0x11, 0x03, 0x11, 0x03, 0x11, 0x03, 0x11,
    0x03, 0x11, 0x03, 0x11, 0x03, 0x11, 0x03, 0x11, 0x27, 0x2b, 0x27, 0x2b, 0x27, 0x2b, 0x27, 0x2b, 0x27, 0x2b, 0x27, 0x2b, 0x03, 0x11, 0x03, 0x11,
    0x03, 0x11, 0x03, 0x11, 0x03, 0x11, 0x03, 0x11, 0x27, 0x2b, 0x27, 0x2b, 0x27, 0x2b, 0x27, 0x2b, 0x6b, 0x55, 0x6b, 0x55, 0x6b, 0x55, 0x6b, 0x55,
    0x6b, 0x55, 0x6b, 0x55, 0x6b, 0x55, 0x6b, 0x55, 0x6b, 0x55, 0x6b, 0x55, 0xf5, 0xee, 0xf5, 0xee, 0xf5, 0xee, 0xf5, 0xee, 0xf5, 0xee, 0xf5, 0xee,
    0xf5, 0xee, 0xf5, 0xee, 0xf5, 0xee, 0xf5, 0xee, 0xf5, 0xee, 0xf5, 0xee, 0xf5, 0xee, 0xf5, 0xee, 0xf5, 0xee, 0xf5, 0xee, 0xf5, 0xee, 0xf5, 0xee,
    0x6b, 0x55, 0x6b, 0x55, 0x6b, 0x55, 0x6b, 0x55, 0x27, 0x2b, 0x27, 0x2b, 0x27, 0x2b, 0x27, 0x2b, 0x03, 0x11, 0x03, 0x11, 0x03, 0x11, 0x03, 0x11,
    0x03, 0x11, 0x03, 0x11, 0x03, 0x11, 0x03, 0x11, 0x03, 0x11, 0x03, 0x11, 0x03, 0x11, 0x03, 0x11, 0x03, 0x11, 0x03, 0x11, 0x03, 0x11, 0x03, 0x11,
    0x03, 0x11, 0x03, 0x11, 0x03, 0x11, 0x03, 0x11, 0x03, 0x11, 0x03, 0x11, 0x03, 0x11, 0x03, 0x11, 0x03, 0x11, 0x03, 0x11, 0x03, 0x11, 0x03, 0x11,
    0x27, 0x2b, 0x27, 0x2b, 0x27, 0x2b, 0x27, 0x2b, 0x27, 0x2b, 0x27, 0x2b, 0x27, 0x2b, 0x27, 0x2b, 0x27, 0x2b, 0x27, 0x2b, 0x03, 0x11, 0x03, 0x11,
    0x27, 0x2b, 0x27, 0x2b, 0x27, 0x2b, 0x27, 0x2b, 0x6b, 0x55, 0x6b, 0x55, 0x6b, 0x55, 0x6b, 0x55, 0x6b, 0x55, 0x6b, 0x55, 0x6b, 0x55, 0x6b, 0x55,
    0x6b, 0x55, 0x6b, 0x55, 0xf5, 0xee, 0xf5, 0xee, 0xf5, 0xee, 0xf5, 0xee, 0xf5, 0xee, 0xf5, 0xee, 0xf5, 0xee, 0xf5, 0xee, 0xf5, 0xee, 0xf5, 0xee,
    0xf5, 0xee, 0xf5, 0xee, 0xf5, 0xee, 0xf5, 0xee, 0xf5, 0xee, 0xf5, 0xee, 0xf5, 0xee, 0xf5, 0xee, 0x6b, 0x55, 0x6b, 0x55, 0x6b, 0x55, 0x6b, 0x55,
    0x27, 0x2b, 0x27, 0x2b, 0x27, 0x2b, 0x27, 0x2b, 0x03, 0x11, 0x03, 0x11, 0x03, 0x11, 0x03, 0x11, 0x03, 0x11, 0x03, 0x11, 0x03, 0x11, 0x03, 0x11,
    0x03, 0x11, 0x03, 0x11, 0x03, 0x11, 0x03, 0x11, 0x03, 0x11, 0x03, 0x11, 0x03, 0x11, 0x03, 0x11, 0x03, 0x11, 0x03, 0x11, 0x03, 0x11, 0x03, 0x11,
    0x03, 0x11, 0x03, 0x11, 0x03, 0x11, 0x03, 0x11, 0x03, 0x11, 0x03, 0x11, 0x03, 0x11, 0x03, 0x11, 0x27, 0x2b, 0x27, 0x2b, 0x27, 0x2b, 0x27, 0x2b,
    0x27, 0x2b, 0x27, 0x2b, 0x27, 0x2b, 0x27, 0x2b, 0x27, 0x2b, 0x27, 0x2b, 0x03, 0x11, 0x03, 0x11, 0x27, 0x2b, 0x27, 0x2b, 0x27, 0x2b, 0x27, 0x2b,
    0x6b, 0x55, 0x6b, 0x55, 0x6b, 0x55, 0x6b, 0x55, 0x6b, 0x55, 0x6b, 0x55, 0x6b, 0x55, 0x6b, 0x55, 0x6b, 0x55, 0x6b, 0x55, 0xf5, 0xee, 0xf5, 0xee,
    0xf5, 0xee, 0xf5, 0xee, 0xf5, 0xee, 0xf5, 0xee, 0xf5, 0xee, 0xf5, 0xee, 0xf5, 0xee, 0xf5, 0xee, 0xf5, 0xee, 0xf5, 0xee, 0xf5, 0xee, 0xf5, 0xee,
    0xf5, 0xee, 0xf5, 0xee, 0xf5, 0xee, 0xf5, 0xee, 0x6b, 0x55, 0x6b, 0x55, 0x6b, 0x55, 0x6b, 0x55, 0x27, 0x2b, 0x27, 0x2b, 0x27, 0x2b, 0x27, 0x2b,
    0x03, 0x11, 0x03, 0x11, 0x03, 0x11, 0x03, 0x11, 0x03, 0x11, 0x03, 0x11, 0x03, 0x11, 0x03, 0x11, 0x03, 0x11, 0x03, 0x11, 0x03, 0x11, 0x03, 0x11,
    0x03, 0x11, 0x03, 0x11, 0x03, 0x11, 0x03, 0x11, 0x03, 0x11, 0x03, 0x11, 0x03, 0x11, 0x03, 0x11, 0x03, 0x11, 0x03, 0x11, 0x03, 0x11, 0x03, 0x11,
    0x03, 0x11, 0x03, 0x11, 0x03, 0x11, 0x03, 0x11, 0x27, 0x2b, 0x27, 0x2b, 0x27, 0x2b, 0x27, 0x2b, 0x27, 0x2b, 0x27, 0x2b, 0x27, 0x2b, 0x27, 0x2b,
    0x27, 0x2b, 0x27, 0x2b, 0x27, 0x2b, 0x27, 0x2b, 0x27, 0x2b, 0x27, 0x2b, 0x27, 0x2b, 0x27, 0x2b, 0x6b, 0x55, 0x6b, 0x55, 0x6b, 0x55, 0x6b, 0x55,
    0x6b, 0x55, 0x6b, 0x55, 0x6b, 0x55, 0x6b, 0x55, 0x6b, 0x55, 0x6b, 0x55, 0xf5, 0xee, 0xf5, 0xee, 0xf5, 0xee, 0xf5, 0xee, 0xf5, 0xee, 0xf5, 0xee,
    0xf5, 0xee, 0xf5, 0xee, 0xf5, 0xee, 0xf5, 0xee, 0xf5, 0xee, 0xf5, 0xee, 0xf5, 0xee, 0xf5, 0xee, 0xf5, 0xee, 0xf5, 0xee, 0xf5, 0xee, 0xf5, 0xee,
    0x6b, 0x55, 0x6b, 0x55, 0x6b, 0x55, 0x6b, 0x55, 0x27, 0x2b, 0x27, 0x2b, 0x27, 0x2b, 0x27, 0x2b, 0x03, 0x11, 0x03, 0x11, 0x03, 0x11, 0x03, 0x11,
    0x03, 0x11, 0x03, 0x11, 0x03, 0x11, 0x03, 0x11, 0x03, 0x11, 0x03, 0x11, 0x03, 0x11, 0x03, 0x11, 0x03, 0x11, 0x03, 0x11, 0x03, 0x11, 0x03, 0x11,
    0x03, 0x11, 0x03, 0x11, 0x03, 0x11, 0x03, 0x11, 0x03, 0x11, 0x03, 0x11, 0x03, 0x11, 0x03, 0x11, 0x03, 0x11, 0x03, 0x11, 0x03, 0x11, 0x03, 0x11,
    0x27, 0x2b, 0x27, 0x2b, 0x27, 0x2b, 0x27, 0x2b, 0x27, 0x2b, 0x27, 0x2b, 0x27, 0x2b, 0x27, 0x2b, 0x27, 0x2b, 0x27, 0x2b, 0x27, 0x2b, 0x27, 0x2b,
    0x27, 0x2b, 0x27, 0x2b, 0x27, 0x2b, 0x27, 0x2b, 0x6b, 0x55, 0x6b, 0x55, 0x6b, 0x55, 0x6b, 0x55, 0x6b, 0x55, 0x6b, 0x55, 0x6b, 0x55, 0x6b, 0x55,
    0x6b, 0x55, 0x6b, 0x55, 0xf5, 0xee, 0xf5, 0xee, 0xf5, 0xee, 0xf5, 0xee, 0xf5, 0xee, 0xf5, 0xee, 0xf5, 0xee, 0xf5, 0xee, 0xf5, 0xee, 0xf5, 0xee,
    0xf5, 0xee, 0xf5, 0xee, 0xf5, 0xee, 0xf5, 0xee, 0xf5, 0xee, 0xf5, 0xee, 0xf5, 0xee, 0xf5, 0xee, 0x6b, 0x55, 0x6b, 0x55, 0x6b, 0x55, 0x6b, 0x55,
    0x27, 0x2b, 0x27, 0x2b, 0x27, 0x2b, 0x27, 0x2b, 0x03, 0x11, 0x03, 0x11, 0x03, 0x11, 0x03, 0x11, 0x03, 0x11, 0x03, 0x11, 0x03, 0x11, 0x03, 0x11,
    0x03, 0x11, 0x03, 0x11, 0x03, 0x11, 0x03, 0x11, 0x03, 0x11, 0x03, 0x11, 0x03, 0x11, 0x03, 0x11, 0x03, 0x11, 0x03, 0x11, 0x03, 0x11, 0x03, 0x11,
    0x03, 0x11, 0x03, 0x11, 0x03, 0x11, 0x03, 0x11, 0x03, 0x11, 0x03, 0x11, 0x03, 0x11, 0x03, 0x11, 0x03, 0x11, 0x03, 0x11, 0x27, 0x2b, 0x27, 0x2b,
    0x27, 0x2b, 0x27, 0x2b, 0x27, 0x2b, 0x27, 0x2b, 0x27, 0x2b, 0x27, 0x2b, 0x27, 0x2b, 0x27, 0x2b, 0x27, 0x2b, 0x27, 0x2b, 0x27, 0x2b, 0x27, 0x2b,
    0x6b, 0x55, 0x6b, 0x55, 0x6b, 0x55, 0x6b, 0x55, 0x6b, 0x55, 0x6b, 0x55, 0x6b, 0x55, 0x6b, 0x55, 0x6b, 0x55, 0x6b, 0x55, 0xf5, 0xee, 0xf5, 0xee,
    0xf5, 0xee, 0xf5, 0xee, 0xf5, 0xee, 0xf5, 0xee, 0xf5, 0xee, 0xf5, 0xee, 0xf5, 0xee, 0xf5, 0xee, 0xf5, 0xee, 0xf5, 0xee, 0xf5, 0xee, 0xf5, 0xee,
    0xf5, 0xee, 0xf5, 0xee, 0xf5, 0xee, 0xf5, 0xee, 0x6b, 0x55, 0x6b, 0x55, 0x6b, 0x55, 0x6b, 0x55, 0x27, 0x2b, 0x27, 0x2b, 0x27, 0x2b, 0x27, 0x2b,
    0x03, 0x11, 0x03, 0x11, 0x03, 0x11, 0x03, 0x11, 0x03, 0x11, 0x03, 0x11, 0x03, 0x11, 0x03, 0x11, 0x03, 0x11, 0x03, 0x11, 0x03, 0x11, 0x03, 0x11,
    0x03, 0x11, 0x03, 0x11, 0x03, 0x11, 0x03, 0x11, 0x03, 0x11, 0x03, 0x11, 0x03, 0x11, 0x03, 0x11, 0x03, 0x11, 0x03, 0x11, 0x03, 0x11, 0x03, 0x11,
    0x03, 0x11, 0x03, 0x11, 0x03, 0x11, 0x03, 0x11, 0x03, 0x11, 0x03, 0x11, 0x27, 0x2b, 0x27, 0x2b, 0x27, 0x2b, 0x27, 0x2b, 0x27, 0x2b, 0x27, 0x2b,
    0x27, 0x2b, 0x27, 0x2b, 0x27, 0x2b, 0x27, 0x2b, 0x27, 0x2b, 0x27, 0x2b, 0x27, 0x2b, 0x27, 0x2b, 0x6b, 0x55, 0x6b, 0x55, 0x6b, 0x55, 0x6b, 0x55,
    0x6b, 0x55, 0x6b, 0x55, 0x6b, 0x55, 0x6b, 0x55, 0x6b, 0x55, 0x6b, 0x55, 0xf5, 0xee, 0xf5, 0xee, 0xf5, 0xee, 0xf5, 0xee, 0xf5, 0xee, 0xf5, 0xee,
    0xf5, 0xee, 0xf5, 0xee, 0xf5, 0xee, 0xf5, 0xee, 0xf5, 0xee, 0xf5, 0xee, 0xf5, 0xee, 0xf5, 0xee, 0xf5, 0xee, 0xf5, 0xee, 0xf5, 0xee, 0xf5, 0xee,
    0x6b, 0x55, 0x6b, 0x55, 0x6b, 0x55, 0x6b, 0x55, 0x27, 0x2b, 0x27, 0x2b, 0x27, 0x2b, 0x27, 0x2b, 0x03, 0x11, 0x03, 0x11, 0x03, 0x11, 0x03, 0x11,
    0x03, 0x11, 0x03, 0x11, 0x03, 0x11, 0x03, 0x11, 0x03, 0x11, 0x03, 0x11, 0x03, 0x11, 0x03, 0x11, 0x03, 0x11, 0x03, 0x11, 0x03, 0x11, 0x03, 0x11,
    0x03, 0x11, 0x03, 0x11, 0x03, 0x11, 0x03, 0x11, 0x03, 0x11, 0x03, 0x11, 0x03, 0x11, 0x03, 0x11, 0x03, 0x11, 0x03, 0x11, 0x03, 0x11, 0x03, 0x11,
    0x03, 0x11, 0x03, 0x11, 0x27, 0x2b, 0x27, 0x2b, 0x27, 0x2b, 0x27, 0x2b, 0x27, 0x2b, 0x27, 0x2b, 0x27, 0x2b, 0x27, 0x2b, 0x27, 0x2b, 0x27, 0x2b,
    0x27, 0x2b, 0x27, 0x2b, 0x27, 0x2b, 0x27, 0x2b, 0x6b, 0x55, 0x6b, 0x55, 0x6b, 0x55, 0x6b, 0x55, 0x6b, 0x55, 0x6b, 0x55, 0x6b, 0x55, 0x6b, 0x55,
    0x6b, 0x55, 0x6b, 0x55, 0xf5, 0xee, 0xf5, 0xee, 0xf5, 0xee, 0xf5, 0xee, 0xf5, 0xee, 0xf5, 0xee, 0xf5, 0xee, 0xf5, 0xee, 0xf5, 0xee, 0xf5, 0xee,
    0xf5, 0xee, 0xf5, 0xee, 0xf5, 0xee, 0xf5, 0xee, 0xf5, 0xee, 0xf5, 0xee, 0xf5, 0xee, 0xf5, 0xee, 0x6b, 0x55, 0x6b, 0x55, 0x6b, 0x55, 0x6b, 0x55,
    0x27, 0x2b, 0x27, 0x2b, 0x27, 0x2b, 0x27, 0x2b, 0x03, 0x11, 0x03, 0x11, 0x03, 0x11, 0x03, 0x11, 0x03, 0x11, 0x03, 0x11, 0x03, 0x11, 0x03, 0x11,
    0x03, 0x11, 0x03, 0x11, 0x03, 0x11, 0x03, 0x11, 0x03, 0x11, 0x03, 0x11, 0x03, 0x11, 0x03, 0x11, 0x03, 0x11, 0x03, 0x11, 0x03, 0x11, 0x03, 0x11,
    0x03, 0x11, 0x03, 0x11, 0x03, 0x11, 0x03, 0x11, 0x03, 0x11, 0x03, 0x11, 0x03, 0x11, 0x03, 0x11, 0x03, 0x11, 0x03, 0x11, 0x27, 0x2b, 0x27, 0x2b,
    0x27, 0x2b, 0x27, 0x2b, 0x27, 0x2b, 0x27, 0x2b, 0x27, 0x2b, 0x27, 0x2b, 0x27, 0x2b, 0x27, 0x2b, 0x27, 0x2b, 0x27, 0x2b, 0x27, 0x2b, 0x27, 0x2b,
    0x6b, 0x55, 0x6b, 0x55, 0x6b, 0x55, 0x6b, 0x55, 0x6b, 0x55, 0x6b, 0x55, 0x6b, 0x55, 0x6b, 0x55, 0x6b, 0x55, 0x6b, 0x55, 0xf5, 0xee, 0xf5, 0xee,
    0xf5, 0xee, 0xf5, 0xee, 0xf5, 0xee, 0xf5, 0xee, 0xf5, 0xee, 0xf5, 0xee, 0xf5, 0xee, 0xf5, 0xee, 0xf5, 0xee, 0xf5, 0xee, 0xf5, 0xee, 0xf5, 0xee,
    0xf5, 0xee, 0xf5, 0xee, 0xf5, 0xee, 0xf5, 0xee, 0x6b, 0x55, 0x6b, 0x55, 0x6b, 0x55, 0x6b, 0x55, 0x27, 0x2b, 0x27, 0x2b, 0x27, 0x2b, 0x27, 0x2b,
    0x03, 0x11, 0x03, 0x11, 0x03, 0x11, 0x03, 0x11, 0x03, 0x11, 0x03, 0x11, 0x03, 0x11, 0x03, 0x11, 0x03, 0x11, 0x03, 0x11, 0x03, 0x11, 0x03, 0x11,
    0x03, 0x11, 0x03, 0x11, 0x03, 0x11, 0x03, 0x11, 0x03, 0x11, 0x03, 0x11, 0x03, 0x11, 0x03, 0x11, 0x03, 0x11, 0x03, 0x11, 0x03, 0x11, 0x03, 0x11,
    0x03, 0x11, 0x03, 0x11, 0x03, 0x11, 0x03, 0x11, 0x03, 0x11, 0x03, 0x11, 0x03, 0x11, 0x03, 0x11, 0x03, 0x11, 0x03, 0x11, 0x03, 0x11, 0x03, 0x11,
    0x27, 0x2b, 0x27, 0x2b, 0x27, 0x2b, 0x27, 0x2b, 0x27, 0x2b, 0x27, 0x2b, 0x27, 0x2b, 0x27, 0x2b, 0x6b, 0x55, 0x6b, 0x55, 0x6b, 0x55, 0x6b, 0x55,
    0x6b, 0x55, 0x6b, 0x55, 0x6b, 0x55, 0x6b, 0x55, 0x6b, 0x55, 0x6b, 0x55, 0xf5, 0xee, 0xf5, 0xee, 0xf5, 0xee, 0xf5, 0xee, 0xf5, 0xee, 0xf5, 0xee,
    0xf5, 0xee, 0xf5, 0xee, 0xf5, 0xee, 0xf5, 0xee, 0xf5, 0xee, 0xf5, 0xee, 0xf5, 0xee, 0xf5, 0xee, 0xf5, 0xee, 0xf5, 0xee, 0xf5, 0xee, 0xf5, 0xee,
    0x6b, 0x55, 0x6b, 0x55, 0x6b, 0x55, 0x6b, 0x55, 0x27, 0x2b, 0x27, 0x2b, 0x27, 0x2b, 0x27, 0x2b, 0x03, 0x11, 0x03, 0x11, 0x03, 0x11, 0x03, 0x11,
    0x03, 0x11, 0x03, 0x11, 0x03, 0x11, 0x03, 0x11, 0x03, 0x11, 0x03, 0x11, 0x03, 0x11, 0x03, 0x11, 0x03, 0x11, 0x03, 0x11, 0x03, 0x11, 0x03, 0x11,
    0x03, 0x11, 0x03, 0x11, 0x03, 0x11, 0x03, 0x11, 0x03, 0x11, 0x03, 0x11, 0x03, 0x11, 0x03, 0x11, 0x03, 0x11, 0x03, 0x11, 0x03, 0x11, 0x03, 0x11,
    0x03, 0x11, 0x03, 0x11, 0x03, 0x11, 0x03, 0x11, 0x03, 0x11, 0x03, 0x11, 0x03, 0x11, 0x03, 0x11, 0x27, 0x2b, 0x27, 0x2b, 0x27, 0x2b, 0x27, 0x2b,
    0x27, 0x2b, 0x27, 0x2b, 0x27, 0x2b, 0x27, 0x2b, 0x6b, 0x55, 0x6b, 0x55, 0x6b, 0x55, 0x6b, 0x55, 0x6b, 0x55, 0x6b, 0x55, 0x6b, 0x55, 0x6b, 0x55,
    0x6b, 0x55, 0x6b, 0x55, 0xf5, 0xee, 0xf5, 0xee, 0xf5, 0xee, 0xf5, 0xee, 0xf5, 0xee, 0xf5, 0xee, 0xf5, 0xee, 0xf5, 0xee, 0xf5, 0xee, 0xf5, 0xee,
    0xf5, 0xee, 0xf5, 0xee, 0xf5, 0xee, 0xf5, 0xee, 0xf5, 0xee, 0xf5, 0xee, 0xf5, 0xee, 0xf5, 0xee, 0x6b, 0x55, 0x6b, 0x55, 0x6b, 0x55, 0x6b, 0x55,
    0x27, 0x2b, 0x27, 0x2b, 0x27, 0x2b, 0x27, 0x2b, 0x03, 0x11, 0x03, 0x11, 0x03, 0x11, 0x03, 0x11, 0x03, 0x11, 0x03, 0x11, 0x03, 0x11, 0x03, 0x11,
    0x03, 0x11, 0x03, 0x11, 0x03, 0x11, 0x03, 0x11, 0x03, 0x11, 0x03, 0x11, 0x03, 0x11, 0x03, 0x11, 0x03, 0x11, 0x03, 0x11, 0x03, 0x11, 0x03, 0x11,
    0x03, 0x11, 0x03, 0x11, 0x03, 0x11, 0x03, 0x11, 0x03, 0x11, 0x03, 0x11, 0x03, 0x11, 0x03, 0x11, 0x03, 0x11, 0x03, 0x11, 0x03, 0x11, 0x03, 0x11,
    0x03, 0x11, 0x03, 0x11, 0x03, 0x11, 0x03, 0x11, 0x03, 0x11, 0x03, 0x11, 0x03, 0x11, 0x03, 0x11, 0x27, 0x2b, 0x27, 0x2b, 0x27, 0x2b, 0x27, 0x2b,
    0x27, 0x2b, 0x27, 0x2b, 0x27, 0x2b, 0x27, 0x2b, 0x27, 0x2b, 0x27, 0x2b, 0x27, 0x2b, 0x27, 0x2b, 0x27, 0x2b, 0x27, 0x2b, 0x27, 0x2b, 0x27, 0x2b,
    0xf5, 0xee, 0xf5, 0xee, 0xf5, 0xee, 0xf5, 0xee, 0xf5, 0xee, 0xf5, 0xee, 0xf5, 0xee, 0xf5, 0xee, 0xf5, 0xee, 0xf5, 0xee, 0xf5, 0xee, 0xf5, 0xee,
    0x27, 0x2b, 0x27, 0x2b, 0x27, 0x2b, 0x27, 0x2b, 0x27, 0x2b, 0x27, 0x2b, 0x27, 0x2b, 0x27, 0x2b, 0x27, 0x2b, 0x27, 0x2b, 0x27, 0x2b, 0x27, 0x2b,
    0x27, 0x2b, 0x27, 0x2b, 0x27, 0x2b, 0x27, 0x2b, 0x03, 0x11, 0x03, 0x11, 0x03, 0x11, 0x03, 0x11, 0x03, 0x11, 0x03, 0x11, 0x03, 0x11, 0x03, 0x11,
    0x03, 0x11, 0x03, 0x11, 0x03, 0x11, 0x03, 0x11, 0x03, 0x11, 0x03, 0x11, 0x03, 0x11, 0x03, 0x11, 0x03, 0x11, 0x03, 0x11, 0x03, 0x11, 0x03, 0x11,
    0x03, 0x11, 0x03, 0x11, 0x03, 0x11, 0x03, 0x11, 0x03, 0x11, 0x03, 0x11, 0x03, 0x11, 0x03, 0x11, 0x03, 0x11, 0x03, 0x11, 0x03, 0x11, 0x03, 0x11,
    0x03, 0x11, 0x03, 0x11, 0x03, 0x11, 0x03, 0x11, 0x27, 0x2b, 0x27, 0x2b, 0x27, 0x2b, 0x27, 0x2b, 0x27, 0x2b, 0x27, 0x2b, 0x27, 0x2b, 0x27, 0x2b,
    0x27, 0x2b, 0x27, 0x2b, 0x27, 0x2b, 0x27, 0x2b, 0x27, 0x2b, 0x27, 0x2b, 0x27, 0x2b, 0x27, 0x2b, 0xf5, 0xee, 0xf5, 0xee, 0xf5, 0xee, 0xf5, 0xee,
    0xf5, 0xee, 0xf5, 0xee, 0xf5, 0xee, 0xf5, 0xee, 0xf5, 0xee, 0xf5, 0xee, 0xf5, 0xee, 0xf5, 0xee, 0x27, 0x2b, 0x27, 0x2b, 0x27, 0x2b, 0x27, 0x2b,
    0x27, 0x2b, 0x27, 0x2b, 0x27, 0x2b, 0x27, 0x2b, 0x27, 0x2b, 0x27, 0x2b, 0x27, 0x2b, 0x27, 0x2b, 0x27, 0x2b, 0x27, 0x2b, 0x27, 0x2b, 0x27, 0x2b,
    0x03, 0x11, 0x03, 0x11, 0x03, 0x11, 0x03, 0x11, 0x03, 0x11, 0x03, 0x11, 0x03, 0x11, 0x03, 0x11, 0x03, 0x11, 0x03, 0x11, 0x03, 0x11, 0x03, 0x11,
    0x03, 0x11, 0x03, 0x11, 0x03, 0x11, 0x03, 0x11, 0x03, 0x11, 0x03, 0x11, 0x03, 0x11, 0x03, 0x11, 0x03, 0x11, 0x03, 0x11, 0x03, 0x11, 0x03, 0x11,
    0x03, 0x11, 0x03, 0x11, 0x03, 0x11, 0x03, 0x11, 0x03, 0x11, 0x03, 0x11, 0x03, 0x11, 0x03, 0x11, 0x03, 0x11, 0x03, 0x11, 0x03, 0x11, 0x03, 0x11,
    0x27, 0x2b, 0x27, 0x2b, 0x27, 0x2b, 0x27, 0x2b, 0x27, 0x2b, 0x27, 0x2b, 0x27, 0x2b, 0x27, 0x2b, 0x27, 0x2b, 0x27, 0x2b, 0x27, 0x2b, 0x27, 0x2b,
    0x27, 0x2b, 0x27, 0x2b, 0x27, 0x2b, 0x27, 0x2b, 0x27, 0x2b, 0x27, 0x2b, 0x27, 0x2b, 0x27, 0x2b, 0x27, 0x2b, 0x27, 0x2b, 0x27, 0x2b, 0x27, 0x2b,
    0x27, 0x2b, 0x27, 0x2b, 0x27, 0x2b, 0x27, 0x2b, 0x27, 0x2b, 0x27, 0x2b, 0x27, 0x2b, 0x27, 0x2b, 0x27, 0x2b, 0x27, 0x2b, 0x27, 0x2b, 0x27, 0x2b,
    0x27, 0x2b, 0x27, 0x2b, 0x27, 0x2b, 0x27, 0x2b, 0x27, 0x2b, 0x27, 0x2b, 0x27, 0x2b, 0x27, 0x2b, 0x03, 0x11, 0x03, 0x11, 0x03, 0x11, 0x03, 0x11,
    0x03, 0x11, 0x03, 0x11, 0x03, 0x11, 0x03, 0x11, 0x03, 0x11, 0x03, 0x11, 0x03, 0x11, 0x03, 0x11, 0x03, 0x11, 0x03, 0x11, 0x03, 0x11, 0x03, 0x11,
    0x03, 0x11, 0x03, 0x11, 0x03, 0x11, 0x03, 0x11, 0x03, 0x11, 0x03, 0x11, 0x03, 0x11, 0x03, 0x11, 0x03, 0x11, 0x03, 0x11, 0x03, 0x11, 0x03, 0x11,
    0x03, 0x11, 0x03, 0x11, 0x03, 0x11, 0x03, 0x11, 0x03, 0x11, 0x03, 0x11, 0x03, 0x11, 0x03, 0x11, 0x27, 0x2b, 0x27, 0x2b, 0x27, 0x2b, 0x27, 0x2b,
    0x27, 0x2b, 0x27, 0x2b, 0x27, 0x2b, 0x27, 0x2b, 0x27, 0x2b, 0x27, 0x2b, 0x27, 0x2b, 0x27, 0x2b, 0x27, 0x2b, 0x27, 0x2b, 0x27, 0x2b, 0x27, 0x2b,
    0x27, 0x2b, 0x27, 0x2b, 0x27, 0x2b, 0x27, 0x2b, 0x27, 0x2b, 0x27, 0x2b, 0x27, 0x2b, 0x27, 0x2b, 0x27, 0x2b, 0x27, 0x2b, 0x27, 0x2b, 0x27, 0x2b,
    0x27, 0x2b, 0x27, 0x2b, 0x27, 0x2b, 0x27, 0x2b, 0x27, 0x2b, 0x27, 0x2b, 0x27, 0x2b, 0x27, 0x2b, 0x27, 0x2b, 0x27, 0x2b, 0x27, 0x2b, 0x27, 0x2b,
    0x27, 0x2b, 0x27, 0x2b, 0x27, 0x2b, 0x27, 0x2b, 0x03, 0x11, 0x03, 0x11, 0x03, 0x11, 0x03, 0x11, 0x03, 0x11, 0x03, 0x11, 0x03, 0x11, 0x03, 0x11,
    0x03, 0x11, 0x03, 0x11, 0x03, 0x11, 0x03, 0x11, 0x03, 0x11, 0x03, 0x11, 0x03, 0x11, 0x03, 0x11, 0x03, 0x11, 0x03, 0x11, 0x03, 0x11, 0x03, 0x11,
    0x03, 0x11, 0x03, 0x11, 0x03, 0x11, 0x03, 0x11, 0x03, 0x11, 0x03, 0x11, 0x03, 0x11, 0x03, 0x11, 0x03, 0x11, 0x03, 0x11, 0x03, 0x11, 0x03, 0x11,
    0x03, 0x11, 0x03, 0x11, 0x03, 0x11, 0x03, 0x11, 0x27, 0x2b, 0x27, 0x2b, 0x27, 0x2b, 0x27, 0x2b, 0x27, 0x2b, 0x27, 0x2b, 0x27, 0x2b, 0x27, 0x2b,
    0x27, 0x2b, 0x27, 0x2b, 0x27, 0x2b, 0x27, 0x2b, 0x27, 0x2b, 0x27, 0x2b, 0x27, 0x2b, 0x27, 0x2b, 0x03, 0x11, 0x03, 0x11, 0x03, 0x11, 0x03, 0x11,
    0x03, 0x11, 0x03, 0x11, 0x03, 0x11, 0x03, 0x11, 0x03, 0x11, 0x03, 0x11, 0x03, 0x11, 0x03, 0x11, 0x27, 0x2b, 0x27, 0x2b, 0x27, 0x2b, 0x27, 0x2b,
    0x27, 0x2b, 0x27, 0x2b, 0x27, 0x2b, 0x27, 0x2b, 0x27, 0x2b, 0x27, 0x2b, 0x27, 0x2b, 0x27, 0x2b, 0x27, 0x2b, 0x27, 0x2b, 0x27, 0x2b, 0x27, 0x2b,
    0x03, 0x11, 0x03, 0x11, 0x03, 0x11, 0x03, 0x11, 0x03, 0x11, 0x03, 0x11, 0x03, 0x11, 0x03, 0x11, 0x03, 0x11, 0x03, 0x11, 0x03, 0x11, 0x03, 0x11,
    0x03, 0x11, 0x03, 0x11, 0x03, 0x11, 0x03, 0x11, 0x03, 0x11, 0x03, 0x11, 0x03, 0x11, 0x03, 0x11, 0x03, 0x11, 0x03, 0x11, 0x03, 0x11, 0x03, 0x11,
    0x03, 0x11, 0x03, 0x11, 0x03, 0x11, 0x03, 0x11, 0x03, 0x11, 0x03, 0x11, 0x03, 0x11, 0x03, 0x11, 0x03, 0x11, 0x03, 0x11, 0x03, 0x11, 0x03, 0x11,
    0x27, 0x2b, 0x27, 0x2b, 0x27, 0x2b, 0x27, 0x2b, 0x27, 0x2b, 0x27, 0x2b, 0x27, 0x2b, 0x27, 0x2b, 0x27, 0x2b, 0x27, 0x2b, 0x27, 0x2b, 0x27, 0x2b,
    0x27, 0x2b, 0x27, 0x2b, 0x27, 0x2b, 0x27, 0x2b, 0x03, 0x11, 0x03, 0x11, 0x03, 0x11, 0x03, 0x11, 0x03, 0x11, 0x03, 0x11, 0x03, 0x11, 0x03, 0x11,
    0x03, 0x11, 0x03, 0x11, 0x03, 0x11, 0x03, 0x11, 0x27, 0x2b, 0x27, 0x2b, 0x27, 0x2b, 0x27, 0x2b, 0x27, 0x2b, 0x27, 0x2b, 0x27, 0x2b, 0x27, 0x2b,
    0x27, 0x2b, 0x27, 0x2b, 0x27, 0x2b, 0x27, 0x2b, 0x27, 0x2b, 0x27, 0x2b, 0x27, 0x2b, 0x27, 0x2b, 0x03, 0x11, 0x03, 0x11, 0x03, 0x11, 0x03, 0x11,
    0x03, 0x11, 0x03, 0x11, 0x03, 0x11, 0x03, 0x11, 0x03, 0x11, 0x03, 0x11, 0x03, 0x11, 0x03, 0x11, 0x03, 0x11, 0x03, 0x11, 0x03, 0x11, 0x03, 0x11,
    0x03, 0x11, 0x03, 0x11, 0x03, 0x11, 0x03, 0x11, 0x03, 0x11, 0x03, 0x11, 0x03, 0x11, 0x03, 0x11, 0x03, 0x11, 0x03, 0x11, 0x03, 0x11, 0x03, 0x11,
    0x03, 0x11, 0x03, 0x11, 0x03, 0x11, 0x03, 0x11, 0x03, 0x11, 0x03, 0x11, 0x03, 0x11, 0x03, 0x11, 0x27, 0x2b, 0x27, 0x2b, 0x27, 0x2b, 0x27, 0x2b,
    0x27, 0x2b, 0x27, 0x2b, 0x27, 0x2b, 0x27, 0x2b, 0x27, 0x2b, 0x27, 0x2b, 0x27, 0x2b, 0x27, 0x2b, 0x27, 0x2b, 0x27, 0x2b, 0x27, 0x2b, 0x27, 0x2b,
    0x03, 0x11, 0x03, 0x11, 0x03, 0x11, 0x03, 0x11, 0x03, 0x11, 0x03, 0x11, 0x03, 0x11, 0x03, 0x11, 0x03, 0x11, 0x03, 0x11, 0x03, 0x11, 0x03, 0x11,
    0x27, 0x2b, 0x27, 0x2b, 0x27, 0x2b, 0x27, 0x2b, 0x27, 0x2b, 0x27, 0x2b, 0x27, 0x2b, 0x27, 0x2b, 0x27, 0x2b, 0x27, 0x2b, 0x27, 0x2b, 0x27, 0x2b,
    0x27, 0x2b, 0x27, 0x2b, 0x27, 0x2b, 0x27, 0x2b, 0x03, 0x11, 0x03, 0x11, 0x03, 0x11, 0x03, 0x11, 0x03, 0x11, 0x03, 0x11, 0x03, 0x11, 0x03, 0x11,
    0x03, 0x11, 0x03, 0x11, 0x03, 0x11, 0x03, 0x11, 0x03, 0x11, 0x03, 0x11, 0x03, 0x11, 0x03, 0x11, 0x03, 0x11, 0x03, 0x11, 0x03, 0x11, 0x03, 0x11,
    0x03, 0x11, 0x03, 0x11, 0x03, 0x11, 0x03, 0x11, 0x03, 0x11, 0x03, 0x11, 0x03, 0x11, 0x03, 0x11, 0x03, 0x11, 0x03, 0x11, 0x03, 0x11, 0x03, 0x11,
    0x03, 0x11, 0x03, 0x11, 0x03, 0x11, 0x03, 0x11, 0x27, 0x2b, 0x27, 0x2b, 0x27, 0x2b, 0x27, 0x2b, 0x27, 0x2b, 0x27, 0x2b, 0x27, 0x2b, 0x27, 0x2b,
    0x27, 0x2b, 0x27, 0x2b, 0x27, 0x2b, 0x27, 0x2b, 0x27, 0x2b, 0x27, 0x2b, 0x27, 0x2b, 0x27, 0x2b, 0x03, 0x11, 0x03, 0x11, 0x03, 0x11, 0x03, 0x11,
    0x03, 0x11, 0x03, 0x11, 0x03, 0x11, 0x03, 0x11, 0x03, 0x11, 0x03, 0x11, 0x03, 0x11, 0x03, 0x11, 0x27, 0x2b, 0x27, 0x2b, 0x27, 0x2b, 0x27, 0x2b,
    0x27, 0x2b, 0x27, 0x2b, 0x27, 0x2b, 0x27, 0x2b, 0x27, 0x2b, 0x27, 0x2b, 0x27, 0x2b, 0x27, 0x2b, 0x27, 0x2b, 0x27, 0x2b, 0x27, 0x2b, 0x27, 0x2b,
    0x03, 0x11, 0x03, 0x11, 0x03, 0x11, 0x03, 0x11, 0x03, 0x11, 0x03, 0x11, 0x03, 0x11, 0x03, 0x11, 0x03, 0x11, 0x03, 0x11, 0x03, 0x11, 0x03, 0x11,
    0x03, 0x11, 0x03, 0x11, 0x03, 0x11, 0x03, 0x11, 0x03, 0x11, 0x03, 0x11, 0x03, 0x11, 0x03, 0x11, 0x03, 0x11, 0x03, 0x11, 0x03, 0x11, 0x03, 0x11,
    0x03, 0x11, 0x03, 0x11, 0x03, 0x11, 0x03, 0x11, 0x03, 0x11, 0x03, 0x11, 0x03, 0x11, 0x03, 0x11, 0x03, 0x11, 0x03, 0x11, 0x03, 0x11, 0x03, 0x11,
    0x03, 0x11, 0x03, 0x11, 0x03, 0x11, 0x03, 0x11, 0x03, 0x11, 0x03, 0x11, 0x03, 0x11, 0x03, 0x11, 0x03, 0x11, 0x03, 0x11, 0x03, 0x11, 0x03, 0x11,
    0x03, 0x11, 0x03, 0x11, 0x03, 0x11, 0x03, 0x11, 0x03, 0x11, 0x03, 0x11, 0x03, 0x11, 0x03, 0x11, 0x03, 0x11, 0x03, 0x11, 0x03, 0x11, 0x03, 0x11,
    0x03, 0x11, 0x03, 0x11, 0x03, 0x11, 0x03, 0x11, 0x03, 0x11, 0x03, 0x11, 0x03, 0x11, 0x03, 0x11, 0x03, 0x11, 0x03, 0x11, 0x03, 0x11, 0x03, 0x11,
    0x03, 0x11, 0x03, 0x11, 0x03, 0x11, 0x03, 0x11, 0x03, 0x11, 0x03, 0x11, 0x03, 0x11, 0x03, 0x11, 0x03, 0x11, 0x03, 0x11, 0x03, 0x11, 0x03, 0x11,
    0x03, 0x11, 0x03, 0x11, 0x03, 0x11, 0x03, 0x11, 0x03, 0x11, 0x03, 0x11, 0x03, 0x11, 0x03, 0x11, 0x03, 0x11, 0x03, 0x11, 0x03, 0x11, 0x03, 0x11,
    0x03, 0x11, 0x03, 0x11, 0x03, 0x11, 0x03, 0x11, 0x03, 0x11, 0x03, 0x11, 0x03, 0x11, 0x03, 0x11, 0x03, 0x11, 0x03, 0x11, 0x03, 0x11, 0x03, 0x11,
    0x03, 0x11, 0x03, 0x11, 0x03, 0x11, 0x03, 0x11, 0x03, 0x11, 0x03, 0x11, 0x03, 0x11, 0x03, 0x11, 0x03, 0x11, 0x03, 0x11, 0x03, 0x11, 0x03, 0x11,
    0x03, 0x11, 0x03, 0x11, 0x03, 0x11, 0x03, 0x11, 0x03, 0x11, 0x03, 0x11, 0x03, 0x11, 0x03, 0x11, 0x03, 0x11, 0x03, 0x11, 0x03, 0x11, 0x03, 0x11,
    0x03, 0x11, 0x03, 0x11, 0x03, 0x11, 0x03, 0x11, 0x03, 0x11, 0x03, 0x11, 0x03, 0x11, 0x03, 0x11, 0x03, 0x11, 0x03, 0x11, 0x03, 0x11, 0x03, 0x11,
    0x03, 0x11, 0x03, 0x11, 0x03, 0x11, 0x03, 0x11, 0x03, 0x11, 0x03, 0x11, 0x03, 0x11, 0x03, 0x11, 0x03, 0x11, 0x03, 0x11, 0x03, 0x11, 0x03, 0x11,
    0x03, 0x11, 0x03, 0x11, 0x03, 0x11, 0x03, 0x11, 0x03, 0x11, 0x03, 0x11, 0x03, 0x11, 0x03, 0x11, 0x03, 0x11, 0x03, 0x11, 0x03, 0x11, 0x03, 0x11,
    0x03, 0x11, 0x03, 0x11, 0x03, 0x11, 0x03, 0x11, 0x03, 0x11, 0x03, 0x11, 0x03, 0x11, 0x03, 0x11, 0x03, 0x11, 0x03, 0x11, 0x03, 0x11, 0x03, 0x11,
    0x03, 0x11, 0x03, 0x11, 0x03, 0x11, 0x03, 0x11, 0x03, 0x11, 0x03, 0x11, 0x03, 0x11, 0x03, 0x11, 0x03, 0x11, 0x03, 0x11, 0x03, 0x11, 0x03, 0x11,
    0x03, 0x11, 0x03, 0x11, 0x03, 0x11, 0x03, 0x11, 0x03, 0x11, 0x03, 0x11, 0x03, 0x11, 0x03, 0x11, 0x03, 0x11, 0x03, 0x11, 0x03, 0x11, 0x03, 0x11,
    0x03, 0x11, 0x03, 0x11, 0x03, 0x11, 0x03, 0x11, 0x03, 0x11, 0x03, 0x11, 0x03, 0x11, 0x03, 0x11, 0x03, 0x11, 0x03, 0x11, 0x03, 0x11, 0x03, 0x11,
    0x03, 0x11, 0x03, 0x11, 0x03, 0x11, 0x03, 0x11, 0x03, 0x11, 0x03, 0x11, 0x03, 0x11, 0x03, 0x11, 0x03, 0x11, 0x03, 0x11, 0x03, 0x11, 0x03, 0x11,
    0x03, 0x11, 0x03, 0x11, 0x03, 0x11, 0x03, 0x11, 0x03, 0x11, 0x03, 0x11, 0x03, 0x11, 0x03, 0x11, 0x03, 0x11, 0x03, 0x11, 0x03, 0x11, 0x03, 0x11,
    0x03, 0x11, 0x03, 0x11, 0x03, 0x11, 0x03, 0x11, 0x03, 0x11, 0x03, 0x11, 0x03, 0x11, 0x03, 0x11, 0x03, 0x11, 0x03, 0x11, 0x03, 0x11, 0x03, 0x11,
    0x03, 0x11, 0x03, 0x11, 0x03, 0x11, 0x03, 0x11, 0x03, 0x11, 0x03, 0x11, 0x03, 0x11, 0x03, 0x11, 0x03, 0x11, 0x03, 0x11, 0x03, 0x11, 0x03, 0x11,
    0x03, 0x11, 0x03, 0x11, 0x03, 0x11, 0x03, 0x11, 0x03, 0x11, 0x03, 0x11, 0x03, 0x11, 0x03, 0x11, 0x03, 0x11, 0x03, 0x11, 0x03, 0x11, 0x03, 0x11,
    0x03, 0x11, 0x03, 0x11, 0x03, 0x11, 0x03, 0x11, 0x03, 0x11, 0x03, 0x11, 0x03, 0x11, 0x03, 0x11, 0x03, 0x11, 0x03, 0x11, 0x03, 0x11, 0x03, 0x11,
    0x03, 0x11, 0x03, 0x11, 0x03, 0x11, 0x03, 0x11, 0x03, 0x11, 0x03, 0x11, 0x03, 0x11, 0x03, 0x11, 0x03, 0x11, 0x03, 0x11, 0x03, 0x11, 0x03, 0x11,
    0x03, 0x11, 0x03, 0x11, 0x03, 0x11, 0x03, 0x11, 0x03, 0x11, 0x03, 0x11, 0x03, 0x11, 0x03, 0x11, 0x03, 0x11, 0x03, 0x11, 0x03, 0x11, 0x03, 0x11,
    0x03, 0x11, 0x03, 0x11, 0x03, 0x11, 0x03, 0x11, 0x03, 0x11, 0x03, 0x11, 0x03, 0x11, 0x03, 0x11, 0x03, 0x11, 0x03, 0x11, 0x03, 0x11, 0x03, 0x11,
    0x03, 0x11, 0x03, 0x11, 0x03, 0x11, 0x03, 0x11, 0x03, 0x11, 0x03, 0x11, 0x03, 0x11, 0x03, 0x11, 0x03, 0x11, 0x03, 0x11, 0x03, 0x11, 0x03, 0x11,
    0x03, 0x11, 0x03, 0x11, 0x03, 0x11, 0x03, 0x11, 0x03, 0x11, 0x03, 0x11, 0x03, 0x11, 0x03, 0x11, 0x03, 0x11, 0x03, 0x11, 0x03, 0x11, 0x03, 0x11,
    0x03, 0x11, 0x03, 0x11, 0x03, 0x11, 0x03, 0x11, 0x03, 0x11, 0x03, 0x11, 0x03, 0x11, 0x03, 0x11, 0x03, 0x11, 0x03, 0x11, 0x03, 0x11, 0x03, 0x11,
    0x03, 0x11, 0x03, 0x11, 0x03, 0x11, 0x03, 0x11, 0x03, 0x11, 0x03, 0x11, 0x03, 0x11, 0x03, 0x11, 0x03, 0x11, 0x03, 0x11, 0x03, 0x11, 0x03, 0x11,
    0x03, 0x11, 0x03, 0x11, 0x03, 0x11, 0x03, 0x11, 0x03, 0x11, 0x03, 0x11, 0x03, 0x11, 0x03, 0x11, 0x03, 0x11, 0x03, 0x11, 0x03, 0x11, 0x03, 0x11,
    0x03, 0x11, 0x03, 0x11, 0x03, 0x11, 0x03, 0x11, 0x03, 0x11, 0x03, 0x11, 0x03, 0x11, 0x03, 0x11, 0x03, 0x11, 0x03, 0x11, 0x03, 0x11, 0x03, 0x11,
    0x03, 0x11, 0x03, 0x11, 0x03, 0x11, 0x03, 0x11, 0x03, 0x11, 0x03, 0x11, 0x03, 0x11, 0x03, 0x11, 0x03, 0x11, 0x03, 0x11, 0x03, 0x11, 0x03, 0x11,
    0x03, 0x11, 0x03, 0x11, 0x03, 0x11, 0x03, 0x11, 0x03, 0x11, 0x03, 0x11, 0x03, 0x11, 0x03, 0x11, 0x03, 0x11, 0x03, 0x11, 0x03, 0x11, 0x03, 0x11,
    0x03, 0x11, 0x03, 0x11, 0x03, 0x11, 0x03, 0x11, 0x03, 0x11, 0x03, 0x11, 0x03, 0x11, 0x03, 0x11, 0x03, 0x11, 0x03, 0x11, 0x03, 0x11, 0x03, 0x11,
    0x03, 0x11, 0x03, 0x11, 0x03, 0x11, 0x03, 0x11, 0x03, 0x11, 0x03, 0x11, 0x03, 0x11, 0x03, 0x11, 0x03, 0x11, 0x03, 0x11, 0x03, 0x11, 0x03, 0x11,
    0x03, 0x11, 0x03, 0x11, 0x03, 0x11, 0x03, 0x11, 0x03, 0x11, 0x03, 0x11, 0x03, 0x11, 0x03, 0x11, 0x03, 0x11, 0x03, 0x11, 0x03, 0x11, 0x03, 0x11,
    0x03, 0x11, 0x03, 0x11, 0x03, 0x11, 0x03, 0x11, 0x03, 0x11, 0x03, 0x11, 0x03, 0x11, 0x03, 0x11, 0x03, 0x11, 0x03, 0x11, 0x03, 0x11, 0x03, 0x11,
    0x03, 0x11, 0x03, 0x11, 0x03, 0x11, 0x03, 0x11, 0x03, 0x11, 0x03, 0x11, 0x03, 0x11, 0x03, 0x11, 0x03, 0x11, 0x03, 0x11, 0x03, 0x11, 0x03, 0x11,
    0x03, 0x11, 0x03, 0x11, 0x03, 0x11, 0x03, 0x11, 0x03, 0x11, 0x03, 0x11, 0x03, 0x11, 0x03, 0x11, 0x03, 0x11, 0x03, 0x11, 0x03, 0x11, 0x03, 0x11,
    0x03, 0x11, 0x03, 0x11, 0x03, 0x11, 0x03, 0x11,
};
const lv_img_dsc_t pet_scratch_3 = {
    .header.cf = LV_IMG_CF_TRUE_COLOR,
    .header.always_zero = 0,
    .header.reserved = 0,
    .header.w = 80,
    .header.h = 80,
    .data_size = 12800,
    .data = pet_scratch_3_map,
};

static const LV_ATTRIBUTE_MEM_ALIGN LV_ATTRIBUTE_LARGE_CONST uint8_t pet_cheer_0_map[] = {
    0x03, 0x11, 0x03, 0x11, 0x03, 0x11, 0x03, 0x11, 0x03, 0x11, 0x03, 0x11, 0x03, 0x11, 0x03, 0x11, 0x03, 0x11, 0x03, 0x11, 0x03, 0x11, 0x03, 0x11,
    0x03, 0x11, 0x03, 0x11, 0x03, 0x11, 0x03, 0x11, 0x03, 0x11, 0x03, 0x11, 0x03, 0x11, 0x03, 0x11, 0x03, 0x11, 0x03, 0x11, 0x03, 0x11, 0x03, 0x11,
    0x03, 0x11, 0x03, 0x11, 0x03, 0x11, 0x03, 0x11, 0x03, 0x11, 0x03, 0x11, 0x03, 0x11, 0x03, 0x11, 0x03, 0x11, 0x03, 0x11, 0x03, 0x11, 0x03, 0x11,
    0x03, 0x11, 0x03, 0x11, 0x03, 0x11, 0x03, 0x11, 0x03, 0x11, 0x03, 0x11, 0x03, 0x11, 0x03, 0x11, 0x03, 0x11, 0x03, 0x11, 0x03, 0x11, 0x03, 0x11,
    0x03, 0x11, 0x03, 0x11, 0x03, 0x11, 0x03, 0x11, 0x03, 0x11, 0x03, 0x11, 0x03, 0x11, 0x03, 0x11, 0x03, 0x11, 0x03, 0x11, 0x03, 0x11, 0x03, 0x11,
    0x03, 0x11, 0x03, 0x11, 0x03, 0x11, 0x03, 0x11, 0x03, 0x11, 0x03, 0x11, 0x03, 0x11, 0x03, 0x11, 0x03, 0x11, 0x03, 0x11, 0x03, 0x11, 0x03, 0x11,
    0x03, 0x11, 0x03, 0x11, 0x03, 0x11, 0x03, 0x11, 0x03, 0x11, 0x03, 0x11, 0x03, 0x11, 0x03, 0x11, 0x03, 0x11, 0x03, 0x11, 0x03, 0x11, 0x03, 0x11,
    0x03, 0x11, 0x03, 0x11, 0x03, 0x11, 0x03, 0x11, 0x03, 0x11, 0x03, 0x11, 0x03, 0x11, 0x03, 0x11, 0x03, 0x11, 0x03, 0x11, 0x03, 0x11, 0x03, 0x11,
    0x03, 0x11, 0x03, 0x11, 0x03, 0x11, 0x03, 0x11, 0x03, 0x11, 0x03, 0x11, 0x03, 0x11, 0x03, 0x11, 0x03, 0x11, 0x03, 0x11, 0x03, 0x11, 0x03, 0x11,
    0x03, 0x11, 0x03, 0x11, 0x03, 0x11, 0x03, 0x11, 0x03, 0x11, 0x03, 0x11, 0x03, 0x11, 0x03, 0x11, 0x03, 0x11, 0x03, 0x11, 0x03, 0x11, 0x03, 0x11,
    0x03, 0x11, 0x03, 0x11, 0x03, 0x11, 0x03, 0x11, 0x03, 0x11, 0x03, 0x11, 0x03, 0x11, 0x03, 0x11, 0x03, 0x11, 0x03, 0x11, 0x03, 0x11, 0x03, 0x11,
    0x03, 0x11, 0x03, 0x11, 0x03, 0x11, 0x03, 0x11, 0x03, 0x11, 0x03, 0x11, 0x03, 0x11, 0x03, 0x11, 0x03, 0x11, 0x03, 0x11, 0x03, 0x11, 0x03, 0x11,
    0x03, 0x11, 0x03, 0x11, 0x03, 0x11, 0x03, 0x11, 0x03, 0x11, 0x03, 0x11, 0x03, 0x11, 0x03, 0x11, 0x03, 0x11, 0x03, 0x11, 0x03, 0x11, 0x03, 0x11,
    0x03, 0x11, 0x03, 0x11, 0x03, 0x11, 0x03, 0x11, 0x03, 0x11, 0x03, 0x11, 0x03, 0x11, 0x03, 0x11, 0x03, 0x11, 0x03, 0x11, 0x03, 0x11, 0x03, 0x11,
    0x03, 0x11, 0x03, 0x11, 0x03, 0x11, 0x03, 0x11, 0x03, 0x11, 0x03, 0x11, 0x03, 0x11, 0x03, 0x11, 0x03, 0x11, 0x03, 0x11, 0x03, 0x11, 0x03, 0x11,
    0x03, 0x11, 0x03, 0x11, 0x03, 0x11, 0x03, 0x11, 0x03, 0x11, 0x03, 0x11, 0x03, 0x11, 0x03, 0x11, 0x03, 0x11, 0x03, 0x11, 0x03, 0x11, 0x03, 0x11,
    0x03, 0x11, 0x03, 0x11, 0x03, 0x11, 0x03, 0x11, 0x03, 0x11, 0x03, 0x11, 0x03, 0x11, 0x03, 0x11, 0x03, 0x11, 0x03, 0x11, 0x03, 0x11, 0x03, 0x11,
    0x03, 0x11, 0x03, 0x11, 0x03, 0x11, 0x03, 0x11, 0x03, 0x11, 0x03, 0x11, 0x03, 0x11, 0x03, 0x11, 0x03, 0x11, 0x03, 0x11, 0x03, 0x11, 0x03, 0x11,
    0x03, 0x11, 0x03, 0x11, 0x03, 0x11, 0x03, 0x11, 0x03, 0x11, 0x03, 0x11, 0x03, 0x11, 0x03, 0x11, 0x03, 0x11, 0x03, 0x11, 0x03, 0x11, 0x03, 0x11,
    0x03, 0x11, 0x03, 0x11, 0x03, 0x11, 0x03, 0x11, 0x03, 0x11, 0x03, 0x11, 0x03, 0x11, 0x03, 0x11, 0x03, 0x11, 0x03, 0x11, 0x03, 0x11, 0x03, 0x11,
    0x03, 0x11, 0x03, 0x11, 0x03, 0x11, 0x03, 0x11, 0x03, 0x11, 0x03, 0x11, 0x03, 0x11, 0x03, 0x11, 0x03, 0x11, 0x03, 0x11, 0x03, 0x11, 0x03, 0x11,
    0x03, 0x11, 0x03, 0x11, 0x03, 0x11, 0x03, 0x11, 0x03, 0x11, 0x03, 0x11, 0x03, 0x11, 0x03, 0x11, 0x03, 0x11, 0x03, 0x11, 0x03, 0x11, 0x03, 0x11,
    0x03, 0x11, 0x03, 0x11, 0x03, 0x11, 0x03, 0x11, 0x03, 0x11, 0x03, 0x11, 0x03, 0x11, 0x03, 0x11, 0x03, 0x11, 0x03, 0x11, 0x03, 0x11, 0x03, 0x11,
    0x03, 0x11, 0x03, 0x11, 0x03, 0x11, 0x03, 0x11, 0x03, 0x11, 0x03, 0x11, 0x03, 0x11, 0x03, 0x11, 0x03, 0x11, 0x03, 0x11, 0x03, 0x11, 0x03, 0x11,
    0x03, 0x11, 0x03, 0x11, 0x03, 0x11, 0x03, 0x11, 0x03, 0x11, 0x03, 0x11, 0x03, 0x11, 0x03, 0x11, 0x03, 0x11, 0x03, 0x11, 0x03, 0x11, 0x03, 0x11,
    0x03, 0x11, 0x03, 0x11, 0x03, 0x11, 0x03, 0x11, 0x03, 0x11, 0x03, 0x11, 0x03, 0x11, 0x03, 0x11, 0x03, 0x11, 0x03, 0x11, 0x03, 0x11, 0x03, 0x11,
    0x03, 0x11, 0x03, 0x11, 0x03, 0x11, 0x03, 0x11, 0x03, 0x11, 0x03, 0x11, 0x03, 0x11, 0x03, 0x11, 0x03, 0x11, 0x03, 0x11, 0x03, 0x11, 0x03, 0x11,
    0x03, 0x11, 0x03, 0x11, 0x03, 0x11, 0x03, 0x11, 0x03, 0x11, 0x03, 0x11, 0x03, 0x11, 0x03, 0x11, 0x03, 0x11, 0x03, 0x11, 0x03, 0x11, 0x03, 0x11,
    0x03, 0x11, 0x03, 0x11, 0x03, 0x11, 0x03, 0x11, 0xce, 0x9e, 0xce, 0x9e, 0x03, 0x11, 0x03, 0x11, 0x03, 0x11, 0x03, 0x11, 0x03, 0x11, 0x03, 0x11,
    0x03, 0x11, 0x03, 0x11, 0x03, 0x11, 0x03, 0x11, 0x03, 0x11, 0x03, 0x11, 0x03, 0x11, 0x03, 0x11, 0x03, 0x11, 0x03, 0x11, 0x4b, 0xee, 0x4b, 0xee,
    0x4b, 0xee, 0x4b, 0xee, 0x03, 0x11, 0x03, 0x11, 0x03, 0x11, 0x03, 0x11, 0x03, 0x11, 0x03, 0x11, 0x03, 0x11, 0x03, 0x11, 0x03, 0x11, 0x03, 0x11,
    0x03, 0x11, 0x03, 0x11, 0x03, 0x11, 0x03, 0x11, 0x03, 0x11, 0x03, 0x11, 0xce, 0x9e, 0xce, 0x9e, 0x03, 0x11, 0x03, 0x11, 0x03, 0x11, 0x03, 0x11,
    0x03, 0x11, 0x03, 0x11, 0x03, 0x11, 0x03, 0x11, 0x03, 0x11, 0x03, 0x11, 0x03, 0x11, 0x03, 0x11, 0x03, 0x11, 0x03, 0x11, 0x03, 0x11, 0x03, 0x11,
    0x03, 0x11, 0x03, 0x11, 0x03, 0x11, 0x03, 0x11, 0x03, 0x11, 0x03, 0x11, 0x03, 0x11, 0x03, 0x11, 0x03, 0x11, 0x03, 0x11, 0x03, 0x11, 0x03, 0x11,
    0x03, 0x11, 0x03, 0x11, 0x03, 0x11, 0x03, 0x11, 0x03, 0x11, 0x03, 0x11, 0x03, 0x11, 0x03, 0x11, 0x03, 0x11, 0x03, 0x11, 0x03, 0x11, 0x03, 0x11,
    0xce, 0x9e, 0xce, 0x9e, 0x03, 0x11, 0x03, 0x11, 0x03, 0x11, 0x03, 0x11, 0x03, 0x11, 0x03, 0x11, 0x03, 0x11, 0x03, 0x11, 0x03, 0x11, 0x03, 0x11,
    0x03, 0x11, 0x03, 0x11, 0x03, 0x11, 0x03, 0x11, 0x03, 0x11, 0x03, 0x11, 0x4b, 0xee, 0x4b, 0xee, 0x4b, 0xee, 0x4b, 0xee, 0x03, 0x11, 0x03, 0x11,
    0x03, 0x11, 0x03, 0x11, 0x03, 0x11, 0x03, 0x11, 0x03, 0x11, 0x03, 0x11, 0x03, 0x11, 0x03, 0x11, 0x03, 0x11, 0x03, 0x11, 0x03, 0x11, 0x03, 0x11,
    0x03, 0x11, 0x03, 0x11, 0xce, 0x9e, 0xce, 0x9e, 0x03, 0x11, 0x03, 0x11, 0x03, 0x11, 0x03, 0x11, 0x03, 0x11, 0x03, 0x11, 0x03, 0x11, 0x03, 0x11,
    0x03, 0x11, 0x03, 0x11, 0x03, 0x11, 0x03, 0x11, 0x03, 0x11, 0x03, 0x11, 0x03, 0x11, 0x03, 0x11, 0x03, 0x11, 0x03, 0x11, 0x03, 0x11, 0x03, 0x11,
    0x03, 0x11, 0x03, 0x11, 0x03, 0x11, 0x03, 0x11, 0x03, 0x11, 0x03, 0x11, 0xee, 0xeb, 0xee, 0xeb, 0xee, 0xeb, 0xee, 0xeb, 0x03, 0x11, 0x03, 0x11,
    0x03, 0x11, 0x03, 0x11, 0x03, 0x11, 0x03, 0x11, 0x03, 0x11, 0x03, 0x11, 0x03, 0x11, 0x03, 0x11, 0xce, 0x9e, 0xce, 0x9e, 0xce, 0x9e, 0xce, 0x9e,
    0x03, 0x11, 0x03, 0x11, 0x03, 0x11, 0x03, 0x11, 0x03, 0x11, 0x03, 0x11, 0x03, 0x11, 0x03, 0x11, 0x03, 0x11, 0x03, 0x11, 0x03, 0x11, 0x03, 0x11,
    0x03, 0x11, 0x03, 0x11, 0x4b, 0xee, 0x4b, 0xee, 0x4b, 0xee, 0x4b, 0xee, 0x03, 0x11, 0x03, 0x11, 0x03, 0x11, 0x03, 0x11, 0x03, 0x11, 0x03, 0x11,
    0x03, 0x11, 0x03, 0x11, 0x03, 0x11, 0x03, 0x11, 0x03, 0x11, 0x03, 0x11, 0x03, 0x11, 0x03, 0x11, 0xce, 0x9e, 0xce, 0x9e, 0xce, 0x9e, 0xce, 0x9e,
    0x03, 0x11, 0x03, 0x11, 0x03, 0x11, 0x03, 0x11, 0x03, 0x11, 0x03, 0x11, 0x03, 0x11, 0x03, 0x11, 0x03, 0x11, 0x03, 0x11, 0x03, 0x11, 0x03, 0x11,
    0x03, 0x11, 0x03, 0x11, 0x03, 0x11, 0x03, 0x11, 0x03, 0x11, 0x03, 0x11, 0x03, 0x11, 0x03, 0x11, 0x03, 0x11, 0x03, 0x11, 0x03, 0x11, 0x03, 0x11,
    0x03, 0x11, 0x03, 0x11, 0xee, 0xeb, 0xee, 0xeb, 0xee, 0xeb, 0xee, 0xeb, 0x03, 0x11, 0x03, 0x11, 0x03, 0x11, 0x03, 0x11, 0x03, 0x11, 0x03, 0x11,
    0x03, 0x11, 0x03, 0x11, 0x03, 0x11, 0x03, 0x11, 0xce, 0x9e, 0xce, 0x9e, 0xce, 0x9e, 0xce, 0x9e, 0x03, 0x11, 0x03, 0x11, 0x03, 0x11, 0x03, 0x11,
    0x03, 0x11, 0x03, 0x11, 0x03, 0x11, 0x03, 0x11, 0x03, 0x11, 0x03, 0x11, 0x03, 0x11, 0x03, 0x11, 0x03, 0x11, 0x03, 0x11, 0x4b, 0xee, 0x4b, 0xee,
    0x4b, 0xee, 0x4b, 0xee, 0x03, 0x11, 0x03, 0x11, 0x03, 0x11, 0x03, 0x11, 0x03, 0x11, 0x03, 0x11, 0x03, 0x11, 0x03, 0x11, 0x03, 0x11, 0x03, 0x11,
    0x03, 0x11, 0x03, 0x11, 0x03, 0x11, 0x03, 0x11, 0xce, 0x9e, 0xce, 0x9e, 0xce, 0x9e, 0xce, 0x9e, 0x03, 0x11, 0x03, 0x11, 0x03, 0x11, 0x03, 0x11,
    0x03, 0x11, 0x03, 0x11, 0x03, 0x11, 0x03, 0x11, 0x03, 0x11, 0x03, 0x11, 0x03, 0x11, 0x03, 0x11, 0x03, 0x11, 0x03, 0x11, 0x03, 0x11, 0x03, 0x11,
    0x03, 0x11, 0x03, 0x11, 0x03, 0x11, 0x03, 0x11, 0x03, 0x11, 0x03, 0x11, 0x03, 0x11, 0x03, 0x11, 0x03, 0x11, 0x03, 0x11, 0xee, 0xeb, 0xee, 0xeb,
    0xee, 0xeb, 0xee, 0xeb, 0x03, 0x11, 0x03, 0x11, 0x03, 0x11, 0x03, 0x11, 0x03, 0x11, 0x03, 0x11, 0x03, 0x11, 0x03, 0x11, 0x03, 0x11, 0x03, 0x11,
    0x03, 0x11, 0x03, 0x11, 0xce, 0x9e, 0xce, 0x9e, 0xce, 0x9e, 0xce, 0x9e, 0xce, 0x9e, 0xce, 0x9e, 0x03, 0x11, 0x03, 0x11, 0x03, 0x11, 0x03, 0x11,
    0x03, 0x11, 0x03, 0x11, 0x03, 0x11, 0x03, 0x11, 0x03, 0x11, 0x03, 0x11, 0x4b, 0xee, 0x4b, 0xee, 0x4b, 0xee, 0x4b, 0xee, 0x03, 0x11, 0x03, 0x11,
    0x03, 0x11, 0x03, 0x11, 0x03, 0x11, 0x03, 0x11, 0x03, 0x11, 0x03, 0x11, 0x03, 0x11, 0x03, 0x11, 0x03, 0x11, 0x03, 0x11, 0xce, 0x9e, 0xce, 0x9e,
    0xce, 0x9e, 0xce, 0x9e, 0xce, 0x9e, 0xce, 0x9e, 0x03, 0x11, 0x03, 0x11, 0x03, 0x11, 0x03, 0x11, 0xce, 0x9e, 0xce, 0x9e, 0xce, 0x9e, 0xce, 0x9e,
    0xce, 0x9e, 0xce, 0x9e, 0xce, 0x9e, 0xce, 0x9e, 0xce, 0x9e, 0xce, 0x9e, 0x03, 0x11, 0x03, 0x11, 0x03, 0x11, 0x03, 0x11, 0x03, 0x11, 0x03, 0x11,
    0x03, 0x11, 0x03, 0x11, 0x03, 0x11, 0x03, 0x11, 0x03, 0x11, 0x03, 0x11, 0xee, 0xeb, 0xee, 0xeb, 0xee, 0xeb, 0xee, 0xeb, 0x03, 0x11, 0x03, 0x11,
    0x03, 0x11, 0x03, 0x11, 0x03, 0x11, 0x03, 0x11, 0x03, 0x11, 0x03, 0x11, 0x03, 0x11, 0x03, 0x11, 0x03, 0x11, 0x03, 0x11, 0xce, 0x9e, 0xce, 0x9e,
    0xce, 0x9e, 0xce, 0x9e, 0xce, 0x9e, 0xce, 0x9e, 0x03, 0x11, 0x03, 0x11, 0x03, 0x11, 0x03, 0x11, 0x03, 0x11, 0x03, 0x11, 0x03, 0x11, 0x03, 0x11,
    0x03, 0x11, 0x03, 0x11, 0x4b, 0xee, 0x4b, 0xee, 0x4b, 0xee, 0x4b, 0xee, 0x03, 0x11, 0x03, 0x11, 0x03, 0x11, 0x03, 0x11, 0x03, 0x11, 0x03, 0x11,
    0x03, 0x11, 0x03, 0x11, 0x03, 0x11, 0x03, 0x11, 0x03, 0x11, 0x03, 0x11, 0xce, 0x9e, 0xce, 0x9e, 0xce, 0x9e, 0xce, 0x9e, 0xce, 0x9e, 0xce, 0x9e,
    0x03, 0x11, 0x03, 0x11, 0x03, 0x11, 0x03, 0x11, 0xce, 0x9e, 0xce, 0x9e, 0xce, 0x9e, 0xce, 0x9e, 0xce, 0x9e, 0xce, 0x9e, 0xce, 0x9e, 0xce, 0x9e,
    0xce, 0x9e, 0xce, 0x9e, 0x03, 0x11, 0x03, 0x11, 0x03, 0x11, 0x03, 0x11, 0x03, 0x11, 0x03, 0x11, 0x03, 0x11, 0x03, 0x11, 0x03, 0x11, 0x03, 0x11,
    0x03, 0x11, 0x03, 0x11, 0xee, 0xeb, 0xee, 0xeb, 0xee, 0xeb, 0xee, 0xeb, 0xce, 0x9e, 0xce, 0x9e, 0xce, 0x9e, 0xce, 0x9e, 0xce, 0x9e, 0xce, 0x9e,
    0xce, 0x9e, 0xce, 0x9e, 0x03, 0x11, 0x03, 0x11, 0x03, 0x11, 0x03, 0x11, 0xce, 0x9e, 0xce, 0x9e, 0xce, 0x9e, 0xce, 0x9e, 0xce, 0x9e, 0xce, 0x9e,
    0xce, 0x9e, 0xce, 0x9e, 0x03, 0x11, 0x03, 0x11, 0x03, 0x11, 0x03, 0x11, 0x03, 0x11, 0x03, 0x11, 0x03, 0x11, 0x03, 0x11, 0x03, 0x11, 0x03, 0x11,
    0x03, 0x11, 0x03, 0x11, 0x03, 0x11, 0x03, 0x11, 0x03, 0x11, 0x03, 0x11, 0x03, 0x11, 0x03, 0x11, 0x03, 0x11, 0x03, 0x11, 0xce, 0x9e, 0xce, 0x9e,
    0xce, 0x9e, 0xce, 0x9e, 0xce, 0x9e, 0xce, 0x9e, 0xce, 0x9e, 0xce, 0x9e, 0xce, 0x9e, 0xce, 0x9e, 0x03, 0x11, 0x03, 0x11, 0x03, 0x11, 0x03, 0x11,
    0xce, 0x9e, 0xce, 0x9e, 0xce, 0x9e, 0xce, 0x9e, 0xce, 0x9e, 0xce, 0x9e, 0xce, 0x9e, 0xce, 0x9e, 0xce, 0x9e, 0xce, 0x9e, 0x03, 0x11, 0x03, 0x11,
    0x03, 0x11, 0x03, 0x11, 0x03, 0x11, 0x03, 0x11, 0x03, 0x11, 0x03, 0x11, 0x03, 0x11, 0x03, 0x11, 0x03, 0x11, 0x03, 0x11, 0xee, 0xeb, 0xee, 0xeb,
    0xee, 0xeb, 0xee, 0xeb, 0xce, 0x9e, 0xce, 0x9e, 0xce, 0x9e, 0xce, 0x9e, 0xce, 0x9e, 0xce, 0x9e, 0xce, 0x9e, 0xce, 0x9e, 0x03, 0x11, 0x03, 0x11,
    0x03, 0x11, 0x03, 0x11, 0xce, 0x9e, 0xce, 0x9e, 0xce, 0x9e, 0xce, 0x9e, 0xce, 0x9e, 0xce, 0x9e, 0xce, 0x9e, 0xce, 0x9e, 0x03, 0x11, 0x03, 0x11,
    0x03, 0x11, 0x03, 0x11, 0x03, 0x11, 0x03, 0x11, 0x03, 0x11, 0x03, 0x11, 0x03, 0x11, 0x03, 0x11, 0x03, 0x11, 0x03, 0x11, 0x03, 0x11, 0x03, 0x11,
    0x03, 0x11, 0x03, 0x11, 0x03, 0x11, 0x03, 0x11, 0x03, 0x11, 0x03, 0x11, 0xce, 0x9e, 0xce, 0x9e, 0xce, 0x9e, 0xce, 0x9e, 0xce, 0x9e, 0xce, 0x9e,
    0xce, 0x9e, 0xce, 0x9e, 0xce, 0x9e, 0xce, 0x9e, 0x03, 0x11, 0x03, 0x11, 0x03, 0x11, 0x03, 0x11, 0xce, 0x9e, 0xce, 0x9e, 0xce, 0x9e, 0xce, 0x9e,
    0xce, 0x9e, 0xce, 0x9e, 0xce, 0x9e, 0xce, 0x9e, 0xce, 0x9e, 0xce, 0x9e, 0x03, 0x11, 0x03, 0x11, 0x03, 0x11, 0x03, 0x11, 0x03, 0x11, 0x03, 0x11,
    0x03, 0x11, 0x03, 0x11, 0x03, 0x11, 0x03, 0x11, 0x03, 0x11, 0x03, 0x11, 0x03, 0x11, 0x03, 0x11, 0xce, 0x9e, 0xce, 0x9e, 0xce, 0x9e, 0xce, 0x9e,
    0xce, 0x9e, 0xce, 0x9e, 0xce, 0x9e, 0xce, 0x9e, 0xce, 0x9e, 0xce, 0x9e, 0x03, 0x11, 0x03, 0x11, 0x03, 0x11, 0x03, 0x11, 0x6b, 0x55, 0x6b, 0x55,
    0xce, 0x9e, 0xce, 0x9e, 0xce, 0x9e, 0xce, 0x9e, 0xce, 0x9e, 0xce, 0x9e, 0xce, 0x9e, 0xce, 0x9e, 0xce, 0x9e, 0xce, 0x9e, 0x6b, 0x55, 0x6b, 0x55,
    0x6b, 0x55, 0x6b, 0x55, 0x6b, 0x55, 0x6b, 0x55, 0x6b, 0x55, 0x6b, 0x55, 0x6b, 0x55, 0x6b, 0x55, 0x6b, 0x55, 0x6b, 0x55, 0x6b, 0x55, 0x6b, 0x55,
    0xce, 0x9e, 0xce, 0x9e, 0xce, 0x9e, 0xce, 0x9e, 0xce, 0x9e, 0xce, 0x9e, 0xce, 0x9e, 0xce, 0x9e, 0xce, 0x9e, 0xce, 0x9e, 0x03, 0x11, 0x03, 0x11,
    0x03, 0x11, 0x03, 0x11, 0x03, 0x11, 0x03, 0x11, 0xce, 0x9e, 0xce, 0x9e, 0xce, 0x9e, 0xce, 0x9e, 0xce, 0x9e, 0xce, 0x9e, 0xce, 0x9e, 0xce, 0x9e,
    0xce, 0x9e, 0xce, 0x9e, 0x03, 0x11, 0x03, 0x11, 0x03, 0x11, 0x03, 0x11, 0x03, 0x11, 0x03, 0x11, 0x03, 0x11, 0x03, 0x11, 0x03, 0x11, 0x03, 0x11,
    0x03, 0x11, 0x03, 0x11, 0x03, 0x11, 0x03, 0x11, 0xce, 0x9e, 0xce, 0x9e, 0xce, 0x9e, 0xce, 0x9e, 0xce, 0x9e, 0xce, 0x9e, 0xce, 0x9e, 0xce, 0x9e,
    0xce, 0x9e, 0xce, 0x9e, 0x03, 0x11, 0x03, 0x11, 0x03, 0x11, 0x03, 0x11, 0x6b, 0x55, 0x6b, 0x55, 0xce, 0x9e, 0xce, 0x9e, 0xce, 0x9e, 0xce, 0x9e,
    0xce, 0x9e, 0xce, 0x9e, 0xce, 0x9e, 0xce, 0x9e, 0xce, 0x9e, 0xce, 0x9e, 0x6b, 0x55, 0x6b, 0x55, 0x6b, 0x55, 0x6b, 0x55, 0x6b, 0x55, 0x6b, 0x55,
    0x6b, 0x55, 0x6b, 0x55, 0x6b, 0x55, 0x6b, 0x55, 0x6b, 0x55, 0x6b, 0x55, 0x6b, 0x55, 0x6b, 0x55, 0xce, 0x9e, 0xce, 0x9e, 0xce, 0x9e, 0xce, 0x9e,
    0xce, 0x9e, 0xce, 0x9e, 0xce, 0x9e, 0xce, 0x9e, 0xce, 0x9e, 0xce, 0x9e, 0x03, 0x11, 0x03, 0x11, 0x03, 0x11, 0x03, 0x11, 0x03, 0x11, 0x03, 0x11,
    0xce, 0x9e, 0xce, 0x9e, 0xce, 0x9e, 0xce, 0x9e, 0xce, 0x9e, 0xce, 0x9e, 0xce, 0x9e, 0xce, 0x9e, 0xce, 0x9e, 0xce, 0x9e, 0x03, 0x11, 0x03, 0x11,
    0x03, 0x11, 0x03, 0x11, 0x03, 0x11, 0x03, 0x11, 0x03, 0x11, 0x03, 0x11, 0x03, 0x11, 0x03, 0x11, 0x03, 0x11, 0x03, 0x11, 0x03, 0x11, 0x03, 0x11,
    0xce, 0x9e, 0xce, 0x9e, 0xce, 0x9e, 0xce, 0x9e, 0xce, 0x9e, 0xce, 0x9e, 0xce, 0x9e, 0xce, 0x9e, 0xce, 0x9e, 0xce, 0x9e, 0x27, 0x2b, 0x27, 0x2b,
    0x27, 0x2b, 0x27, 0x2b, 0x6b, 0x55, 0x6b, 0x55, 0xce, 0x9e, 0xce, 0x9e, 0x6b, 0x55, 0x6b, 0x55, 0x6b, 0x55, 0x6b, 0x55, 0x6b, 0x55, 0x6b, 0x55,
    0x6b, 0x55, 0x6b, 0x55, 0x6b, 0x55, 0x6b, 0x55, 0x6b, 0x55, 0x6b, 0x55, 0x6b, 0x55, 0x6b, 0x55, 0x6b, 0x55, 0x6b, 0x55, 0x6b, 0x55, 0x6b, 0x55,
    0x6b, 0x55, 0x6b, 0x55, 0x6b, 0x55, 0x6b, 0x55, 0x6b, 0x55, 0x6b, 0x55, 0xce, 0x9e, 0xce, 0x9e, 0xce, 0x9e, 0xce, 0x9e, 0xce, 0x9e, 0xce, 0x9e,
    0x6b, 0x55, 0x6b, 0x55, 0x6b, 0x55, 0x6b, 0x55, 0x6b, 0x55, 0x6b, 0x55, 0x6b, 0x55, 0x6b, 0x55, 0xce, 0x9e, 0xce, 0x9e, 0xce, 0x9e, 0xce, 0x9e,
    0xce, 0x9e, 0xce, 0x9e, 0xce, 0x9e, 0xce, 0x9e, 0xce, 0x9e, 0xce, 0x9e, 0x03, 0x11, 0x03, 0x11, 0x03, 0x11, 0x03, 0x11, 0x03, 0x11, 0x03, 0x11,
    0x03, 0x11, 0x03, 0x11, 0x03, 0x11, 0x03, 0x11, 0x03, 0x11, 0x03, 0x11, 0x03, 0x11, 0x03, 0x11, 0xce, 0x9e, 0xce, 0x9e, 0xce, 0x9e, 0xce, 0x9e,
    0xce, 0x9e, 0xce, 0x9e, 0xce, 0x9e, 0xce, 0x9e, 0xce, 0x9e, 0xce, 0x9e, 0x27, 0x2b, 0x27, 0x2b, 0x27, 0x2b, 0x27, 0x2b, 0x6b, 0x55, 0x6b, 0x55,
    0xce, 0x9e, 0xce, 0x9e, 0x6b, 0x55, 0x6b, 0x55, 0x6b, 0x55, 0x6b, 0x55, 0x6b, 0x55, 0x6b, 0x55, 0x6b, 0x55, 0x6b, 0x55, 0x6b, 0x55, 0x6b, 0x55,
    0x6b, 0x55, 0x6b, 0x55, 0x6b, 0x55, 0x6b, 0x55, 0x6b, 0x55, 0x6b, 0x55, 0x6b, 0x55, 0x6b, 0x55, 0x6b, 0x55, 0x6b, 0x55, 0x6b, 0x55, 0x6b, 0x55,
    0x6b, 0x55, 0x6b, 0x55, 0xce, 0x9e, 0xce, 0x9e, 0xce, 0x9e, 0xce, 0x9e, 0xce, 0x9e, 0xce, 0x9e, 0x6b, 0x55, 0x6b, 0x55, 0x6b, 0x55, 0x6b, 0x55,
    0x6b, 0x55, 0x6b, 0x55, 0x6b, 0x55, 0x6b, 0x55, 0xce, 0x9e, 0xce, 0x9e, 0xce, 0x9e, 0xce, 0x9e, 0xce, 0x9e, 0xce, 0x9e, 0xce, 0x9e, 0xce, 0x9e,
    0xce, 0x9e, 0xce, 0x9e, 0x03, 0x11, 0x03, 0x11, 0x03, 0x11, 0x03, 0x11, 0x03, 0x11, 0x03, 0x11, 0x03, 0x11, 0x03, 0x11, 0x03, 0x11, 0x03, 0x11,
    0x03, 0x11, 0x03, 0x11, 0x03, 0x11, 0x03, 0x11, 0xce, 0x9e, 0xce, 0x9e, 0xce, 0x9e, 0xce, 0x9e, 0xce, 0x9e, 0xce, 0x9e, 0xce, 0x9e, 0xce, 0x9e,
    0xce, 0x9e, 0xce, 0x9e, 0x6b, 0x55, 0x6b, 0x55, 0x6b, 0x55, 0x6b, 0x55, 0x6b, 0x55, 0x6b, 0x55, 0x6b, 0x55, 0x6b, 0x55, 0x6b, 0x55, 0x6b, 0x55,
    0x6b, 0x55, 0x6b, 0x55, 0x6b, 0x55, 0x6b, 0x55, 0x6b, 0x55, 0x6b, 0x55, 0x6b, 0x55, 0x6b, 0x55, 0x6b, 0x55, 0x6b, 0x55, 0x6b, 0x55, 0x6b, 0x55,
    0x6b, 0x55, 0x6b, 0x55, 0x6b, 0x55, 0x6b, 0x55, 0x6b, 0x55, 0x6b, 0x55, 0x6b, 0x55, 0x6b, 0x55, 0x6b, 0x55, 0x6b, 0x55, 0x6b, 0x55, 0x6b, 0x55,
    0x6b, 0x55, 0x6b, 0x55, 0xce, 0x9e, 0xce, 0x9e, 0x6b, 0x55, 0x6b, 0x55, 0x6b, 0x55, 0x6b, 0x55, 0x6b, 0x55, 0x6b, 0x55, 0x6b, 0x55, 0x6b, 0x55,
    0xce, 0x9e, 0xce, 0x9e, 0xce, 0x9e, 0xce, 0x9e, 0xce, 0x9e, 0xce, 0x9e, 0xce, 0x9e, 0xce, 0x9e, 0xce, 0x9e, 0xce, 0x9e, 0x03, 0x11, 0x03, 0x11,
    0x03, 0x11, 0x03, 0x11, 0x03, 0x11, 0x03, 0x11, 0x03, 0x11, 0x03, 0x11, 0x03, 0x11, 0x03, 0x11, 0x03, 0x11, 0x03, 0x11, 0x03, 0x11, 0x03, 0x11,
    0xce, 0x9e, 0xce, 0x9e, 0xce, 0x9e, 0xce, 0x9e, 0xce, 0x9e, 0xce, 0x9e, 0xce, 0x9e, 0xce, 0x9e, 0xce, 0x9e, 0xce, 0x9e, 0x6b, 0x55, 0x6b, 0x55,
    0x6b, 0x55, 0x6b, 0x55, 0x6b, 0x55, 0x6b, 0x55, 0x6b, 0x55, 0x6b, 0x55, 0x6b, 0x55, 0x6b, 0x55, 0x6b, 0x55, 0x6b, 0x55, 0x6b, 0x55, 0x6b, 0x55,
    0x6b, 0x55, 0x6b, 0x55, 0x6b, 0x55, 0x6b, 0x55, 0x6b, 0x55, 0x6b, 0x55, 0x6b, 0x55, 0x6b, 0x55, 0x6b, 0x55, 0x6b, 0x55, 0x6b, 0x55, 0x6b, 0x55,
    0x6b, 0x55, 0x6b, 0x55, 0x6b, 0x55, 0x6b, 0x55, 0x6b, 0x55, 0x6b, 0x55, 0x6b, 0x55, 0x6b, 0x55, 0x6b, 0x55, 0x6b, 0x55, 0xce, 0x9e, 0xce, 0x9e,
    0x6b, 0x55, 0x6b, 0x55, 0x6b, 0x55, 0x6b, 0x55, 0x6b, 0x55, 0x6b, 0x55, 0x6b, 0x55, 0x6b, 0x55, 0xce, 0x9e, 0xce, 0x9e, 0xce, 0x9e, 0xce, 0x9e,
    0xce, 0x9e, 0xce, 0x9e, 0xce, 0x9e, 0xce, 0x9e, 0xce, 0x9e, 0xce, 0x9e, 0x03, 0x11, 0x03, 0x11, 0x03, 0x11, 0x03, 0x11, 0x03, 0x11, 0x03, 0x11,
    0x03, 0x11, 0x03, 0x11, 0x03, 0x11, 0x03, 0x11, 0x03, 0x11, 0x03, 0x11, 0x03, 0x11, 0x03, 0x11, 0xce, 0x9e, 0xce, 0x9e, 0xce, 0x9e, 0xce, 0x9e,
    0xce, 0x9e, 0xce, 0x9e, 0xce, 0x9e, 0xce, 0x9e, 0xce, 0x9e, 0xce, 0x9e, 0x6b, 0x55, 0x6b, 0x55, 0x6b, 0x55, 0x6b, 0x55, 0x6b, 0x55, 0x6b, 0x55,
    0x6b, 0x55, 0x6b, 0x55, 0x6b, 0x55, 0x6b, 0x55, 0x6b, 0x55, 0x6b, 0x55, 0x6b, 0x55, 0x6b, 0x55, 0x6b, 0x55, 0x6b, 0x55, 0x6b, 0x55, 0x6b, 0x55,
    0x6b, 0x55, 0x6b, 0x55, 0x6b, 0x55, 0x6b, 0x55, 0x6b, 0x55, 0x6b, 0x55, 0x6b, 0x55, 0x6b, 0x55, 0x6b, 0x55, 0x6b, 0x55, 0x6b, 0x55, 0x6b, 0x55,
    0x6b, 0x55, 0x6b, 0x55, 0x6b, 0x55, 0x6b, 0x55, 0x6b, 0x55, 0x6b, 0x55, 0x6b, 0x55, 0x6b, 0x55, 0x6b, 0x55, 0x6b, 0x55, 0x6b, 0x55, 0x6b, 0x55,
    0x6b, 0x55, 0x6b, 0x55, 0x6b, 0x55, 0x6b, 0x55, 0xce, 0x9e, 0xce, 0x9e, 0xce, 0x9e, 0xce, 0x9e, 0xce, 0x9e, 0xce, 0x9e, 0xce, 0x9e, 0xce, 0x9e,
    0xce, 0x9e, 0xce, 0x9e, 0x03, 0x11, 0x03, 0x11, 0x03, 0x11, 0x03, 0x11, 0x03, 0x11, 0x03, 0x11, 0x03, 0x11, 0x03, 0x11, 0x03, 0x11, 0x03, 0x11,
    0x03, 0x11, 0x03, 0x11, 0x03, 0x11, 0x03, 0x11, 0xce, 0x9e, 0xce, 0x9e, 0xce, 0x9e, 0xce, 0x9e, 0xce, 0x9e, 0xce, 0x9e, 0xce, 0x9e, 0xce, 0x9e,
    0xce, 0x9e, 0xce, 0x9e, 0x6b, 0x55, 0x6b, 0x55, 0x6b, 0x55, 0x6b, 0x55, 0x6b, 0x55, 0x6b, 0x55, 0x6b, 0x55, 0x6b, 0x55, 0x6b, 0x55, 0x6b, 0x55,
    0x6b, 0x55, 0x6b, 0x55, 0x6b, 0x55, 0x6b, 0x55, 0x6b, 0x55, 0x6b, 0x55, 0x6b, 0x55, 0x6b, 0x55, 0x6b, 0x55, 0x6b, 0x55, 0x6b, 0x55, 0x6b, 0x55,
    0x6b, 0x55, 0x6b, 0x55, 0x6b, 0x55, 0x6b, 0x55, 0x6b, 0x55, 0x6b, 0x55, 0x6b, 0x55, 0x6b, 0x55, 0x6b, 0x55, 0x6b, 0x55, 0x6b, 0x55, 0x6b, 0x55,
    0x6b, 0x55, 0x6b, 0x55, 0x6b, 0x55, 0x6b, 0x55, 0x6b, 0x55, 0x6b, 0x55, 0x6b, 0x55, 0x6b, 0x55, 0x6b, 0x55, 0x6b, 0x55, 0x6b, 0x55, 0x6b, 0x55,
    0xce, 0x9e, 0xce, 0x9e, 0xce, 0x9e, 0xce, 0x9e, 0xce, 0x9e, 0xce, 0x9e, 0xce, 0x9e, 0xce, 0x9e, 0xce, 0x9e, 0xce, 0x9e, 0x03, 0x11, 0x03, 0x11,
    0x03, 0x11, 0x03, 0x11, 0x03, 0x11, 0x03, 0x11, 0x03, 0x11, 0x03, 0x11, 0x03, 0x11, 0x03, 0x11, 0x03, 0x11, 0x03, 0x11, 0x03, 0x11, 0x03, 0x11,
    0xce, 0x9e, 0xce, 0x9e, 0xce, 0x9e, 0xce, 0x9e, 0xce, 0x9e, 0xce, 0x9e, 0xce, 0x9e, 0xce, 0x9e, 0xce, 0x9e, 0xce, 0x9e, 0x6b, 0x55, 0x6b, 0x55,
    0x6b, 0x55, 0x6b, 0x55, 0x6b, 0x55, 0x6b, 0x55, 0x6b, 0x55, 0x6b, 0x55, 0x6b, 0x55, 0x6b, 0x55, 0x6b, 0x55, 0x6b, 0x55, 0x6b, 0x55, 0x6b, 0x55,
    0x6b, 0x55, 0x6b, 0x55, 0x6b, 0x55, 0x6b, 0x55, 0x6b, 0x55, 0x6b, 0x55, 0x6b, 0x55, 0x6b, 0x55, 0x6b, 0x55, 0x6b, 0x55, 0x6b, 0x55, 0x6b, 0x55,
    0x6b, 0x55, 0x6b, 0x55, 0x6b, 0x55, 0x6b, 0x55, 0x6b, 0x55, 0x6b, 0x55, 0x6b, 0x55, 0x6b, 0x55, 0x6b, 0x55, 0x6b, 0x55, 0x6b, 0x55, 0x6b, 0x55,
    0x6b, 0x55, 0x6b, 0x55, 0x6b, 0x55, 0x6b, 0x55, 0x6b, 0x55, 0x6b, 0x55, 0x6b, 0x55, 0x6b, 0x55, 0x6b, 0x55, 0x6b, 0x55, 0x6b, 0x55, 0x6b, 0x55,
    0x03, 0x11, 0x03, 0x11, 0x03, 0x11, 0x03, 0x11, 0x03, 0x11, 0x03, 0x11, 0x03, 0x11, 0x03, 0x11, 0x03, 0x11, 0x03, 0x11, 0x03, 0x11, 0x03, 0x11,
    0x03, 0x11, 0x03, 0x11, 0x03, 0x11, 0x03, 0x11, 0x03, 0x11, 0x03, 0x11, 0x03, 0x11, 0x03, 0x11, 0xce, 0x9e, 0xce, 0x9e, 0xce, 0x9e, 0xce, 0x9e,
    0xce, 0x9e, 0xce, 0x9e, 0xce, 0x9e, 0xce, 0x9e, 0xce, 0x9e, 0xce, 0x9e, 0x6b, 0x55, 0x6b, 0x55, 0x6b, 0x55, 0x6b, 0x55, 0x6b, 0x55, 0x6b, 0x55,
    0x6b, 0x55, 0x6b, 0x55, 0x6b, 0x55, 0x6b, 0x55, 0x6b, 0x55, 0x6b, 0x55, 0x6b, 0x55, 0x6b, 0x55, 0x6b, 0x55, 0x6b, 0x55, 0x6b, 0x55, 0x6b, 0x55,
    0x6b, 0x55, 0x6b, 0x55, 0x6b, 0x55, 0x6b, 0x55, 0x6b, 0x55, 0x6b, 0x55, 0x6b, 0x55, 0x6b, 0x55, 0x6b, 0x55, 0x6b, 0x55, 0x6b, 0x55, 0x6b, 0x55,
    0x6b, 0x55, 0x6b, 0x55, 0x6b, 0x55, 0x6b, 0x55, 0x6b, 0x55, 0x6b, 0x55, 0x6b, 0x55, 0x6b, 0x55, 0x6b, 0x55, 0x6b, 0x55, 0x6b, 0x55, 0x6b, 0x55,
    0x6b, 0x55, 0x6b, 0x55, 0x6b, 0x55, 0x6b, 0x55, 0x6b, 0x55, 0x6b, 0x55, 0x6b, 0x55, 0x6b, 0x55, 0x03, 0x11, 0x03, 0x11, 0x03, 0x11, 0x03, 0x11,
    0x03, 0x11, 0x03, 0x11, 0x03, 0x11, 0x03, 0x11, 0x03, 0x11, 0x03, 0x11, 0x03, 0x11, 0x03, 0x11, 0x03, 0x11, 0x03, 0x11, 0x03, 0x11, 0x03, 0x11,
    0x03, 0x11, 0x03, 0x11, 0x03, 0x11, 0x03, 0x11, 0x03, 0x11, 0x03, 0x11, 0x03, 0x11, 0x03, 0x11, 0x6b, 0x55, 0x6b, 0x55, 0x6b, 0x55, 0x6b, 0x55,
    0x6b, 0x55, 0x6b, 0x55, 0x6b, 0x55, 0x6b, 0x55, 0x6b, 0x55, 0x6b, 0x55, 0x6b, 0x55, 0x6b, 0x55, 0x6b, 0x55, 0x6b, 0x55, 0x6b, 0x55, 0x6b, 0x55,
    0x6b, 0x55, 0x6b, 0x55, 0xc2, 0x10, 0xc2, 0x10, 0xc2, 0x10, 0xc2, 0x10, 0xc2, 0x10, 0xc2, 0x10, 0x6b, 0x55, 0x6b, 0x55, 0x6b, 0x55, 0x6b, 0x55,
    0x6b, 0x55, 0x6b, 0x55, 0x6b, 0x55, 0x6b, 0x55, 0x6b, 0x55, 0x6b, 0x55, 0x6b, 0x55, 0x6b, 0x55, 0xc2, 0x10, 0xc2, 0x10, 0xc2, 0x10, 0xc2, 0x10,
    0xc2, 0x10, 0xc2, 0x10, 0x6b, 0x55, 0x6b, 0x55, 0x6b, 0x55, 0x6b, 0x55, 0x6b, 0x55, 0x6b, 0x55, 0x6b, 0x55, 0x6b, 0x55, 0x6b, 0x55, 0x6b, 0x55,
    0x6b, 0x55, 0x6b, 0x55, 0x6b, 0x55, 0x6b, 0x55, 0x03, 0x11, 0x03, 0x11, 0x03, 0x11, 0x03, 0x11, 0x03, 0x11, 0x03, 0x11, 0x03, 0x11, 0x03, 0x11,
    0x03, 0x11, 0x03, 0x11, 0x03, 0x11, 0x03, 0x11, 0x03, 0x11, 0x03, 0x11, 0x03, 0x11, 0x03, 0x11, 0x03, 0x11, 0x03, 0x11, 0x03, 0x11, 0x03, 0x11,
    0x03, 0x11, 0x03, 0x11, 0x03, 0x11, 0x03, 0x11, 0x6b, 0x55, 0x6b, 0x55, 0x6b, 0x55, 0x6b, 0x55, 0x6b, 0x55, 0x6b, 0x55, 0x6b, 0x55, 0x6b, 0x55,
    0x6b, 0x55, 0x6b, 0x55, 0x6b, 0x55, 0x6b, 0x55, 0x6b, 0x55, 0x6b, 0x55, 0x6b, 0x55, 0x6b, 0x55, 0x6b, 0x55, 0x6b, 0x55, 0xc2, 0x10, 0xc2, 0x10,
    0xc2, 0x10, 0xc2, 0x10, 0xc2, 0x10, 0xc2, 0x10, 0x6b, 0x55, 0x6b, 0x55, 0x6b, 0x55, 0x6b, 0x55, 0x6b, 0x55, 0x6b, 0x55, 0x6b, 0x55, 0x6b, 0x55,
    0x6b, 0x55, 0x6b, 0x55, 0x6b, 0x55, 0x6b, 0x55, 0xc2, 0x10, 0xc2, 0x10, 0xc2, 0x10, 0xc2, 0x10, 0xc2, 0x10, 0xc2, 0x10, 0x6b, 0x55, 0x6b, 0x55,
    0x6b, 0x55, 0x6b, 0x55, 0x6b, 0x55, 0x6b, 0x55, 0x6b, 0x55, 0x6b, 0x55, 0x6b, 0x55, 0x6b, 0x55, 0x6b, 0x55, 0x6b, 0x55, 0x6b, 0x55, 0x6b, 0x55,
    0x03, 0x11, 0x03, 0x11, 0x03, 0x11, 0x03, 0x11, 0x03, 0x11, 0x03, 0x11, 0x03, 0x11, 0x03, 0x11, 0x03, 0x11, 0x03, 0x11, 0x03, 0x11, 0x03, 0x11,
    0x03, 0x11, 0x03, 0x11, 0x03, 0x11, 0x03, 0x11, 0x03, 0x11, 0x03, 0x11, 0x03, 0x11, 0x03, 0x11, 0x03, 0x11, 0x03, 0x11, 0x03, 0x11, 0x03, 0x11,
    0x6b, 0x55, 0x6b, 0x55, 0x6b, 0x55, 0x6b, 0x55, 0x6b, 0x55, 0x6b, 0x55, 0x6b, 0x55, 0x6b, 0x55, 0x6b, 0x55, 0x6b, 0x55, 0x6b, 0x55, 0x6b, 0x55,
    0x6b, 0x55, 0x6b, 0x55, 0x6b, 0x55, 0x6b, 0x55, 0x6b, 0x55, 0x6b, 0x55, 0xc2, 0x10, 0xc2, 0x10, 0xc2, 0x10, 0xc2, 0x10, 0xc2, 0x10, 0xc2, 0x10,
    0x6b, 0x55, 0x6b, 0x55, 0x6b, 0x55, 0x6b, 0x55, 0x6b, 0x55, 0x6b, 0x55, 0x6b, 0x55, 0x6b, 0x55, 0x6b, 0x55, 0x6b, 0x55, 0x6b, 0x55, 0x6b, 0x55,
    0xc2, 0x10, 0xc2, 0x10, 0xc2, 0x10, 0xc2, 0x10, 0xc2, 0x10, 0xc2, 0x10, 0x6b, 0x55, 0x6b, 0x55, 0x6b, 0x55, 0x6b, 0x55, 0x6b, 0x55, 0x6b, 0x55,
    0x6b, 0x55, 0x6b, 0x55, 0x6b, 0x55, 0x6b, 0x55, 0x6b, 0x55, 0x6b, 0x55, 0x6b, 0x55, 0x6b, 0x55, 0x03, 0x11, 0x03, 0x11, 0x03, 0x11, 0x03, 0x11,
    0x03, 0x11, 0x03, 0x11, 0x03, 0x11, 0x03, 0x11, 0x03, 0x11, 0x03, 0x11, 0x03, 0x11, 0x03, 0x11, 0x03, 0x11, 0x03, 0x11, 0x03, 0x11, 0x03, 0x11,
    0x03, 0x11, 0x03, 0x11, 0x03, 0x11, 0x03, 0x11, 0x03, 0x11, 0x03, 0x11, 0x03, 0x11, 0x03, 0x11, 0x6b, 0x55, 0x6b, 0x55, 0x6b, 0x55, 0x6b, 0x55,
    0x6b, 0x55, 0x6b, 0x55, 0x6b, 0x55, 0x6b, 0x55, 0x6b, 0x55, 0x6b, 0x55, 0x6b, 0x55, 0x6b, 0x55, 0x6b, 0x55, 0x6b, 0x55, 0x6b, 0x55, 0x6b, 0x55,
    0x6b, 0x55, 0x6b, 0x55, 0xc2, 0x10, 0xc2, 0x10, 0xc2, 0x10, 0xc2, 0x10, 0xc2, 0x10, 0xc2, 0x10, 0x6b, 0x55, 0x6b, 0x55, 0x6b, 0x55, 0x6b, 0x55,
    0x6b, 0x55, 0x6b, 0x55, 0x6b, 0x55, 0x6b, 0x55, 0x6b, 0x55, 0x6b, 0x55, 0x6b, 0x55, 0x6b, 0x55, 0xc2, 0x10, 0xc2, 0x10, 0xc2, 0x10, 0xc2, 0x10,
    0xc2, 0x10, 0xc2, 0x10, 0x6b, 0x55, 0x6b, 0x55, 0x6b, 0x55, 0x6b, 0x55, 0x6b, 0x55, 0x6b, 0x55, 0x6b, 0x55, 0x6b, 0x55, 0x6b, 0x55, 0x6b, 0x55,
    0x6b, 0x55, 0x6b, 0x55, 0x6b, 0x55, 0x6b, 0x55, 0x03, 0x11, 0x03, 0x11, 0x03, 0x11, 0x03, 0x11, 0x03, 0x11, 0x03, 0x11, 0x03, 0x11, 0x03, 0x11,
    0x03, 0x11, 0x03, 0x11, 0x03, 0x11, 0x03, 0x11, 0x03, 0x11, 0x03, 0x11, 0x03, 0x11, 0x03, 0x11, 0x03, 0x11, 0x03, 0x11, 0x03, 0x11, 0x03, 0x11,
    0x03, 0x11, 0x03, 0x11, 0x03, 0x11, 0x03, 0x11, 0x6b, 0x55, 0x6b, 0x55, 0x6b, 0x55, 0x6b, 0x55, 0x6b, 0x55, 0x6b, 0x55, 0x6b, 0x55, 0x6b, 0x55,
    0x6b, 0x55, 0x6b, 0x55, 0x6b, 0x55, 0x6b, 0x55, 0x6b, 0x55, 0x6b, 0x55, 0x6b, 0x55, 0x6b, 0x55, 0x6b, 0x55, 0x6b, 0x55, 0xc2, 0x10, 0xc2, 0x10,
    0xc2, 0x10, 0xc2, 0x10, 0xc2, 0x10, 0xc2, 0x10, 0x6b, 0x55, 0x6b, 0x55, 0x6b, 0x55, 0x6b, 0x55, 0x6b, 0x55, 0x6b, 0x55, 0x6b, 0x55, 0x6b, 0x55,
    0x6b, 0x55, 0x6b, 0x55, 0x6b, 0x55, 0x6b, 0x55, 0xc2, 0x10, 0xc2, 0x10, 0xc2, 0x10, 0xc2, 0x10, 0xc2, 0x10, 0xc2, 0x10, 0x6b, 0x55, 0x6b, 0x55,
    0x6b, 0x55, 0x6b, 0x55, 0x6b, 0x55, 0x6b, 0x55, 0x6b, 0x55, 0x6b, 0x55, 0x6b, 0x55, 0x6b, 0x55, 0x6b, 0x55, 0x6b, 0x55, 0x6b, 0x55, 0x6b, 0x55,
    0x03, 0x11, 0x03, 0x11, 0x03, 0x11, 0x03, 0x11, 0x03, 0x11, 0x03, 0x11, 0x03, 0x11, 0x03, 0x11, 0x03, 0x11, 0x03, 0x11, 0x03, 0x11, 0x03, 0x11,
    0x03, 0x11, 0x03, 0x11, 0x03, 0x11, 0x03, 0x11, 0x03, 0x11, 0x03, 0x11, 0x03, 0x11, 0x03, 0x11, 0x03, 0x11, 0x03, 0x11, 0x03, 0x11, 0x03, 0x11,
    0x6b, 0x55, 0x6b, 0x55, 0x6b, 0x55, 0x6b, 0x55, 0x6b, 0x55, 0x6b, 0x55, 0x6b, 0x55, 0x6b, 0x55, 0x6b, 0x55, 0x6b, 0x55, 0x6b, 0x55, 0x6b, 0x55,
    0x6b, 0x55, 0x6b, 0x55, 0x6b, 0x55, 0x6b, 0x55, 0x6b, 0x55, 0x6b, 0x55, 0xc2, 0x10, 0xc2, 0x10, 0xc2, 0x10, 0xc2, 0x10, 0xc2, 0x10, 0xc2, 0x10,
    0x6b, 0x55, 0x6b, 0x55, 0x6b, 0x55, 0x6b, 0x55, 0x6b, 0x55, 0x6b, 0x55, 0x6b, 0x55, 0x6b, 0x55, 0x6b, 0x55, 0x6b, 0x55, 0x6b, 0x55, 0x6b, 0x55,
    0xc2, 0x10, 0xc2, 0x10, 0xc2, 0x10, 0xc2, 0x10, 0xc2, 0x10, 0xc2, 0x10, 0x6b, 0x55, 0x6b, 0x55, 0x6b, 0x55, 0x6b, 0x55, 0x6b, 0x55, 0x6b, 0x55,
    0x6b, 0x55, 0x6b, 0x55, 0x6b, 0x55, 0x6b, 0x55, 0x6b, 0x55, 0x6b, 0x55, 0x6b, 0x55, 0x6b, 0x55, 0x03, 0x11, 0x03, 0x11, 0x03, 0x11, 0x03, 0x11,
    0x03, 0x11, 0x03, 0x11, 0x03, 0x11, 0x03, 0x11, 0x03, 0x11, 0x03, 0x11, 0x03, 0x11, 0x03, 0x11, 0x03, 0x11, 0x03, 0x11, 0x03, 0x11, 0x03, 0x11,
    0x03, 0x11, 0x03, 0x11, 0x03, 0x11, 0x03, 0x11, 0x03, 0x11, 0x03, 0x11, 0x03, 0x11, 0x03, 0x11, 0x6b, 0x55, 0x6b, 0x55, 0x6b, 0x55, 0x6b, 0x55,
    0x6b, 0x55, 0x6b, 0x55, 0x6b, 0x55, 0x6b, 0x55, 0x6b, 0x55, 0x6b, 0x55, 0x6b, 0x55, 0x6b, 0x55, 0x6b, 0x55, 0x6b, 0x55, 0x6b, 0x55, 0x6b, 0x55,
    0x6b, 0x55, 0x6b, 0x55, 0x6b, 0x55, 0x6b, 0x55, 0x6b, 0x55, 0x6b, 0x55, 0x6b, 0x55, 0x6b, 0x55, 0x6b, 0x55, 0x6b, 0x55, 0x6b, 0x55, 0x6b, 0x55,
    0x6b, 0x55, 0x6b, 0x55, 0x6b, 0x55, 0x6b, 0x55, 0x6b, 0x55, 0x6b, 0x55, 0x6b, 0x55, 0x6b, 0x55, 0x6b, 0x55, 0x6b, 0x55, 0x6b, 0x55, 0x6b, 0x55,
    0x6b, 0x55, 0x6b, 0x55, 0x6b, 0x55, 0x6b, 0x55, 0x6b, 0x55, 0x6b, 0x55, 0x6b, 0x55, 0x6b, 0x55, 0x6b, 0x55, 0x6b, 0x55, 0x6b, 0x55, 0x6b, 0x55,
    0x6b, 0x55, 0x6b, 0x55, 0x6b, 0x55, 0x6b, 0x55, 0x03, 0x11, 0x03, 0x11, 0x03, 0x11, 0x03, 0x11, 0x03, 0x11, 0x03, 0x11, 0x03, 0x11, 0x03, 0x11,
    0x03, 0x11, 0x03, 0x11, 0x03, 0x11, 0x03, 0x11, 0x03, 0x11, 0x03, 0x11, 0x03, 0x11, 0x03, 0x11, 0x03, 0x11, 0x03, 0x11, 0x03, 0x11, 0x03, 0x11,
    0x03, 0x11, 0x03, 0x11, 0x03, 0x11, 0x03, 0x11, 0x6b, 0x55, 0x6b, 0x55, 0x6b, 0x55, 0x6b, 0x55, 0x6b, 0x55, 0x6b, 0x55, 0x6b, 0x55, 0x6b, 0x55,
    0x6b, 0x55, 0x6b, 0x55, 0x6b, 0x55, 0x6b, 0x55, 0x6b, 0x55, 0x6b, 0x55, 0x6b, 0x55, 0x6b, 0x55, 0x6b, 0x55, 0x6b, 0x55, 0x6b, 0x55, 0x6b, 0x55,
    0x6b, 0x55, 0x6b, 0x55, 0x6b, 0x55, 0x6b, 0x55, 0x6b, 0x55, 0x6b, 0x55, 0x6b, 0x55, 0x6b, 0x55, 0x6b, 0x55, 0x6b, 0x55, 0x6b, 0x55, 0x6b, 0x55,
    0x6b, 0x55, 0x6b, 0x55, 0x6b, 0x55, 0x6b, 0x55, 0x6b, 0x55, 0x6b, 0x55, 0x6b, 0x55, 0x6b, 0x55, 0x6b, 0x55, 0x6b, 0x55, 0x6b, 0x55, 0x6b, 0x55,
    0x6b, 0x55, 0x6b, 0x55, 0x6b, 0x55, 0x6b, 0x55, 0x6b, 0x55, 0x6b, 0x55, 0x6b, 0x55, 0x6b, 0x55, 0x6b, 0x55, 0x6b, 0x55, 0x6b, 0x55, 0x6b, 0x55,
    0x03, 0x11, 0x03, 0x11, 0x03, 0x11, 0x03, 0x11, 0x03, 0x11, 0x03, 0x11, 0x03, 0x11, 0x03, 0x11, 0x03, 0x11, 0x03, 0x11, 0x03, 0x11, 0x03, 0x11,
    0x03, 0x11, 0x03, 0x11, 0x03, 0x11, 0x03, 0x11, 0x03, 0x11, 0x03, 0x11, 0x03, 0x11, 0x03, 0x11, 0x03, 0x11, 0x03, 0x11, 0x03, 0x11, 0x03, 0x11,
    0x6b, 0x55, 0x6b, 0x55, 0x6b, 0x55, 0x6b, 0x55, 0x6b, 0x55, 0x6b, 0x55, 0x6b, 0x55, 0x6b, 0x55, 0x6b, 0x55, 0x6b, 0x55, 0x6b, 0x55, 0x6b, 0x55,
    0x6b, 0x55, 0x6b, 0x55, 0x6b, 0x55, 0x6b, 0x55, 0x6b, 0x55, 0x6b, 0x55, 0x6b, 0x55, 0x6b, 0x55, 0x6b, 0x55, 0x6b, 0x55, 0xce, 0x9e, 0xce, 0x9e,
    0xce, 0x9e, 0xce, 0x9e, 0xce, 0x9e, 0xce, 0x9e, 0xce, 0x9e, 0xce, 0x9e, 0xce, 0x9e, 0xce, 0x9e, 0xce, 0x9e, 0xce, 0x9e, 0xce, 0x9e, 0xce, 0x9e,
    0xce, 0x9e, 0xce, 0x9e, 0xce, 0x9e, 0xce, 0x9e, 0xce, 0x9e, 0xce, 0x9e, 0xce, 0x9e, 0xce, 0x9e, 0x6b, 0x55, 0x6b, 0x55, 0x6b, 0x55, 0x6b, 0x55,
    0x6b, 0x55, 0x6b, 0x55, 0x6b, 0x55, 0x6b, 0x55, 0x6b, 0x55, 0x6b, 0x55, 0x6b, 0x55, 0x6b, 0x55, 0x03, 0x11, 0x03, 0x11, 0x03, 0x11, 0x03, 0x11,
    0x03, 0x11, 0x03, 0x11, 0x03, 0x11, 0x03, 0x11, 0x03, 0x11, 0x03, 0x11, 0x03, 0x11, 0x03, 0x11, 0x03, 0x11, 0x03, 0x11, 0x03, 0x11, 0x03, 0x11,
    0x03, 0x11, 0x03, 0x11, 0x03, 0x11, 0x03, 0x11, 0x03, 0x11, 0x03, 0x11, 0x03, 0x11, 0x03, 0x11, 0x6b, 0x55, 0x6b, 0x55, 0x6b, 0x55, 0x6b, 0x55,
    0x6b, 0x55, 0x6b, 0x55, 0x6b, 0x55, 0x6b, 0x55, 0x6b, 0x55, 0x6b, 0x55, 0x6b, 0x55, 0x6b, 0x55, 0x6b, 0x55, 0x6b, 0x55, 0x6b, 0x55, 0x6b, 0x55,
    0x6b, 0x55, 0x6b, 0x55, 0x6b, 0x55, 0x6b, 0x55, 0x6b, 0x55, 0x6b, 0x55, 0xce, 0x9e, 0xce, 0x9e, 0xce, 0x9e, 0xce, 0x9e, 0xce, 0x9e, 0xce, 0x9e,
    0xce, 0x9e, 0xce, 0x9e, 0xce, 0x9e, 0xce, 0x9e, 0xce, 0x9e, 0xce, 0x9e, 0xce, 0x9e, 0xce, 0x9e, 0xce, 0x9e, 0xce, 0x9e, 0xce, 0x9e, 0xce, 0x9e,
    0xce, 0x9e, 0xce, 0x9e, 0xce, 0x9e, 0xce, 0x9e, 0x6b, 0x55, 0x6b, 0x55, 0x6b, 0x55, 0x6b, 0x55, 0x6b, 0x55, 0x6b, 0x55, 0x6b, 0x55, 0x6b, 0x55,
    0x6b, 0x55, 0x6b, 0x55, 0x6b, 0x55, 0x6b, 0x55, 0x03, 0x11, 0x03, 0x11, 0x03, 0x11, 0x03, 0x11, 0x03, 0x11, 0x03, 0x11, 0x03, 0x11, 0x03, 0x11,
    0x03, 0x11, 0x03, 0x11, 0x03, 0x11, 0x03, 0x11, 0x03, 0x11, 0x03, 0x11, 0x03, 0x11, 0x03, 0x11, 0x03, 0x11, 0x03, 0x11, 0x03, 0x11, 0x03, 0x11,
    0x03, 0x11, 0x03, 0x11, 0x03, 0x11, 0x03, 0x11, 0x6b, 0x55, 0x6b, 0x55, 0x6b, 0x55, 0x6b, 0x55, 0x6b, 0x55, 0x6b, 0x55, 0x6b, 0x55, 0x6b, 0x55,
    0x6b, 0x55, 0x6b, 0x55, 0x6b, 0x55, 0x6b, 0x55, 0x6b, 0x55, 0x6b, 0x55, 0x6b, 0x55, 0x6b, 0x55, 0x6b, 0x55, 0x6b, 0x55, 0x6b, 0x55, 0x6b, 0x55,
    0x6b, 0x55, 0x6b, 0x55, 0xce, 0x9e, 0xce, 0x9e, 0xce, 0x9e, 0xce, 0x9e, 0xce, 0x9e, 0xce, 0x9e, 0xce, 0x9e, 0xce, 0x9e, 0xce, 0x9e, 0xce, 0x9e,
    0xce, 0x9e, 0xce, 0x9e, 0xce, 0x9e, 0xce, 0x9e, 0xce, 0x9e, 0xce, 0x9e, 0xce, 0x9e, 0xce, 0x9e, 0xce, 0x9e, 0xce, 0x9e, 0xce, 0x9e, 0xce, 0x9e,
    0x6b, 0x55, 0x6b, 0x55, 0x6b, 0x55, 0x6b, 0x55, 0x6b, 0x55, 0x6b, 0x55, 0x6b, 0x55, 0x6b, 0x55, 0x6b, 0x55, 0x6b, 0x55, 0x6b, 0x55, 0x6b, 0x55,
    0x03, 0x11, 0x03, 0x11, 0x03, 0x11, 0x03, 0x11, 0x03, 0x11, 0x03, 0x11, 0x03, 0x11, 0x03, 0x11, 0x03, 0x11, 0x03, 0x11, 0x03, 0x11, 0x03, 0x11,
    0x03, 0x11, 0x03, 0x11, 0x03, 0x11, 0x03, 0x11, 0x03, 0x11, 0x03, 0x11, 0x03, 0x11, 0x03, 0x11, 0x03, 0x11, 0x03, 0x11, 0x03, 0x11, 0x03, 0x11,
    0x6b, 0x55, 0x6b, 0x55, 0x6b, 0x55, 0x6b, 0x55, 0x6b, 0x55, 0x6b, 0x55, 0x6b, 0x55, 0x6b, 0x55, 0x6b, 0x55, 0x6b, 0x55, 0x6b, 0x55, 0x6b, 0x55,
    0x6b, 0x55, 0x6b, 0x55, 0x6b, 0x55, 0x6b, 0x55, 0x6b, 0x55, 0x6b, 0x55, 0x6b, 0x55, 0x6b, 0x55, 0x6b, 0x55, 0x6b, 0x55, 0xce, 0x9e, 0xce, 0x9e,
    0xce, 0x9e, 0xce, 0x9e, 0xce, 0x9e, 0xce, 0x9e, 0xce, 0x9e, 0xce, 0x9e, 0xce, 0x9e, 0xce, 0x9e, 0xce, 0x9e, 0xce, 0x9e, 0xce, 0x9e, 0xce, 0x9e,
    0xce, 0x9e, 0xce, 0x9e, 0xce, 0x9e, 0xce, 0x9e, 0xce, 0x9e, 0xce, 0x9e, 0xce, 0x9e, 0xce, 0x9e, 0x6b, 0x55, 0x6b, 0x55, 0x6b, 0x55, 0x6b, 0x55,
    0x6b, 0x55, 0x6b, 0x55, 0x6b, 0x55, 0x6b, 0x55, 0x6b, 0x55, 0x6b, 0x55, 0x6b, 0x55, 0x6b, 0x55, 0x03, 0x11, 0x03, 0x11, 0x03, 0x11, 0x03, 0x11,
    0x03, 0x11, 0x03, 0x11, 0x03, 0x11, 0x03, 0x11, 0x03, 0x11, 0x03, 0x11, 0x03, 0x11, 0x03, 0x11, 0x03, 0x11, 0x03, 0x11, 0x03, 0x11, 0x03, 0x11,
    0x03, 0x11, 0x03, 0x11, 0x03, 0x11, 0x03, 0x11, 0x03, 0x11, 0x03, 0x11, 0x03, 0x11, 0x03, 0x11, 0x6b, 0x55, 0x6b, 0x55, 0x6b, 0x55, 0x6b, 0x55,
    0x6b, 0x55, 0x6b, 0x55, 0x6b, 0x55, 0x6b, 0x55, 0x6b, 0x55, 0x6b, 0x55, 0x6b, 0x55, 0x6b, 0x55, 0x6b, 0x55, 0x6b, 0x55, 0x6b, 0x55, 0x6b, 0x55,
    0x6b, 0x55, 0x6b, 0x55, 0x6b, 0x55, 0x6b, 0x55, 0x6b, 0x55, 0x6b, 0x55, 0xce, 0x9e, 0xce, 0x9e, 0xce, 0x9e, 0xce, 0x9e, 0xce, 0x9e, 0xce, 0x9e,
    0xce, 0x9e, 0xce, 0x9e, 0xce, 0x9e, 0xce, 0x9e, 0xce, 0x9e, 0xce, 0x9e, 0xce, 0x9e, 0xce, 0x9e, 0xce, 0x9e, 0xce, 0x9e, 0xce, 0x9e, 0xce, 0x9e,
    0xce, 0x9e, 0xce, 0x9e, 0xce, 0x9e, 0xce, 0x9e, 0x6b, 0x55, 0x6b, 0x55, 0x6b, 0x55, 0x6b, 0x55, 0x6b, 0x55, 0x6b, 0x55, 0x6b, 0x55, 0x6b, 0x55,
    0x6b, 0x55, 0x6b, 0x55, 0x6b, 0x55, 0x6b, 0x55, 0x03, 0x11, 0x03, 0x11, 0x03, 0x11, 0x03, 0x11, 0x03, 0x11, 0x03, 0x11, 0x03, 0x11, 0x03, 0x11,
    0x03, 0x11, 0x03, 0x11, 0x03, 0x11, 0x03, 0x11, 0x03, 0x11, 0x03, 0x11, 0x03, 0x11, 0x03, 0x11, 0x03, 0x11, 0x03, 0x11, 0x03, 0x11, 0x03, 0x11,
    0x03, 0x11, 0x03, 0x11, 0x03, 0x11, 0x03, 0x11, 0x6b, 0x55, 0x6b, 0x55, 0x6b, 0x55, 0x6b, 0x55, 0x6b, 0x55, 0x6b, 0x55, 0x6b, 0x55, 0x6b, 0x55,
    0x6b, 0x55, 0x6b, 0x55, 0x6b, 0x55, 0x6b, 0x55, 0x6b, 0x55, 0x6b, 0x55, 0x6b, 0x55, 0x6b, 0x55, 0x6b, 0x55, 0x6b, 0x55, 0x6b, 0x55, 0x6b, 0x55,
    0x6b, 0x55, 0x6b, 0x55, 0xce, 0x9e, 0xce, 0x9e, 0xce, 0x9e, 0xce, 0x9e, 0xce, 0x9e, 0xce, 0x9e, 0xce, 0x9e, 0xce, 0x9e, 0xce, 0x9e, 0xce, 0x9e,
    0xce, 0x9e, 0xce, 0x9e, 0xce, 0x9e, 0xce, 0x9e, 0xce, 0x9e, 0xce, 0x9e, 0xce, 0x9e, 0xce, 0x9e, 0xce, 0x9e, 0xce, 0x9e, 0xce, 0x9e, 0xce, 0x9e,
    0x6b, 0x55, 0x6b, 0x55, 0x6b, 0x55, 0x6b, 0x55, 0x6b, 0x55, 0x6b, 0x55, 0x6b, 0x55, 0x6b, 0x55, 0x6b, 0x55, 0x6b, 0x55, 0x6b, 0x55, 0x6b, 0x55,
    0x03, 0x11, 0x03, 0x11, 0x03, 0x11, 0x03, 0x11, 0x03, 0x11, 0x03, 0x11, 0x03, 0x11, 0x03, 0x11, 0x03, 0x11, 0x03, 0x11, 0x03, 0x11, 0x03, 0x11,
    0x03, 0x11, 0x03, 0x11, 0x03, 0x11, 0x03, 0x11, 0x03, 0x11, 0x03, 0x11, 0x03, 0x11, 0x03, 0x11, 0x03, 0x11, 0x03, 0x11, 0x03, 0x11, 0x03, 0x11,
    0x6b, 0x55, 0x6b, 0x55, 0x6b, 0x55, 0x6b, 0x55, 0x6b, 0x55, 0x6b, 0x55, 0x6b, 0x55, 0x6b, 0x55, 0x6b, 0x55, 0x6b, 0x55, 0x6b, 0x55, 0x6b, 0x55,
    0x6b, 0x55, 0x6b, 0x55, 0x6b, 0x55, 0x6b, 0x55, 0x6b, 0x55, 0x6b, 0x55, 0x6b, 0x55, 0x6b, 0x55, 0x6b, 0x55, 0x6b, 0x55, 0xce, 0x9e, 0xce, 0x9e,
    0xce, 0x9e, 0xce, 0x9e, 0xee, 0xeb, 0xee, 0xeb, 0xee, 0xeb, 0xee, 0xeb, 0xee, 0xeb, 0xee, 0xeb, 0xee, 0xeb, 0xee, 0xeb, 0xee, 0xeb, 0xee, 0xeb,
    0xee, 0xeb, 0xee, 0xeb, 0xee, 0xeb, 0xee, 0xeb, 0xee, 0xeb, 0xee, 0xeb, 0xee, 0xeb, 0xee, 0xeb, 0x6b, 0x55, 0x6b, 0x55, 0x6b, 0x55, 0x6b, 0x55,
    0x6b, 0x55, 0x6b, 0x55, 0x6b, 0x55, 0x6b, 0x55, 0x6b, 0x55, 0x6b, 0x55, 0x6b, 0x55, 0x6b, 0x55, 0x03, 0x11, 0x03, 0x11, 0x03, 0x11, 0x03, 0x11,
    0x03, 0x11, 0x03, 0x11, 0x03, 0x11, 0x03, 0x11, 0x03, 0x11, 0x03, 0x11, 0x03, 0x11, 0x03, 0x11, 0x03, 0x11, 0x03, 0x11, 0x03, 0x11, 0x03, 0x11,
    0x03, 0x11, 0x03, 0x11, 0x03, 0x11, 0x03, 0x11, 0x03, 0x11, 0x03, 0x11, 0x03, 0x11, 0x03, 0x11, 0x6b, 0x55, 0x6b, 0x55, 0x6b, 0x55, 0x6b, 0x55,
    0x6b, 0x55, 0x6b, 0x55, 0x6b, 0x55, 0x6b, 0x55, 0x6b, 0x55, 0x6b, 0x55, 0x6b, 0x55, 0x6b, 0x55, 0x6b, 0x55, 0x6b, 0x55, 0x6b, 0x55, 0x6b, 0x55,
    0x6b, 0x55, 0x6b, 0x55, 0x6b, 0x55, 0x6b, 0x55, 0x6b, 0x55, 0x6b, 0x55, 0xce, 0x9e, 0xce, 0x9e, 0xce, 0x9e, 0xce, 0x9e, 0xee, 0xeb, 0xee, 0xeb,
    0xee, 0xeb, 0xee, 0xeb, 0xee, 0xeb, 0xee, 0xeb, 0xee, 0xeb, 0xee, 0xeb, 0xee, 0xeb, 0xee, 0xeb, 0xee, 0xeb, 0xee, 0xeb, 0xee, 0xeb, 0xee, 0xeb,
    0xee, 0xeb, 0xee, 0xeb, 0xee, 0xeb, 0xee, 0xeb, 0x6b, 0x55, 0x6b, 0x55, 0x6b, 0x55, 0x6b, 0x55, 0x6b, 0x55, 0x6b, 0x55, 0x6b, 0x55, 0x6b, 0x55,
    0x6b, 0x55, 0x6b, 0x55, 0x6b, 0x55, 0x6b, 0x55, 0x03, 0x11, 0x03, 0x11, 0x03, 0x11, 0x03, 0x11, 0x03, 0x11, 0x03, 0x11, 0x03, 0x11, 0x03, 0x11,
    0x03, 0x11, 0x03, 0x11, 0x03, 0x11, 0x03, 0x11, 0x03, 0x11, 0x03, 0x11, 0x03, 0x11, 0x03, 0x11, 0x03, 0x11, 0x03, 0x11, 0x03, 0x11, 0x03, 0x11,
    0x03, 0x11, 0x03, 0x11, 0x03, 0x11, 0x03, 0x11, 0x6b, 0x55, 0x6b, 0x55, 0x6b, 0x55, 0x6b, 0x55, 0x6b, 0x55, 0x6b, 0x55, 0x6b, 0x55, 0x6b, 0x55,
    0x6b, 0x55, 0x6b, 0x55, 0x6b, 0x55, 0x6b, 0x55, 0x6b, 0x55, 0x6b, 0x55, 0x6b, 0x55, 0x6b, 0x55, 0x6b, 0x55, 0x6b, 0x55, 0x6b, 0x55, 0x6b, 0x55,
    0x6b, 0x55, 0x6b, 0x55, 0xce, 0x9e, 0xce, 0x9e, 0xce, 0x9e, 0xce, 0x9e, 0xee, 0xeb, 0xee, 0xeb, 0xee, 0xeb, 0xee, 0xeb, 0xee, 0xeb, 0xee, 0xeb,
    0xee, 0xeb, 0xee, 0xeb, 0xee, 0xeb, 0xee, 0xeb, 0xee, 0xeb, 0xee, 0xeb, 0xee, 0xeb, 0xee, 0xeb, 0xee, 0xeb, 0xee, 0xeb, 0xee, 0xeb, 0xee, 0xeb,
    0x6b, 0x55, 0x6b, 0x55, 0x6b, 0x55, 0x6b, 0x55, 0x6b, 0x55, 0x6b, 0x55, 0x6b, 0x55, 0x6b, 0x55, 0x6b, 0x55, 0x6b, 0x55, 0x6b, 0x55, 0x6b, 0x55,
    0x03, 0x11, 0x03, 0x11, 0x03, 0x11, 0x03, 0x11, 0x03, 0x11, 0x03, 0x11, 0x03, 0x11, 0x03, 0x11, 0x03, 0x11, 0x03, 0x11, 0x03, 0x11, 0x03, 0x11,
    0x03, 0x11, 0x03, 0x11, 0x03, 0x11, 0x03, 0x11, 0x03, 0x11, 0x03, 0x11, 0x03, 0x11, 0x03, 0x11, 0x03, 0x11, 0x03, 0x11, 0x03, 0x11, 0x03, 0x11,
    0x6b, 0x55, 0x6b, 0x55, 0x6b, 0x55, 0x6b, 0x55, 0x6b, 0x55, 0x6b, 0x55, 0x6b, 0x55, 0x6b, 0x55, 0x6b, 0x55, 0x6b, 0x55, 0x6b, 0x55, 0x6b, 0x55,
    0x6b, 0x55, 0x6b, 0x55, 0x6b, 0x55, 0x6b, 0x55, 0x6b, 0x55, 0x6b, 0x55, 0x6b, 0x55, 0x6b, 0x55, 0x6b, 0x55, 0x6b, 0x55, 0xce, 0x9e, 0xce, 0x9e,
    0xce, 0x9e, 0xce, 0x9e, 0xee, 0xeb, 0xee, 0xeb, 0xee, 0xeb, 0xee, 0xeb, 0xee, 0xeb, 0xee, 0xeb, 0xee, 0xeb, 0xee, 0xeb, 0xee, 0xeb, 0xee, 0xeb,
    0xee, 0xeb, 0xee, 0xeb, 0xee, 0xeb, 0xee, 0xeb, 0xee, 0xeb, 0xee, 0xeb, 0xee, 0xeb, 0xee, 0xeb, 0x6b, 0x55, 0x6b, 0x55, 0x6b, 0x55, 0x6b, 0x55,
    0x6b, 0x55, 0x6b, 0x55, 0x6b, 0x55, 0x6b, 0x55, 0x6b, 0x55, 0x6b, 0x55, 0x6b, 0x55, 0x6b, 0x55, 0x03, 0x11, 0x03, 0x11, 0x03, 0x11, 0x03, 0x11,
    0x03, 0x11, 0x03, 0x11, 0x03, 0x11, 0x03, 0x11, 0x03, 0x11, 0x03, 0x11, 0x03, 0x11, 0x03, 0x11, 0x03, 0x11, 0x03, 0x11, 0x03, 0x11, 0x03, 0x11,
    0x03, 0x11, 0x03, 0x11, 0x03, 0x11, 0x03, 0x11, 0x03, 0x11, 0x03, 0x11, 0x03, 0x11, 0x03, 0x11, 0x6b, 0x55, 0x6b, 0x55, 0x6b, 0x55, 0x6b, 0x55,
    0x6b, 0x55, 0x6b, 0x55, 0x6b, 0x55, 0x6b, 0x55, 0x6b, 0x55, 0x6b, 0x55, 0x6b, 0x55, 0x6b, 0x55, 0x6b, 0x55, 0x6b, 0x55, 0x6b, 0x55, 0x6b, 0x55,
    0x6b, 0x55, 0x6b, 0x55, 0x6b, 0x55, 0x6b, 0x55, 0x6b, 0x55, 0x6b, 0x55, 0xce, 0x9e, 0xce, 0x9e, 0xce, 0x9e, 0xce, 0x9e, 0xee, 0xeb, 0xee, 0xeb,
    0xee, 0xeb, 0xee, 0xeb, 0xee, 0xeb, 0xee, 0xeb, 0xee, 0xeb, 0xee, 0xeb, 0xee, 0xeb, 0xee, 0xeb, 0xee, 0xeb, 0xee, 0xeb, 0xee, 0xeb, 0xee, 0xeb,
    0xee, 0xeb, 0xee, 0xeb, 0xee, 0xeb, 0xee, 0xeb, 0x6b, 0x55, 0x6b, 0x55, 0x6b, 0x55, 0x6b, 0x55, 0x6b, 0x55, 0x6b, 0x55, 0x6b, 0x55, 0x6b, 0x55,
    0x6b, 0x55, 0x6b, 0x55, 0x6b, 0x55, 0x6b, 0x55, 0x03, 0x11, 0x03, 0x11, 0x03, 0x11, 0x03, 0x11, 0x03, 0x11, 0x03, 0x11, 0x03, 0x11, 0x03, 0x11,
    0x03, 0x11, 0x03, 0x11, 0x03, 0x11, 0x03, 0x11, 0x03, 0x11, 0x03, 0x11, 0x03, 0x11, 0x03, 0x11, 0x03, 0x11, 0x03, 0x11, 0x03, 0x11, 0x03, 0x11,
    0x03, 0x11, 0x03, 0x11, 0x03, 0x11, 0x03, 0x11, 0x6b, 0x55, 0x6b, 0x55, 0x6b, 0x55, 0x6b, 0x55, 0x6b, 0x55, 0x6b, 0x55, 0x6b, 0x55, 0x6b, 0x55,
    0x6b, 0x55, 0x6b, 0x55, 0x6b, 0x55, 0x6b, 0x55, 0x6b, 0x55, 0x6b, 0x55, 0x6b, 0x55, 0x6b, 0x55, 0x6b, 0x55, 0x6b, 0x55, 0x6b, 0x55, 0x6b, 0x55,
    0x6b, 0x55, 0x6b, 0x55, 0xce, 0x9e, 0xce, 0x9e, 0xce, 0x9e, 0xce, 0x9e, 0xee, 0xeb, 0xee, 0xeb, 0xee, 0xeb, 0xee, 0xeb, 0xee, 0xeb, 0xee, 0xeb,
    0xee, 0xeb, 0xee, 0xeb, 0xee, 0xeb, 0xee, 0xeb, 0xee, 0xeb, 0xee, 0xeb, 0xee, 0xeb, 0xee, 0xeb, 0xee, 0xeb, 0xee, 0xeb, 0xee, 0xeb, 0xee, 0xeb,
    0x6b, 0x55, 0x6b, 0x55, 0x6b, 0x55, 0x6b, 0x55, 0x6b, 0x55, 0x6b, 0x55, 0x6b, 0x55, 0x6b, 0x55, 0x6b, 0x55, 0x6b, 0x55, 0x6b, 0x55, 0x6b, 0x55,
    0x03, 0x11, 0x03, 0x11, 0x03, 0x11, 0x03, 0x11, 0x03, 0x11, 0x03, 0x11, 0x03, 0x11, 0x03, 0x11, 0x03, 0x11, 0x03, 0x11, 0x03, 0x11, 0x03, 0x11,
    0x03, 0x11, 0x03, 0x11, 0x03, 0x11, 0x03, 0x11, 0x03, 0x11, 0x03, 0x11, 0x03, 0x11, 0x03, 0x11, 0x03, 0x11, 0x03, 0x11, 0x03, 0x11, 0x03, 0x11,
    0x03, 0x11, 0x03, 0x11, 0x03, 0x11, 0x03, 0x11, 0x03, 0x11, 0x03, 0x11, 0x27, 0x2b, 0x27, 0x2b, 0x27, 0x2b, 0x27, 0x2b, 0x6b, 0x55, 0x6b, 0x55,
    0x6b, 0x55, 0x6b, 0x55, 0x6b, 0x55, 0x6b, 0x55, 0x6b, 0x55, 0x6b, 0x55, 0x6b, 0x55, 0x6b, 0x55, 0x6b, 0x55, 0x6b, 0x55, 0xce, 0x9e, 0xce, 0x9e,
    0xce, 0x9e, 0xce, 0x9e, 0xee, 0xeb, 0xee, 0xeb, 0xee, 0xeb, 0xee, 0xeb, 0xee, 0xeb, 0xee, 0xeb, 0xee, 0xeb, 0xee, 0xeb, 0xee, 0xeb, 0xee, 0xeb,
    0xee, 0xeb, 0xee, 0xeb, 0xee, 0xeb, 0xee, 0xeb, 0xee, 0xeb, 0xee, 0xeb, 0xee, 0xeb, 0xee, 0xeb, 0xce, 0x9e, 0xce, 0x9e, 0xce, 0x9e, 0xce, 0x9e,
    0xce, 0x9e, 0xce, 0x9e, 0xce, 0x9e, 0xce, 0x9e, 0x03, 0x11, 0x03, 0x11, 0x03, 0x11, 0x03, 0x11, 0x03, 0x11, 0x03, 0x11, 0x03, 0x11, 0x03, 0x11,
    0x03, 0x11, 0x03, 0x11, 0x03, 0x11, 0x03, 0x11, 0x03, 0x11, 0x03, 0x11, 0x03, 0x11, 0x03, 0x11, 0x03, 0x11, 0x03, 0x11, 0x03, 0x11, 0x03, 0x11,
    0x03, 0x11, 0x03, 0x11, 0x03, 0x11, 0x03, 0x11, 0x03, 0x11, 0x03, 0x11, 0x03, 0x11, 0x03, 0x11, 0x03, 0x11, 0x03, 0x11, 0x03, 0x11, 0x03, 0x11,
    0x03, 0x11, 0x03, 0x11, 0x27, 0x2b, 0x27, 0x2b, 0x27, 0x2b, 0x27, 0x2b, 0x6b, 0x55, 0x6b, 0x55, 0x6b, 0x55, 0x6b, 0x55, 0x6b, 0x55, 0x6b, 0x55,
    0x6b, 0x55, 0x6b, 0x55, 0x6b, 0x55, 0x6b, 0x55, 0x6b, 0x55, 0x6b, 0x55, 0xce, 0x9e, 0xce, 0x9e, 0xce, 0x9e, 0xce, 0x9e, 0xee, 0xeb, 0xee, 0xeb,
    0xee, 0xeb, 0xee, 0xeb, 0xee, 0xeb, 0xee, 0xeb, 0xee, 0xeb, 0xee, 0xeb, 0xee, 0xeb, 0xee, 0xeb, 0xee, 0xeb, 0xee, 0xeb, 0xee, 0xeb, 0xee, 0xeb,
    0xee, 0xeb, 0xee, 0xeb, 0xee, 0xeb, 0xee, 0xeb, 0xce, 0x9e, 0xce, 0x9e, 0xce, 0x9e, 0xce, 0x9e, 0xce, 0x9e, 0xce, 0x9e, 0xce, 0x9e, 0xce, 0x9e,
    0x03, 0x11, 0x03, 0x11, 0x03, 0x11, 0x03, 0x11, 0x03, 0x11, 0x03, 0x11, 0x03, 0x11, 0x03, 0x11, 0x03, 0x11, 0x03, 0x11, 0x03, 0x11, 0x03, 0x11,
    0x03, 0x11, 0x03, 0x11, 0x03, 0x11, 0x03, 0x11, 0x03, 0x11, 0x03, 0x11, 0x03, 0x11, 0x03, 0x11, 0x03, 0x11, 0x03, 0x11, 0x03, 0x11, 0x03, 0x11,
    0x03, 0x11, 0x03, 0x11, 0x03, 0x11, 0x03, 0x11, 0x03, 0x11, 0x03, 0x11, 0x03, 0x11, 0x03, 0x11, 0x03, 0x11, 0x03, 0x11, 0x27, 0x2b, 0x27, 0x2b,
    0x27, 0x2b, 0x27, 0x2b, 0x27, 0x2b, 0x27, 0x2b, 0x27, 0x2b, 0x27, 0x2b, 0x27, 0x2b, 0x27, 0x2b, 0x27, 0x2b, 0x27, 0x2b, 0x27, 0x2b, 0x27, 0x2b,
    0x27, 0x2b, 0x27, 0x2b, 0xce, 0x9e, 0xce, 0x9e, 0xce, 0x9e, 0xce, 0x9e, 0xce, 0x9e, 0xce, 0x9e, 0xce, 0x9e, 0xce, 0x9e, 0xce, 0x9e, 0xce, 0x9e,
    0xce, 0x9e, 0xce, 0x9e, 0xce, 0x9e, 0xce, 0x9e, 0xce, 0x9e, 0xce, 0x9e, 0xce, 0x9e, 0xce, 0x9e, 0xce, 0x9e, 0xce, 0x9e, 0xce, 0x9e, 0xce, 0x9e,
    0xce, 0x9e, 0xce, 0x9e, 0xce, 0x9e, 0xce, 0x9e, 0xce, 0x9e, 0xce, 0x9e, 0xce, 0x9e, 0xce, 0x9e, 0x03, 0x11, 0x03, 0x11, 0x03, 0x11, 0x03, 0x11,
    0x03, 0x11, 0x03, 0x11, 0x03, 0x11, 0x03, 0x11, 0x03, 0x11, 0x03, 0x11, 0x03, 0x11, 0x03, 0x11, 0x03, 0x11, 0x03, 0x11, 0x03, 0x11, 0x03, 0x11,
    0x03, 0x11, 0x03, 0x11, 0x03, 0x11, 0x03, 0x11, 0x03, 0x11, 0x03, 0x11, 0x03, 0x11, 0x03, 0x11, 0x03, 0x11, 0x03, 0x11, 0x03, 0x11, 0x03, 0x11,
    0x03, 0x11, 0x03, 0x11, 0x03, 0x11, 0x03, 0x11, 0x03, 0x11, 0x03, 0x11, 0x27, 0x2b, 0x27, 0x2b, 0x27, 0x2b, 0x27, 0x2b, 0x27, 0x2b, 0x27, 0x2b,
    0x27, 0x2b, 0x27, 0x2b, 0x27, 0x2b, 0x27, 0x2b, 0x27, 0x2b, 0x27, 0x2b, 0x27, 0x2b, 0x27, 0x2b, 0x27, 0x2b, 0x27, 0x2b, 0xce, 0x9e, 0xce, 0x9e,
    0xce, 0x9e, 0xce, 0x9e, 0xce, 0x9e, 0xce, 0x9e, 0xce, 0x9e, 0xce, 0x9e, 0xce, 0x9e, 0xce, 0x9e, 0xce, 0x9e, 0xce, 0x9e, 0xce, 0x9e, 0xce, 0x9e,
    0xce, 0x9e, 0xce, 0x9e, 0xce, 0x9e, 0xce, 0x9e, 0xce, 0x9e, 0xce, 0x9e, 0xce, 0x9e, 0xce, 0x9e, 0xce, 0x9e, 0xce, 0x9e, 0xce, 0x9e, 0xce, 0x9e,
    0xce, 0x9e, 0xce, 0x9e, 0xce, 0x9e, 0xce, 0x9e, 0x03, 0x11, 0x03, 0x11, 0x03, 0x11, 0x03, 0x11, 0x03, 0x11, 0x03, 0x11, 0x03, 0x11, 0x03, 0x11,
    0x03, 0x11, 0x03, 0x11, 0x03, 0x11, 0x03, 0x11, 0x03, 0x11, 0x03, 0x11, 0x03, 0x11, 0x03, 0x11, 0x03, 0x11, 0x03, 0x11, 0x03, 0x11, 0x03, 0x11,
    0x03, 0x11, 0x03, 0x11, 0x03, 0x11, 0x03, 0x11, 0x03, 0x11, 0x03, 0x11, 0x03, 0x11, 0x03, 0x11, 0x03, 0x11, 0x03, 0x11, 0x03, 0x11, 0x03, 0x11,
    0x03, 0x11, 0x03, 0x11, 0x03, 0x11, 0x03, 0x11, 0x27, 0x2b, 0x27, 0x2b, 0x27, 0x2b, 0x27, 0x2b, 0x6b, 0x55, 0x6b, 0x55, 0x6b, 0x55, 0x6b, 0x55,
    0x6b, 0x55, 0x6b, 0x55, 0x6b, 0x55, 0x6b, 0x55, 0x6b, 0x55, 0x6b, 0x55, 0xf5, 0xee, 0xf5, 0xee, 0xf5, 0xee, 0xf5, 0xee, 0xf5, 0xee, 0xf5, 0xee,
    0xf5, 0xee, 0xf5, 0xee, 0xf5, 0xee, 0xf5, 0xee, 0xf5, 0xee, 0xf5, 0xee, 0xf5, 0xee, 0xf5, 0xee, 0xf5, 0xee, 0xf5, 0xee, 0xf5, 0xee, 0xf5, 0xee,
    0x6b, 0x55, 0x6b, 0x55, 0x6b, 0x55, 0x6b, 0x55, 0x27, 0x2b, 0x27, 0x2b, 0x27, 0x2b, 0x27, 0x2b, 0x03, 0x11, 0x03, 0x11, 0x03, 0x11, 0x03, 0x11,
    0x03, 0x11, 0x03, 0x11, 0x03, 0x11, 0x03, 0x11, 0x03, 0x11, 0x03, 0x11, 0x03, 0x11, 0x03, 0x11, 0x03, 0x11, 0x03, 0x11, 0x03, 0x11, 0x03, 0x11,
    0x03, 0x11, 0x03, 0x11, 0x03, 0x11, 0x03, 0x11, 0x03, 0x11, 0x03, 0x11, 0x03, 0x11, 0x03, 0x11, 0x03, 0x11, 0x03, 0x11, 0x03, 0x11, 0x03, 0x11,
    0x03, 0x11, 0x03, 0x11, 0x03, 0x11, 0x03, 0x11, 0x03, 0x11, 0x03, 0x11, 0x03, 0x11, 0x03, 0x11, 0x03, 0x11, 0x03, 0x11, 0x03, 0x11, 0x03, 0x11,
    0x27, 0x2b, 0x27, 0x2b, 0x27, 0x2b, 0x27, 0x2b, 0x6b, 0x55, 0x6b, 0x55, 0x6b, 0x55, 0x6b, 0x55, 0x6b, 0x55, 0x6b, 0x55, 0x6b, 0x55, 0x6b, 0x55,
    0x6b, 0x55, 0x6b, 0x55, 0xf5, 0xee, 0xf5, 0xee, 0xf5, 0xee, 0xf5, 0xee, 0xf5, 0xee, 0xf5, 0xee, 0xf5, 0xee, 0xf5, 0xee, 0xf5, 0xee, 0xf5, 0xee,
    0xf5, 0xee, 0xf5, 0xee, 0xf5, 0xee, 0xf5, 0xee, 0xf5, 0xee, 0xf5, 0xee, 0xf5, 0xee, 0xf5, 0xee, 0x6b, 0x55, 0x6b, 0x55, 0x6b, 0x55, 0x6b, 0x55,
    0x27, 0x2b, 0x27, 0x2b, 0x27, 0x2b, 0x27, 0x2b, 0x03, 0x11, 0x03, 0x11, 0x03, 0x11, 0x03, 0x11, 0x03, 0x11, 0x03, 0x11, 0x03, 0x11, 0x03, 0x11,
    0x03, 0x11, 0x03, 0x11, 0x03, 0x11, 0x03, 0x11, 0x03, 0x11, 0x03, 0x11, 0x03, 0x11, 0x03, 0x11, 0x03, 0x11, 0x03, 0x11, 0x03, 0x11, 0x03, 0x11,
    0x03, 0x11, 0x03, 0x11, 0x03, 0x11, 0x03, 0x11, 0x03, 0x11, 0x03, 0x11, 0x27, 0x2b, 0x27, 0x2b, 0x03, 0x11, 0x03, 0x11, 0x03, 0x11, 0x03, 0x11,
    0x03, 0x11, 0x03, 0x11, 0x03, 0x11, 0x03, 0x11, 0x03, 0x11, 0x03, 0x11, 0x03, 0x11, 0x03, 0x11, 0x27, 0x2b, 0x27, 0x2b, 0x27, 0x2b, 0x27, 0x2b,
    0x6b, 0x55, 0x6b, 0x55, 0x6b, 0x55, 0x6b, 0x55, 0x6b, 0x55, 0x6b, 0x55, 0x6b, 0x55, 0x6b, 0x55, 0x6b, 0x55, 0x6b, 0x55, 0xf5, 0xee, 0xf5, 0xee,
    0xf5, 0xee, 0xf5, 0xee, 0xf5, 0xee, 0xf5, 0xee, 0xf5, 0xee, 0xf5, 0xee, 0xf5, 0xee, 0xf5, 0xee, 0xf5, 0xee, 0xf5, 0xee, 0xf5, 0xee, 0xf5, 0xee,
    0xf5, 0xee, 0xf5, 0xee, 0xf5, 0xee, 0xf5, 0xee, 0x6b, 0x55, 0x6b, 0x55, 0x6b, 0x55, 0x6b, 0x55, 0x27, 0x2b, 0x27, 0x2b, 0x27, 0x2b, 0x27, 0x2b,
    0x03, 0x11, 0x03, 0x11, 0x03, 0x11, 0x03, 0x11, 0x03, 0x11, 0x03, 0x11, 0x03, 0x11, 0x03, 0x11, 0x03, 0x11, 0x03, 0x11, 0x03, 0x11, 0x03, 0x11,
    0x03, 0x11, 0x03, 0x11, 0x03, 0x11, 0x03, 0x11, 0x03, 0x11, 0x03, 0x11, 0x03, 0x11, 0x03, 0x11, 0x03, 0x11, 0x03, 0x11, 0x03, 0x11, 0x03, 0x11,
    0x03, 0x11, 0x03, 0x11, 0x27, 0x2b, 0x27, 0x2b, 0x03, 0x11, 0x03, 0x11, 0x03, 0x11, 0x03, 0x11, 0x03, 0x11, 0x03, 0x11, 0x03, 0x11, 0x03, 0x11,
    0x03, 0x11, 0x03, 0x11, 0x03, 0x11, 0x03, 0x11, 0x27, 0x2b, 0x27, 0x2b, 0x27, 0x2b, 0x27, 0x2b, 0x6b, 0x55, 0x6b, 0x55, 0x6b, 0x55, 0x6b, 0x55,
    0x6b, 0x55, 0x6b, 0x55, 0x6b, 0x55, 0x6b, 0x55, 0x6b, 0x55, 0x6b, 0x55, 0xf5, 0xee, 0xf5, 0xee, 0xf5, 0xee, 0xf5, 0xee, 0xf5, 0xee, 0xf5, 0xee,
    0xf5, 0xee, 0xf5, 0xee, 0xf5, 0xee, 0xf5, 0xee, 0xf5, 0xee, 0xf5, 0xee, 0xf5, 0xee, 0xf5, 0xee, 0xf5, 0xee, 0xf5, 0xee, 0xf5, 0xee, 0xf5, 0xee,
    0x6b, 0x55, 0x6b, 0x55, 0x6b, 0x55, 0x6b, 0x55, 0x27, 0x2b, 0x27, 0x2b, 0x27, 0x2b, 0x27, 0x2b, 0x03, 0x11, 0x03, 0x11, 0x03, 0x11, 0x03, 0x11,
    0x03, 0x11, 0x03, 0x11, 0x03, 0x11, 0x03, 0x11, 0x03, 0x11, 0x03, 0x11, 0x03, 0x11, 0x03, 0x11, 0x03, 0x11, 0x03, 0x11, 0x03, 0x11, 0x03, 0x11,
    0x03, 0x11, 0x03, 0x11, 0x03, 0x11, 0x03, 0x11, 0x03, 0x11, 0x03, 0x11, 0x03, 0x11, 0x03, 0x11, 0x03, 0x11, 0x03, 0x11, 0x27, 0x2b, 0x27, 0x2b,
    0x27, 0x2b, 0x27, 0x2b, 0x27, 0x2b, 0x27, 0x2b, 0x03, 0x11, 0x03, 0x11, 0x03, 0x11, 0x03, 0x11, 0x03, 0x11, 0x03, 0x11, 0x03, 0x11, 0x03, 0x11,
    0x27, 0x2b, 0x27, 0x2b, 0x27, 0x2b, 0x27, 0x2b, 0x6b, 0x55, 0x6b, 0x55, 0x6b, 0x55, 0x6b, 0x55, 0x6b, 0x55, 0x6b, 0x55, 0x6b, 0x55, 0x6b, 0x55,
    0x6b, 0x55, 0x6b, 0x55, 0xf5, 0xee, 0xf5, 0xee, 0xf5, 0xee, 0xf5, 0xee, 0xf5, 0xee, 0xf5, 0xee, 0xf5, 0xee, 0xf5, 0xee, 0xf5, 0xee, 0xf5, 0xee,
    0xf5, 0xee, 0xf5, 0xee, 0xf5, 0xee, 0xf5, 0xee, 0xf5, 0xee, 0xf5, 0xee, 0xf5, 0xee, 0xf5, 0xee, 0x6b, 0x55, 0x6b, 0x55, 0x6b, 0x55, 0x6b, 0x55,
    0x27, 0x2b, 0x27, 0x2b, 0x27, 0x2b, 0x27, 0x2b, 0x03, 0x11, 0x03, 0x11, 0x03, 0x11, 0x03, 0x11, 0x03, 0x11, 0x03, 0x11, 0x03, 0x11, 0x03, 0x11,
    0x03, 0x11, 0x03, 0x11, 0x03, 0x11, 0x03, 0x11, 0x03, 0x11, 0x03, 0x11, 0x03, 0x11, 0x03, 0x11, 0x03, 0x11, 0x03, 0x11, 0x03, 0x11, 0x03, 0x11,
    0x03, 0x11, 0x03, 0x11, 0x03, 0x11, 0x03, 0x11, 0x03, 0x11, 0x03, 0x11, 0x27, 0x2b, 0x27, 0x2b, 0x27, 0x2b, 0x27, 0x2b, 0x27, 0x2b, 0x27, 0x2b,
    0x03, 0x11, 0x03, 0x11, 0x03, 0x11, 0x03, 0x11, 0x03, 0x11, 0x03, 0x11, 0x03, 0x11, 0x03, 0x11, 0x27, 0x2b, 0x27, 0x2b, 0x27, 0x2b, 0x27, 0x2b,
    0x6b, 0x55, 0x6b, 0x55, 0x6b, 0x55, 0x6b, 0x55, 0x6b, 0x55, 0x6b, 0x55, 0x6b, 0x55, 0x6b, 0x55, 0x6b, 0x55, 0x6b, 0x55, 0xf5, 0xee, 0xf5, 0xee,
    0xf5, 0xee, 0xf5, 0xee, 0xf5, 0xee, 0xf5, 0xee, 0xf5, 0xee, 0xf5, 0xee, 0xf5, 0xee, 0xf5, 0xee, 0xf5, 0xee, 0xf5, 0xee, 0xf5, 0xee, 0xf5, 0xee,
    0xf5, 0xee, 0xf5, 0xee, 0xf5, 0xee, 0xf5, 0xee, 0x6b, 0x55, 0x6b, 0x55, 0x6b, 0x55, 0x6b, 0x55, 0x27, 0x2b, 0x27, 0x2b, 0x27, 0x2b, 0x27, 0x2b,
    0x03, 0x11, 0x03, 0x11, 0x03, 0x11, 0x03, 0x11, 0x03, 0x11, 0x03, 0x11, 0x03, 0x11, 0x03, 0x11, 0x03, 0x11, 0x03, 0x11, 0x03, 0x11, 0x03, 0x11,
    0x03, 0x11, 0x03, 0x11, 0x03, 0x11, 0x03, 0x11, 0x03, 0x11, 0x03, 0x11, 0x03, 0x11, 0x03, 0x11, 0x03, 0x11, 0x03, 0x11, 0x03, 0x11, 0x03, 0x11,
    0x03, 0x11, 0x03, 0x11, 0x03, 0x11, 0x03, 0x11, 0x27, 0x2b, 0x27, 0x2b, 0x27, 0x2b, 0x27, 0x2b, 0x27, 0x2b, 0x27, 0x2b, 0x03, 0x11, 0x03, 0x11,
    0x03, 0x11, 0x03, 0x11, 0x03, 0x11, 0x03, 0x11, 0x27, 0x2b, 0x27, 0x2b, 0x27, 0x2b, 0x27, 0x2b, 0x6b, 0x55, 0x6b, 0x55, 0x6b, 0x55, 0x6b, 0x55,
    0x6b, 0x55, 0x6b, 0x55, 0x6b, 0x55, 0x6b, 0x55, 0x6b, 0x55, 0x6b, 0x55, 0xf5, 0xee, 0xf5, 0xee, 0xf5, 0xee, 0xf5, 0xee, 0xf5, 0xee, 0xf5, 0xee,
    0xf5, 0xee, 0xf5, 0xee, 0xf5, 0xee, 0xf5, 0xee, 0xf5, 0xee, 0xf5, 0xee, 0xf5, 0xee, 0xf5, 0xee, 0xf5, 0xee, 0xf5, 0xee, 0xf5, 0xee, 0xf5, 0xee,
    0x6b, 0x55, 0x6b, 0x55, 0x6b, 0x55, 0x6b, 0x55, 0x27, 0x2b, 0x27, 0x2b, 0x27, 0x2b, 0x27, 0x2b, 0x03, 0x11, 0x03, 0x11, 0x03, 0x11, 0x03, 0x11,
    0x03, 0x11, 0x03, 0x11, 0x03, 0x11, 0x03, 0x11, 0x03, 0x11, 0x03, 0x11, 0x03, 0x11, 0x03, 0x11, 0x03, 0x11, 0x03, 0x11, 0x03, 0x11, 0x03, 0x11,
    0x03, 0x11, 0x03, 0x11, 0x03, 0x11, 0x03, 0x11, 0x03, 0x11, 0x03, 0x11, 0x03, 0x11, 0x03, 0x11, 0x03, 0x11, 0x03, 0x11, 0x03, 0x11, 0x03, 0x11,
    0x27, 0x2b, 0x27, 0x2b, 0x27, 0x2b, 0x27, 0x2b, 0x27, 0x2b, 0x27, 0x2b, 0x03, 0x11, 0x03, 0x11, 0x03, 0x11, 0x03, 0x11, 0x03, 0x11, 0x03, 0x11,
    0x27, 0x2b, 0x27, 0x2b, 0x27, 0x2b, 0x27, 0x2b, 0x6b, 0x55, 0x6b, 0x55, 0x6b, 0x55, 0x6b, 0x55, 0x6b, 0x55, 0x6b, 0x55, 0x6b, 0x55, 0x6b, 0x55,
    0x6b, 0x55, 0x6b, 0x55, 0xf5, 0xee, 0xf5, 0xee, 0xf5, 0xee, 0xf5, 0xee, 0xf5, 0xee, 0xf5, 0xee, 0xf5, 0xee, 0xf5, 0xee, 0xf5, 0xee, 0xf5, 0xee,
    0xf5, 0xee, 0xf5, 0xee, 0xf5, 0xee, 0xf5, 0xee, 0xf5, 0xee, 0xf5, 0xee, 0xf5, 0xee, 0xf5, 0xee, 0x6b, 0x55, 0x6b, 0x55, 0x6b, 0x55, 0x6b, 0x55,
    0x27, 0x2b, 0x27, 0x2b, 0x27, 0x2b, 0x27, 0x2b, 0x03, 0x11, 0x03, 0x11, 0x03, 0x11, 0x03, 0x11, 0x03, 0x11, 0x03, 0x11, 0x03, 0x11, 0x03, 0x11,
    0x03, 0x11, 0x03, 0x11, 0x03, 0x11, 0x03, 0x11, 0x03, 0x11, 0x03, 0x11, 0x03, 0x11, 0x03, 0x11, 0x03, 0x11, 0x03, 0x11, 0x03, 0x11, 0x03, 0x11,
    0x03, 0x11, 0x03, 0x11, 0x03, 0x11, 0x03, 0x11, 0x03, 0x11, 0x03, 0x11, 0x03, 0x11, 0x03, 0x11, 0x27, 0x2b, 0x27, 0x2b, 0x27, 0x2b, 0x27, 0x2b,
    0x27, 0x2b, 0x27, 0x2b, 0x27, 0x2b, 0x27, 0x2b, 0x27, 0x2b, 0x27, 0x2b, 0x03, 0x11, 0x03, 0x11, 0x27, 0x2b, 0x27, 0x2b, 0x27, 0x2b, 0x27, 0x2b,
    0x6b, 0x55, 0x6b, 0x55, 0x6b, 0x55, 0x6b, 0x55, 0x6b, 0x55, 0x6b, 0x55, 0x6b, 0x55, 0x6b, 0x55, 0x6b, 0x55, 0x6b, 0x55, 0xf5, 0xee, 0xf5, 0xee,
    0xf5, 0xee, 0xf5, 0xee, 0xf5, 0xee, 0xf5, 0xee, 0xf5, 0xee, 0xf5, 0xee, 0xf5, 0xee, 0xf5, 0xee, 0xf5, 0xee, 0xf5, 0xee, 0xf5, 0xee, 0xf5, 0xee,
    0xf5, 0xee, 0xf5, 0xee, 0xf5, 0xee, 0xf5, 0xee, 0x6b, 0x55, 0x6b, 0x55, 0x6b, 0x55, 0x6b, 0x55, 0x27, 0x2b, 0x27, 0x2b, 0x27, 0x2b, 0x27, 0x2b,
    0x03, 0x11, 0x03, 0x11, 0x03, 0x11, 0x03, 0x11, 0x03, 0x11, 0x03, 0x11, 0x03, 0x11, 0x03, 0x11, 0x03, 0x11, 0x03, 0x11, 0x03, 0x11, 0x03, 0x11,
    0x03, 0x11, 0x03, 0x11, 0x03, 0x11, 0x03, 0x11, 0x03, 0x11, 0x03, 0x11, 0x03, 0x11, 0x03, 0x11, 0x03, 0x11, 0x03, 0x11, 0x03, 0x11, 0x03, 0x11,
    0x03, 0x11, 0x03, 0x11, 0x03, 0x11, 0x03, 0x11, 0x27, 0x2b, 0x27, 0x2b, 0x27, 0x2b, 0x27, 0x2b, 0x27, 0x2b, 0x27, 0x2b, 0x27, 0x2b, 0x27, 0x2b,
    0x27, 0x2b, 0x27, 0x2b, 0x03, 0x11, 0x03, 0x11, 0x27, 0x2b, 0x27, 0x2b, 0x27, 0x2b, 0x27, 0x2b, 0x6b, 0x55, 0x6b, 0x55, 0x6b, 0x55, 0x6b, 0x55,
    0x6b, 0x55, 0x6b, 0x55, 0x6b, 0x55, 0x6b, 0x55, 0x6b, 0x55, 0x6b, 0x55, 0xf5, 0xee, 0xf5, 0xee, 0xf5, 0xee, 0xf5, 0xee, 0xf5, 0xee, 0xf5, 0xee,
    0xf5, 0xee, 0xf5, 0xee, 0xf5, 0xee, 0xf5, 0xee, 0xf5, 0xee, 0xf5, 0xee, 0xf5, 0xee, 0xf5, 0xee, 0xf5, 0xee, 0xf5, 0xee, 0xf5, 0xee, 0xf5, 0xee,
    0x6b, 0x55, 0x6b, 0x55, 0x6b, 0x55, 0x6b, 0x55, 0x27, 0x2b, 0x27, 0x2b, 0x27, 0x2b, 0x27, 0x2b, 0x03, 0x11, 0x03, 0x11, 0x03, 0x11, 0x03, 0x11,
    0x03, 0x11, 0x03, 0x11, 0x03, 0x11, 0x03, 0x11, 0x03, 0x11, 0x03, 0x11, 0x03, 0x11, 0x03, 0x11, 0x03, 0x11, 0x03, 0x11, 0x03, 0x11, 0x03, 0x11,
    0x03, 0x11, 0x03, 0x11, 0x03, 0x11, 0x03, 0x11, 0x03, 0x11, 0x03, 0x11, 0x03, 0x11, 0x03, 0x11, 0x03, 0x11, 0x03, 0x11, 0x03, 0x11, 0x03, 0x11,
    0x27, 0x2b, 0x27, 0x2b, 0x27, 0x2b, 0x27, 0x2b, 0x27, 0x2b, 0x27, 0x2b, 0x27, 0x2b, 0x27, 0x2b, 0x27, 0x2b, 0x27, 0x2b, 0x27, 0x2b, 0x27, 0x2b,
    0x27, 0x2b, 0x27, 0x2b, 0x27, 0x2b, 0x27, 0x2b, 0x6b, 0x55, 0x6b, 0x55, 0x6b, 0x55, 0x6b, 0x55, 0x6b, 0x55, 0x6b, 0x55, 0x6b, 0x55, 0x6b, 0x55,
    0x6b, 0x55, 0x6b, 0x55, 0xf5, 0xee, 0xf5, 0xee, 0xf5, 0xee, 0xf5, 0xee, 0xf5, 0xee, 0xf5, 0xee, 0xf5, 0xee, 0xf5, 0xee, 0xf5, 0xee, 0xf5, 0xee,
    0xf5, 0xee, 0xf5, 0xee, 0xf5, 0xee, 0xf5, 0xee, 0xf5, 0xee, 0xf5, 0xee, 0xf5, 0xee, 0xf5, 0xee, 0x6b, 0x55, 0x6b, 0x55, 0x6b, 0x55, 0x6b, 0x55,
    0x27, 0x2b, 0x27, 0x2b, 0x27, 0x2b, 0x27, 0x2b, 0x03, 0x11, 0x03, 0x11, 0x03, 0x11, 0x03, 0x11, 0x03, 0x11, 0x03, 0x11, 0x03, 0x11, 0x03, 0x11,
    0x03, 0x11, 0x03, 0x11, 0x03, 0x11, 0x03, 0x11, 0x03, 0x11, 0x03, 0x11, 0x03, 0x11, 0x03, 0x11, 0x03, 0x11, 0x03, 0x11, 0x03, 0x11, 0x03, 0x11,
    0x03, 0x11, 0x03, 0x11, 0x03, 0x11, 0x03, 0x11, 0x03, 0x11, 0x03, 0x11, 0x03, 0x11, 0x03, 0x11, 0x27, 0x2b, 0x27, 0x2b, 0x27, 0x2b, 0x27, 0x2b,
    0x27, 0x2b, 0x27, 0x2b, 0x27, 0x2b, 0x27, 0x2b, 0x27, 0x2b, 0x27, 0x2b, 0x27, 0x2b, 0x27, 0x2b, 0x27, 0x2b, 0x27, 0x2b, 0x27, 0x2b, 0x27, 0x2b,
    0x6b, 0x55, 0x6b, 0x55, 0x6b, 0x55, 0x6b, 0x55, 0x6b, 0x55, 0x6b, 0x55, 0x6b, 0x55, 0x6b, 0x55, 0x6b, 0x55, 0x6b, 0x55, 0xf5, 0xee, 0xf5, 0xee,
    0xf5, 0xee, 0xf5, 0xee, 0xf5, 0xee, 0xf5, 0xee, 0xf5, 0xee, 0xf5, 0xee, 0xf5, 0xee, 0xf5, 0xee, 0xf5, 0xee, 0xf5, 0xee, 0xf5, 0xee, 0xf5, 0xee,
    0xf5, 0xee, 0xf5, 0xee, 0xf5, 0xee, 0xf5, 0xee, 0x6b, 0x55, 0x6b, 0x55, 0x6b, 0x55, 0x6b, 0x55, 0x27, 0x2b, 0x27, 0x2b, 0x27, 0x2b, 0x27, 0x2b,
    0x03, 0x11, 0x03, 0x11, 0x03, 0x11, 0x03, 0x11, 0x03, 0x11, 0x03, 0x11, 0x03, 0x11, 0x03, 0x11, 0x03, 0x11, 0x03, 0x11, 0x03, 0x11, 0x03, 0x11,
    0x03, 0x11, 0x03, 0x11, 0x03, 0x11, 0x03, 0x11, 0x03, 0x11, 0x03, 0x11, 0x03, 0x11, 0x03, 0x11, 0x03, 0x11, 0x03, 0x11, 0x03, 0x11, 0x03, 0x11,
    0x03, 0x11, 0x03, 0x11, 0x03, 0x11, 0x03, 0x11, 0x03, 0x11, 0x03, 0x11, 0x27, 0x2b, 0x27, 0x2b, 0x27, 0x2b, 0x27, 0x2b, 0x27, 0x2b, 0x27, 0x2b,
    0x27, 0x2b, 0x27, 0x2b, 0x27, 0x2b, 0x27, 0x2b, 0x27, 0x2b, 0x27, 0x2b, 0x27, 0x2b, 0x27, 0x2b, 0x6b, 0x55, 0x6b, 0x55, 0x6b, 0x55, 0x6b, 0x55,
    0x6b, 0x55, 0x6b, 0x55, 0x6b, 0x55, 0x6b, 0x55, 0x6b, 0x55, 0x6b, 0x55, 0xf5, 0xee, 0xf5, 0xee, 0xf5, 0xee, 0xf5, 0xee, 0xf5, 0xee, 0xf5, 0xee,
    0xf5, 0xee, 0xf5, 0xee, 0xf5, 0xee, 0xf5, 0xee, 0xf5, 0xee, 0xf5, 0xee, 0xf5, 0xee, 0xf5, 0xee, 0xf5, 0xee, 0xf5, 0xee, 0xf5, 0xee, 0xf5, 0xee,
    0x6b, 0x55, 0x6b, 0x55, 0x6b, 0x55, 0x6b, 0x55, 0x27, 0x2b, 0x27, 0x2b, 0x27, 0x2b, 0x27, 0x2b, 0x03, 0x11, 0x03, 0x11, 0x03, 0x11, 0x03, 0x11,
    0x03, 0x11, 0x03, 0x11, 0x03, 0x11, 0x03, 0x11, 0x03, 0x11, 0x03, 0x11, 0x03, 0x11, 0x03, 0x11, 0x03, 0x11, 0x03, 0x11, 0x03, 0x11, 0x03, 0x11,
    0x03, 0x11, 0x03, 0x11, 0x03, 0x11, 0x03, 0x11, 0x03, 0x11, 0x03, 0x11, 0x03, 0x11, 0x03, 0x11, 0x03, 0x11, 0x03, 0x11, 0x03, 0x11, 0x03, 0x11,
    0x03, 0x11, 0x03, 0x11, 0x27, 0x2b, 0x27, 0x2b, 0x27, 0x2b, 0x27, 0x2b, 0x27, 0x2b, 0x27, 0x2b, 0x27, 0x2b, 0x27, 0x2b, 0x27, 0x2b, 0x27, 0x2b,
    0x27, 0x2b, 0x27, 0x2b, 0x27, 0x2b, 0x27, 0x2b, 0x6b, 0x55, 0x6b, 0x55, 0x6b, 0x55, 0x6b, 0x55, 0x6b, 0x55, 0x6b, 0x55, 0x6b, 0x55, 0x6b, 0x55,
    0x6b, 0x55, 0x6b, 0x55, 0xf5, 0xee, 0xf5, 0xee, 0xf5, 0xee, 0xf5, 0xee, 0xf5, 0xee, 0xf5, 0xee, 0xf5, 0xee, 0xf5, 0xee, 0xf5, 0xee, 0xf5, 0xee,
    0xf5, 0xee, 0xf5, 0xee, 0xf5, 0xee, 0xf5, 0xee, 0xf5, 0xee, 0xf5, 0xee, 0xf5, 0xee, 0xf5, 0xee, 0x6b, 0x55, 0x6b, 0x55, 0x6b, 0x55, 0x6b, 0x55,
    0x27, 0x2b, 0x27, 0x2b, 0x27, 0x2b, 0x27, 0x2b, 0x03, 0x11, 0x03, 0x11, 0x03, 0x11, 0x03, 0x11, 0x03, 0x11, 0x03, 0x11, 0x03, 0x11, 0x03, 0x11,
    0x03, 0x11, 0x03, 0x11, 0x03, 0x11, 0x03, 0x11, 0x03, 0x11, 0x03, 0x11, 0x03, 0x11, 0x03, 0x11, 0x03, 0x11, 0x03, 0x11, 0x03, 0x11, 0x03, 0x11,
    0x03, 0x11, 0x03, 0x11, 0x03, 0x11, 0x03, 0x11, 0x03, 0x11, 0x03, 0x11, 0x03, 0x11, 0x03, 0x11, 0x03, 0x11, 0x03, 0x11, 0x27, 0x2b, 0x27, 0x2b,
    0x27, 0x2b, 0x27, 0x2b, 0x27, 0x2b, 0x27, 0x2b, 0x27, 0x2b, 0x27, 0x2b, 0x27, 0x2b, 0x27, 0x2b, 0x27, 0x2b, 0x27, 0x2b, 0x27, 0x2b, 0x27, 0x2b,
    0x6b, 0x55, 0x6b, 0x55, 0x6b, 0x55, 0x6b, 0x55, 0x6b, 0x55, 0x6b, 0x55, 0x6b, 0x55, 0x6b, 0x55, 0x6b, 0x55, 0x6b, 0x55, 0xf5, 0xee, 0xf5, 0xee,
    0xf5, 0xee, 0xf5, 0xee, 0xf5, 0xee, 0xf5, 0xee, 0xf5, 0xee, 0xf5, 0xee, 0xf5, 0xee, 0xf5, 0xee, 0xf5, 0xee, 0xf5, 0xee, 0xf5, 0xee, 0xf5, 0xee,
    0xf5, 0xee, 0xf5, 0xee, 0xf5, 0xee, 0xf5, 0xee, 0x6b, 0x55, 0x6b, 0x55, 0x6b, 0x55, 0x6b, 0x55, 0x27, 0x2b, 0x27, 0x2b, 0x27, 0x2b, 0x27, 0x2b,
    0x03, 0x11, 0x03, 0x11, 0x03, 0x11, 0x03, 0x11, 0x03, 0x11, 0x03, 0x11, 0x03, 0x11, 0x03, 0x11, 0x03, 0x11, 0x03, 0x11, 0x03, 0x11, 0x03, 0x11,
    0x03, 0x11, 0x03, 0x11, 0x03, 0x11, 0x03, 0x11, 0x03, 0x11, 0x03, 0x11, 0x03, 0x11, 0x03, 0x11, 0x03, 0x11, 0x03, 0x11, 0x03, 0x11, 0x03, 0x11,
    0x03, 0x11, 0x03, 0x11, 0x03, 0x11, 0x03, 0x11, 0x03, 0x11, 0x03, 0x11, 0x27, 0x2b, 0x27, 0x2b, 0x27, 0x2b, 0x27, 0x2b, 0x27, 0x2b, 0x27, 0x2b,
    0x27, 0x2b, 0x27, 0x2b, 0x27, 0x2b, 0x27, 0x2b, 0x27, 0x2b, 0x27, 0x2b, 0x27, 0x2b, 0x27, 0x2b, 0x6b, 0x55, 0x6b, 0x55, 0x6b, 0x55, 0x6b, 0x55,
    0x6b, 0x55, 0x6b, 0x55, 0x6b, 0x55, 0x6b, 0x55, 0x6b, 0x55, 0x6b, 0x55, 0xf5, 0xee, 0xf5, 0xee, 0xf5, 0xee, 0xf5, 0xee, 0xf5, 0xee, 0xf5, 0xee,
    0xf5, 0xee, 0xf5, 0xee, 0xf5, 0xee, 0xf5, 0xee, 0xf5, 0xee, 0xf5, 0xee, 0xf5, 0xee, 0xf5, 0xee, 0xf5, 0xee, 0xf5, 0xee, 0xf5, 0xee, 0xf5, 0xee,
    0x6b, 0x55, 0x6b, 0x55, 0x6b, 0x55, 0x6b, 0x55, 0x27, 0x2b, 0x27, 0x2b, 0x27, 0x2b, 0x27, 0x2b, 0x03, 0x11, 0x03, 0x11, 0x03, 0x11, 0x03, 0x11,
    0x03, 0x11, 0x03, 0x11, 0x03, 0x11, 0x03, 0x11, 0x03, 0x11, 0x03, 0x11, 0x03, 0x11, 0x03, 0x11, 0x03, 0x11, 0x03, 0x11, 0x03, 0x11, 0x03, 0x11,
    0x03, 0x11, 0x03, 0x11, 0x03, 0x11, 0x03, 0x11, 0x03, 0x11, 0x03, 0x11, 0x03, 0x11, 0x03, 0x11, 0x03, 0x11, 0x03, 0x11, 0x03, 0x11, 0x03, 0x11,
    0x03, 0x11, 0x03, 0x11, 0x03, 0x11, 0x03, 0x11, 0x03, 0x11, 0x03, 0x11, 0x03, 0x11, 0x03, 0x11, 0x27, 0x2b, 0x27, 0x2b, 0x27, 0x2b, 0x27, 0x2b,
    0x27, 0x2b, 0x27, 0x2b, 0x27, 0x2b, 0x27, 0x2b, 0x6b, 0x55, 0x6b, 0x55, 0x6b, 0x55, 0x6b, 0x55, 0x6b, 0x55, 0x6b, 0x55, 0x6b, 0x55, 0x6b, 0x55,
    0x6b, 0x55, 0x6b, 0x55, 0xf5, 0xee, 0xf5, 0xee, 0xf5, 0xee, 0xf5, 0xee, 0xf5, 0xee, 0xf5, 0xee, 0xf5, 0xee, 0xf5, 0xee, 0xf5, 0xee, 0xf5, 0xee,
    0xf5, 0xee, 0xf5, 0xee, 0xf5, 0xee, 0xf5, 0xee, 0xf5, 0xee, 0xf5, 0xee, 0xf5, 0xee, 0xf5, 0xee, 0x6b, 0x55, 0x6b, 0x55, 0x6b, 0x55, 0x6b, 0x55,
    0x27, 0x2b, 0x27, 0x2b, 0x27, 0x2b, 0x27, 0x2b, 0x03, 0x11, 0x03, 0x11, 0x03, 0x11, 0x03, 0x11, 0x03, 0x11, 0x03, 0x11, 0x03, 0x11, 0x03, 0x11,
    0x03, 0x11, 0x03, 0x11, 0x03, 0x11, 0x03, 0x11, 0x03, 0x11, 0x03, 0x11, 0x03, 0x11, 0x03, 0x11, 0x03, 0x11, 0x03, 0x11, 0x03, 0x11, 0x03, 0x11,
    0x03, 0x11, 0x03, 0x11, 0x03, 0x11, 0x03, 0x11, 0x03, 0x11, 0x03, 0x11, 0x03, 0x11, 0x03, 0x11, 0x03, 0x11, 0x03, 0x11, 0x03, 0x11, 0x03, 0x11,
    0x03, 0x11, 0x03, 0x11, 0x03, 0x11, 0x03, 0x11, 0x27, 0x2b, 0x27, 0x2b, 0x27, 0x2b, 0x27, 0x2b, 0x27, 0x2b, 0x27, 0x2b, 0x27, 0x2b, 0x27, 0x2b,
    0x6b, 0x55, 0x6b, 0x55, 0x6b, 0x55, 0x6b, 0x55, 0x6b, 0x55, 0x6b, 0x55, 0x6b, 0x55, 0x6b, 0x55, 0x6b, 0x55, 0x6b, 0x55, 0xf5, 0xee, 0xf5, 0xee,
    0xf5, 0xee, 0xf5, 0xee, 0xf5, 0xee, 0xf5, 0xee, 0xf5, 0xee, 0xf5, 0xee, 0xf5, 0xee, 0xf5, 0xee, 0xf5, 0xee, 0xf5, 0xee, 0xf5, 0xee, 0xf5, 0xee,
    0xf5, 0xee, 0xf5, 0xee, 0xf5, 0xee, 0xf5, 0xee, 0x6b, 0x55, 0x6b, 0x55, 0x6b, 0x55, 0x6b, 0x55, 0x27, 0x2b, 0x27, 0x2b, 0x27, 0x2b, 0x27, 0x2b,
    0x03, 0x11, 0x03, 0x11, 0x03, 0x11, 0x03, 0x11, 0x03, 0x11, 0x03, 0x11, 0x03, 0x11, 0x03, 0x11, 0x03, 0x11, 0x03, 0x11, 0x03, 0x11, 0x03, 0x11,
    0x03, 0x11, 0x03, 0x11, 0x03, 0x11, 0x03, 0x11, 0x03, 0x11, 0x03, 0x11, 0x03, 0x11, 0x03, 0x11, 0x03, 0x11, 0x03, 0x11, 0x03, 0x11, 0x03, 0x11,
    0x03, 0x11, 0x03, 0x11, 0x03, 0x11, 0x03, 0x11, 0x03, 0x11, 0x03, 0x11, 0x03, 0x11, 0x03, 0x11, 0x03, 0x11, 0x03, 0x11, 0x03, 0x11, 0x03, 0x11,
    0x03, 0x11, 0x03, 0x11, 0x03, 0x11, 0x03, 0x11, 0x27, 0x2b, 0x27, 0x2b, 0x27, 0x2b, 0x27, 0x2b, 0x27, 0x2b, 0x27, 0x2b, 0x27, 0x2b, 0x27, 0x2b,
    0x27, 0x2b, 0x27, 0x2b, 0x27, 0x2b, 0x27, 0x2b, 0x27, 0x2b, 0x27, 0x2b, 0x27, 0x2b, 0x27, 0x2b, 0xf5, 0xee, 0xf5, 0xee, 0xf5, 0xee, 0xf5, 0xee,
    0xf5, 0xee, 0xf5, 0xee, 0xf5, 0xee, 0xf5, 0xee, 0xf5, 0xee, 0xf5, 0xee, 0xf5, 0xee, 0xf5, 0xee, 0x27, 0x2b, 0x27, 0x2b, 0x27, 0x2b, 0x27, 0x2b,
    0x27, 0x2b, 0x27, 0x2b, 0x27, 0x2b, 0x27, 0x2b, 0x27, 0x2b, 0x27, 0x2b, 0x27, 0x2b, 0x27, 0x2b, 0x27, 0x2b, 0x27, 0x2b, 0x27, 0x2b, 0x27, 0x2b,
    0x03, 0x11, 0x03, 0x11, 0x03, 0x11, 0x03, 0x11, 0x03, 0x11, 0x03, 0x11, 0x03, 0x11, 0x03, 0x11, 0x03, 0x11, 0x03, 0x11, 0x03, 0x11, 0x03, 0x11,
    0x03, 0x11, 0x03, 0x11, 0x03, 0x11, 0x03, 0x11, 0x03, 0x11, 0x03, 0x11, 0x03, 0x11, 0x03, 0x11, 0x03, 0x11, 0x03, 0x11, 0x03, 0x11, 0x03, 0x11,
    0x03, 0x11, 0x03, 0x11, 0x03, 0x11, 0x03, 0x11, 0x03, 0x11, 0x03, 0x11, 0x03, 0x11, 0x03, 0x11, 0x03, 0x11, 0x03, 0x11, 0x03, 0x11, 0x03, 0x11,
    0x27, 0x2b, 0x27, 0x2b, 0x27, 0x2b, 0x27, 0x2b, 0x27, 0x2b, 0x27, 0x2b, 0x27, 0x2b, 0x27, 0x2b, 0x27, 0x2b, 0x27, 0x2b, 0x27, 0x2b, 0x27, 0x2b,
    0x27, 0x2b, 0x27, 0x2b, 0x27, 0x2b, 0x27, 0x2b, 0xf5, 0xee, 0xf5, 0xee, 0xf5, 0xee, 0xf5, 0xee, 0xf5, 0xee, 0xf5, 0xee, 0xf5, 0xee, 0xf5, 0xee,
    0xf5, 0xee, 0xf5, 0xee, 0xf5, 0xee, 0xf5, 0xee, 0x27, 0x2b, 0x27, 0x2b, 0x27, 0x2b, 0x27, 0x2b, 0x27, 0x2b, 0x27, 0x2b, 0x27, 0x2b, 0x27, 0x2b,
    0x27, 0x2b, 0x27, 0x2b, 0x27, 0x2b, 0x27, 0x2b, 0x27, 0x2b, 0x27, 0x2b, 0x27, 0x2b, 0x27, 0x2b, 0x03, 0x11, 0x03, 0x11, 0x03, 0x11, 0x03, 0x11,
    0x03, 0x11, 0x03, 0x11, 0x03, 0x11, 0x03, 0x11, 0x03, 0x11, 0x03, 0x11, 0x03, 0x11, 0x03, 0x11, 0x03, 0x11, 0x03, 0x11, 0x03, 0x11, 0x03, 0x11,
    0x03, 0x11, 0x03, 0x11, 0x03, 0x11, 0x03, 0x11, 0x03, 0x11, 0x03, 0x11, 0x03, 0x11, 0x03, 0x11, 0x03, 0x11, 0x03, 0x11, 0x03, 0x11, 0x03, 0x11,
    0x03, 0x11, 0x03, 0x11, 0x03, 0x11, 0x03, 0x11, 0x03, 0x11, 0x03, 0x11, 0x03, 0x11, 0x03, 0x11, 0x27, 0x2b, 0x27, 0x2b, 0x27, 0x2b, 0x27, 0x2b,
    0x27, 0x2b, 0x27, 0x2b, 0x27, 0x2b, 0x27, 0x2b, 0x27, 0x2b, 0x27, 0x2b, 0x27, 0x2b, 0x27, 0x2b, 0x27, 0x2b, 0x27, 0x2b, 0x27, 0x2b, 0x27, 0x2b,
    0x27, 0x2b, 0x27, 0x2b, 0x27, 0x2b, 0x27, 0x2b, 0x27, 0x2b, 0x27, 0x2b, 0x27, 0x2b, 0x27, 0x2b, 0x27, 0x2b, 0x27, 0x2b, 0x27, 0x2b, 0x27, 0x2b,
    0x27, 0x2b, 0x27, 0x2b, 0x27, 0x2b, 0x27, 0x2b, 0x27, 0x2b, 0x27, 0x2b, 0x27, 0x2b, 0x27, 0x2b, 0x27, 0x2b, 0x27, 0x2b, 0x27, 0x2b, 0x27, 0x2b,
    0x27, 0x2b, 0x27, 0x2b, 0x27, 0x2b, 0x27, 0x2b, 0x03, 0x11, 0x03, 0x11, 0x03, 0x11, 0x03, 0x11, 0x03, 0x11, 0x03, 0x11, 0x03, 0x11, 0x03, 0x11,
    0x03, 0x11, 0x03, 0x11, 0x03, 0x11, 0x03, 0x11, 0x03, 0x11, 0x03, 0x11, 0x03, 0x11, 0x03, 0x11, 0x03, 0x11, 0x03, 0x11, 0x03, 0x11, 0x03, 0x11,
    0x03, 0x11, 0x03, 0x11, 0x03, 0x11, 0x03, 0x11, 0x03, 0x11, 0x03, 0x11, 0x03, 0x11, 0x03, 0x11, 0x03, 0x11, 0x03, 0x11, 0x03, 0x11, 0x03, 0x11,
    0x03, 0x11, 0x03, 0x11, 0x03, 0x11, 0x03, 0x11, 0x27, 0x2b, 0x27, 0x2b, 0x27, 0x2b, 0x27, 0x2b, 0x27, 0x2b, 0x27, 0x2b, 0x27, 0x2b, 0x27, 0x2b,
    0x27, 0x2b, 0x27, 0x2b, 0x27, 0x2b, 0x27, 0x2b, 0x27, 0x2b, 0x27, 0x2b, 0x27, 0x2b, 0x27, 0x2b, 0x27, 0x2b, 0x27, 0x2b, 0x27, 0x2b, 0x27, 0x2b,
    0x27, 0x2b, 0x27, 0x2b, 0x27, 0x2b, 0x27, 0x2b, 0x27, 0x2b, 0x27, 0x2b, 0x27, 0x2b, 0x27, 0x2b, 0x27, 0x2b, 0x27, 0x2b, 0x27, 0x2b, 0x27, 0x2b,
    0x27, 0x2b, 0x27, 0x2b, 0x27, 0x2b, 0x27, 0x2b, 0x27, 0x2b, 0x27, 0x2b, 0x27, 0x2b, 0x27, 0x2b, 0x27, 0x2b, 0x27, 0x2b, 0x27, 0x2b, 0x27, 0x2b,
    0x03, 0x11, 0x03, 0x11, 0x03, 0x11, 0x03, 0x11, 0x03, 0x11, 0x03, 0x11, 0x03, 0x11, 0x03, 0x11, 0x03, 0x11, 0x03, 0x11, 0x03, 0x11, 0x03, 0x11,
    0x03, 0x11, 0x03, 0x11, 0x03, 0x11, 0x03, 0x11, 0x03, 0x11, 0x03, 0x11, 0x03, 0x11, 0x03, 0x11, 0x03, 0x11, 0x03, 0x11, 0x03, 0x11, 0x03, 0x11,
    0x03, 0x11, 0x03, 0x11, 0x03, 0x11, 0x03, 0x11, 0x03, 0x11, 0x03, 0x11, 0x03, 0x11, 0x03, 0x11, 0x03, 0x11, 0x03, 0x11, 0x03, 0x11, 0x03, 0x11,
    0x27, 0x2b, 0x27, 0x2b, 0x27, 0x2b, 0x27, 0x2b, 0x27, 0x2b, 0x27, 0x2b, 0x27, 0x2b, 0x27, 0x2b, 0x27, 0x2b, 0x27, 0x2b, 0x27, 0x2b, 0x27, 0x2b,
    0x27, 0x2b, 0x27, 0x2b, 0x27, 0x2b, 0x27, 0x2b, 0x03, 0x11, 0x03, 0x11, 0x03, 0x11, 0x03, 0x11, 0x03, 0x11, 0x03, 0x11, 0x03, 0x11, 0x03, 0x11,
    0x03, 0x11, 0x03, 0x11, 0x03, 0x11, 0x03, 0x11, 0x27, 0x2b, 0x27, 0x2b, 0x27, 0x2b, 0x27, 0x2b, 0x27, 0x2b, 0x27, 0x2b, 0x27, 0x2b, 0x27, 0x2b,
    0x27, 0x2b, 0x27, 0x2b, 0x27, 0x2b, 0x27, 0x2b, 0x27, 0x2b, 0x27, 0x2b, 0x27, 0x2b, 0x27, 0x2b, 0x03, 0x11, 0x03, 0x11, 0x03, 0x11, 0x03, 0x11,
    0x03, 0x11, 0x03, 0x11, 0x03, 0x11, 0x03, 0x11, 0x03, 0x11, 0x03, 0x11, 0x03, 0x11, 0x03, 0x11, 0x03, 0x11, 0x03, 0x11, 0x03, 0x11, 0x03, 0x11,
    0x03, 0x11, 0x03, 0x11, 0x03, 0x11, 0x03, 0x11, 0x03, 0x11, 0x03, 0x11, 0x03, 0x11, 0x03, 0x11, 0x03, 0x11, 0x03, 0x11, 0x03, 0x11, 0x03, 0x11,
    0x03, 0x11, 0x03, 0x11, 0x03, 0x11, 0x03, 0x11, 0x03, 0x11, 0x03, 0x11, 0x03, 0x11, 0x03, 0x11, 0x27, 0x2b, 0x27, 0x2b, 0x27, 0x2b, 0x27, 0x2b,
    0x27, 0x2b, 0x27, 0x2b, 0x27, 0x2b, 0x27, 0x2b, 0x27, 0x2b, 0x27, 0x2b, 0x27, 0x2b, 0x27, 0x2b, 0x27, 0x2b, 0x27, 0x2b, 0x27, 0x2b, 0x27, 0x2b,
    0x03, 0x11, 0x03, 0x11, 0x03, 0x11, 0x03, 0x11, 0x03, 0x11, 0x03, 0x11, 0x03, 0x11, 0x03, 0x11, 0x03, 0x11, 0x03, 0x11, 0x03, 0x11, 0x03, 0x11,
    0x27, 0x2b, 0x27, 0x2b, 0x27, 0x2b, 0x27, 0x2b, 0x27, 0x2b, 0x27, 0x2b, 0x27, 0x2b, 0x27, 0x2b, 0x27, 0x2b, 0x27, 0x2b, 0x27, 0x2b, 0x27, 0x2b,
    0x27, 0x2b, 0x27, 0x2b, 0x27, 0x2b, 0x27, 0x2b, 0x03, 0x11, 0x03, 0x11, 0x03, 0x11, 0x03, 0x11, 0x03, 0x11, 0x03, 0x11, 0x03, 0x11, 0x03, 0x11,
    0x03, 0x11, 0x03, 0x11, 0x03, 0x11, 0x03, 0x11, 0x03, 0x11, 0x03, 0x11, 0x03, 0x11, 0x03, 0x11, 0x03, 0x11, 0x03, 0x11, 0x03, 0x11, 0x03, 0x11,
    0x03, 0x11, 0x03, 0x11, 0x03, 0x11, 0x03, 0x11, 0x03, 0x11, 0x03, 0x11, 0x03, 0x11, 0x03, 0x11, 0x03, 0x11, 0x03, 0x11, 0x03, 0x11, 0x03, 0x11,
    0x03, 0x11, 0x03, 0x11, 0x03, 0x11, 0x03, 0x11, 0x27, 0x2b, 0x27, 0x2b, 0x27, 0x2b, 0x27, 0x2b, 0x27, 0x2b, 0x27, 0x2b, 0x27, 0x2b, 0x27, 0x2b,
    0x27, 0x2b, 0x27, 0x2b, 0x27, 0x2b, 0x27, 0x2b, 0x27, 0x2b, 0x27, 0x2b, 0x27, 0x2b, 0x27, 0x2b, 0x03, 0x11, 0x03, 0x11, 0x03, 0x11, 0x03, 0x11,
    0x03, 0x11, 0x03, 0x11, 0x03, 0x11, 0x03, 0x11, 0x03, 0x11, 0x03, 0x11, 0x03, 0x11, 0x03, 0x11, 0x27, 0x2b, 0x27, 0x2b, 0x27, 0x2b, 0x27, 0x2b,
    0x27, 0x2b, 0x27, 0x2b, 0x27, 0x2b, 0x27, 0x2b, 0x27, 0x2b, 0x27, 0x2b, 0x27, 0x2b, 0x27, 0x2b, 0x27, 0x2b, 0x27, 0x2b, 0x27, 0x2b, 0x27, 0x2b,
    0x03, 0x11, 0x03, 0x11, 0x03, 0x11, 0x03, 0x11, 0x03, 0x11, 0x03, 0x11, 0x03, 0x11, 0x03, 0x11, 0x03, 0x11, 0x03, 0x11, 0x03, 0x11, 0x03, 0x11,
    0x03, 0x11, 0x03, 0x11, 0x03, 0x11, 0x03, 0x11, 0x03, 0x11, 0x03, 0x11, 0x03, 0x11, 0x03, 0x11, 0x03, 0x11, 0x03, 0x11, 0x03, 0x11, 0x03, 0x11,
    0x03, 0x11, 0x03, 0x11, 0x03, 0x11, 0x03, 0x11, 0x03, 0x11, 0x03, 0x11, 0x03, 0x11, 0x03, 0x11, 0x03, 0x11, 0x03, 0x11, 0x03, 0x11, 0x03, 0x11,
    0x27, 0x2b, 0x27, 0x2b, 0x27, 0x2b, 0x27, 0x2b, 0x27, 0x2b, 0x27, 0x2b, 0x27, 0x2b, 0x27, 0x2b, 0x27, 0x2b, 0x27, 0x2b, 0x27, 0x2b, 0x27, 0x2b,
    0x27, 0x2b, 0x27, 0x2b, 0x27, 0x2b, 0x27, 0x2b, 0x03, 0x11, 0x03, 0x11, 0x03, 0x11, 0x03, 0x11, 0x03, 0x11, 0x03, 0x11, 0x03, 0x11, 0x03, 0x11,
    0x03, 0x11, 0x03, 0x11, 0x03, 0x11, 0x03, 0x11, 0x27, 0x2b, 0x27, 0x2b, 0x27, 0x2b, 0x27, 0x2b, 0x27, 0x2b, 0x27, 0x2b, 0x27, 0x2b, 0x27, 0x2b,
    0x27, 0x2b, 0x27, 0x2b, 0x27, 0x2b, 0x27, 0x2b, 0x27, 0x2b, 0x27, 0x2b, 0x27, 0x2b, 0x27, 0x2b, 0x03, 0x11, 0x03, 0x11, 0x03, 0x11, 0x03, 0x11,
    0x03, 0x11, 0x03, 0x11, 0x03, 0x11, 0x03, 0x11, 0x03, 0x11, 0x03, 0x11, 0x03, 0x11, 0x03, 0x11, 0x03, 0x11, 0x03, 0x11, 0x03, 0x11, 0x03, 0x11,
    0x03, 0x11, 0x03, 0x11, 0x03, 0x11, 0x03, 0x11, 0x03, 0x11, 0x03, 0x11, 0x03, 0x11, 0x03, 0x11, 0x03, 0x11, 0x03, 0x11, 0x03, 0x11, 0x03, 0x11,
    0x03, 0x11, 0x03, 0x11, 0x03, 0x11, 0x03, 0x11, 0x03, 0x11, 0x03, 0x11, 0x03, 0x11, 0x03, 0x11, 0x03, 0x11, 0x03, 0x11, 0x03, 0x11, 0x03, 0x11,
    0x03, 0x11, 0x03, 0x11, 0x03, 0x11, 0x03, 0x11, 0x03, 0x11, 0x03, 0x11, 0x03, 0x11, 0x03, 0x11, 0x03, 0x11, 0x03, 0x11, 0x03, 0x11, 0x03, 0x11,
    0x03, 0x11, 0x03, 0x11, 0x03, 0x11, 0x03, 0x11, 0x03, 0x11, 0x03, 0x11, 0x03, 0x11, 0x03, 0x11, 0x03, 0x11, 0x03, 0x11, 0x03, 0x11, 0x03, 0x11,
    0x03, 0x11, 0x03, 0x11, 0x03, 0x11, 0x03, 0x11, 0x03, 0x11, 0x03, 0x11, 0x03, 0x11, 0x03, 0x11, 0x03, 0x11, 0x03, 0x11, 0x03, 0x11, 0x03, 0x11,
    0x03, 0x11, 0x03, 0x11, 0x03, 0x11, 0x03, 0x11, 0x03, 0x11, 0x03, 0x11, 0x03, 0x11, 0x03, 0x11, 0x03, 0x11, 0x03, 0x11, 0x03, 0x11, 0x03, 0x11,
    0x03, 0x11, 0x03, 0x11, 0x03, 0x11, 0x03, 0x11, 0x03, 0x11, 0x03, 0x11, 0x03, 0x11, 0x03, 0x11, 0x03, 0x11, 0x03, 0x11, 0x03, 0x11, 0x03, 0x11,
    0x03, 0x11, 0x03, 0x11, 0x03, 0x11, 0x03, 0x11, 0x03, 0x11, 0x03, 0x11, 0x03, 0x11, 0x03, 0x11, 0x03, 0x11, 0x03, 0x11, 0x03, 0x11, 0x03, 0x11,
    0x03, 0x11, 0x03, 0x11, 0x03, 0x11, 0x03, 0x11, 0x03, 0x11, 0x03, 0x11, 0x03, 0x11, 0x03, 0x11, 0x03, 0x11, 0x03, 0x11, 0x03, 0x11, 0x03, 0x11,
    0x03, 0x11, 0x03, 0x11, 0x03, 0x11, 0x03, 0x11, 0x03, 0x11, 0x03, 0x11, 0x03, 0x11, 0x03, 0x11, 0x03, 0x11, 0x03, 0x11, 0x03, 0x11, 0x03, 0x11,
    0x03, 0x11, 0x03, 0x11, 0x03, 0x11, 0x03, 0x11, 0x03, 0x11, 0x03, 0x11, 0x03, 0x11, 0x03, 0x11, 0x03, 0x11, 0x03, 0x11, 0x03, 0x11, 0x03, 0x11,
    0x03, 0x11, 0x03, 0x11, 0x03, 0x11, 0x03, 0x11, 0x03, 0x11, 0x03, 0x11, 0x03, 0x11, 0x03, 0x11, 0x03, 0x11, 0x03, 0x11, 0x03, 0x11, 0x03, 0x11,
    0x03, 0x11, 0x03, 0x11, 0x03, 0x11, 0x03, 0x11, 0x03, 0x11, 0x03, 0x11, 0x03, 0x11, 0x03, 0x11, 0x03, 0x11, 0x03, 0x11, 0x03, 0x11, 0x03, 0x11,
    0x03, 0x11, 0x03, 0x11, 0x03, 0x11, 0x03, 0x11, 0x03, 0x11, 0x03, 0x11, 0x03, 0x11, 0x03, 0x11, 0x03, 0x11, 0x03, 0x11, 0x03, 0x11, 0x03, 0x11,
    0x03, 0x11, 0x03, 0x11, 0x03, 0x11, 0x03, 0x11, 0x03, 0x11, 0x03, 0x11, 0x03, 0x11, 0x03, 0x11, 0x03, 0x11, 0x03, 0x11, 0x03, 0x11, 0x03, 0x11,
    0x03, 0x11, 0x03, 0x11, 0x03, 0x11, 0x03, 0x11, 0x03, 0x11, 0x03, 0x11, 0x03, 0x11, 0x03, 0x11, 0x03, 0x11, 0x03, 0x11, 0x03, 0x11, 0x03, 0x11,
    0x03, 0x11, 0x03, 0x11, 0x03, 0x11, 0x03, 0x11, 0x03, 0x11, 0x03, 0x11, 0x03, 0x11, 0x03, 0x11, 0x03, 0x11, 0x03, 0x11, 0x03, 0x11, 0x03, 0x11,
    0x03, 0x11, 0x03, 0x11, 0x03, 0x11, 0x03, 0x11, 0x03, 0x11, 0x03, 0x11, 0x03, 0x11, 0x03, 0x11, 0x03, 0x11, 0x03, 0x11, 0x03, 0x11, 0x03, 0x11,
    0x03, 0x11, 0x03, 0x11, 0x03, 0x11, 0x03, 0x11, 0x03, 0x11, 0x03, 0x11, 0x03, 0x11, 0x03, 0x11, 0x03, 0x11, 0x03, 0x11, 0x03, 0x11, 0x03, 0x11,
    0x03, 0x11, 0x03, 0x11, 0x03, 0x11, 0x03, 0x11, 0x03, 0x11, 0x03, 0x11, 0x03, 0x11, 0x03, 0x11, 0x03, 0x11, 0x03, 0x11, 0x03, 0x11, 0x03, 0x11,
    0x03, 0x11, 0x03, 0x11, 0x03, 0x11, 0x03, 0x11, 0x03, 0x11, 0x03, 0x11, 0x03, 0x11, 0x03, 0x11, 0x03, 0x11, 0x03, 0x11, 0x03, 0x11, 0x03, 0x11,
    0x03, 0x11, 0x03, 0x11, 0x03, 0x11, 0x03, 0x11, 0x03, 0x11, 0x03, 0x11, 0x03, 0x11, 0x03, 0x11, 0x03, 0x11, 0x03, 0x11, 0x03, 0x11, 0x03, 0x11,
    0x03, 0x11, 0x03, 0x11, 0x03, 0x11, 0x03, 0x11, 0x03, 0x11, 0x03, 0x11, 0x03, 0x11, 0x03, 0x11, 0x03, 0x11, 0x03, 0x11, 0x03, 0x11, 0x03, 0x11,
    0x03, 0x11, 0x03, 0x11, 0x03, 0x11, 0x03, 0x11, 0x03, 0x11, 0x03, 0x11, 0x03, 0x11, 0x03, 0x11, 0x03, 0x11, 0x03, 0x11, 0x03, 0x11, 0x03, 0x11,
    0x03, 0x11, 0x03, 0x11, 0x03, 0x11, 0x03, 0x11, 0x03, 0x11, 0x03, 0x11, 0x03, 0x11, 0x03, 0x11, 0x03, 0x11, 0x03, 0x11, 0x03, 0x11, 0x03, 0x11,
    0x03, 0x11, 0x03, 0x11, 0x03, 0x11, 0x03, 0x11, 0x03, 0x11, 0x03, 0x11, 0x03, 0x11, 0x03, 0x11, 0x03, 0x11, 0x03, 0x11, 0x03, 0x11, 0x03, 0x11,
    0x03, 0x11, 0x03, 0x11, 0x03, 0x11, 0x03, 0x11, 0x03, 0x11, 0x03, 0x11, 0x03, 0x11, 0x03, 0x11, 0x03, 0x11, 0x03, 0x11, 0x03, 0x11, 0x03, 0x11,
    0x03, 0x11, 0x03, 0x11, 0x03, 0x11, 0x03, 0x11, 0x03, 0x11, 0x03, 0x11, 0x03, 0x11, 0x03, 0x11, 0x03, 0x11, 0x03, 0x11, 0x03, 0x11, 0x03, 0x11,
    0x03, 0x11, 0x03, 0x11, 0x03, 0x11, 0x03, 0x11, 0x03, 0x11, 0x03, 0x11, 0x03, 0x11, 0x03, 0x11, 0x03, 0x11, 0x03, 0x11, 0x03, 0x11, 0x03, 0x11,
    0x03, 0x11, 0x03, 0x11, 0x03, 0x11, 0x03, 0x11, 0x03, 0x11, 0x03, 0x11, 0x03, 0x11, 0x03, 0x11, 0x03, 0x11, 0x03, 0x11, 0x03, 0x11, 0x03, 0x11,
    0x03, 0x11, 0x03, 0x11, 0x03, 0x11, 0x03, 0x11, 0x03, 0x11, 0x03, 0x11, 0x03, 0x11, 0x03, 0x11, 0x03, 0x11, 0x03, 0x11, 0x03, 0x11, 0x03, 0x11,
    0x03, 0x11, 0x03, 0x11, 0x03, 0x11, 0x03, 0x11, 0x03, 0x11, 0x03, 0x11, 0x03, 0x11, 0x03, 0x11, 0x03, 0x11, 0x03, 0x11, 0x03, 0x11, 0x03, 0x11,
    0x03, 0x11, 0x03, 0x11, 0x03, 0x11, 0x03, 0x11, 0x03, 0x11, 0x03, 0x11, 0x03, 0x11, 0x03, 0x11, 0x03, 0x11, 0x03, 0x11, 0x03, 0x11, 0x03, 0x11,
    0x03, 0x11, 0x03, 0x11, 0x03, 0x11, 0x03, 0x11, 0x03, 0x11, 0x03, 0x11, 0x03, 0x11, 0x03, 0x11, 0x03, 0x11, 0x03, 0x11, 0x03, 0x11, 0x03, 0x11,
    0x03, 0x11, 0x03, 0x11, 0x03, 0x11, 0x03, 0x11, 0x03, 0x11, 0x03, 0x11, 0x03, 0x11, 0x03, 0x11, 0x03, 0x11, 0x03, 0x11, 0x03, 0x11, 0x03, 0x11,
    0x03, 0x11, 0x03, 0x11, 0x03, 0x11, 0x03, 0x11, 0x03, 0x11, 0x03, 0x11, 0x03, 0x11, 0x03, 0x11, 0x03, 0x11, 0x03, 0x11, 0x03, 0x11, 0x03, 0x11,
    0x03, 0x11, 0x03, 0x11, 0x03, 0x11, 0x03, 0x11, 0x03, 0x11, 0x03, 0x11, 0x03, 0x11, 0x03, 0x11, 0x03, 0x11, 0x03, 0x11, 0x03, 0x11, 0x03, 0x11,
    0x03, 0x11, 0x03, 0x11, 0x03, 0x11, 0x03, 0x11, 0x03, 0x11, 0x03, 0x11, 0x03, 0x11, 0x03, 0x11, 0x03, 0x11, 0x03, 0x11, 0x03, 0x11, 0x03, 0x11,
    0x03, 0x11, 0x03, 0x11, 0x03, 0x11, 0x03, 0x11, 0x03, 0x11, 0x03, 0x11, 0x03, 0x11, 0x03, 0x11, 0x03, 0x11, 0x03, 0x11, 0x03, 0x11, 0x03, 0x11,
    0x03, 0x11, 0x03, 0x11, 0x03, 0x11, 0x03, 0x11, 0x03, 0x11, 0x03, 0x11, 0x03, 0x11, 0x03, 0x11, 0x03, 0x11, 0x03, 0x11, 0x03, 0x11, 0x03, 0x11,
    0x03, 0x11, 0x03, 0x11, 0x03, 0x11, 0x03, 0x11, 0x03, 0x11, 0x03, 0x11, 0x03, 0x11, 0x03, 0x11, 0x03, 0x11, 0x03, 0x11, 0x03, 0x11, 0x03, 0x11,
    0x03, 0x11, 0x03, 0x11, 0x03, 0x11, 0x03, 0x11, 0x03, 0x11, 0x03, 0x11, 0x03, 0x11, 0x03, 0x11, 0x03, 0x11, 0x03, 0x11, 0x03, 0x11, 0x03, 0x11,
    0x03, 0x11, 0x03, 0x11, 0x03, 0x11, 0x03, 0x11, 0x03, 0x11, 0x03, 0x11, 0x03, 0x11, 0x03, 0x11, 0x03, 0x11, 0x03, 0x11, 0x03, 0x11, 0x03, 0x11,
    0x03, 0x11, 0x03, 0x11, 0x03, 0x11, 0x03, 0x11, 0x03, 0x11, 0x03, 0x11, 0x03, 0x11, 0x03, 0x11, 0x03, 0x11, 0x03, 0x11, 0x03, 0x11, 0x03, 0x11,
    0x03, 0x11, 0x03, 0x11, 0x03, 0x11, 0x03, 0x11, 0x03, 0x11, 0x03, 0x11, 0x03, 0x11, 0x03, 0x11, 0x03, 0x11, 0x03, 0x11, 0x03, 0x11, 0x03, 0x11,
    0x03, 0x11, 0x03, 0x11, 0x03, 0x11, 0x03, 0x11, 0x03, 0x11, 0x03, 0x11, 0x03, 0x11, 0x03, 0x11, 0x03, 0x11, 0x03, 0x11, 0x03, 0x11, 0x03, 0x11,
    0x03, 0x11, 0x03, 0x11, 0x03, 0x11, 0x03, 0x11, 0x03, 0x11, 0x03, 0x11, 0x03, 0x11, 0x03, 0x11, 0x03, 0x11, 0x03, 0x11, 0x03, 0x11, 0x03, 0x11,
    0x03, 0x11, 0x03, 0x11, 0x03, 0x11, 0x03, 0x11, 0x03, 0x11, 0x03, 0x11, 0x03, 0x11, 0x03, 0x11, 0x03, 0x11, 0x03, 0x11, 0x03, 0x11, 0x03, 0x11,
    0x03, 0x11, 0x03, 0x11, 0x03, 0x11, 0x03, 0x11, 0x03, 0x11, 0x03, 0x11, 0x03, 0x11, 0x03, 0x11, 0x03, 0x11, 0x03, 0x11, 0x03, 0x11, 0x03, 0x11,
    0x03, 0x11, 0x03, 0x11, 0x03, 0x11, 0x03, 0x11, 0x03, 0x11, 0x03, 0x11, 0x03, 0x11, 0x03, 0x11, 0x03, 0x11, 0x03, 0x11, 0x03, 0x11, 0x03, 0x11,
    0x03, 0x11, 0x03, 0x11, 0x03, 0x11, 0x03, 0x11, 0x03, 0x11, 0x03, 0x11, 0x03, 0x11, 0x03, 0x11, 0x03, 0x11, 0x03, 0x11, 0x03, 0x11, 0x03, 0x11,
    0x03, 0x11, 0x03, 0x11, 0x03, 0x11, 0x03, 0x11, 0x03, 0x11, 0x03, 0x11, 0x03, 0x11, 0x03, 0x11, 0x03, 0x11, 0x03, 0x11, 0x03, 0x11, 0x03, 0x11,
    0x03, 0x11, 0x03, 0x11, 0x03, 0x11, 0x03, 0x11, 0x03, 0x11, 0x03, 0x11, 0x03, 0x11, 0x03, 0x11, 0x03, 0x11, 0x03, 0x11, 0x03, 0x11, 0x03, 0x11,
    0x03, 0x11, 0x03, 0x11, 0x03, 0x11, 0x03, 0x11,
};
const lv_img_dsc_t pet_cheer_0 = {
    .header.cf = LV_IMG_CF_TRUE_COLOR,
    .header.always_zero = 0,
    .header.reserved = 0,
    .header.w = 80,
    .header.h = 80,
    .data_size = 12800,
    .data = pet_cheer_0_map,
};

static const LV_ATTRIBUTE_MEM_ALIGN LV_ATTRIBUTE_LARGE_CONST uint8_t pet_cheer_1_map[] = {
    0x03, 0x11, 0x03, 0x11, 0x03, 0x11, 0x03, 0x11, 0x03, 0x11, 0x03, 0x11, 0x03, 0x11, 0x03, 0x11, 0x03, 0x11, 0x03, 0x11, 0x03, 0x11, 0x03, 0x11,
    0x03, 0x11, 0x03, 0x11, 0x03, 0x11, 0x03, 0x11, 0x03, 0x11, 0x03, 0x11, 0x03, 0x11, 0x03, 0x11, 0x03, 0x11, 0x03, 0x11, 0x03, 0x11, 0x03, 0x11,
    0x03, 0x11, 0x03, 0x11, 0x03, 0x11, 0x03, 0x11, 0x03, 0x11, 0x03, 0x11, 0x03, 0x11, 0x03, 0x11, 0x03, 0x11, 0x03, 0x11, 0x03, 0x11, 0x03, 0x11,
    0x03, 0x11, 0x03, 0x11, 0x03, 0x11, 0x03, 0x11, 0x03, 0x11, 0x03, 0x11, 0x03, 0x11, 0x03, 0x11, 0x03, 0x11, 0x03, 0x11, 0x03, 0x11, 0x03, 0x11,
    0x03, 0x11, 0x03, 0x11, 0x03, 0x11, 0x03, 0x11, 0x03, 0x11, 0x03, 0x11, 0x03, 0x11, 0x03, 0x11, 0x03, 0x11, 0x03, 0x11, 0x03, 0x11, 0x03, 0x11,
    0x03, 0x11, 0x03, 0x11, 0x03, 0x11, 0x03, 0x11, 0x03, 0x11, 0x03, 0x11, 0x03, 0x11, 0x03, 0x11, 0x03, 0x11, 0x03, 0x11, 0x03, 0x11, 0x03, 0x11,
    0x03, 0x11, 0x03, 0x11, 0x03, 0x11, 0x03, 0x11, 0x03, 0x11, 0x03, 0x11, 0x03, 0x11, 0x03, 0x11, 0x03, 0x11, 0x03, 0x11, 0x03, 0x11, 0x03, 0x11,
    0x03, 0x11, 0x03, 0x11, 0x03, 0x11, 0x03, 0x11, 0x03, 0x11, 0x03, 0x11, 0x03, 0x11, 0x03, 0x11, 0x03, 0x11, 0x03, 0x11, 0x03, 0x11, 0x03, 0x11,
    0x03, 0x11, 0x03, 0x11, 0x03, 0x11, 0x03, 0x11, 0x03, 0x11, 0x03, 0x11, 0x03, 0x11, 0x03, 0x11, 0x03, 0x11, 0x03, 0x11, 0x03, 0x11, 0x03, 0x11,
    0x03, 0x11, 0x03, 0x11, 0x03, 0x11, 0x03, 0x11, 0x03, 0x11, 0x03, 0x11, 0x03, 0x11, 0x03, 0x11, 0x03, 0x11, 0x03, 0x11, 0x03, 0x11, 0x03, 0x11,
    0x03, 0x11, 0x03, 0x11, 0x03, 0x11, 0x03, 0x11, 0x03, 0x11, 0x03, 0x11, 0x03, 0x11, 0x03, 0x11, 0x03, 0x11, 0x03, 0x11, 0x03, 0x11, 0x03, 0x11,
    0x03, 0x11, 0x03, 0x11, 0x03, 0x11, 0x03, 0x11, 0x03, 0x11, 0x03, 0x11, 0x03, 0x11, 0x03, 0x11, 0x03, 0x11, 0x03, 0x11, 0x03, 0x11, 0x03, 0x11,
    0x03, 0x11, 0x03, 0x11, 0x03, 0x11, 0x03, 0x11, 0x03, 0x11, 0x03, 0x11, 0x03, 0x11, 0x03, 0x11, 0x03, 0x11, 0x03, 0x11, 0x03, 0x11, 0x03, 0x11,
    0x03, 0x11, 0x03, 0x11, 0x03, 0x11, 0x03, 0x11, 0x03, 0x11, 0x03, 0x11, 0x03, 0x11, 0x03, 0x11, 0x03, 0x11, 0x03, 0x11, 0x03, 0x11, 0x03, 0x11,
    0x03, 0x11, 0x03, 0x11, 0x03, 0x11, 0x03, 0x11, 0x03, 0x11, 0x03, 0x11, 0x03, 0x11, 0x03, 0x11, 0x03, 0x11, 0x03, 0x11, 0x03, 0x11, 0x03, 0x11,
    0xce, 0x9e, 0xce, 0x9e, 0x03, 0x11, 0x03, 0x11, 0x03, 0x11, 0x03, 0x11, 0x03, 0x11, 0x03, 0x11, 0x03, 0x11, 0x03, 0x11, 0x03, 0x11, 0x03, 0x11,
    0x03, 0x11, 0x03, 0x11, 0x03, 0x11, 0x03, 0x11, 0x03, 0x11, 0x03, 0x11, 0x03, 0x11, 0x03, 0x11, 0x03, 0x11, 0x03, 0x11, 0x03, 0x11, 0x03, 0x11,
    0x03, 0x11, 0x03, 0x11, 0x03, 0x11, 0x03, 0x11, 0x03, 0x11, 0x03, 0x11, 0x03, 0x11, 0x03, 0x11, 0x03, 0x11, 0x03, 0x11, 0x03, 0x11, 0x03, 0x11,
    0x03, 0x11, 0x03, 0x11, 0xce, 0x9e, 0xce, 0x9e, 0x03, 0x11, 0x03, 0x11, 0x03, 0x11, 0x03, 0x11, 0x03, 0x11, 0x03, 0x11, 0x03, 0x11, 0x03, 0x11,
    0x03, 0x11, 0x03, 0x11, 0x03, 0x11, 0x03, 0x11, 0x03, 0x11, 0x03, 0x11, 0x03, 0x11, 0x03, 0x11, 0x03, 0x11, 0x03, 0x11, 0x03, 0x11, 0x03, 0x11,
    0x03, 0x11, 0x03, 0x11, 0x03, 0x11, 0x03, 0x11, 0x03, 0x11, 0x03, 0x11, 0x03, 0x11, 0x03, 0x11, 0x03, 0x11, 0x03, 0x11, 0x03, 0x11, 0x03, 0x11,
    0x03, 0x11, 0x03, 0x11, 0x03, 0x11, 0x03, 0x11, 0x03, 0x11, 0x03, 0x11, 0x03, 0x11, 0x03, 0x11, 0xce, 0x9e, 0xce, 0x9e, 0x03, 0x11, 0x03, 0x11,
    0x03, 0x11, 0x03, 0x11, 0x03, 0x11, 0x03, 0x11, 0x03, 0x11, 0x03, 0x11, 0x03, 0x11, 0x03, 0x11, 0x03, 0x11, 0x03, 0x11, 0x03, 0x11, 0x03, 0x11,
    0x03, 0x11, 0x03, 0x11, 0x03, 0x11, 0x03, 0x11, 0x03, 0x11, 0x03, 0x11, 0x03, 0x11, 0x03, 0x11, 0x03, 0x11, 0x03, 0x11, 0x03, 0x11, 0x03, 0x11,
    0x03, 0x11, 0x03, 0x11, 0x03, 0x11, 0x03, 0x11, 0x03, 0x11, 0x03, 0x11, 0x03, 0x11, 0x03, 0x11, 0x03, 0x11, 0x03, 0x11, 0xce, 0x9e, 0xce, 0x9e,
    0x03, 0x11, 0x03, 0x11, 0x03, 0x11, 0x03, 0x11, 0x03, 0x11, 0x03, 0x11, 0x03, 0x11, 0x03, 0x11, 0x03, 0x11, 0x03, 0x11, 0x03, 0x11, 0x03, 0x11,
    0x03, 0x11, 0x03, 0x11, 0x03, 0x11, 0x03, 0x11, 0x03, 0x11, 0x03, 0x11, 0x03, 0x11, 0x03, 0x11, 0x03, 0x11, 0x03, 0x11, 0x03, 0x11, 0x03, 0x11,
    0x03, 0x11, 0x03, 0x11, 0x03, 0x11, 0x03, 0x11, 0x03, 0x11, 0x03, 0x11, 0x03, 0x11, 0x03, 0x11, 0x03, 0x11, 0x03, 0x11, 0x03, 0x11, 0x03, 0x11,
    0x03, 0x11, 0x03, 0x11, 0x03, 0x11, 0x03, 0x11, 0xce, 0x9e, 0xce, 0x9e, 0xce, 0x9e, 0xce, 0x9e, 0x03, 0x11, 0x03, 0x11, 0x03, 0x11, 0x03, 0x11,
    0x03, 0x11, 0x03, 0x11, 0x03, 0x11, 0x03, 0x11, 0x03, 0x11, 0x03, 0x11, 0x03, 0x11, 0x03, 0x11, 0x03, 0x11, 0x03, 0x11, 0x03, 0x11, 0x03, 0x11,
    0x03, 0x11, 0x03, 0x11, 0x03, 0x11, 0x03, 0x11, 0x03, 0x11, 0x03, 0x11, 0x03, 0x11, 0x03, 0x11, 0x03, 0x11, 0x03, 0x11, 0x03, 0x11, 0x03, 0x11,
    0x03, 0x11, 0x03, 0x11, 0x03, 0x11, 0x03, 0x11, 0xce, 0x9e, 0xce, 0x9e, 0xce, 0x9e, 0xce, 0x9e, 0x03, 0x11, 0x03, 0x11, 0x03, 0x11, 0x03, 0x11,
    0x03, 0x11, 0x03, 0x11, 0x03, 0x11, 0x03, 0x11, 0x03, 0x11, 0x03, 0x11, 0x03, 0x11, 0x03, 0x11, 0x03, 0x11, 0x03, 0x11, 0x03, 0x11, 0x03, 0x11,
    0x03, 0x11, 0x03, 0x11, 0x03, 0x11, 0x03, 0x11, 0x03, 0x11, 0x03, 0x11, 0x03, 0x11, 0x03, 0x11, 0x03, 0x11, 0x03, 0x11, 0x03, 0x11, 0x03, 0x11,
    0x03, 0x11, 0x03, 0x11, 0x03, 0x11, 0x03, 0x11, 0x03, 0x11, 0x03, 0x11, 0x03, 0x11, 0x03, 0x11, 0x03, 0x11, 0x03, 0x11, 0x03, 0x11, 0x03, 0x11,
    0xce, 0x9e, 0xce, 0x9e, 0xce, 0x9e, 0xce, 0x9e, 0x03, 0x11, 0x03, 0x11, 0x03, 0x11, 0x03, 0x11, 0x03, 0x11, 0x03, 0x11, 0x03, 0x11, 0x03, 0x11,
    0x03, 0x11, 0x03, 0x11, 0x03, 0x11, 0x03, 0x11, 0x03, 0x11, 0x03, 0x11, 0x03, 0x11, 0x03, 0x11, 0x03, 0x11, 0x03, 0x11, 0x03, 0x11, 0x03, 0x11,
    0x03, 0x11, 0x03, 0x11, 0x03, 0x11, 0x03, 0x11, 0x03, 0x11, 0x03, 0x11, 0x03, 0x11, 0x03, 0x11, 0x03, 0x11, 0x03, 0x11, 0x03, 0x11, 0x03, 0x11,
    0xce, 0x9e, 0xce, 0x9e, 0xce, 0x9e, 0xce, 0x9e, 0x03, 0x11, 0x03, 0x11, 0x03, 0x11, 0x03, 0x11, 0x03, 0x11, 0x03, 0x11, 0x03, 0x11, 0x03, 0x11,
    0x03, 0x11, 0x03, 0x11, 0x03, 0x11, 0x03, 0x11, 0x03, 0x11, 0x03, 0x11, 0x03, 0x11, 0x03, 0x11, 0x03, 0x11, 0x03, 0x11, 0x03, 0x11, 0x03, 0x11,
    0x03, 0x11, 0x03, 0x11, 0x03, 0x11, 0x03, 0x11, 0x03, 0x11, 0x03, 0x11, 0x03, 0x11, 0x03, 0x11, 0x03, 0x11, 0x03, 0x11, 0x03, 0x11, 0x03, 0x11,
    0x03, 0x11, 0x03, 0x11, 0x03, 0x11, 0x03, 0x11, 0x03, 0x11, 0x03, 0x11, 0x03, 0x11, 0x03, 0x11, 0x03, 0x11, 0x03, 0x11, 0xce, 0x9e, 0xce, 0x9e,
    0xce, 0x9e, 0xce, 0x9e, 0xce, 0x9e, 0xce, 0x9e, 0x03, 0x11, 0x03, 0x11, 0x03, 0x11, 0x03, 0x11, 0x03, 0x11, 0x03, 0x11, 0x03, 0x11, 0x03, 0x11,
    0x03, 0x11, 0x03, 0x11, 0x03, 0x11, 0x03, 0x11, 0x03, 0x11, 0x03, 0x11, 0x03, 0x11, 0x03, 0x11, 0x03, 0x11, 0x03, 0x11, 0x03, 0x11, 0x03, 0x11,
    0x03, 0x11, 0x03, 0x11, 0x03, 0x11, 0x03, 0x11, 0x03, 0x11, 0x03, 0x11, 0xce, 0x9e, 0xce, 0x9e, 0xce, 0x9e, 0xce, 0x9e, 0xce, 0x9e, 0xce, 0x9e,
    0x03, 0x11, 0x03, 0x11, 0x03, 0x11, 0x03, 0x11, 0x03, 0x11, 0x03, 0x11, 0x03, 0x11, 0x03, 0x11, 0x03, 0x11, 0x03, 0x11, 0x03, 0x11, 0x03, 0x11,
    0x03, 0x11, 0x03, 0x11, 0x03, 0x11, 0x03, 0x11, 0x03, 0x11, 0x03, 0x11, 0x03, 0x11, 0x03, 0x11, 0x03, 0x11, 0x03, 0x11, 0x03, 0x11, 0x03, 0x11,
    0x03, 0x11, 0x03, 0x11, 0x03, 0x11, 0x03, 0x11, 0x03, 0x11, 0x03, 0x11, 0x03, 0x11, 0x03, 0x11, 0x03, 0x11, 0x03, 0x11, 0x03, 0x11, 0x03, 0x11,
    0x03, 0x11, 0x03, 0x11, 0x03, 0x11, 0x03, 0x11, 0x03, 0x11, 0x03, 0x11, 0xce, 0x9e, 0xce, 0x9e, 0xce, 0x9e, 0xce, 0x9e, 0xce, 0x9e, 0xce, 0x9e,
    0x03, 0x11, 0x03, 0x11, 0x03, 0x11, 0x03, 0x11, 0x03, 0x11, 0x03, 0x11, 0x03, 0x11, 0x03, 0x11, 0x03, 0x11, 0x03, 0x11, 0x03, 0x11, 0x03, 0x11,
    0x03, 0x11, 0x03, 0x11, 0x03, 0x11, 0x03, 0x11, 0x03, 0x11, 0x03, 0x11, 0x03, 0x11, 0x03, 0x11, 0x03, 0x11, 0x03, 0x11, 0x03, 0x11, 0x03, 0x11,
    0x03, 0x11, 0x03, 0x11, 0xce, 0x9e, 0xce, 0x9e, 0xce, 0x9e, 0xce, 0x9e, 0xce, 0x9e, 0xce, 0x9e, 0x03, 0x11, 0x03, 0x11, 0x03, 0x11, 0x03, 0x11,
    0x03, 0x11, 0x03, 0x11, 0x03, 0x11, 0x03, 0x11, 0x03, 0x11, 0x03, 0x11, 0x03, 0x11, 0x03, 0x11, 0x03, 0x11, 0x03, 0x11, 0x03, 0x11, 0x03, 0x11,
    0x03, 0x11, 0x03, 0x11, 0x03, 0x11, 0x03, 0x11, 0x03, 0x11, 0x03, 0x11, 0x03, 0x11, 0x03, 0x11, 0x03, 0x11, 0x03, 0x11, 0x03, 0x11, 0x03, 0x11,
    0x03, 0x11, 0x03, 0x11, 0x03, 0x11, 0x03, 0x11, 0x03, 0x11, 0x03, 0x11, 0x03, 0x11, 0x03, 0x11, 0x03, 0x11, 0x03, 0x11, 0x03, 0x11, 0x03, 0x11,
    0x03, 0x11, 0x03, 0x11, 0xce, 0x9e, 0xce, 0x9e, 0xce, 0x9e, 0xce, 0x9e, 0xce, 0x9e, 0xce, 0x9e, 0xce, 0x9e, 0xce, 0x9e, 0x03, 0x11, 0x03, 0x11,
    0x03, 0x11, 0x03, 0x11, 0x03, 0x11, 0x03, 0x11, 0x03, 0x11, 0x03, 0x11, 0x03, 0x11, 0x03, 0x11, 0x03, 0x11, 0x03, 0x11, 0x03, 0x11, 0x03, 0x11,
    0x03, 0x11, 0x03, 0x11, 0x03, 0x11, 0x03, 0x11, 0x03, 0x11, 0x03, 0x11, 0xce, 0x9e, 0xce, 0x9e, 0xce, 0x9e, 0xce, 0x9e, 0xce, 0x9e, 0xce, 0x9e,
    0xce, 0x9e, 0xce, 0x9e, 0xce, 0x9e, 0xce, 0x9e, 0x03, 0x11, 0x03, 0x11, 0x03, 0x11, 0x03, 0x11, 0x03, 0x11, 0x03, 0x11, 0x03, 0x11, 0x03, 0x11,
    0x03, 0x11, 0x03, 0x11, 0x03, 0x11, 0x03, 0x11, 0xf5, 0xee, 0xf5, 0xee, 0xf5, 0xee, 0xf5, 0xee, 0x03, 0x11, 0x03, 0x11, 0x03, 0x11, 0x03, 0x11,
    0x03, 0x11, 0x03, 0x11, 0x03, 0x11, 0x03, 0x11, 0x03, 0x11, 0x03, 0x11, 0x03, 0x11, 0x03, 0x11, 0x03, 0x11, 0x03, 0x11, 0x03, 0x11, 0x03, 0x11,
    0x03, 0x11, 0x03, 0x11, 0x03, 0x11, 0x03, 0x11, 0x03, 0x11, 0x03, 0x11, 0x03, 0x11, 0x03, 0x11, 0x03, 0x11, 0x03, 0x11, 0xce, 0x9e, 0xce, 0x9e,
    0xce, 0x9e, 0xce, 0x9e, 0xce, 0x9e, 0xce, 0x9e, 0xce, 0x9e, 0xce, 0x9e, 0x03, 0x11, 0x03, 0x11, 0x03, 0x11, 0x03, 0x11, 0x03, 0x11, 0x03, 0x11,
    0x03, 0x11, 0x03, 0x11, 0x03, 0x11, 0x03, 0x11, 0x03, 0x11, 0x03, 0x11, 0x03, 0x11, 0x03, 0x11, 0x03, 0x11, 0x03, 0x11, 0x03, 0x11, 0x03, 0x11,
    0x03, 0x11, 0x03, 0x11, 0xce, 0x9e, 0xce, 0x9e, 0xce, 0x9e, 0xce, 0x9e, 0xce, 0x9e, 0xce, 0x9e, 0xce, 0x9e, 0xce, 0x9e, 0xce, 0x9e, 0xce, 0x9e,
    0x03, 0x11, 0x03, 0x11, 0x03, 0x11, 0x03, 0x11, 0x03, 0x11, 0x03, 0x11, 0x03, 0x11, 0x03, 0x11, 0x03, 0x11, 0x03, 0x11, 0x03, 0x11, 0x03, 0x11,
    0xf5, 0xee, 0xf5, 0xee, 0xf5, 0xee, 0xf5, 0xee, 0x03, 0x11, 0x03, 0x11, 0x03, 0x11, 0x03, 0x11, 0x03, 0x11, 0x03, 0x11, 0x03, 0x11, 0x03, 0x11,
    0x03, 0x11, 0x03, 0x11, 0x03, 0x11, 0x03, 0x11, 0x03, 0x11, 0x03, 0x11, 0x03, 0x11, 0x03, 0x11, 0x03, 0x11, 0x03, 0x11, 0x03, 0x11, 0x03, 0x11,
    0x03, 0x11, 0x03, 0x11, 0x03, 0x11, 0x03, 0x11, 0x03, 0x11, 0x03, 0x11, 0x6b, 0x55, 0x6b, 0x55, 0xce, 0x9e, 0xce, 0x9e, 0xce, 0x9e, 0xce, 0x9e,
    0xce, 0x9e, 0xce, 0x9e, 0xce, 0x9e, 0xce, 0x9e, 0xce, 0x9e, 0xce, 0x9e, 0x6b, 0x55, 0x6b, 0x55, 0x6b, 0x55, 0x6b, 0x55, 0x6b, 0x55, 0x6b, 0x55,
    0x6b, 0x55, 0x6b, 0x55, 0x6b, 0x55, 0x6b, 0x55, 0x6b, 0x55, 0x6b, 0x55, 0x6b, 0x55, 0x6b, 0x55, 0xce, 0x9e, 0xce, 0x9e, 0xce, 0x9e, 0xce, 0x9e,
    0xce, 0x9e, 0xce, 0x9e, 0xce, 0x9e, 0xce, 0x9e, 0xce, 0x9e, 0xce, 0x9e, 0x03, 0x11, 0x03, 0x11, 0x03, 0x11, 0x03, 0x11, 0x03, 0x11, 0x03, 0x11,
    0xce, 0x9e, 0xce, 0x9e, 0xce, 0x9e, 0xce, 0x9e, 0xce, 0x9e, 0xce, 0x9e, 0xce, 0x9e, 0xce, 0x9e, 0xf5, 0xee, 0xf5, 0xee, 0xf5, 0xee, 0xf5, 0xee,
    0x03, 0x11, 0x03, 0x11, 0x03, 0x11, 0x03, 0x11, 0x03, 0x11, 0x03, 0x11, 0x03, 0x11, 0x03, 0x11, 0x03, 0x11, 0x03, 0x11, 0x03, 0x11, 0x03, 0x11,
    0x03, 0x11, 0x03, 0x11, 0x03, 0x11, 0x03, 0x11, 0x03, 0x11, 0x03, 0x11, 0x03, 0x11, 0x03, 0x11, 0x03, 0x11, 0x03, 0x11, 0x03, 0x11, 0x03, 0x11,
    0x03, 0x11, 0x03, 0x11, 0x6b, 0x55, 0x6b, 0x55, 0xce, 0x9e, 0xce, 0x9e, 0xce, 0x9e, 0xce, 0x9e, 0xce, 0x9e, 0xce, 0x9e, 0xce, 0x9e, 0xce, 0x9e,
    0xce, 0x9e, 0xce, 0x9e, 0x6b, 0x55, 0x6b, 0x55, 0x6b, 0x55, 0x6b, 0x55, 0x6b, 0x55, 0x6b, 0x55, 0x6b, 0x55, 0x6b, 0x55, 0x6b, 0x55, 0x6b, 0x55,
    0x6b, 0x55, 0x6b, 0x55, 0x6b, 0x55, 0x6b, 0x55, 0xce, 0x9e, 0xce, 0x9e, 0xce, 0x9e, 0xce, 0x9e, 0xce, 0x9e, 0xce, 0x9e, 0xce, 0x9e, 0xce, 0x9e,
    0xce, 0x9e, 0xce, 0x9e, 0x03, 0x11, 0x03, 0x11, 0x03, 0x11, 0x03, 0x11, 0x03, 0x11, 0x03, 0x11, 0xce, 0x9e, 0xce, 0x9e, 0xce, 0x9e, 0xce, 0x9e,
    0xce, 0x9e, 0xce, 0x9e, 0xce, 0x9e, 0xce, 0x9e, 0xf5, 0xee, 0xf5, 0xee, 0xf5, 0xee, 0xf5, 0xee, 0x03, 0x11, 0x03, 0x11, 0x03, 0x11, 0x03, 0x11,
    0x03, 0x11, 0x03, 0x11, 0x03, 0x11, 0x03, 0x11, 0x03, 0x11, 0x03, 0x11, 0x03, 0x11, 0x03, 0x11, 0xce, 0x9e, 0xce, 0x9e, 0xce, 0x9e, 0xce, 0x9e,
    0xce, 0x9e, 0xce, 0x9e, 0xce, 0x9e, 0xce, 0x9e, 0xce, 0x9e, 0xce, 0x9e, 0x27, 0x2b, 0x27, 0x2b, 0x27, 0x2b, 0x27, 0x2b, 0x6b, 0x55, 0x6b, 0x55,
    0xce, 0x9e, 0xce, 0x9e, 0x6b, 0x55, 0x6b, 0x55, 0x6b, 0x55, 0x6b, 0x55, 0x6b, 0x55, 0x6b, 0x55, 0x6b, 0x55, 0x6b, 0x55, 0x6b, 0x55, 0x6b, 0x55,
    0x6b, 0x55, 0x6b, 0x55, 0x6b, 0x55, 0x6b, 0x55, 0x6b, 0x55, 0x6b, 0x55, 0x6b, 0x55, 0x6b, 0x55, 0x6b, 0x55, 0x6b, 0x55, 0x6b, 0x55, 0x6b, 0x55,
    0x6b, 0x55, 0x6b, 0x55, 0xce, 0x9e, 0xce, 0x9e, 0xce, 0x9e, 0xce, 0x9e, 0xce, 0x9e, 0xce, 0x9e, 0xce, 0x9e, 0xce, 0x9e, 0x27, 0x2b, 0x27, 0x2b,
    0x03, 0x11, 0x03, 0x11, 0x03, 0x11, 0x03, 0x11, 0xce, 0x9e, 0xce, 0x9e, 0xce, 0x9e, 0xce, 0x9e, 0xce, 0x9e, 0xce, 0x9e, 0xce, 0x9e, 0xce, 0x9e,
    0xf5, 0xee, 0xf5, 0xee, 0xf5, 0xee, 0xf5, 0xee, 0x03, 0x11, 0x03, 0x11, 0x03, 0x11, 0x03, 0x11, 0x03, 0x11, 0x03, 0x11, 0x03, 0x11, 0x03, 0x11,
    0x03, 0x11, 0x03, 0x11, 0x03, 0x11, 0x03, 0x11, 0xce, 0x9e, 0xce, 0x9e, 0xce, 0x9e, 0xce, 0x9e, 0xce, 0x9e, 0xce, 0x9e, 0xce, 0x9e, 0xce, 0x9e,
    0xce, 0x9e, 0xce, 0x9e, 0x27, 0x2b, 0x27, 0x2b, 0x27, 0x2b, 0x27, 0x2b, 0x6b, 0x55, 0x6b, 0x55, 0xce, 0x9e, 0xce, 0x9e, 0x6b, 0x55, 0x6b, 0x55,
    0x6b, 0x55, 0x6b, 0x55, 0x6b, 0x55, 0x6b, 0x55, 0x6b, 0x55, 0x6b, 0x55, 0x6b, 0x55, 0x6b, 0x55, 0x6b, 0x55, 0x6b, 0x55, 0x6b, 0x55, 0x6b, 0x55,
    0x6b, 0x55, 0x6b, 0x55, 0x6b, 0x55, 0x6b, 0x55, 0x6b, 0x55, 0x6b, 0x55, 0x6b, 0x55, 0x6b, 0x55, 0x6b, 0x55, 0x6b, 0x55, 0xce, 0x9e, 0xce, 0x9e,
    0xce, 0x9e, 0xce, 0x9e, 0xce, 0x9e, 0xce, 0x9e, 0xce, 0x9e, 0xce, 0x9e, 0x27, 0x2b, 0x27, 0x2b, 0x03, 0x11, 0x03, 0x11, 0x03, 0x11, 0x03, 0x11,
    0xce, 0x9e, 0xce, 0x9e, 0xce, 0x9e, 0xce, 0x9e, 0xce, 0x9e, 0xce, 0x9e, 0xce, 0x9e, 0xce, 0x9e, 0xf5, 0xee, 0xf5, 0xee, 0xf5, 0xee, 0xf5, 0xee,
    0x03, 0x11, 0x03, 0x11, 0x03, 0x11, 0x03, 0x11, 0x03, 0x11, 0x03, 0x11, 0x03, 0x11, 0x03, 0x11, 0x03, 0x11, 0x03, 0x11, 0x03, 0x11, 0x03, 0x11,
    0xce, 0x9e, 0xce, 0x9e, 0xce, 0x9e, 0xce, 0x9e, 0xce, 0x9e, 0xce, 0x9e, 0xce, 0x9e, 0xce, 0x9e, 0xce, 0x9e, 0xce, 0x9e, 0x27, 0x2b, 0x27, 0x2b,
    0x27, 0x2b, 0x27, 0x2b, 0x6b, 0x55, 0x6b, 0x55, 0x6b, 0x55, 0x6b, 0x55, 0x6b, 0x55, 0x6b, 0x55, 0x6b, 0x55, 0x6b, 0x55, 0x6b, 0x55, 0x6b, 0x55,
    0x6b, 0x55, 0x6b, 0x55, 0x6b, 0x55, 0x6b, 0x55, 0x6b, 0x55, 0x6b, 0x55, 0x6b, 0x55, 0x6b, 0x55, 0x6b, 0x55, 0x6b, 0x55, 0x6b, 0x55, 0x6b, 0x55,
    0x6b, 0x55, 0x6b, 0x55, 0x6b, 0x55, 0x6b, 0x55, 0x6b, 0x55, 0x6b, 0x55, 0x6b, 0x55, 0x6b, 0x55, 0x6b, 0x55, 0x6b, 0x55, 0xce, 0x9e, 0xce, 0x9e,
    0xce, 0x9e, 0xce, 0x9e, 0x27, 0x2b, 0x27, 0x2b, 0x03, 0x11, 0x03, 0x11, 0x03, 0x11, 0x03, 0x11, 0xce, 0x9e, 0xce, 0x9e, 0xce, 0x9e, 0xce, 0x9e,
    0xce, 0x9e, 0xce, 0x9e, 0xce, 0x9e, 0xce, 0x9e, 0xce, 0x9e, 0xce, 0x9e, 0x03, 0x11, 0x03, 0x11, 0x03, 0x11, 0x03, 0x11, 0x03, 0x11, 0x03, 0x11,
    0x03, 0x11, 0x03, 0x11, 0x03, 0x11, 0x03, 0x11, 0x03, 0x11, 0x03, 0x11, 0x03, 0x11, 0x03, 0x11, 0xce, 0x9e, 0xce, 0x9e, 0xce, 0x9e, 0xce, 0x9e,
    0xce, 0x9e, 0xce, 0x9e, 0xce, 0x9e, 0xce, 0x9e, 0xce, 0x9e, 0xce, 0x9e, 0x27, 0x2b, 0x27, 0x2b, 0x27, 0x2b, 0x27, 0x2b, 0x6b, 0x55, 0x6b, 0x55,
    0x6b, 0x55, 0x6b, 0x55, 0x6b, 0x55, 0x6b, 0x55, 0x6b, 0x55, 0x6b, 0x55, 0x6b, 0x55, 0x6b, 0x55, 0x6b, 0x55, 0x6b, 0x55, 0x6b, 0x55, 0x6b, 0x55,
    0x6b, 0x55, 0x6b, 0x55, 0x6b, 0x55, 0x6b, 0x55, 0x6b, 0x55, 0x6b, 0x55, 0x6b, 0x55, 0x6b, 0x55, 0x6b, 0x55, 0x6b, 0x55, 0x6b, 0x55, 0x6b, 0x55,
    0x6b, 0x55, 0x6b, 0x55, 0x6b, 0x55, 0x6b, 0x55, 0x6b, 0x55, 0x6b, 0x55, 0xce, 0x9e, 0xce, 0x9e, 0xce, 0x9e, 0xce, 0x9e, 0x27, 0x2b, 0x27, 0x2b,
    0x03, 0x11, 0x03, 0x11, 0x03, 0x11, 0x03, 0x11, 0xce, 0x9e, 0xce, 0x9e, 0xce, 0x9e, 0xce, 0x9e, 0xce, 0x9e, 0xce, 0x9e, 0xce, 0x9e, 0xce, 0x9e,
    0xce, 0x9e, 0xce, 0x9e, 0x03, 0x11, 0x03, 0x11, 0x03, 0x11, 0x03, 0x11, 0x03, 0x11, 0x03, 0x11, 0x03, 0x11, 0x03, 0x11, 0x03, 0x11, 0x03, 0x11,
    0x03, 0x11, 0x03, 0x11, 0x03, 0x11, 0x03, 0x11, 0xce, 0x9e, 0xce, 0x9e, 0xce, 0x9e, 0xce, 0x9e, 0xce, 0x9e, 0xce, 0x9e, 0xce, 0x9e, 0xce, 0x9e,
    0xce, 0x9e, 0xce, 0x9e, 0x27, 0x2b, 0x27, 0x2b, 0x27, 0x2b, 0x27, 0x2b, 0x6b, 0x55, 0x6b, 0x55, 0x6b, 0x55, 0x6b, 0x55, 0x6b, 0x55, 0x6b, 0x55,
    0x6b, 0x55, 0x6b, 0x55, 0x6b, 0x55, 0x6b, 0x55, 0x6b, 0x55, 0x6b, 0x55, 0x6b, 0x55, 0x6b, 0x55, 0x6b, 0x55, 0x6b, 0x55, 0x6b, 0x55, 0x6b, 0x55,
    0x6b, 0x55, 0x6b, 0x55, 0x6b, 0x55, 0x6b, 0x55, 0x6b, 0x55, 0x6b, 0x55, 0x6b, 0x55, 0x6b, 0x55, 0x6b, 0x55, 0x6b, 0x55, 0x6b, 0x55, 0x6b, 0x55,
    0x6b, 0x55, 0x6b, 0x55, 0x6b, 0x55, 0x6b, 0x55, 0x6b, 0x55, 0x6b, 0x55, 0x6b, 0x55, 0x6b, 0x55, 0x6b, 0x55, 0x6b, 0x55, 0x6b, 0x55, 0x6b, 0x55,
    0xce, 0x9e, 0xce, 0x9e, 0xce, 0x9e, 0xce, 0x9e, 0xce, 0x9e, 0xce, 0x9e, 0xce, 0x9e, 0xce, 0x9e, 0xce, 0x9e, 0xce, 0x9e, 0x03, 0x11, 0x03, 0x11,
    0x03, 0x11, 0x03, 0x11, 0x03, 0x11, 0x03, 0x11, 0x03, 0x11, 0x03, 0x11, 0x03, 0x11, 0x03, 0x11, 0x03, 0x11, 0x03, 0x11, 0x03, 0x11, 0x03, 0x11,
    0xce, 0x9e, 0xce, 0x9e, 0xce, 0x9e, 0xce, 0x9e, 0xce, 0x9e, 0xce, 0x9e, 0xce, 0x9e, 0xce, 0x9e, 0xce, 0x9e, 0xce, 0x9e, 0x27, 0x2b, 0x27, 0x2b,
    0x27, 0x2b, 0x27, 0x2b, 0x6b, 0x55, 0x6b, 0x55, 0x6b, 0x55, 0x6b, 0x55, 0x6b, 0x55, 0x6b, 0x55, 0x6b, 0x55, 0x6b, 0x55, 0x6b, 0x55, 0x6b, 0x55,
    0x6b, 0x55, 0x6b, 0x55, 0x6b, 0x55, 0x6b, 0x55, 0x6b, 0x55, 0x6b, 0x55, 0x6b, 0x55, 0x6b, 0x55, 0x6b, 0x55, 0x6b, 0x55, 0x6b, 0x55, 0x6b, 0x55,
    0x6b, 0x55, 0x6b, 0x55, 0x6b, 0x55, 0x6b, 0x55, 0x6b, 0x55, 0x6b, 0x55, 0x6b, 0x55, 0x6b, 0x55, 0x6b, 0x55, 0x6b, 0x55, 0x6b, 0x55, 0x6b, 0x55,
    0x6b, 0x55, 0x6b, 0x55, 0x6b, 0x55, 0x6b, 0x55, 0x6b, 0x55, 0x6b, 0x55, 0x6b, 0x55, 0x6b, 0x55, 0xce, 0x9e, 0xce, 0x9e, 0xce, 0x9e, 0xce, 0x9e,
    0xce, 0x9e, 0xce, 0x9e, 0xce, 0x9e, 0xce, 0x9e, 0xce, 0x9e, 0xce, 0x9e, 0x03, 0x11, 0x03, 0x11, 0x03, 0x11, 0x03, 0x11, 0x03, 0x11, 0x03, 0x11,
    0x03, 0x11, 0x03, 0x11, 0x03, 0x11, 0x03, 0x11, 0x03, 0x11, 0x03, 0x11, 0x03, 0x11, 0x03, 0x11, 0xce, 0x9e, 0xce, 0x9e, 0xce, 0x9e, 0xce, 0x9e,
    0xce, 0x9e, 0xce, 0x9e, 0xce, 0x9e, 0xce, 0x9e, 0xce, 0x9e, 0xce, 0x9e, 0x6b, 0x55, 0x6b, 0x55, 0x6b, 0x55, 0x6b, 0x55, 0x6b, 0x55, 0x6b, 0x55,
    0x6b, 0x55, 0x6b, 0x55, 0x6b, 0x55, 0x6b, 0x55, 0x6b, 0x55, 0x6b, 0x55, 0x6b, 0x55, 0x6b, 0x55, 0x6b, 0x55, 0x6b, 0x55, 0x6b, 0x55, 0x6b, 0x55,
    0x6b, 0x55, 0x6b, 0x55, 0x6b, 0x55, 0x6b, 0x55, 0x6b, 0x55, 0x6b, 0x55, 0x6b, 0x55, 0x6b, 0x55, 0x6b, 0x55, 0x6b, 0x55, 0x6b, 0x55, 0x6b, 0x55,
    0x6b, 0x55, 0x6b, 0x55, 0x6b, 0x55, 0x6b, 0x55, 0x6b, 0x55, 0x6b, 0x55, 0x6b, 0x55, 0x6b, 0x55, 0x6b, 0x55, 0x6b, 0x55, 0x6b, 0x55, 0x6b, 0x55,
    0x6b, 0x55, 0x6b, 0x55, 0x6b, 0x55, 0x6b, 0x55, 0xce, 0x9e, 0xce, 0x9e, 0xce, 0x9e, 0xce, 0x9e, 0xce, 0x9e, 0xce, 0x9e, 0xce, 0x9e, 0xce, 0x9e,
    0xce, 0x9e, 0xce, 0x9e, 0x03, 0x11, 0x03, 0x11, 0x03, 0x11, 0x03, 0x11, 0x03, 0x11, 0x03, 0x11, 0x03, 0x11, 0x03, 0x11, 0x03, 0x11, 0x03, 0x11,
    0x03, 0x11, 0x03, 0x11, 0x03, 0x11, 0x03, 0x11, 0xce, 0x9e, 0xce, 0x9e, 0xce, 0x9e, 0xce, 0x9e, 0xce, 0x9e, 0xce, 0x9e, 0xce, 0x9e, 0xce, 0x9e,
    0xce, 0x9e, 0xce, 0x9e, 0x6b, 0x55, 0x6b, 0x55, 0x6b, 0x55, 0x6b, 0x55, 0x6b, 0x55, 0x6b, 0x55, 0x6b, 0x55, 0x6b, 0x55, 0x6b, 0x55, 0x6b, 0x55,
    0x6b, 0x55, 0x6b, 0x55, 0x6b, 0x55, 0x6b, 0x55, 0x6b, 0x55, 0x6b, 0x55, 0x6b, 0x55, 0x6b, 0x55, 0x6b, 0x55, 0x6b, 0x55, 0x6b, 0x55, 0x6b, 0x55,
    0x6b, 0x55, 0x6b, 0x55, 0x6b, 0x55, 0x6b, 0x55, 0x6b, 0x55, 0x6b, 0x55, 0x6b, 0x55, 0x6b, 0x55, 0x6b, 0x55, 0x6b, 0x55, 0x6b, 0x55, 0x6b, 0x55,
    0x6b, 0x55, 0x6b, 0x55, 0x6b, 0x55, 0x6b, 0x55, 0x6b, 0x55, 0x6b, 0x55, 0x6b, 0x55, 0x6b, 0x55, 0x6b, 0x55, 0x6b, 0x55, 0x6b, 0x55, 0x6b, 0x55,
    0xce, 0x9e, 0xce, 0x9e, 0xce, 0x9e, 0xce, 0x9e, 0xce, 0x9e, 0xce, 0x9e, 0xce, 0x9e, 0xce, 0x9e, 0xce, 0x9e, 0xce, 0x9e, 0x03, 0x11, 0x03, 0x11,
    0x03, 0x11, 0x03, 0x11, 0x03, 0x11, 0x03, 0x11, 0x03, 0x11, 0x03, 0x11, 0x03, 0x11, 0x03, 0x11, 0x03, 0x11, 0x03, 0x11, 0x03, 0x11, 0x03, 0x11,
    0xce, 0x9e, 0xce, 0x9e, 0xce, 0x9e, 0xce, 0x9e, 0xce, 0x9e, 0xce, 0x9e, 0xce, 0x9e, 0xce, 0x9e, 0xce, 0x9e, 0xce, 0x9e, 0x6b, 0x55, 0x6b, 0x55,
    0x6b, 0x55, 0x6b, 0x55, 0x6b, 0x55, 0x6b, 0x55, 0x6b, 0x55, 0x6b, 0x55, 0x6b, 0x55, 0x6b, 0x55, 0x6b, 0x55, 0x6b, 0x55, 0xc2, 0x10, 0xc2, 0x10,
    0xc2, 0x10, 0xc2, 0x10, 0xc2, 0x10, 0xc2, 0x10, 0x6b, 0x55, 0x6b, 0x55, 0x6b, 0x55, 0x6b, 0x55, 0x6b, 0x55, 0x6b, 0x55, 0x6b, 0x55, 0x6b, 0x55,
    0x6b, 0x55, 0x6b, 0x55, 0x6b, 0x55, 0x6b, 0x55, 0xc2, 0x10, 0xc2, 0x10, 0xc2, 0x10, 0xc2, 0x10, 0xc2, 0x10, 0xc2, 0x10, 0x6b, 0x55, 0x6b, 0x55,
    0x6b, 0x55, 0x6b, 0x55, 0x6b, 0x55, 0x6b, 0x55, 0x6b, 0x55, 0x6b, 0x55, 0x6b, 0x55, 0x6b, 0x55, 0xce, 0x9e, 0xce, 0x9e, 0xce, 0x9e, 0xce, 0x9e,
    0xce, 0x9e, 0xce, 0x9e, 0xce, 0x9e, 0xce, 0x9e, 0xce, 0x9e, 0xce, 0x9e, 0x03, 0x11, 0x03, 0x11, 0x03, 0x11, 0x03, 0x11, 0x03, 0x11, 0x03, 0x11,
    0x03, 0x11, 0x03, 0x11, 0x03, 0x11, 0x03, 0x11, 0x03, 0x11, 0x03, 0x11, 0x03, 0x11, 0x03, 0x11, 0xce, 0x9e, 0xce, 0x9e, 0xce, 0x9e, 0xce, 0x9e,
    0xce, 0x9e, 0xce, 0x9e, 0xce, 0x9e, 0xce, 0x9e, 0xce, 0x9e, 0xce, 0x9e, 0x6b, 0x55, 0x6b, 0x55, 0x6b, 0x55, 0x6b, 0x55, 0x6b, 0x55, 0x6b, 0x55,
    0x6b, 0x55, 0x6b, 0x55, 0x6b, 0x55, 0x6b, 0x55, 0x6b, 0x55, 0x6b, 0x55, 0xc2, 0x10, 0xc2, 0x10, 0xc2, 0x10, 0xc2, 0x10, 0xc2, 0x10, 0xc2, 0x10,
    0x6b, 0x55, 0x6b, 0x55, 0x6b, 0x55, 0x6b, 0x55, 0x6b, 0x55, 0x6b, 0x55, 0x6b, 0x55, 0x6b, 0x55, 0x6b, 0x55, 0x6b, 0x55, 0x6b, 0x55, 0x6b, 0x55,
    0xc2, 0x10, 0xc2, 0x10, 0xc2, 0x10, 0xc2, 0x10, 0xc2, 0x10, 0xc2, 0x10, 0x6b, 0x55, 0x6b, 0x55, 0x6b, 0x55, 0x6b, 0x55, 0x6b, 0x55, 0x6b, 0x55,
    0x6b, 0x55, 0x6b, 0x55, 0x6b, 0x55, 0x6b, 0x55, 0xce, 0x9e, 0xce, 0x9e, 0xce, 0x9e, 0xce, 0x9e, 0xce, 0x9e, 0xce, 0x9e, 0xce, 0x9e, 0xce, 0x9e,
    0xce, 0x9e, 0xce, 0x9e, 0x03, 0x11, 0x03, 0x11, 0x03, 0x11, 0x03, 0x11, 0x03, 0x11, 0x03, 0x11, 0x03, 0x11, 0x03, 0x11, 0x03, 0x11, 0x03, 0x11,
    0x03, 0x11, 0x03, 0x11, 0x03, 0x11, 0x03, 0x11, 0xce, 0x9e, 0xce, 0x9e, 0xce, 0x9e, 0xce, 0x9e, 0xce, 0x9e, 0xce, 0x9e, 0xce, 0x9e, 0xce, 0x9e,
    0xce, 0x9e, 0xce, 0x9e, 0x6b, 0x55, 0x6b, 0x55, 0x6b, 0x55, 0x6b, 0x55, 0x6b, 0x55, 0x6b, 0x55, 0x6b, 0x55, 0x6b, 0x55, 0x6b, 0x55, 0x6b, 0x55,
    0x6b, 0x55, 0x6b, 0x55, 0xc2, 0x10, 0xc2, 0x10, 0xc2, 0x10, 0xc2, 0x10, 0xc2, 0x10, 0xc2, 0x10, 0x6b, 0x55, 0x6b, 0x55, 0x6b, 0x55, 0x6b, 0x55,
    0x6b, 0x55, 0x6b, 0x55, 0x6b, 0x55, 0x6b, 0x55, 0x6b, 0x55, 0x6b, 0x55, 0x6b, 0x55, 0x6b, 0x55, 0xc2, 0x10, 0xc2, 0x10, 0xc2, 0x10, 0xc2, 0x10,
    0xc2, 0x10, 0xc2, 0x10, 0x6b, 0x55, 0x6b, 0x55, 0x6b, 0x55, 0x6b, 0x55, 0x6b, 0x55, 0x6b, 0x55, 0x6b, 0x55, 0x6b, 0x55, 0x6b, 0x55, 0x6b, 0x55,
    0x6b, 0x55, 0x6b, 0x55, 0x6b, 0x55, 0x6b, 0x55, 0x03, 0x11, 0x03, 0x11, 0x03, 0x11, 0x03, 0x11, 0x03, 0x11, 0x03, 0x11, 0x03, 0x11, 0x03, 0x11,
    0x03, 0x11, 0x03, 0x11, 0x03, 0x11, 0x03, 0x11, 0x03, 0x11, 0x03, 0x11, 0x03, 0x11, 0x03, 0x11, 0x03, 0x11, 0x03, 0x11, 0x03, 0x11, 0x03, 0x11,
    0xce, 0x9e, 0xce, 0x9e, 0xce, 0x9e, 0xce, 0x9e, 0xce, 0x9e, 0xce, 0x9e, 0xce, 0x9e, 0xce, 0x9e, 0xce, 0x9e, 0xce, 0x9e, 0x6b, 0x55, 0x6b, 0x55,
    0x6b, 0x55, 0x6b, 0x55, 0x6b, 0x55, 0x6b, 0x55, 0x6b, 0x55, 0x6b, 0x55, 0x6b, 0x55, 0x6b, 0x55, 0x6b, 0x55, 0x6b, 0x55, 0xc2, 0x10, 0xc2, 0x10,
    0xc2, 0x10, 0xc2, 0x10, 0xc2, 0x10, 0xc2, 0x10, 0x6b, 0x55, 0x6b, 0x55, 0x6b, 0x55, 0x6b, 0x55, 0x6b, 0x55, 0x6b, 0x55, 0x6b, 0x55, 0x6b, 0x55,
    0x6b, 0x55, 0x6b, 0x55, 0x6b, 0x55, 0x6b, 0x55, 0xc2, 0x10, 0xc2, 0x10, 0xc2, 0x10, 0xc2, 0x10, 0xc2, 0x10, 0xc2, 0x10, 0x6b, 0x55, 0x6b, 0x55,
    0x6b, 0x55, 0x6b, 0x55, 0x6b, 0x55, 0x6b, 0x55, 0x6b, 0x55, 0x6b, 0x55, 0x6b, 0x55, 0x6b, 0x55, 0x6b, 0x55, 0x6b, 0x55, 0x6b, 0x55, 0x6b, 0x55,
    0x03, 0x11, 0x03, 0x11, 0x03, 0x11, 0x03, 0x11, 0x03, 0x11, 0x03, 0x11, 0x03, 0x11, 0x03, 0x11, 0x03, 0x11, 0x03, 0x11, 0x03, 0x11, 0x03, 0x11,
    0x03, 0x11, 0x03, 0x11, 0x03, 0x11, 0x03, 0x11, 0x03, 0x11, 0x03, 0x11, 0x03, 0x11, 0x03, 0x11, 0x03, 0x11, 0x03, 0x11, 0x03, 0x11, 0x03, 0x11,
    0x6b, 0x55, 0x6b, 0x55, 0x6b, 0x55, 0x6b, 0x55, 0x6b, 0x55, 0x6b, 0x55, 0x6b, 0x55, 0x6b, 0x55, 0x6b, 0x55, 0x6b, 0x55, 0x6b, 0x55, 0x6b, 0x55,
    0x6b, 0x55, 0x6b, 0x55, 0x6b, 0x55, 0x6b, 0x55, 0x6b, 0x55, 0x6b, 0x55, 0xc2, 0x10, 0xc2, 0x10, 0xc2, 0x10, 0xc2, 0x10, 0xc2, 0x10, 0xc2, 0x10,
    0x6b, 0x55, 0x6b, 0x55, 0x6b, 0x55, 0x6b, 0x55, 0x6b, 0x55, 0x6b, 0x55, 0x6b, 0x55, 0x6b, 0x55, 0x6b, 0x55, 0x6b, 0x55, 0x6b, 0x55, 0x6b, 0x55,
    0xc2, 0x10, 0xc2, 0x10, 0xc2, 0x10, 0xc2, 0x10, 0xc2, 0x10, 0xc2, 0x10, 0x6b, 0x55, 0x6b, 0x55, 0x6b, 0x55, 0x6b, 0x55, 0x6b, 0x55, 0x6b, 0x55,
    0x6b, 0x55, 0x6b, 0x55, 0x6b, 0x55, 0x6b, 0x55, 0x6b, 0x55, 0x6b, 0x55, 0x6b, 0x55, 0x6b, 0x55, 0x03, 0x11, 0x03, 0x11, 0x03, 0x11, 0x03, 0x11,
    0x03, 0x11, 0x03, 0x11, 0x03, 0x11, 0x03, 0x11, 0x03, 0x11, 0x03, 0x11, 0x03, 0x11, 0x03, 0x11, 0x03, 0x11, 0x03, 0x11, 0x03, 0x11, 0x03, 0x11,
    0x03, 0x11, 0x03, 0x11, 0x03, 0x11, 0x03, 0x11, 0x03, 0x11, 0x03, 0x11, 0x03, 0x11, 0x03, 0x11, 0x6b, 0x55, 0x6b, 0x55, 0x6b, 0x55, 0x6b, 0x55,
    0x6b, 0x55, 0x6b, 0x55, 0x6b, 0x55, 0x6b, 0x55, 0x6b, 0x55, 0x6b, 0x55, 0x6b, 0x55, 0x6b, 0x55, 0x6b, 0x55, 0x6b, 0x55, 0x6b, 0x55, 0x6b, 0x55,
    0x6b, 0x55, 0x6b, 0x55, 0xc2, 0x10, 0xc2, 0x10, 0xc2, 0x10, 0xc2, 0x10, 0xc2, 0x10, 0xc2, 0x10, 0x6b, 0x55, 0x6b, 0x55, 0x6b, 0x55, 0x6b, 0x55,
    0x6b, 0x55, 0x6b, 0x55, 0x6b, 0x55, 0x6b, 0x55, 0x6b, 0x55, 0x6b, 0x55, 0x6b, 0x55, 0x6b, 0x55, 0xc2, 0x10, 0xc2, 0x10, 0xc2, 0x10, 0xc2, 0x10,
    0xc2, 0x10, 0xc2, 0x10, 0x6b, 0x55, 0x6b, 0x55, 0x6b, 0x55, 0x6b, 0x55, 0x6b, 0x55, 0x6b, 0x55, 0x6b, 0x55, 0x6b, 0x55, 0x6b, 0x55, 0x6b, 0x55,
    0x6b, 0x55, 0x6b, 0x55, 0x6b, 0x55, 0x6b, 0x55, 0x03, 0x11, 0x03, 0x11, 0x03, 0x11, 0x03, 0x11, 0x03, 0x11, 0x03, 0x11, 0x03, 0x11, 0x03, 0x11,
    0x03, 0x11, 0x03, 0x11, 0x03, 0x11, 0x03, 0x11, 0x03, 0x11, 0x03, 0x11, 0x03, 0x11, 0x03, 0x11, 0x03, 0x11, 0x03, 0x11, 0x03, 0x11, 0x03, 0x11,
    0x03, 0x11, 0x03, 0x11, 0x03, 0x11, 0x03, 0x11, 0x6b, 0x55, 0x6b, 0x55, 0x6b, 0x55, 0x6b, 0x55, 0x6b, 0x55, 0x6b, 0x55, 0x6b, 0x55, 0x6b, 0x55,
    0x6b, 0x55, 0x6b, 0x55, 0x6b, 0x55, 0x6b, 0x55, 0x6b, 0x55, 0x6b, 0x55, 0x6b, 0x55, 0x6b, 0x55, 0x6b, 0x55, 0x6b, 0x55, 0x6b, 0x55, 0x6b, 0x55,
    0x6b, 0x55, 0x6b, 0x55, 0x6b, 0x55, 0x6b, 0x55, 0x6b, 0x55, 0x6b, 0x55, 0x6b, 0x55, 0x6b, 0x55, 0x6b, 0x55, 0x6b, 0x55, 0x6b, 0x55, 0x6b, 0x55,
    0x6b, 0x55, 0x6b, 0x55, 0x6b, 0x55, 0x6b, 0x55, 0x6b, 0x55, 0x6b, 0x55, 0x6b, 0x55, 0x6b, 0x55, 0x6b, 0x55, 0x6b, 0x55, 0x6b, 0x55, 0x6b, 0x55,
    0x6b, 0x55, 0x6b, 0x55, 0x6b, 0x55, 0x6b, 0x55, 0x6b, 0x55, 0x6b, 0x55, 0x6b, 0x55, 0x6b, 0x55, 0x6b, 0x55, 0x6b, 0x55, 0x6b, 0x55, 0x6b, 0x55,
    0x03, 0x11, 0x03, 0x11, 0x03, 0x11, 0x03, 0x11, 0x03, 0x11, 0x03, 0x11, 0x03, 0x11, 0x03, 0x11, 0x03, 0x11, 0x03, 0x11, 0x03, 0x11, 0x03, 0x11,
    0x03, 0x11, 0x03, 0x11, 0x03, 0x11, 0x03, 0x11, 0x03, 0x11, 0x03, 0x11, 0x03, 0x11, 0x03, 0x11, 0x03, 0x11, 0x03, 0x11, 0x03, 0x11, 0x03, 0x11,
    0x6b, 0x55, 0x6b, 0x55, 0x6b, 0x55, 0x6b, 0x55, 0x6b, 0x55, 0x6b, 0x55, 0x6b, 0x55, 0x6b, 0x55, 0x6b, 0x55, 0x6b, 0x55, 0x6b, 0x55, 0x6b, 0x55,
    0x6b, 0x55, 0x6b, 0x55, 0x6b, 0x55, 0x6b, 0x55, 0x6b, 0x55, 0x6b, 0x55, 0x6b, 0x55, 0x6b, 0x55, 0x6b, 0x55, 0x6b, 0x55, 0x6b, 0x55, 0x6b, 0x55,
    0x6b, 0x55, 0x6b, 0x55, 0x6b, 0x55, 0x6b, 0x55, 0x6b, 0x55, 0x6b, 0x55, 0x6b, 0x55, 0x6b, 0x55, 0x6b, 0x55, 0x6b, 0x55, 0x6b, 0x55, 0x6b, 0x55,
    0x6b, 0x55, 0x6b, 0x55, 0x6b, 0x55, 0x6b, 0x55, 0x6b, 0x55, 0x6b, 0x55, 0x6b, 0x55, 0x6b, 0x55, 0x6b, 0x55, 0x6b, 0x55, 0x6b, 0x55, 0x6b, 0x55,
    0x6b, 0x55, 0x6b, 0x55, 0x6b, 0x55, 0x6b, 0x55, 0x6b, 0x55, 0x6b, 0x55, 0x6b, 0x55, 0x6b, 0x55, 0x03, 0x11, 0x03, 0x11, 0x03, 0x11, 0x03, 0x11,
    0x03, 0x11, 0x03, 0x11, 0x03, 0x11, 0x03, 0x11, 0x03, 0x11, 0x03, 0x11, 0x03, 0x11, 0x03, 0x11, 0x03, 0x11, 0x03, 0x11, 0x03, 0x11, 0x03, 0x11,
    0x03, 0x11, 0x03, 0x11, 0x03, 0x11, 0x03, 0x11, 0x03, 0x11, 0x03, 0x11, 0x03, 0x11, 0x03, 0x11, 0x6b, 0x55, 0x6b, 0x55, 0x6b, 0x55, 0x6b, 0x55,
    0x6b, 0x55, 0x6b, 0x55, 0x6b, 0x55, 0x6b, 0x55, 0x6b, 0x55, 0x6b, 0x55, 0x6b, 0x55, 0x6b, 0x55, 0x6b, 0x55, 0x6b, 0x55, 0x6b, 0x55, 0x6b, 0x55,
    0x6b, 0x55, 0x6b, 0x55, 0x6b, 0x55, 0x6b, 0x55, 0x6b, 0x55, 0x6b, 0x55, 0xce, 0x9e, 0xce, 0x9e, 0xce, 0x9e, 0xce, 0x9e, 0xce, 0x9e, 0xce, 0x9e,
    0xce, 0x9e, 0xce, 0x9e, 0xce, 0x9e, 0xce, 0x9e, 0xce, 0x9e, 0xce, 0x9e, 0xce, 0x9e, 0xce, 0x9e, 0xce, 0x9e, 0xce, 0x9e, 0xce, 0x9e, 0xce, 0x9e,
    0xce, 0x9e, 0xce, 0x9e, 0xce, 0x9e, 0xce, 0x9e, 0x6b, 0x55, 0x6b, 0x55, 0x6b, 0x55, 0x6b, 0x55, 0x6b, 0x55, 0x6b, 0x55, 0x6b, 0x55, 0x6b, 0x55,
    0x6b, 0x55, 0x6b, 0x55, 0x6b, 0x55, 0x6b, 0x55, 0x03, 0x11, 0x03, 0x11, 0x03, 0x11, 0x03, 0x11, 0x03, 0x11, 0x03, 0x11, 0x03, 0x11, 0x03, 0x11,
    0x03, 0x11, 0x03, 0x11, 0x03, 0x11, 0x03, 0x11, 0x03, 0x11, 0x03, 0x11, 0x03, 0x11, 0x03, 0x11, 0x03, 0x11, 0x03, 0x11, 0x03, 0x11, 0x03, 0x11,
    0x03, 0x11, 0x03, 0x11, 0x03, 0x11, 0x03, 0x11, 0x6b, 0x55, 0x6b, 0x55, 0x6b, 0x55, 0x6b, 0x55, 0x6b, 0x55, 0x6b, 0x55, 0x6b, 0x55, 0x6b, 0x55,
    0x6b, 0x55, 0x6b, 0x55, 0x6b, 0x55, 0x6b, 0x55, 0x6b, 0x55, 0x6b, 0x55, 0x6b, 0x55, 0x6b, 0x55, 0x6b, 0x55, 0x6b, 0x55, 0x6b, 0x55, 0x6b, 0x55,
    0x6b, 0x55, 0x6b, 0x55, 0xce, 0x9e, 0xce, 0x9e, 0xce, 0x9e, 0xce, 0x9e, 0xce, 0x9e, 0xce, 0x9e, 0xce, 0x9e, 0xce, 0x9e, 0xce, 0x9e, 0xce, 0x9e,
    0xce, 0x9e, 0xce, 0x9e, 0xce, 0x9e, 0xce, 0x9e, 0xce, 0x9e, 0xce, 0x9e, 0xce, 0x9e, 0xce, 0x9e, 0xce, 0x9e, 0xce, 0x9e, 0xce, 0x9e, 0xce, 0x9e,
    0x6b, 0x55, 0x6b, 0x55, 0x6b, 0x55, 0x6b, 0x55, 0x6b, 0x55, 0x6b, 0x55, 0x6b, 0x55, 0x6b, 0x55, 0x6b, 0x55, 0x6b, 0x55, 0x6b, 0x55, 0x6b, 0x55,
    0x03, 0x11, 0x03, 0x11, 0x03, 0x11, 0x03, 0x11, 0x03, 0x11, 0x03, 0x11, 0x03, 0x11, 0x03, 0x11, 0x03, 0x11, 0x03, 0x11, 0x03, 0x11, 0x03, 0x11,
    0x03, 0x11, 0x03, 0x11, 0x03, 0x11, 0x03, 0x11, 0x03, 0x11, 0x03, 0x11, 0x03, 0x11, 0x03, 0x11, 0x03, 0x11, 0x03, 0x11, 0x03, 0x11, 0x03, 0x11,
    0x6b, 0x55, 0x6b, 0x55, 0x6b, 0x55, 0x6b, 0x55, 0x6b, 0x55, 0x6b, 0x55, 0x6b, 0x55, 0x6b, 0x55, 0x6b, 0x55, 0x6b, 0x55, 0x6b, 0x55, 0x6b, 0x55,
    0x6b, 0x55, 0x6b, 0x55, 0x6b, 0x55, 0x6b, 0x55, 0x6b, 0x55, 0x6b, 0x55, 0x6b, 0x55, 0x6b, 0x55, 0x6b, 0x55, 0x6b, 0x55, 0xce, 0x9e, 0xce, 0x9e,
    0xce, 0x9e, 0xce, 0x9e, 0xce, 0x9e, 0xce, 0x9e, 0xce, 0x9e, 0xce, 0x9e, 0xce, 0x9e, 0xce, 0x9e, 0xce, 0x9e, 0xce, 0x9e, 0xce, 0x9e, 0xce, 0x9e,
    0xce, 0x9e, 0xce, 0x9e, 0xce, 0x9e, 0xce, 0x9e, 0xce, 0x9e, 0xce, 0x9e, 0xce, 0x9e, 0xce, 0x9e, 0x6b, 0x55, 0x6b, 0x55, 0x6b, 0x55, 0x6b, 0x55,
    0x6b, 0x55, 0x6b, 0x55, 0x6b, 0x55, 0x6b, 0x55, 0x6b, 0x55, 0x6b, 0x55, 0x6b, 0x55, 0x6b, 0x55, 0x03, 0x11, 0x03, 0x11, 0x03, 0x11, 0x03, 0x11,
    0x03, 0x11, 0x03, 0x11, 0x03, 0x11, 0x03, 0x11, 0x03, 0x11, 0x03, 0x11, 0x03, 0x11, 0x03, 0x11, 0x03, 0x11, 0x03, 0x11, 0x03, 0x11, 0x03, 0x11,
    0x03, 0x11, 0x03, 0x11, 0x03, 0x11, 0x03, 0x11, 0x03, 0x11, 0x03, 0x11, 0x03, 0x11, 0x03, 0x11, 0x6b, 0x55, 0x6b, 0x55, 0x6b, 0x55, 0x6b, 0x55,
    0x6b, 0x55, 0x6b, 0x55, 0x6b, 0x55, 0x6b, 0x55, 0x6b, 0x55, 0x6b, 0x55, 0x6b, 0x55, 0x6b, 0x55, 0x6b, 0x55, 0x6b, 0x55, 0x6b, 0x55, 0x6b, 0x55,
    0x6b, 0x55, 0x6b, 0x55, 0x6b, 0x55, 0x6b, 0x55, 0x6b, 0x55, 0x6b, 0x55, 0xce, 0x9e, 0xce, 0x9e, 0xce, 0x9e, 0xce, 0x9e, 0xce, 0x9e, 0xce, 0x9e,
    0xce, 0x9e, 0xce, 0x9e, 0xce, 0x9e, 0xce, 0x9e, 0xce, 0x9e, 0xce, 0x9e, 0xce, 0x9e, 0xce, 0x9e, 0xce, 0x9e, 0xce, 0x9e, 0xce, 0x9e, 0xce, 0x9e,
    0xce, 0x9e, 0xce, 0x9e, 0xce, 0x9e, 0xce, 0x9e, 0x6b, 0x55, 0x6b, 0x55, 0x6b, 0x55, 0x6b, 0x55, 0x6b, 0x55, 0x6b, 0x55, 0x6b, 0x55, 0x6b, 0x55,
    0x6b, 0x55, 0x6b, 0x55, 0x6b, 0x55, 0x6b, 0x55, 0x03, 0x11, 0x03, 0x11, 0x03, 0x11, 0x03, 0x11, 0x03, 0x11, 0x03, 0x11, 0x03, 0x11, 0x03, 0x11,
    0x03, 0x11, 0x03, 0x11, 0x03, 0x11, 0x03, 0x11, 0x03, 0x11, 0x03, 0x11, 0x03, 0x11, 0x03, 0x11, 0x03, 0x11, 0x03, 0x11, 0x03, 0x11, 0x03, 0x11,
    0x03, 0x11, 0x03, 0x11, 0x03, 0x11, 0x03, 0x11, 0x6b, 0x55, 0x6b, 0x55, 0x6b, 0x55, 0x6b, 0x55, 0x6b, 0x55, 0x6b, 0x55, 0x6b, 0x55, 0x6b, 0x55,
    0x6b, 0x55, 0x6b, 0x55, 0x6b, 0x55, 0x6b, 0x55, 0x6b, 0x55, 0x6b, 0x55, 0x6b, 0x55, 0x6b, 0x55, 0x6b, 0x55, 0x6b, 0x55, 0x6b, 0x55, 0x6b, 0x55,
    0x6b, 0x55, 0x6b, 0x55, 0xce, 0x9e, 0xce, 0x9e, 0xce, 0x9e, 0xce, 0x9e, 0xce, 0x9e, 0xce, 0x9e, 0xce, 0x9e, 0xce, 0x9e, 0xce, 0x9e, 0xce, 0x9e,
    0xce, 0x9e, 0xce, 0x9e, 0xce, 0x9e, 0xce, 0x9e, 0xce, 0x9e, 0xce, 0x9e, 0xce, 0x9e, 0xce, 0x9e, 0xce, 0x9e, 0xce, 0x9e, 0xce, 0x9e, 0xce, 0x9e,
    0x6b, 0x55, 0x6b, 0x55, 0x6b, 0x55, 0x6b, 0x55, 0x6b, 0x55, 0x6b, 0x55, 0x6b, 0x55, 0x6b, 0x55, 0x6b, 0x55, 0x6b, 0x55, 0x6b, 0x55, 0x6b, 0x55,
    0x03, 0x11, 0x03, 0x11, 0x03, 0x11, 0x03, 0x11, 0x03, 0x11, 0x03, 0x11, 0x03, 0x11, 0x03, 0x11, 0x03, 0x11, 0x03, 0x11, 0x03, 0x11, 0x03, 0x11,
    0x03, 0x11, 0x03, 0x11, 0x03, 0x11, 0x03, 0x11, 0x03, 0x11, 0x03, 0x11, 0x03, 0x11, 0x03, 0x11, 0x03, 0x11, 0x03, 0x11, 0x03, 0x11, 0x03, 0x11,
    0x6b, 0x55, 0x6b, 0x55, 0x6b, 0x55, 0x6b, 0x55, 0x6b, 0x55, 0x6b, 0x55, 0x6b, 0x55, 0x6b, 0x55, 0x6b, 0x55, 0x6b, 0x55, 0x6b, 0x55, 0x6b, 0x55,
    0x6b, 0x55, 0x6b, 0x55, 0x6b, 0x55, 0x6b, 0x55, 0x6b, 0x55, 0x6b, 0x55, 0x6b, 0x55, 0x6b, 0x55, 0x6b, 0x55, 0x6b, 0x55, 0xce, 0x9e, 0xce, 0x9e,
    0xce, 0x9e, 0xce, 0x9e, 0xce, 0x9e, 0xce, 0x9e, 0xce, 0x9e, 0xce, 0x9e, 0xce, 0x9e, 0xce, 0x9e, 0xce, 0x9e, 0xce, 0x9e, 0xce, 0x9e, 0xce, 0x9e,
    0xce, 0x9e, 0xce, 0x9e, 0xce, 0x9e, 0xce, 0x9e, 0xce, 0x9e, 0xce, 0x9e, 0xce, 0x9e, 0xce, 0x9e, 0x6b, 0x55, 0x6b, 0x55, 0x6b, 0x55, 0x6b, 0x55,
    0x6b, 0x55, 0x6b, 0x55, 0x6b, 0x55, 0x6b, 0x55, 0x6b, 0x55, 0x6b, 0x55, 0x6b, 0x55, 0x6b, 0x55, 0x03, 0x11, 0x03, 0x11, 0x03, 0x11, 0x03, 0x11,
    0x03, 0x11, 0x03, 0x11, 0x03, 0x11, 0x03, 0x11, 0x03, 0x11, 0x03, 0x11, 0x03, 0x11, 0x03, 0x11, 0x03, 0x11, 0x03, 0x11, 0x03, 0x11, 0x03, 0x11,
    0x03, 0x11, 0x03, 0x11, 0x03, 0x11, 0x03, 0x11, 0x03, 0x11, 0x03, 0x11, 0x03, 0x11, 0x03, 0x11, 0x6b, 0x55, 0x6b, 0x55, 0x6b, 0x55, 0x6b, 0x55,
    0x6b, 0x55, 0x6b, 0x55, 0x6b, 0x55, 0x6b, 0x55, 0x6b, 0x55, 0x6b, 0x55, 0x6b, 0x55, 0x6b, 0x55, 0x6b, 0x55, 0x6b, 0x55, 0x6b, 0x55, 0x6b, 0x55,
    0x6b, 0x55, 0x6b, 0x55, 0x6b, 0x55, 0x6b, 0x55, 0x6b, 0x55, 0x6b, 0x55, 0xce, 0x9e, 0xce, 0x9e, 0xce, 0x9e, 0xce, 0x9e, 0xee, 0xeb, 0xee, 0xeb,
    0xee, 0xeb, 0xee, 0xeb, 0xee, 0xeb, 0xee, 0xeb, 0xee, 0xeb, 0xee, 0xeb, 0xee, 0xeb, 0xee, 0xeb, 0xee, 0xeb, 0xee, 0xeb, 0xee, 0xeb, 0xee, 0xeb,
    0xee, 0xeb, 0xee, 0xeb, 0xee, 0xeb, 0xee, 0xeb, 0x6b, 0x55, 0x6b, 0x55, 0x6b, 0x55, 0x6b, 0x55, 0x6b, 0x55, 0x6b, 0x55, 0x6b, 0x55, 0x6b, 0x55,
    0x6b, 0x55, 0x6b, 0x55, 0x6b, 0x55, 0x6b, 0x55, 0x03, 0x11, 0x03, 0x11, 0x03, 0x11, 0x03, 0x11, 0x03, 0x11, 0x03, 0x11, 0x03, 0x11, 0x03, 0x11,
    0x03, 0x11, 0x03, 0x11, 0x03, 0x11, 0x03, 0x11, 0x03, 0x11, 0x03, 0x11, 0x03, 0x11, 0x03, 0x11, 0x03, 0x11, 0x03, 0x11, 0x03, 0x11, 0x03, 0x11,
    0x03, 0x11, 0x03, 0x11, 0x03, 0x11, 0x03, 0x11, 0x6b, 0x55, 0x6b, 0x55, 0x6b, 0x55, 0x6b, 0x55, 0x6b, 0x55, 0x6b, 0x55, 0x6b, 0x55, 0x6b, 0x55,
    0x6b, 0x55, 0x6b, 0x55, 0x6b, 0x55, 0x6b, 0x55, 0x6b, 0x55, 0x6b, 0x55, 0x6b, 0x55, 0x6b, 0x55, 0x6b, 0x55, 0x6b, 0x55, 0x6b, 0x55, 0x6b, 0x55,
    0x6b, 0x55, 0x6b, 0x55, 0xce, 0x9e, 0xce, 0x9e, 0xce, 0x9e, 0xce, 0x9e, 0xee, 0xeb, 0xee, 0xeb, 0xee, 0xeb, 0xee, 0xeb, 0xee, 0xeb, 0xee, 0xeb,
    0xee, 0xeb, 0xee, 0xeb, 0xee, 0xeb, 0xee, 0xeb, 0xee, 0xeb, 0xee, 0xeb, 0xee, 0xeb, 0xee, 0xeb, 0xee, 0xeb, 0xee, 0xeb, 0xee, 0xeb, 0xee, 0xeb,
    0x6b, 0x55, 0x6b, 0x55, 0x6b, 0x55, 0x6b, 0x55, 0x6b, 0x55, 0x6b, 0x55, 0x6b, 0x55, 0x6b, 0x55, 0x6b, 0x55, 0x6b, 0x55, 0x6b, 0x55, 0x6b, 0x55,
    0x03, 0x11, 0x03, 0x11, 0x03, 0x11, 0x03, 0x11, 0x03, 0x11, 0x03, 0x11, 0x03, 0x11, 0x03, 0x11, 0x03, 0x11, 0x03, 0x11, 0x03, 0x11, 0x03, 0x11,
    0x03, 0x11, 0x03, 0x11, 0x03, 0x11, 0x03, 0x11, 0x03, 0x11, 0x03, 0x11, 0x03, 0x11, 0x03, 0x11, 0x03, 0x11, 0x03, 0x11, 0x03, 0x11, 0x03, 0x11,
    0x6b, 0x55, 0x6b, 0x55, 0x6b, 0x55, 0x6b, 0x55, 0x6b, 0x55, 0x6b, 0x55, 0x6b, 0x55, 0x6b, 0x55, 0x6b, 0x55, 0x6b, 0x55, 0x6b, 0x55, 0x6b, 0x55,
    0x6b, 0x55, 0x6b, 0x55, 0x6b, 0x55, 0x6b, 0x55, 0x6b, 0x55, 0x6b, 0x55, 0x6b, 0x55, 0x6b, 0x55, 0x6b, 0x55, 0x6b, 0x55, 0xce, 0x9e, 0xce, 0x9e,
    0xce, 0x9e, 0xce, 0x9e, 0xee, 0xeb, 0xee, 0xeb, 0xee, 0xeb, 0xee, 0xeb, 0xee, 0xeb, 0xee, 0xeb, 0xee, 0xeb, 0xee, 0xeb, 0xee, 0xeb, 0xee, 0xeb,
    0xee, 0xeb, 0xee, 0xeb, 0xee, 0xeb, 0xee, 0xeb, 0xee, 0xeb, 0xee, 0xeb, 0xee, 0xeb, 0xee, 0xeb, 0x6b, 0x55, 0x6b, 0x55, 0x6b, 0x55, 0x6b, 0x55,
    0x6b, 0x55, 0x6b, 0x55, 0x6b, 0x55, 0x6b, 0x55, 0x6b, 0x55, 0x6b, 0x55, 0x6b, 0x55, 0x6b, 0x55, 0x03, 0x11, 0x03, 0x11, 0x03, 0x11, 0x03, 0x11,
    0x03, 0x11, 0x03, 0x11, 0x03, 0x11, 0x03, 0x11, 0x03, 0x11, 0x03, 0x11, 0x03, 0x11, 0x03, 0x11, 0x03, 0x11, 0x03, 0x11, 0x03, 0x11, 0x03, 0x11,
    0x03, 0x11, 0x03, 0x11, 0x03, 0x11, 0x03, 0x11, 0x03, 0x11, 0x03, 0x11, 0x03, 0x11, 0x03, 0x11, 0x6b, 0x55, 0x6b, 0x55, 0x6b, 0x55, 0x6b, 0x55,
    0x6b, 0x55, 0x6b, 0x55, 0x6b, 0x55, 0x6b, 0x55, 0x6b, 0x55, 0x6b, 0x55, 0x6b, 0x55, 0x6b, 0x55, 0x6b, 0x55, 0x6b, 0x55, 0x6b, 0x55, 0x6b, 0x55,
    0x6b, 0x55, 0x6b, 0x55, 0x6b, 0x55, 0x6b, 0x55, 0x6b, 0x55, 0x6b, 0x55, 0xce, 0x9e, 0xce, 0x9e, 0xce, 0x9e, 0xce, 0x9e, 0xee, 0xeb, 0xee, 0xeb,
    0xee, 0xeb, 0xee, 0xeb, 0xee, 0xeb, 0xee, 0xeb, 0xee, 0xeb, 0xee, 0xeb, 0xee, 0xeb, 0xee, 0xeb, 0xee, 0xeb, 0xee, 0xeb, 0xee, 0xeb, 0xee, 0xeb,
    0xee, 0xeb, 0xee, 0xeb, 0xee, 0xeb, 0xee, 0xeb, 0x6b, 0x55, 0x6b, 0x55, 0x6b, 0x55, 0x6b, 0x55, 0x6b, 0x55, 0x6b, 0x55, 0x6b, 0x55, 0x6b, 0x55,
    0x6b, 0x55, 0x6b, 0x55, 0x6b, 0x55, 0x6b, 0x55, 0x03, 0x11, 0x03, 0x11, 0x03, 0x11, 0x03, 0x11, 0x03, 0x11, 0x03, 0x11, 0x03, 0x11, 0x03, 0x11,
    0x03, 0x11, 0x03, 0x11, 0x03, 0x11, 0x03, 0x11, 0x03, 0x11, 0x03, 0x11, 0x03, 0x11, 0x03, 0x11, 0x03, 0x11, 0x03, 0x11, 0x03, 0x11, 0x03, 0x11,
    0x03, 0x11, 0x03, 0x11, 0x03, 0x11, 0x03, 0x11, 0x6b, 0x55, 0x6b, 0x55, 0x6b, 0x55, 0x6b, 0x55, 0x6b, 0x55, 0x6b, 0x55, 0x6b, 0x55, 0x6b, 0x55,
    0x6b, 0x55, 0x6b, 0x55, 0x6b, 0x55, 0x6b, 0x55, 0x6b, 0x55, 0x6b, 0x55, 0x6b, 0x55, 0x6b, 0x55, 0x6b, 0x55, 0x6b, 0x55, 0x6b, 0x55, 0x6b, 0x55,
    0x6b, 0x55, 0x6b, 0x55, 0xce, 0x9e, 0xce, 0x9e, 0xce, 0x9e, 0xce, 0x9e, 0xee, 0xeb, 0xee, 0xeb, 0xee, 0xeb, 0xee, 0xeb, 0xee, 0xeb, 0xee, 0xeb,
    0xee, 0xeb, 0xee, 0xeb, 0xee, 0xeb, 0xee, 0xeb, 0xee, 0xeb, 0xee, 0xeb, 0xee, 0xeb, 0xee, 0xeb, 0xee, 0xeb, 0xee, 0xeb, 0xee, 0xeb, 0xee, 0xeb,
    0x6b, 0x55, 0x6b, 0x55, 0x6b, 0x55, 0x6b, 0x55, 0x6b, 0x55, 0x6b, 0x55, 0x6b, 0x55, 0x6b, 0x55, 0x6b, 0x55, 0x6b, 0x55, 0x6b, 0x55, 0x6b, 0x55,
    0x03, 0x11, 0x03, 0x11, 0x03, 0x11, 0x03, 0x11, 0x03, 0x11, 0x03, 0x11, 0x03, 0x11, 0x03, 0x11, 0x03, 0x11, 0x03, 0x11, 0x03, 0x11, 0x03, 0x11,
    0x03, 0x11, 0x03, 0x11, 0x03, 0x11, 0x03, 0x11, 0x03, 0x11, 0x03, 0x11, 0x03, 0x11, 0x03, 0x11, 0x03, 0x11, 0x03, 0x11, 0x03, 0x11, 0x03, 0x11,
    0x6b, 0x55, 0x6b, 0x55, 0x6b, 0x55, 0x6b, 0x55, 0x6b, 0x55, 0x6b, 0x55, 0x6b, 0x55, 0x6b, 0x55, 0x6b, 0x55, 0x6b, 0x55, 0x6b, 0x55, 0x6b, 0x55,
    0x6b, 0x55, 0x6b, 0x55, 0x6b, 0x55, 0x6b, 0x55, 0x6b, 0x55, 0x6b, 0x55, 0x6b, 0x55, 0x6b, 0x55, 0x6b, 0x55, 0x6b, 0x55, 0xce, 0x9e, 0xce, 0x9e,
    0xce, 0x9e, 0xce, 0x9e, 0xee, 0xeb, 0xee, 0xeb, 0xee, 0xeb, 0xee, 0xeb, 0xee, 0xeb, 0xee, 0xeb, 0xee, 0xeb, 0xee, 0xeb, 0xee, 0xeb, 0xee, 0xeb,
    0xee, 0xeb, 0xee, 0xeb, 0xee, 0xeb, 0xee, 0xeb, 0xee, 0xeb, 0xee, 0xeb, 0xee, 0xeb, 0xee, 0xeb, 0x6b, 0x55, 0x6b, 0x55, 0x6b, 0x55, 0x6b, 0x55,
    0x6b, 0x55, 0x6b, 0x55, 0x6b, 0x55, 0x6b, 0x55, 0x6b, 0x55, 0x6b, 0x55, 0x6b, 0x55, 0x6b, 0x55, 0x03, 0x11, 0x03, 0x11, 0x03, 0x11, 0x03, 0x11,
    0x03, 0x11, 0x03, 0x11, 0x03, 0x11, 0x03, 0x11, 0x03, 0x11, 0x03, 0x11, 0x03, 0x11, 0x03, 0x11, 0x03, 0x11, 0x03, 0x11, 0x03, 0x11, 0x03, 0x11,
    0x03, 0x11, 0x03, 0x11, 0x03, 0x11, 0x03, 0x11, 0x03, 0x11, 0x03, 0x11, 0x03, 0x11, 0x03, 0x11, 0x03, 0x11, 0x03, 0x11, 0x03, 0x11, 0x03, 0x11,
    0x03, 0x11, 0x03, 0x11, 0x27, 0x2b, 0x27, 0x2b, 0x27, 0x2b, 0x27, 0x2b, 0x6b, 0x55, 0x6b, 0x55, 0x6b, 0x55, 0x6b, 0x55, 0x6b, 0x55, 0x6b, 0x55,
    0x6b, 0x55, 0x6b, 0x55, 0x6b, 0x55, 0x6b, 0x55, 0x6b, 0x55, 0x6b, 0x55, 0xce, 0x9e, 0xce, 0x9e, 0xce, 0x9e, 0xce, 0x9e, 0xee, 0xeb, 0xee, 0xeb,
    0xee, 0xeb, 0xee, 0xeb, 0xee, 0xeb, 0xee, 0xeb, 0xee, 0xeb, 0xee, 0xeb, 0xee, 0xeb, 0xee, 0xeb, 0xee, 0xeb, 0xee, 0xeb, 0xee, 0xeb, 0xee, 0xeb,
    0xee, 0xeb, 0xee, 0xeb, 0xee, 0xeb, 0xee, 0xeb, 0xce, 0x9e, 0xce, 0x9e, 0xce, 0x9e, 0xce, 0x9e, 0xce, 0x9e, 0xce, 0x9e, 0xce, 0x9e, 0xce, 0x9e,
    0x03, 0x11, 0x03, 0x11, 0x03, 0x11, 0x03, 0x11, 0x03, 0x11, 0x03, 0x11, 0x03, 0x11, 0x03, 0x11, 0x03, 0x11, 0x03, 0x11, 0x03, 0x11, 0x03, 0x11,
    0x03, 0x11, 0x03, 0x11, 0x03, 0x11, 0x03, 0x11, 0x03, 0x11, 0x03, 0x11, 0x03, 0x11, 0x03, 0x11, 0x03, 0x11, 0x03, 0x11, 0x03, 0x11, 0x03, 0x11,
    0x03, 0x11, 0x03, 0x11, 0x03, 0x11, 0x03, 0x11, 0x03, 0x11, 0x03, 0x11, 0x03, 0x11, 0x03, 0x11, 0x03, 0x11, 0x03, 0x11, 0x27, 0x2b, 0x27, 0x2b,
    0x27, 0x2b, 0x27, 0x2b, 0x6b, 0x55, 0x6b, 0x55, 0x6b, 0x55, 0x6b, 0x55, 0x6b, 0x55, 0x6b, 0x55, 0x6b, 0x55, 0x6b, 0x55, 0x6b, 0x55, 0x6b, 0x55,
    0x6b, 0x55, 0x6b, 0x55, 0xce, 0x9e, 0xce, 0x9e, 0xce, 0x9e, 0xce, 0x9e, 0xee, 0xeb, 0xee, 0xeb, 0xee, 0xeb, 0xee, 0xeb, 0xee, 0xeb, 0xee, 0xeb,
    0xee, 0xeb, 0xee, 0xeb, 0xee, 0xeb, 0xee, 0xeb, 0xee, 0xeb, 0xee, 0xeb, 0xee, 0xeb, 0xee, 0xeb, 0xee, 0xeb, 0xee, 0xeb, 0xee, 0xeb, 0xee, 0xeb,
    0xce, 0x9e, 0xce, 0x9e, 0xce, 0x9e, 0xce, 0x9e, 0xce, 0x9e, 0xce, 0x9e, 0xce, 0x9e, 0xce, 0x9e, 0x03, 0x11, 0x03, 0x11, 0x03, 0x11, 0x03, 0x11,
    0x03, 0x11, 0x03, 0x11, 0x03, 0x11, 0x03, 0x11, 0x03, 0x11, 0x03, 0x11, 0x03, 0x11, 0x03, 0x11, 0x03, 0x11, 0x03, 0x11, 0x03, 0x11, 0x03, 0x11,
    0x03, 0x11, 0x03, 0x11, 0x03, 0x11, 0x03, 0x11, 0x03, 0x11, 0x03, 0x11, 0x03, 0x11, 0x03, 0x11, 0x03, 0x11, 0x03, 0x11, 0x03, 0x11, 0x03, 0x11,
    0x03, 0x11, 0x03, 0x11, 0x03, 0x11, 0x03, 0x11, 0x03, 0x11, 0x03, 0x11, 0x27, 0x2b, 0x27, 0x2b, 0x27, 0x2b, 0x27, 0x2b, 0x27, 0x2b, 0x27, 0x2b,
    0x27, 0x2b, 0x27, 0x2b, 0x27, 0x2b, 0x27, 0x2b, 0x27, 0x2b, 0x27, 0x2b, 0x27, 0x2b, 0x27, 0x2b, 0x27, 0x2b, 0x27, 0x2b, 0xce, 0x9e, 0xce, 0x9e,
    0xce, 0x9e, 0xce, 0x9e, 0xce, 0x9e, 0xce, 0x9e, 0xce, 0x9e, 0xce, 0x9e, 0xce, 0x9e, 0xce, 0x9e, 0xce, 0x9e, 0xce, 0x9e, 0xce, 0x9e, 0xce, 0x9e,
    0xce, 0x9e, 0xce, 0x9e, 0xce, 0x9e, 0xce, 0x9e, 0xce, 0x9e, 0xce, 0x9e, 0xce, 0x9e, 0xce, 0x9e, 0xce, 0x9e, 0xce, 0x9e, 0xce, 0x9e, 0xce, 0x9e,
    0xce, 0x9e, 0xce, 0x9e, 0xce, 0x9e, 0xce, 0x9e, 0x03, 0x11, 0x03, 0x11, 0x03, 0x11, 0x03, 0x11, 0x03, 0x11, 0x03, 0x11, 0x03, 0x11, 0x03, 0x11,
    0x03, 0x11, 0x03, 0x11, 0x03, 0x11, 0x03, 0x11, 0x03, 0x11, 0x03, 0x11, 0x03, 0x11, 0x03, 0x11, 0x03, 0x11, 0x03, 0x11, 0x03, 0x11, 0x03, 0x11,
    0x03, 0x11, 0x03, 0x11, 0x03, 0x11, 0x03, 0x11, 0x03, 0x11, 0x03, 0x11, 0x03, 0x11, 0x03, 0x11, 0x03, 0x11, 0x03, 0x11, 0x03, 0x11, 0x03, 0x11,
    0x03, 0x11, 0x03, 0x11, 0x27, 0x2b, 0x27, 0x2b, 0x27, 0x2b, 0x27, 0x2b, 0x27, 0x2b, 0x27, 0x2b, 0x27, 0x2b, 0x27, 0x2b, 0x27, 0x2b, 0x27, 0x2b,
    0x27, 0x2b, 0x27, 0x2b, 0x27, 0x2b, 0x27, 0x2b, 0x27, 0x2b, 0x27, 0x2b, 0xce, 0x9e, 0xce, 0x9e, 0xce, 0x9e, 0xce, 0x9e, 0xce, 0x9e, 0xce, 0x9e,
    0xce, 0x9e, 0xce, 0x9e, 0xce, 0x9e, 0xce, 0x9e, 0xce, 0x9e, 0xce, 0x9e, 0xce, 0x9e, 0xce, 0x9e, 0xce, 0x9e, 0xce, 0x9e, 0xce, 0x9e, 0xce, 0x9e,
    0xce, 0x9e, 0xce, 0x9e, 0xce, 0x9e, 0xce, 0x9e, 0xce, 0x9e, 0xce, 0x9e, 0xce, 0x9e, 0xce, 0x9e, 0xce, 0x9e, 0xce, 0x9e, 0xce, 0x9e, 0xce, 0x9e,
    0x03, 0x11, 0x03, 0x11, 0x03, 0x11, 0x03, 0x11, 0x03, 0x11, 0x03, 0x11, 0x03, 0x11, 0x03, 0x11, 0x03, 0x11, 0x03, 0x11, 0x03, 0x11, 0x03, 0x11,
    0x03, 0x11, 0x03, 0x11, 0x03, 0x11, 0x03, 0x11, 0x03, 0x11, 0x03, 0x11, 0x03, 0x11, 0x03, 0x11, 0x03, 0x11, 0x03, 0x11, 0x03, 0x11, 0x03, 0x11,
    0x03, 0x11, 0x03, 0x11, 0x03, 0x11, 0x03, 0x11, 0x03, 0x11, 0x03, 0x11, 0x03, 0x11, 0x03, 0x11, 0x03, 0x11, 0x03, 0x11, 0x03, 0x11, 0x03, 0x11,
    0x27, 0x2b, 0x27, 0x2b, 0x27, 0x2b, 0x27, 0x2b, 0x6b, 0x55, 0x6b, 0x55, 0x6b, 0x55, 0x6b, 0x55, 0x6b, 0x55, 0x6b, 0x55, 0x6b, 0x55, 0x6b, 0x55,
    0x6b, 0x55, 0x6b, 0x55, 0xf5, 0xee, 0xf5, 0xee, 0xf5, 0xee, 0xf5, 0xee, 0xf5, 0xee, 0xf5, 0xee, 0xf5, 0xee, 0xf5, 0xee, 0xf5, 0xee, 0xf5, 0xee,
    0xf5, 0xee, 0xf5, 0xee, 0xf5, 0xee, 0xf5, 0xee, 0xf5, 0xee, 0xf5, 0xee, 0xf5, 0xee, 0xf5, 0xee, 0x6b, 0x55, 0x6b, 0x55, 0x6b, 0x55, 0x6b, 0x55,
    0x27, 0x2b, 0x27, 0x2b, 0x27, 0x2b, 0x27, 0x2b, 0x03, 0x11, 0x03, 0x11, 0x03, 0x11, 0x03, 0x11, 0x03, 0x11, 0x03, 0x11, 0x03, 0x11, 0x03, 0x11,
    0x03, 0x11, 0x03, 0x11, 0x03, 0x11, 0x03, 0x11, 0x03, 0x11, 0x03, 0x11, 0x03, 0x11, 0x03, 0x11, 0x03, 0x11, 0x03, 0x11, 0x03, 0x11, 0x03, 0x11,
    0x03, 0x11, 0x03, 0x11, 0x03, 0x11, 0x03, 0x11, 0x03, 0x11, 0x03, 0x11, 0x03, 0x11, 0x03, 0x11, 0x03, 0x11, 0x03, 0x11, 0x03, 0x11, 0x03, 0x11,
    0x03, 0x11, 0x03, 0x11, 0x03, 0x11, 0x03, 0x11, 0x03, 0x11, 0x03, 0x11, 0x03, 0x11, 0x03, 0x11, 0x27, 0x2b, 0x27, 0x2b, 0x27, 0x2b, 0x27, 0x2b,
    0x6b, 0x55, 0x6b, 0x55, 0x6b, 0x55, 0x6b, 0x55, 0x6b, 0x55, 0x6b, 0x55, 0x6b, 0x55, 0x6b, 0x55, 0x6b, 0x55, 0x6b, 0x55, 0xf5, 0xee, 0xf5, 0xee,
    0xf5, 0xee, 0xf5, 0xee, 0xf5, 0xee, 0xf5, 0xee, 0xf5, 0xee, 0xf5, 0xee, 0xf5, 0xee, 0xf5, 0xee, 0xf5, 0xee, 0xf5, 0xee, 0xf5, 0xee, 0xf5, 0xee,
    0xf5, 0xee, 0xf5, 0xee, 0xf5, 0xee, 0xf5, 0xee, 0x6b, 0x55, 0x6b, 0x55, 0x6b, 0x55, 0x6b, 0x55, 0x27, 0x2b, 0x27, 0x2b, 0x27, 0x2b, 0x27, 0x2b,
    0x03, 0x11, 0x03, 0x11, 0x03, 0x11, 0x03, 0x11, 0x03, 0x11, 0x03, 0x11, 0x03, 0x11, 0x03, 0x11, 0x03, 0x11, 0x03, 0x11, 0x03, 0x11, 0x03, 0x11,
    0x03, 0x11, 0x03, 0x11, 0x03, 0x11, 0x03, 0x11, 0x03, 0x11, 0x03, 0x11, 0x03, 0x11, 0x03, 0x11, 0x03, 0x11, 0x03, 0x11, 0x03, 0x11, 0x03, 0x11,
    0x03, 0x11, 0x03, 0x11, 0x27, 0x2b, 0x27, 0x2b, 0x03, 0x11, 0x03, 0x11, 0x03, 0x11, 0x03, 0x11, 0x03, 0x11, 0x03, 0x11, 0x03, 0x11, 0x03, 0x11,
    0x03, 0x11, 0x03, 0x11, 0x03, 0x11, 0x03, 0x11, 0x27, 0x2b, 0x27, 0x2b, 0x27, 0x2b, 0x27, 0x2b, 0x6b, 0x55, 0x6b, 0x55, 0x6b, 0x55, 0x6b, 0x55,
    0x6b, 0x55, 0x6b, 0x55, 0x6b, 0x55, 0x6b, 0x55, 0x6b, 0x55, 0x6b, 0x55, 0xf5, 0xee, 0xf5, 0xee, 0xf5, 0xee, 0xf5, 0xee, 0xf5, 0xee, 0xf5, 0xee,
    0xf5, 0xee, 0xf5, 0xee, 0xf5, 0xee, 0xf5, 0xee, 0xf5, 0xee, 0xf5, 0xee, 0xf5, 0xee, 0xf5, 0xee, 0xf5, 0xee, 0xf5, 0xee, 0xf5, 0xee, 0xf5, 0xee,
    0x6b, 0x55, 0x6b, 0x55, 0x6b, 0x55, 0x6b, 0x55, 0x27, 0x2b, 0x27, 0x2b, 0x27, 0x2b, 0x27, 0x2b, 0x03, 0x11, 0x03, 0x11, 0x03, 0x11, 0x03, 0x11,
    0x03, 0x11, 0x03, 0x11, 0x03, 0x11, 0x03, 0x11, 0x03, 0x11, 0x03, 0x11, 0x03, 0x11, 0x03, 0x11, 0x03, 0x11, 0x03, 0x11, 0x03, 0x11, 0x03, 0x11,
    0x03, 0x11, 0x03, 0x11, 0x03, 0x11, 0x03, 0x11, 0x03, 0x11, 0x03, 0x11, 0x03, 0x11, 0x03, 0x11, 0x03, 0x11, 0x03, 0x11, 0x27, 0x2b, 0x27, 0x2b,
    0x03, 0x11, 0x03, 0x11, 0x03, 0x11, 0x03, 0x11, 0x03, 0x11, 0x03, 0x11, 0x03, 0x11, 0x03, 0x11, 0x03, 0x11, 0x03, 0x11, 0x03, 0x11, 0x03, 0x11,
    0x27, 0x2b, 0x27, 0x2b, 0x27, 0x2b, 0x27, 0x2b, 0x6b, 0x55, 0x6b, 0x55, 0x6b, 0x55, 0x6b, 0x55, 0x6b, 0x55, 0x6b, 0x55, 0x6b, 0x55, 0x6b, 0x55,
    0x6b, 0x55, 0x6b, 0x55, 0xf5, 0xee, 0xf5, 0xee, 0xf5, 0xee, 0xf5, 0xee, 0xf5, 0xee, 0xf5, 0xee, 0xf5, 0xee, 0xf5, 0xee, 0xf5, 0xee, 0xf5, 0xee,
    0xf5, 0xee, 0xf5, 0xee, 0xf5, 0xee, 0xf5, 0xee, 0xf5, 0xee, 0xf5, 0xee, 0xf5, 0xee, 0xf5, 0xee, 0x6b, 0x55, 0x6b, 0x55, 0x6b, 0x55, 0x6b, 0x55,
    0x27, 0x2b, 0x27, 0x2b, 0x27, 0x2b, 0x27, 0x2b, 0x03, 0x11, 0x03, 0x11, 0x03, 0x11, 0x03, 0x11, 0x03, 0x11, 0x03, 0x11, 0x03, 0x11, 0x03, 0x11,
    0x03, 0x11, 0x03, 0x11, 0x03, 0x11, 0x03, 0x11, 0x03, 0x11, 0x03, 0x11, 0x03, 0x11, 0x03, 0x11, 0x03, 0x11, 0x03, 0x11, 0x03, 0x11, 0x03, 0x11,
    0x03, 0x11, 0x03, 0x11, 0x03, 0x11, 0x03, 0x11, 0x03, 0x11, 0x03, 0x11, 0x27, 0x2b, 0x27, 0x2b, 0x27, 0x2b, 0x27, 0x2b, 0x27, 0x2b, 0x27, 0x2b,
    0x03, 0x11, 0x03, 0x11, 0x03, 0x11, 0x03, 0x11, 0x03, 0x11, 0x03, 0x11, 0x03, 0x11, 0x03, 0x11, 0x27, 0x2b, 0x27, 0x2b, 0x27, 0x2b, 0x27, 0x2b,
    0x6b, 0x55, 0x6b, 0x55, 0x6b, 0x55, 0x6b, 0x55, 0x6b, 0x55, 0x6b, 0x55, 0x6b, 0x55, 0x6b, 0x55, 0x6b, 0x55, 0x6b, 0x55, 0xf5, 0xee, 0xf5, 0xee,
    0xf5, 0xee, 0xf5, 0xee, 0xf5, 0xee, 0xf5, 0xee, 0xf5, 0xee, 0xf5, 0xee, 0xf5, 0xee, 0xf5, 0xee, 0xf5, 0xee, 0xf5, 0xee, 0xf5, 0xee, 0xf5, 0xee,
    0xf5, 0xee, 0xf5, 0xee, 0xf5, 0xee, 0xf5, 0xee, 0x6b, 0x55, 0x6b, 0x55, 0x6b, 0x55, 0x6b, 0x55, 0x27, 0x2b, 0x27, 0x2b, 0x27, 0x2b, 0x27, 0x2b,
    0x03, 0x11, 0x03, 0x11, 0x03, 0x11, 0x03, 0x11, 0x03, 0x11, 0x03, 0x11, 0x03, 0x11, 0x03, 0x11, 0x03, 0x11, 0x03, 0x11, 0x03, 0x11, 0x03, 0x11,
    0x03, 0x11, 0x03, 0x11, 0x03, 0x11, 0x03, 0x11, 0x03, 0x11, 0x03, 0x11, 0x03, 0x11, 0x03, 0x11, 0x03, 0x11, 0x03, 0x11, 0x03, 0x11, 0x03, 0x11,
    0x03, 0x11, 0x03, 0x11, 0x27, 0x2b, 0x27, 0x2b, 0x27, 0x2b, 0x27, 0x2b, 0x27, 0x2b, 0x27, 0x2b, 0x03, 0x11, 0x03, 0x11, 0x03, 0x11, 0x03, 0x11,
    0x03, 0x11, 0x03, 0x11, 0x03, 0x11, 0x03, 0x11, 0x27, 0x2b, 0x27, 0x2b, 0x27, 0x2b, 0x27, 0x2b, 0x6b, 0x55, 0x6b, 0x55, 0x6b, 0x55, 0x6b, 0x55,
    0x6b, 0x55, 0x6b, 0x55, 0x6b, 0x55, 0x6b, 0x55, 0x6b, 0x55, 0x6b, 0x55, 0xf5, 0xee, 0xf5, 0xee, 0xf5, 0xee, 0xf5, 0xee, 0xf5, 0xee, 0xf5, 0xee,
    0xf5, 0xee, 0xf5, 0xee, 0xf5, 0xee, 0xf5, 0xee, 0xf5, 0xee, 0xf5, 0xee, 0xf5, 0xee, 0xf5, 0xee, 0xf5, 0xee, 0xf5, 0xee, 0xf5, 0xee, 0xf5, 0xee,
    0x6b, 0x55, 0x6b, 0x55, 0x6b, 0x55, 0x6b, 0x55, 0x27, 0x2b, 0x27, 0x2b, 0x27, 0x2b, 0x27, 0x2b, 0x03, 0x11, 0x03, 0x11, 0x03, 0x11, 0x03, 0x11,
    0x03, 0x11, 0x03, 0x11, 0x03, 0x11, 0x03, 0x11, 0x03, 0x11, 0x03, 0x11, 0x03, 0x11, 0x03, 0x11, 0x03, 0x11, 0x03, 0x11, 0x03, 0x11, 0x03, 0x11,
    0x03, 0x11, 0x03, 0x11, 0x03, 0x11, 0x03, 0x11, 0x03, 0x11, 0x03, 0x11, 0x03, 0x11, 0x03, 0x11, 0x03, 0x11, 0x03, 0x11, 0x03, 0x11, 0x03, 0x11,
    0x27, 0x2b, 0x27, 0x2b, 0x27, 0x2b, 0x27, 0x2b, 0x27, 0x2b, 0x27, 0x2b, 0x03, 0x11, 0x03, 0x11, 0x03, 0x11, 0x03, 0x11, 0x03, 0x11, 0x03, 0x11,
    0x27, 0x2b, 0x27, 0x2b, 0x27, 0x2b, 0x27, 0x2b, 0x6b, 0x55, 0x6b, 0x55, 0x6b, 0x55, 0x6b, 0x55, 0x6b, 0x55, 0x6b, 0x55, 0x6b, 0x55, 0x6b, 0x55,
    0x6b, 0x55, 0x6b, 0x55, 0xf5, 0xee, 0xf5, 0xee, 0xf5, 0xee, 0xf5, 0xee, 0xf5, 0xee, 0xf5, 0xee, 0xf5, 0xee, 0xf5, 0xee, 0xf5, 0xee, 0xf5, 0xee,
    0xf5, 0xee, 0xf5, 0xee, 0xf5, 0xee, 0xf5, 0xee, 0xf5, 0xee, 0xf5, 0xee, 0xf5, 0xee, 0xf5, 0xee, 0x6b, 0x55, 0x6b, 0x55, 0x6b, 0x55, 0x6b, 0x55,
    0x27, 0x2b, 0x27, 0x2b, 0x27, 0x2b, 0x27, 0x2b, 0x03, 0x11, 0x03, 0x11, 0x03, 0x11, 0x03, 0x11, 0x03, 0x11, 0x03, 0x11, 0x03, 0x11, 0x03, 0x11,
    0x03, 0x11, 0x03, 0x11, 0x03, 0x11, 0x03, 0x11, 0x03, 0x11, 0x03, 0x11, 0x03, 0x11, 0x03, 0x11, 0x03, 0x11, 0x03, 0x11, 0x03, 0x11, 0x03, 0x11,
    0x03, 0x11, 0x03, 0x11, 0x03, 0x11, 0x03, 0x11, 0x03, 0x11, 0x03, 0x11, 0x03, 0x11, 0x03, 0x11, 0x27, 0x2b, 0x27, 0x2b, 0x27, 0x2b, 0x27, 0x2b,
    0x27, 0x2b, 0x27, 0x2b, 0x03, 0x11, 0x03, 0x11, 0x03, 0x11, 0x03, 0x11, 0x03, 0x11, 0x03, 0x11, 0x27, 0x2b, 0x27, 0x2b, 0x27, 0x2b, 0x27, 0x2b,
    0x6b, 0x55, 0x6b, 0x55, 0x6b, 0x55, 0x6b, 0x55, 0x6b, 0x55, 0x6b, 0x55, 0x6b, 0x55, 0x6b, 0x55, 0x6b, 0x55, 0x6b, 0x55, 0xf5, 0xee, 0xf5, 0xee,
    0xf5, 0xee, 0xf5, 0xee, 0xf5, 0xee, 0xf5, 0xee, 0xf5, 0xee, 0xf5, 0xee, 0xf5, 0xee, 0xf5, 0xee, 0xf5, 0xee, 0xf5, 0xee, 0xf5, 0xee, 0xf5, 0xee,
    0xf5, 0xee, 0xf5, 0xee, 0xf5, 0xee, 0xf5, 0xee, 0x6b, 0x55, 0x6b, 0x55, 0x6b, 0x55, 0x6b, 0x55, 0x27, 0x2b, 0x27, 0x2b, 0x27, 0x2b, 0x27, 0x2b,
    0x03, 0x11, 0x03, 0x11, 0x03, 0x11, 0x03, 0x11, 0x03, 0x11, 0x03, 0x11, 0x03, 0x11, 0x03, 0x11, 0x03, 0x11, 0x03, 0x11, 0x03, 0x11, 0x03, 0x11,
    0x03, 0x11, 0x03, 0x11, 0x03, 0x11, 0x03, 0x11, 0x03, 0x11, 0x03, 0x11, 0x03, 0x11, 0x03, 0x11, 0x03, 0x11, 0x03, 0x11, 0x03, 0x11, 0x03, 0x11,
    0x03, 0x11, 0x03, 0x11, 0x03, 0x11, 0x03, 0x11, 0x27, 0x2b, 0x27, 0x2b, 0x27, 0x2b, 0x27, 0x2b, 0x27, 0x2b, 0x27, 0x2b, 0x27, 0x2b, 0x27, 0x2b,
    0x27, 0x2b, 0x27, 0x2b, 0x03, 0x11, 0x03, 0x11, 0x27, 0x2b, 0x27, 0x2b, 0x27, 0x2b, 0x27, 0x2b, 0x6b, 0x55, 0x6b, 0x55, 0x6b, 0x55, 0x6b, 0x55,
    0x6b, 0x55, 0x6b, 0x55, 0x6b, 0x55, 0x6b, 0x55, 0x6b, 0x55, 0x6b, 0x55, 0xf5, 0xee, 0xf5, 0xee, 0xf5, 0xee, 0xf5, 0xee, 0xf5, 0xee, 0xf5, 0xee,
    0xf5, 0xee, 0xf5, 0xee, 0xf5, 0xee, 0xf5, 0xee, 0xf5, 0xee, 0xf5, 0xee, 0xf5, 0xee, 0xf5, 0xee, 0xf5, 0xee, 0xf5, 0xee, 0xf5, 0xee, 0xf5, 0xee,
    0x6b, 0x55, 0x6b, 0x55, 0x6b, 0x55, 0x6b, 0x55, 0x27, 0x2b, 0x27, 0x2b, 0x27, 0x2b, 0x27, 0x2b, 0x03, 0x11, 0x03, 0x11, 0x03, 0x11, 0x03, 0x11,
    0x03, 0x11, 0x03, 0x11, 0x03, 0x11, 0x03, 0x11, 0x03, 0x11, 0x03, 0x11, 0x03, 0x11, 0x03, 0x11, 0x03, 0x11, 0x03, 0x11, 0x03, 0x11, 0x03, 0x11,
    0x03, 0x11, 0x03, 0x11, 0x03, 0x11, 0x03, 0x11, 0x03, 0x11, 0x03, 0x11, 0x03, 0x11, 0x03, 0x11, 0x03, 0x11, 0x03, 0x11, 0x03, 0x11, 0x03, 0x11,
    0x27, 0x2b, 0x27, 0x2b, 0x27, 0x2b, 0x27, 0x2b, 0x27, 0x2b, 0x27, 0x2b, 0x27, 0x2b, 0x27, 0x2b, 0x27, 0x2b, 0x27, 0x2b, 0x03, 0x11, 0x03, 0x11,
    0x27, 0x2b, 0x27, 0x2b, 0x27, 0x2b, 0x27, 0x2b, 0x6b, 0x55, 0x6b, 0x55, 0x6b, 0x55, 0x6b, 0x55, 0x6b, 0x55, 0x6b, 0x55, 0x6b, 0x55, 0x6b, 0x55,
    0x6b, 0x55, 0x6b, 0x55, 0xf5, 0xee, 0xf5, 0xee, 0xf5, 0xee, 0xf5, 0xee, 0xf5, 0xee, 0xf5, 0xee, 0xf5, 0xee, 0xf5, 0xee, 0xf5, 0xee, 0xf5, 0xee,
    0xf5, 0xee, 0xf5, 0xee, 0xf5, 0xee, 0xf5, 0xee, 0xf5, 0xee, 0xf5, 0xee, 0xf5, 0xee, 0xf5, 0xee, 0x6b, 0x55, 0x6b, 0x55, 0x6b, 0x55, 0x6b, 0x55,
    0x27, 0x2b, 0x27, 0x2b, 0x27, 0x2b, 0x27, 0x2b, 0x03, 0x11, 0x03, 0x11, 0x03, 0x11, 0x03, 0x11, 0x03, 0x11, 0x03, 0x11, 0x03, 0x11, 0x03, 0x11,
    0x03, 0x11, 0x03, 0x11, 0x03, 0x11, 0x03, 0x11, 0x03, 0x11, 0x03, 0x11, 0x03, 0x11, 0x03, 0x11, 0x03, 0x11, 0x03, 0x11, 0x03, 0x11, 0x03, 0x11,
    0x03, 0x11, 0x03, 0x11, 0x03, 0x11, 0x03, 0x11, 0x03, 0x11, 0x03, 0x11, 0x03, 0x11, 0x03, 0x11, 0x27, 0x2b, 0x27, 0x2b, 0x27, 0x2b, 0x27, 0x2b,
    0x27, 0x2b, 0x27, 0x2b, 0x27, 0x2b, 0x27, 0x2b, 0x27, 0x2b, 0x27, 0x2b, 0x27, 0x2b, 0x27, 0x2b, 0x27, 0x2b, 0x27, 0x2b, 0x27, 0x2b, 0x27, 0x2b,
    0x6b, 0x55, 0x6b, 0x55, 0x6b, 0x55, 0x6b, 0x55, 0x6b, 0x55, 0x6b, 0x55, 0x6b, 0x55, 0x6b, 0x55, 0x6b, 0x55, 0x6b, 0x55, 0xf5, 0xee, 0xf5, 0xee,
    0xf5, 0xee, 0xf5, 0xee, 0xf5, 0xee, 0xf5, 0xee, 0xf5, 0xee, 0xf5, 0xee, 0xf5, 0xee, 0xf5, 0xee, 0xf5, 0xee, 0xf5, 0xee, 0xf5, 0xee, 0xf5, 0xee,
    0xf5, 0xee, 0xf5, 0xee, 0xf5, 0xee, 0xf5, 0xee, 0x6b, 0x55, 0x6b, 0x55, 0x6b, 0x55, 0x6b, 0x55, 0x27, 0x2b, 0x27, 0x2b, 0x27, 0x2b, 0x27, 0x2b,
    0x03, 0x11, 0x03, 0x11, 0x03, 0x11, 0x03, 0x11, 0x03, 0x11, 0x03, 0x11, 0x03, 0x11, 0x03, 0x11, 0x03, 0x11, 0x03, 0x11, 0x03, 0x11, 0x03, 0x11,
    0x03, 0x11, 0x03, 0x11, 0x03, 0x11, 0x03, 0x11, 0x03, 0x11, 0x03, 0x11, 0x03, 0x11, 0x03, 0x11, 0x03, 0x11, 0x03, 0x11, 0x03, 0x11, 0x03, 0x11,
    0x03, 0x11, 0x03, 0x11, 0x03, 0x11, 0x03, 0x11, 0x27, 0x2b, 0x27, 0x2b, 0x27, 0x2b, 0x27, 0x2b, 0x27, 0x2b, 0x27, 0x2b, 0x27, 0x2b, 0x27, 0x2b,
    0x27, 0x2b, 0x27, 0x2b, 0x27, 0x2b, 0x27, 0x2b, 0x27, 0x2b, 0x27, 0x2b, 0x27, 0x2b, 0x27, 0x2b, 0x6b, 0x55, 0x6b, 0x55, 0x6b, 0x55, 0x6b, 0x55,
    0x6b, 0x55, 0x6b, 0x55, 0x6b, 0x55, 0x6b, 0x55, 0x6b, 0x55, 0x6b, 0x55, 0xf5, 0xee, 0xf5, 0xee, 0xf5, 0xee, 0xf5, 0xee, 0xf5, 0xee, 0xf5, 0xee,
    0xf5, 0xee, 0xf5, 0xee, 0xf5, 0xee, 0xf5, 0xee, 0xf5, 0xee, 0xf5, 0xee, 0xf5, 0xee, 0xf5, 0xee, 0xf5, 0xee, 0xf5, 0xee, 0xf5, 0xee, 0xf5, 0xee,
    0x6b, 0x55, 0x6b, 0x55, 0x6b, 0x55, 0x6b, 0x55, 0x27, 0x2b, 0x27, 0x2b, 0x27, 0x2b, 0x27, 0x2b, 0x03, 0x11, 0x03, 0x11, 0x03, 0x11, 0x03, 0x11,
    0x03, 0x11, 0x03, 0x11, 0x03, 0x11, 0x03, 0x11, 0x03, 0x11, 0x03, 0x11, 0x03, 0x11, 0x03, 0x11, 0x03, 0x11, 0x03, 0x11, 0x03, 0x11, 0x03, 0x11,
    0x03, 0x11, 0x03, 0x11, 0x03, 0x11, 0x03, 0x11, 0x03, 0x11, 0x03, 0x11, 0x03, 0x11, 0x03, 0x11, 0x03, 0x11, 0x03, 0x11, 0x03, 0x11, 0x03, 0x11,
    0x03, 0x11, 0x03, 0x11, 0x27, 0x2b, 0x27, 0x2b, 0x27, 0x2b, 0x27, 0x2b, 0x27, 0x2b, 0x27, 0x2b, 0x27, 0x2b, 0x27, 0x2b, 0x27, 0x2b, 0x27, 0x2b,
    0x27, 0x2b, 0x27, 0x2b, 0x27, 0x2b, 0x27, 0x2b, 0x6b, 0x55, 0x6b, 0x55, 0x6b, 0x55, 0x6b, 0x55, 0x6b, 0x55, 0x6b, 0x55, 0x6b, 0x55, 0x6b, 0x55,
    0x6b, 0x55, 0x6b, 0x55, 0xf5, 0xee, 0xf5, 0xee, 0xf5, 0xee, 0xf5, 0xee, 0xf5, 0xee, 0xf5, 0xee, 0xf5, 0xee, 0xf5, 0xee, 0xf5, 0xee, 0xf5, 0xee,
    0xf5, 0xee, 0xf5, 0xee, 0xf5, 0xee, 0xf5, 0xee, 0xf5, 0xee, 0xf5, 0xee, 0xf5, 0xee, 0xf5, 0xee, 0x6b, 0x55, 0x6b, 0x55, 0x6b, 0x55, 0x6b, 0x55,
    0x27, 0x2b, 0x27, 0x2b, 0x27, 0x2b, 0x27, 0x2b, 0x03, 0x11, 0x03, 0x11, 0x03, 0x11, 0x03, 0x11, 0x03, 0x11, 0x03, 0x11, 0x03, 0x11, 0x03, 0x11,
    0x03, 0x11, 0x03, 0x11, 0x03, 0x11, 0x03, 0x11, 0x03, 0x11, 0x03, 0x11, 0x03, 0x11, 0x03, 0x11, 0x03, 0x11, 0x03, 0x11, 0x03, 0x11, 0x03, 0x11,
    0x03, 0x11, 0x03, 0x11, 0x03, 0x11, 0x03, 0x11, 0x03, 0x11, 0x03, 0x11, 0x03, 0x11, 0x03, 0x11, 0x03, 0x11, 0x03, 0x11, 0x27, 0x2b, 0x27, 0x2b,
    0x27, 0x2b, 0x27, 0x2b, 0x27, 0x2b, 0x27, 0x2b, 0x27, 0x2b, 0x27, 0x2b, 0x27, 0x2b, 0x27, 0x2b, 0x27, 0x2b, 0x27, 0x2b, 0x27, 0x2b, 0x27, 0x2b,
    0x6b, 0x55, 0x6b, 0x55, 0x6b, 0x55, 0x6b, 0x55, 0x6b, 0x55, 0x6b, 0x55, 0x6b, 0x55, 0x6b, 0x55, 0x6b, 0x55, 0x6b, 0x55, 0xf5, 0xee, 0xf5, 0xee,
    0xf5, 0xee, 0xf5, 0xee, 0xf5, 0xee, 0xf5, 0xee, 0xf5, 0xee, 0xf5, 0xee, 0xf5, 0xee, 0xf5, 0xee, 0xf5, 0xee, 0xf5, 0xee, 0xf5, 0xee, 0xf5, 0xee,
    0xf5, 0xee, 0xf5, 0xee, 0xf5, 0xee, 0xf5, 0xee, 0x6b, 0x55, 0x6b, 0x55, 0x6b, 0x55, 0x6b, 0x55, 0x27, 0x2b, 0x27, 0x2b, 0x27, 0x2b, 0x27, 0x2b,
    0x03, 0x11, 0x03, 0x11, 0x03, 0x11, 0x03, 0x11, 0x03, 0x11, 0x03, 0x11, 0x03, 0x11, 0x03, 0x11, 0x03, 0x11, 0x03, 0x11, 0x03, 0x11, 0x03, 0x11,
    0x03, 0x11, 0x03, 0x11, 0x03, 0x11, 0x03, 0x11, 0x03, 0x11, 0x03, 0x11, 0x03, 0x11, 0x03, 0x11, 0x03, 0x11, 0x03, 0x11, 0x03, 0x11, 0x03, 0x11,
    0x03, 0x11, 0x03, 0x11, 0x03, 0x11, 0x03, 0x11, 0x03, 0x11, 0x03, 0x11, 0x27, 0x2b, 0x27, 0x2b, 0x27, 0x2b, 0x27, 0x2b, 0x27, 0x2b, 0x27, 0x2b,
    0x27, 0x2b, 0x27, 0x2b, 0x27, 0x2b, 0x27, 0x2b, 0x27, 0x2b, 0x27, 0x2b, 0x27, 0x2b, 0x27, 0x2b, 0x6b, 0x55, 0x6b, 0x55, 0x6b, 0x55, 0x6b, 0x55,
    0x6b, 0x55, 0x6b, 0x55, 0x6b, 0x55, 0x6b, 0x55, 0x6b, 0x55, 0x6b, 0x55, 0xf5, 0xee, 0xf5, 0xee, 0xf5, 0xee, 0xf5, 0xee, 0xf5, 0xee, 0xf5, 0xee,
    0xf5, 0xee, 0xf5, 0xee, 0xf5, 0xee, 0xf5, 0xee, 0xf5, 0xee, 0xf5, 0xee, 0xf5, 0xee, 0xf5, 0xee, 0xf5, 0xee, 0xf5, 0xee, 0xf5, 0xee, 0xf5, 0xee,
    0x6b, 0x55, 0x6b, 0x55, 0x6b, 0x55, 0x6b, 0x55, 0x27, 0x2b, 0x27, 0x2b, 0x27, 0x2b, 0x27, 0x2b, 0x03, 0x11, 0x03, 0x11, 0x03, 0x11, 0x03, 0x11,
    0x03, 0x11, 0x03, 0x11, 0x03, 0x11, 0x03, 0x11, 0x03, 0x11, 0x03, 0x11, 0x03, 0x11, 0x03, 0x11, 0x03, 0x11, 0x03, 0x11, 0x03, 0x11, 0x03, 0x11,
    0x03, 0x11, 0x03, 0x11, 0x03, 0x11, 0x03, 0x11, 0x03, 0x11, 0x03, 0x11, 0x03, 0x11, 0x03, 0x11, 0x03, 0x11, 0x03, 0x11, 0x03, 0x11, 0x03, 0x11,
    0x03, 0x11, 0x03, 0x11, 0x27, 0x2b, 0x27, 0x2b, 0x27, 0x2b, 0x27, 0x2b, 0x27, 0x2b, 0x27, 0x2b, 0x27, 0x2b, 0x27, 0x2b, 0x27, 0x2b, 0x27, 0x2b,
    0x27, 0x2b, 0x27, 0x2b, 0x27, 0x2b, 0x27, 0x2b, 0x6b, 0x55, 0x6b, 0x55, 0x6b, 0x55, 0x6b, 0x55, 0x6b, 0x55, 0x6b, 0x55, 0x6b, 0x55, 0x6b, 0x55,
    0x6b, 0x55, 0x6b, 0x55, 0xf5, 0xee, 0xf5, 0xee, 0xf5, 0xee, 0xf5, 0xee, 0xf5, 0xee, 0xf5, 0xee, 0xf5, 0xee, 0xf5, 0xee, 0xf5, 0xee, 0xf5, 0xee,
    0xf5, 0xee, 0xf5, 0xee, 0xf5, 0xee, 0xf5, 0xee, 0xf5, 0xee, 0xf5, 0xee, 0xf5, 0xee, 0xf5, 0xee, 0x6b, 0x55, 0x6b, 0x55, 0x6b, 0x55, 0x6b, 0x55,
    0x27, 0x2b, 0x27, 0x2b, 0x27, 0x2b, 0x27, 0x2b, 0x03, 0x11, 0x03, 0x11, 0x03, 0x11, 0x03, 0x11, 0x03, 0x11, 0x03, 0x11, 0x03, 0x11, 0x03, 0x11,
    0x03, 0x11, 0x03, 0x11, 0x03, 0x11, 0x03, 0x11, 0x03, 0x11, 0x03, 0x11, 0x03, 0x11, 0x03, 0x11, 0x03, 0x11, 0x03, 0x11, 0x03, 0x11, 0x03, 0x11,
    0x03, 0x11, 0x03, 0x11, 0x03, 0x11, 0x03, 0x11, 0x03, 0x11, 0x03, 0x11, 0x03, 0x11, 0x03, 0x11, 0x03, 0x11, 0x03, 0x11, 0x03, 0x11, 0x03, 0x11,
    0x03, 0x11, 0x03, 0x11, 0x03, 0x11, 0x03, 0x11, 0x27, 0x2b, 0x27, 0x2b, 0x27, 0x2b, 0x27, 0x2b, 0x27, 0x2b, 0x27, 0x2b, 0x27, 0x2b, 0x27, 0x2b,
    0x6b, 0x55, 0x6b, 0x55, 0x6b, 0x55, 0x6b, 0x55, 0x6b, 0x55, 0x6b, 0x55, 0x6b, 0x55, 0x6b, 0x55, 0x6b, 0x55, 0x6b, 0x55, 0xf5, 0xee, 0xf5, 0xee,
    0xf5, 0xee, 0xf5, 0xee, 0xf5, 0xee, 0xf5, 0xee, 0xf5, 0xee, 0xf5, 0xee, 0xf5, 0xee, 0xf5, 0xee, 0xf5, 0xee, 0xf5, 0xee, 0xf5, 0xee, 0xf5, 0xee,
    0xf5, 0xee, 0xf5, 0xee, 0xf5, 0xee, 0xf5, 0xee, 0x6b, 0x55, 0x6b, 0x55, 0x6b, 0x55, 0x6b, 0x55, 0x27, 0x2b, 0x27, 0x2b, 0x27, 0x2b, 0x27, 0x2b,
    0x03, 0x11, 0x03, 0x11, 0x03, 0x11, 0x03, 0x11, 0x03, 0x11, 0x03, 0x11, 0x03, 0x11, 0x03, 0x11, 0x03, 0x11, 0x03, 0x11, 0x03, 0x11, 0x03, 0x11,
    0x03, 0x11, 0x03, 0x11, 0x03, 0x11, 0x03, 0x11, 0x03, 0x11, 0x03, 0x11, 0x03, 0x11, 0x03, 0x11, 0x03, 0x11, 0x03, 0x11, 0x03, 0x11, 0x03, 0x11,
    0x03, 0x11, 0x03, 0x11, 0x03, 0x11, 0x03, 0x11, 0x03, 0x11, 0x03, 0x11, 0x03, 0x11, 0x03, 0x11, 0x03, 0x11, 0x03, 0x11, 0x03, 0x11, 0x03, 0x11,
    0x27, 0x2b, 0x27, 0x2b, 0x27, 0x2b, 0x27, 0x2b, 0x27, 0x2b, 0x27, 0x2b, 0x27, 0x2b, 0x27, 0x2b, 0x6b, 0x55, 0x6b, 0x55, 0x6b, 0x55, 0x6b, 0x55,
    0x6b, 0x55, 0x6b, 0x55, 0x6b, 0x55, 0x6b, 0x55, 0x6b, 0x55, 0x6b, 0x55, 0xf5, 0xee, 0xf5, 0xee, 0xf5, 0xee, 0xf5, 0xee, 0xf5, 0xee, 0xf5, 0xee,
    0xf5, 0xee, 0xf5, 0xee, 0xf5, 0xee, 0xf5, 0xee, 0xf5, 0xee, 0xf5, 0xee, 0xf5, 0xee, 0xf5, 0xee, 0xf5, 0xee, 0xf5, 0xee, 0xf5, 0xee, 0xf5, 0xee,
    0x6b, 0x55, 0x6b, 0x55, 0x6b, 0x55, 0x6b, 0x55, 0x27, 0x2b, 0x27, 0x2b, 0x27, 0x2b, 0x27, 0x2b, 0x03, 0x11, 0x03, 0x11, 0x03, 0x11, 0x03, 0x11,
    0x03, 0x11, 0x03, 0x11, 0x03, 0x11, 0x03, 0x11, 0x03, 0x11, 0x03, 0x11, 0x03, 0x11, 0x03, 0x11, 0x03, 0x11, 0x03, 0x11, 0x03, 0x11, 0x03, 0x11,
    0x03, 0x11, 0x03, 0x11, 0x03, 0x11, 0x03, 0x11, 0x03, 0x11, 0x03, 0x11, 0x03, 0x11, 0x03, 0x11, 0x03, 0x11, 0x03, 0x11, 0x03, 0x11, 0x03, 0x11,
    0x03, 0x11, 0x03, 0x11, 0x03, 0x11, 0x03, 0x11, 0x03, 0x11, 0x03, 0x11, 0x03, 0x11, 0x03, 0x11, 0x03, 0x11, 0x03, 0x11, 0x03, 0x11, 0x03, 0x11,
    0x27, 0x2b, 0x27, 0x2b, 0x27, 0x2b, 0x27, 0x2b, 0x27, 0x2b, 0x27, 0x2b, 0x27, 0x2b, 0x27, 0x2b, 0x27, 0x2b, 0x27, 0x2b, 0x27, 0x2b, 0x27, 0x2b,
    0x27, 0x2b, 0x27, 0x2b, 0x27, 0x2b, 0x27, 0x2b, 0xf5, 0xee, 0xf5, 0xee, 0xf5, 0xee, 0xf5, 0xee, 0xf5, 0xee, 0xf5, 0xee, 0xf5, 0xee, 0xf5, 0xee,
    0xf5, 0xee, 0xf5, 0xee, 0xf5, 0xee, 0xf5, 0xee, 0x27, 0x2b, 0x27, 0x2b, 0x27, 0x2b, 0x27, 0x2b, 0x27, 0x2b, 0x27, 0x2b, 0x27, 0x2b, 0x27, 0x2b,
    0x27, 0x2b, 0x27, 0x2b, 0x27, 0x2b, 0x27, 0x2b, 0x27, 0x2b, 0x27, 0x2b, 0x27, 0x2b, 0x27, 0x2b, 0x03, 0x11, 0x03, 0x11, 0x03, 0x11, 0x03, 0x11,
    0x03, 0x11, 0x03, 0x11, 0x03, 0x11, 0x03, 0x11, 0x03, 0x11, 0x03, 0x11, 0x03, 0x11, 0x03, 0x11, 0x03, 0x11, 0x03, 0x11, 0x03, 0x11, 0x03, 0x11,
    0x03, 0x11, 0x03, 0x11, 0x03, 0x11, 0x03, 0x11, 0x03, 0x11, 0x03, 0x11, 0x03, 0x11, 0x03, 0x11, 0x03, 0x11, 0x03, 0x11, 0x03, 0x11, 0x03, 0x11,
    0x03, 0x11, 0x03, 0x11, 0x03, 0x11, 0x03, 0x11, 0x03, 0x11, 0x03, 0x11, 0x03, 0x11, 0x03, 0x11, 0x27, 0x2b, 0x27, 0x2b, 0x27, 0x2b, 0x27, 0x2b,
    0x27, 0x2b, 0x27, 0x2b, 0x27, 0x2b, 0x27, 0x2b, 0x27, 0x2b, 0x27, 0x2b, 0x27, 0x2b, 0x27, 0x2b, 0x27, 0x2b, 0x27, 0x2b, 0x27, 0x2b, 0x27, 0x2b,
    0xf5, 0xee, 0xf5, 0xee, 0xf5, 0xee, 0xf5, 0xee, 0xf5, 0xee, 0xf5, 0xee, 0xf5, 0xee, 0xf5, 0xee, 0xf5, 0xee, 0xf5, 0xee, 0xf5, 0xee, 0xf5, 0xee,
    0x27, 0x2b, 0x27, 0x2b, 0x27, 0x2b, 0x27, 0x2b, 0x27, 0x2b, 0x27, 0x2b, 0x27, 0x2b, 0x27, 0x2b, 0x27, 0x2b, 0x27, 0x2b, 0x27, 0x2b, 0x27, 0x2b,
    0x27, 0x2b, 0x27, 0x2b, 0x27, 0x2b, 0x27, 0x2b, 0x03, 0x11, 0x03, 0x11, 0x03, 0x11, 0x03, 0x11, 0x03, 0x11, 0x03, 0x11, 0x03, 0x11, 0x03, 0x11,
    0x03, 0x11, 0x03, 0x11, 0x03, 0x11, 0x03, 0x11, 0x03, 0x11, 0x03, 0x11, 0x03, 0x11, 0x03, 0x11, 0x03, 0x11, 0x03, 0x11, 0x03, 0x11, 0x03, 0x11,
    0x03, 0x11, 0x03, 0x11, 0x03, 0x11, 0x03, 0x11, 0x03, 0x11, 0x03, 0x11, 0x03, 0x11, 0x03, 0x11, 0x03, 0x11, 0x03, 0x11, 0x03, 0x11, 0x03, 0x11,
    0x03, 0x11, 0x03, 0x11, 0x03, 0x11, 0x03, 0x11, 0x27, 0x2b, 0x27, 0x2b, 0x27, 0x2b, 0x27, 0x2b, 0x27, 0x2b, 0x27, 0x2b, 0x27, 0x2b, 0x27, 0x2b,
    0x27, 0x2b, 0x27, 0x2b, 0x27, 0x2b, 0x27, 0x2b, 0x27, 0x2b, 0x27, 0x2b, 0x27, 0x2b, 0x27, 0x2b, 0x27, 0x2b, 0x27, 0x2b, 0x27, 0x2b, 0x27, 0x2b,
    0x27, 0x2b, 0x27, 0x2b, 0x27, 0x2b, 0x27, 0x2b, 0x27, 0x2b, 0x27, 0x2b, 0x27, 0x2b, 0x27, 0x2b, 0x27, 0x2b, 0x27, 0x2b, 0x27, 0x2b, 0x27, 0x2b,
    0x27, 0x2b, 0x27, 0x2b, 0x27, 0x2b, 0x27, 0x2b, 0x27, 0x2b, 0x27, 0x2b, 0x27, 0x2b, 0x27, 0x2b, 0x27, 0x2b, 0x27, 0x2b, 0x27, 0x2b, 0x27, 0x2b,
    0x03, 0x11, 0x03, 0x11, 0x03, 0x11, 0x03, 0x11, 0x03, 0x11, 0x03, 0x11, 0x03, 0x11, 0x03, 0x11, 0x03, 0x11, 0x03, 0x11, 0x03, 0x11, 0x03, 0x11,
    0x03, 0x11, 0x03, 0x11, 0x03, 0x11, 0x03, 0x11, 0x03, 0x11, 0x03, 0x11, 0x03, 0x11, 0x03, 0x11, 0x03, 0x11, 0x03, 0x11, 0x03, 0x11, 0x03, 0x11,
    0x03, 0x11, 0x03, 0x11, 0x03, 0x11, 0x03, 0x11, 0x03, 0x11, 0x03, 0x11, 0x03, 0x11, 0x03, 0x11, 0x03, 0x11, 0x03, 0x11, 0x03, 0x11, 0x03, 0x11,
    0x27, 0x2b, 0x27, 0x2b, 0x27, 0x2b, 0x27, 0x2b, 0x27, 0x2b, 0x27, 0x2b, 0x27, 0x2b, 0x27, 0x2b, 0x27, 0x2b, 0x27, 0x2b, 0x27, 0x2b, 0x27, 0x2b,
    0x27, 0x2b, 0x27, 0x2b, 0x27, 0x2b, 0x27, 0x2b, 0x27, 0x2b, 0x27, 0x2b, 0x27, 0x2b, 0x27, 0x2b, 0x27, 0x2b, 0x27, 0x2b, 0x27, 0x2b, 0x27, 0x2b,
    0x27, 0x2b, 0x27, 0x2b, 0x27, 0x2b, 0x27, 0x2b, 0x27, 0x2b, 0x27, 0x2b, 0x27, 0x2b, 0x27, 0x2b, 0x27, 0x2b, 0x27, 0x2b, 0x27, 0x2b, 0x27, 0x2b,
    0x27, 0x2b, 0x27, 0x2b, 0x27, 0x2b, 0x27, 0x2b, 0x27, 0x2b, 0x27, 0x2b, 0x27, 0x2b, 0x27, 0x2b, 0x03, 0x11, 0x03, 0x11, 0x03, 0x11, 0x03, 0x11,
    0x03, 0x11, 0x03, 0x11, 0x03, 0x11, 0x03, 0x11, 0x03, 0x11, 0x03, 0x11, 0x03, 0x11, 0x03, 0x11, 0x03, 0x11, 0x03, 0x11, 0x03, 0x11, 0x03, 0x11,
    0x03, 0x11, 0x03, 0x11, 0x03, 0x11, 0x03, 0x11, 0x03, 0x11, 0x03, 0x11, 0x03, 0x11, 0x03, 0x11, 0x03, 0x11, 0x03, 0x11, 0x03, 0x11, 0x03, 0x11,
    0x03, 0x11, 0x03, 0x11, 0x03, 0x11, 0x03, 0x11, 0x03, 0x11, 0x03, 0x11, 0x03, 0x11, 0x03, 0x11, 0x27, 0x2b, 0x27, 0x2b, 0x27, 0x2b, 0x27, 0x2b,
    0x27, 0x2b, 0x27, 0x2b, 0x27, 0x2b, 0x27, 0x2b, 0x27, 0x2b, 0x27, 0x2b, 0x27, 0x2b, 0x27, 0x2b, 0x27, 0x2b, 0x27, 0x2b, 0x27, 0x2b, 0x27, 0x2b,
    0x03, 0x11, 0x03, 0x11, 0x03, 0x11, 0x03, 0x11, 0x03, 0x11, 0x03, 0x11, 0x03, 0x11, 0x03, 0x11, 0x03, 0x11, 0x03, 0x11, 0x03, 0x11, 0x03, 0x11,
    0x27, 0x2b, 0x27, 0x2b, 0x27, 0x2b, 0x27, 0x2b, 0x27, 0x2b, 0x27, 0x2b, 0x27, 0x2b, 0x27, 0x2b, 0x27, 0x2b, 0x27, 0x2b, 0x27, 0x2b, 0x27, 0x2b,
    0x27, 0x2b, 0x27, 0x2b, 0x27, 0x2b, 0x27, 0x2b, 0x03, 0x11, 0x03, 0x11, 0x03, 0x11, 0x03, 0x11, 0x03, 0x11, 0x03, 0x11, 0x03, 0x11, 0x03, 0x11,
    0x03, 0x11, 0x03, 0x11, 0x03, 0x11, 0x03, 0x11, 0x03, 0x11, 0x03, 0x11, 0x03, 0x11, 0x03, 0x11, 0x03, 0x11, 0x03, 0x11, 0x03, 0x11, 0x03, 0x11,
    0x03, 0x11, 0x03, 0x11, 0x03, 0x11, 0x03, 0x11, 0x03, 0x11, 0x03, 0x11, 0x03, 0x11, 0x03, 0x11, 0x03, 0x11, 0x03, 0x11, 0x03, 0x11, 0x03, 0x11,
    0x03, 0x11, 0x03, 0x11, 0x03, 0x11, 0x03, 0x11, 0x27, 0x2b, 0x27, 0x2b, 0x27, 0x2b, 0x27, 0x2b, 0x27, 0x2b, 0x27, 0x2b, 0x27, 0x2b, 0x27, 0x2b,
    0x27, 0x2b, 0x27, 0x2b, 0x27, 0x2b, 0x27, 0x2b, 0x27, 0x2b, 0x27, 0x2b, 0x27, 0x2b, 0x27, 0x2b, 0x03, 0x11, 0x03, 0x11, 0x03, 0x11, 0x03, 0x11,
    0x03, 0x11, 0x03, 0x11, 0x03, 0x11, 0x03, 0x11, 0x03, 0x11, 0x03, 0x11, 0x03, 0x11, 0x03, 0x11, 0x27, 0x2b, 0x27, 0x2b, 0x27, 0x2b, 0x27, 0x2b,
    0x27, 0x2b, 0x27, 0x2b, 0x27, 0x2b, 0x27, 0x2b, 0x27, 0x2b, 0x27, 0x2b, 0x27, 0x2b, 0x27, 0x2b, 0x27, 0x2b, 0x27, 0x2b, 0x27, 0x2b, 0x27, 0x2b,
    0x03, 0x11, 0x03, 0x11, 0x03, 0x11, 0x03, 0x11, 0x03, 0x11, 0x03, 0x11, 0x03, 0x11, 0x03, 0x11, 0x03, 0x11, 0x03, 0x11, 0x03, 0x11, 0x03, 0x11,
    0x03, 0x11, 0x03, 0x11, 0x03, 0x11, 0x03, 0x11, 0x03, 0x11, 0x03, 0x11, 0x03, 0x11, 0x03, 0x11, 0x03, 0x11, 0x03, 0x11, 0x03, 0x11, 0x03, 0x11,
    0x03, 0x11, 0x03, 0x11, 0x03, 0x11, 0x03, 0x11, 0x03, 0x11, 0x03, 0x11, 0x03, 0x11, 0x03, 0x11, 0x03, 0x11, 0x03, 0x11, 0x03, 0x11, 0x03, 0x11,
    0x27, 0x2b, 0x27, 0x2b, 0x27, 0x2b, 0x27, 0x2b, 0x27, 0x2b, 0x27, 0x2b, 0x27, 0x2b, 0x27, 0x2b, 0x27, 0x2b, 0x27, 0x2b, 0x27, 0x2b, 0x27, 0x2b,
    0x27, 0x2b, 0x27, 0x2b, 0x27, 0x2b, 0x27, 0x2b, 0x03, 0x11, 0x03, 0x11, 0x03, 0x11, 0x03, 0x11, 0x03, 0x11, 0x03, 0x11, 0x03, 0x11, 0x03, 0x11,
    0x03, 0x11, 0x03, 0x11, 0x03, 0x11, 0x03, 0x11, 0x27, 0x2b, 0x27, 0x2b, 0x27, 0x2b, 0x27, 0x2b, 0x27, 0x2b, 0x27, 0x2b, 0x27, 0x2b, 0x27, 0x2b,
    0x27, 0x2b, 0x27, 0x2b, 0x27, 0x2b, 0x27, 0x2b, 0x27, 0x2b, 0x27, 0x2b, 0x27, 0x2b, 0x27, 0x2b, 0x03, 0x11, 0x03, 0x11, 0x03, 0x11, 0x03, 0x11,
    0x03, 0x11, 0x03, 0x11, 0x03, 0x11, 0x03, 0x11, 0x03, 0x11, 0x03, 0x11, 0x03, 0x11, 0x03, 0x11, 0x03, 0x11, 0x03, 0x11, 0x03, 0x11, 0x03, 0x11,
    0x03, 0x11, 0x03, 0x11, 0x03, 0x11, 0x03, 0x11, 0x03, 0x11, 0x03, 0x11, 0x03, 0x11, 0x03, 0x11, 0x03, 0x11, 0x03, 0x11, 0x03, 0x11, 0x03, 0x11,
    0x03, 0x11, 0x03, 0x11, 0x03, 0x11, 0x03, 0x11, 0x03, 0x11, 0x03, 0x11, 0x03, 0x11, 0x03, 0x11, 0x27, 0x2b, 0x27, 0x2b, 0x27, 0x2b, 0x27, 0x2b,
    0x27, 0x2b, 0x27, 0x2b, 0x27, 0x2b, 0x27, 0x2b, 0x27, 0x2b, 0x27, 0x2b, 0x27, 0x2b, 0x27, 0x2b, 0x27, 0x2b, 0x27, 0x2b, 0x27, 0x2b, 0x27, 0x2b,
    0x03, 0x11, 0x03, 0x11, 0x03, 0x11, 0x03, 0x11, 0x03, 0x11, 0x03, 0x11, 0x03, 0x11, 0x03, 0x11, 0x03, 0x11, 0x03, 0x11, 0x03, 0x11, 0x03, 0x11,
    0x27, 0x2b, 0x27, 0x2b, 0x27, 0x2b, 0x27, 0x2b, 0x27, 0x2b, 0x27, 0x2b, 0x27, 0x2b, 0x27, 0x2b, 0x27, 0x2b, 0x27, 0x2b, 0x27, 0x2b, 0x27, 0x2b,
    0x27, 0x2b, 0x27, 0x2b, 0x27, 0x2b, 0x27, 0x2b, 0x03, 0x11, 0x03, 0x11, 0x03, 0x11, 0x03, 0x11, 0x03, 0x11, 0x03, 0x11, 0x03, 0x11, 0x03, 0x11,
    0x03, 0x11, 0x03, 0x11, 0x03, 0x11, 0x03, 0x11, 0x03, 0x11, 0x03, 0x11, 0x03, 0x11, 0x03, 0x11, 0x03, 0x11, 0x03, 0x11, 0x03, 0x11, 0x03, 0x11,
    0x03, 0x11, 0x03, 0x11, 0x03, 0x11, 0x03, 0x11, 0x03, 0x11, 0x03, 0x11, 0x03, 0x11, 0x03, 0x11, 0x03, 0x11, 0x03, 0x11, 0x03, 0x11, 0x03, 0x11,
    0x03, 0x11, 0x03, 0x11, 0x03, 0x11, 0x03, 0x11, 0x03, 0x11, 0x03, 0x11, 0x03, 0x11, 0x03, 0x11, 0x03, 0x11, 0x03, 0x11, 0x03, 0x11, 0x03, 0x11,
    0x03, 0x11, 0x03, 0x11, 0x03, 0x11, 0x03, 0x11, 0x03, 0x11, 0x03, 0x11, 0x03, 0x11, 0x03, 0x11, 0x03, 0x11, 0x03, 0x11, 0x03, 0x11, 0x03, 0x11,
    0x03, 0x11, 0x03, 0x11, 0x03, 0x11, 0x03, 0x11, 0x03, 0x11, 0x03, 0x11, 0x03, 0x11, 0x03, 0x11, 0x03, 0x11, 0x03, 0x11, 0x03, 0x11, 0x03, 0x11,
    0x03, 0x11, 0x03, 0x11, 0x03, 0x11, 0x03, 0x11, 0x03, 0x11, 0x03, 0x11, 0x03, 0x11, 0x03, 0x11, 0x03, 0x11, 0x03, 0x11, 0x03, 0x11, 0x03, 0x11,
    0x03, 0x11, 0x03, 0x11, 0x03, 0x11, 0x03, 0x11, 0x03, 0x11, 0x03, 0x11, 0x03, 0x11, 0x03, 0x11, 0x03, 0x11, 0x03, 0x11, 0x03, 0x11, 0x03, 0x11,
    0x03, 0x11, 0x03, 0x11, 0x03, 0x11, 0x03, 0x11, 0x03, 0x11, 0x03, 0x11, 0x03, 0x11, 0x03, 0x11, 0x03, 0x11, 0x03, 0x11, 0x03, 0x11, 0x03, 0x11,
    0x03, 0x11, 0x03, 0x11, 0x03, 0x11, 0x03, 0x11, 0x03, 0x11, 0x03, 0x11, 0x03, 0x11, 0x03, 0x11, 0x03, 0x11, 0x03, 0x11, 0x03, 0x11, 0x03, 0x11,
    0x03, 0x11, 0x03, 0x11, 0x03, 0x11, 0x03, 0x11, 0x03, 0x11, 0x03, 0x11, 0x03, 0x11, 0x03, 0x11, 0x03, 0x11, 0x03, 0x11, 0x03, 0x11, 0x03, 0x11,
    0x03, 0x11, 0x03, 0x11, 0x03, 0x11, 0x03, 0x11, 0x03, 0x11, 0x03, 0x11, 0x03, 0x11, 0x03, 0x11, 0x03, 0x11, 0x03, 0x11, 0x03, 0x11, 0x03, 0x11,
    0x03, 0x11, 0x03, 0x11, 0x03, 0x11, 0x03, 0x11, 0x03, 0x11, 0x03, 0x11, 0x03, 0x11, 0x03, 0x11, 0x03, 0x11, 0x03, 0x11, 0x03, 0x11, 0x03, 0x11,
    0x03, 0x11, 0x03, 0x11, 0x03, 0x11, 0x03, 0x11, 0x03, 0x11, 0x03, 0x11, 0x03, 0x11, 0x03, 0x11, 0x03, 0x11, 0x03, 0x11, 0x03, 0x11, 0x03, 0x11,
    0x03, 0x11, 0x03, 0x11, 0x03, 0x11, 0x03, 0x11, 0x03, 0x11, 0x03, 0x11, 0x03, 0x11, 0x03, 0x11, 0x03, 0x11, 0x03, 0x11, 0x03, 0x11, 0x03, 0x11,
    0x03, 0x11, 0x03, 0x11, 0x03, 0x11, 0x03, 0x11, 0x03, 0x11, 0x03, 0x11, 0x03, 0x11, 0x03, 0x11, 0x03, 0x11, 0x03, 0x11, 0x03, 0x11, 0x03, 0x11,
    0x03, 0x11, 0x03, 0x11, 0x03, 0x11, 0x03, 0x11, 0x03, 0x11, 0x03, 0x11, 0x03, 0x11, 0x03, 0x11, 0x03, 0x11, 0x03, 0x11, 0x03, 0x11, 0x03, 0x11,
    0x03, 0x11, 0x03, 0x11, 0x03, 0x11, 0x03, 0x11, 0x03, 0x11, 0x03, 0x11, 0x03, 0x11, 0x03, 0x11, 0x03, 0x11, 0x03, 0x11, 0x03, 0x11, 0x03, 0x11,
    0x03, 0x11, 0x03, 0x11, 0x03, 0x11, 0x03, 0x11, 0x03, 0x11, 0x03, 0x11, 0x03, 0x11, 0x03, 0x11, 0x03, 0x11, 0x03, 0x11, 0x03, 0x11, 0x03, 0x11,
    0x03, 0x11, 0x03, 0x11, 0x03, 0x11, 0x03, 0x11, 0x03, 0x11, 0x03, 0x11, 0x03, 0x11, 0x03, 0x11, 0x03, 0x11, 0x03, 0x11, 0x03, 0x11, 0x03, 0x11,
    0x03, 0x11, 0x03, 0x11, 0x03, 0x11, 0x03, 0x11, 0x03, 0x11, 0x03, 0x11, 0x03, 0x11, 0x03, 0x11, 0x03, 0x11, 0x03, 0x11, 0x03, 0x11, 0x03, 0x11,
    0x03, 0x11, 0x03, 0x11, 0x03, 0x11, 0x03, 0x11, 0x03, 0x11, 0x03, 0x11, 0x03, 0x11, 0x03, 0x11, 0x03, 0x11, 0x03, 0x11, 0x03, 0x11, 0x03, 0x11,
    0x03, 0x11, 0x03, 0x11, 0x03, 0x11, 0x03, 0x11, 0x03, 0x11, 0x03, 0x11, 0x03, 0x11, 0x03, 0x11, 0x03, 0x11, 0x03, 0x11, 0x03, 0x11, 0x03, 0x11,
    0x03, 0x11, 0x03, 0x11, 0x03, 0x11, 0x03, 0x11, 0x03, 0x11, 0x03, 0x11, 0x03, 0x11, 0x03, 0x11, 0x03, 0x11, 0x03, 0x11, 0x03, 0x11, 0x03, 0x11,
    0x03, 0x11, 0x03, 0x11, 0x03, 0x11, 0x03, 0x11, 0x03, 0x11, 0x03, 0x11, 0x03, 0x11, 0x03, 0x11, 0x03, 0x11, 0x03, 0x11, 0x03, 0x11, 0x03, 0x11,
    0x03, 0x11, 0x03, 0x11, 0x03, 0x11, 0x03, 0x11, 0x03, 0x11, 0x03, 0x11, 0x03, 0x11, 0x03, 0x11, 0x03, 0x11, 0x03, 0x11, 0x03, 0x11, 0x03, 0x11,
    0x03, 0x11, 0x03, 0x11, 0x03, 0x11, 0x03, 0x11, 0x03, 0x11, 0x03, 0x11, 0x03, 0x11, 0x03, 0x11, 0x03, 0x11, 0x03, 0x11, 0x03, 0x11, 0x03, 0x11,
    0x03, 0x11, 0x03, 0x11, 0x03, 0x11, 0x03, 0x11, 0x03, 0x11, 0x03, 0x11, 0x03, 0x11, 0x03, 0x11, 0x03, 0x11, 0x03, 0x11, 0x03, 0x11, 0x03, 0x11,
    0x03, 0x11, 0x03, 0x11, 0x03, 0x11, 0x03, 0x11, 0x03, 0x11, 0x03, 0x11, 0x03, 0x11, 0x03, 0x11, 0x03, 0x11, 0x03, 0x11, 0x03, 0x11, 0x03, 0x11,
    0x03, 0x11, 0x03, 0x11, 0x03, 0x11, 0x03, 0x11, 0x03, 0x11, 0x03, 0x11, 0x03, 0x11, 0x03, 0x11, 0x03, 0x11, 0x03, 0x11, 0x03, 0x11, 0x03, 0x11,
    0x03, 0x11, 0x03, 0x11, 0x03, 0x11, 0x03, 0x11, 0x03, 0x11, 0x03, 0x11, 0x03, 0x11, 0x03, 0x11, 0x03, 0x11, 0x03, 0x11, 0x03, 0x11, 0x03, 0x11,
    0x03, 0x11, 0x03, 0x11, 0x03, 0x11, 0x03, 0x11, 0x03, 0x11, 0x03, 0x11, 0x03, 0x11, 0x03, 0x11, 0x03, 0x11, 0x03, 0x11, 0x03, 0x11, 0x03, 0x11,
    0x03, 0x11, 0x03, 0x11, 0x03, 0x11, 0x03, 0x11, 0x03, 0x11, 0x03, 0x11, 0x03, 0x11, 0x03, 0x11, 0x03, 0x11, 0x03, 0x11, 0x03, 0x11, 0x03, 0x11,
    0x03, 0x11, 0x03, 0x11, 0x03, 0x11, 0x03, 0x11, 0x03, 0x11, 0x03, 0x11, 0x03, 0x11, 0x03, 0x11, 0x03, 0x11, 0x03, 0x11, 0x03, 0x11, 0x03, 0x11,
    0x03, 0x11, 0x03, 0x11, 0x03, 0x11, 0x03, 0x11, 0x03, 0x11, 0x03, 0x11, 0x03, 0x11, 0x03, 0x11, 0x03, 0x11, 0x03, 0x11, 0x03, 0x11, 0x03, 0x11,
    0x03, 0x11, 0x03, 0x11, 0x03, 0x11, 0x03, 0x11, 0x03, 0x11, 0x03, 0x11, 0x03, 0x11, 0x03, 0x11, 0x03, 0x11, 0x03, 0x11, 0x03, 0x11, 0x03, 0x11,
    0x03, 0x11, 0x03, 0x11, 0x03, 0x11, 0x03, 0x11, 0x03, 0x11, 0x03, 0x11, 0x03, 0x11, 0x03, 0x11, 0x03, 0x11, 0x03, 0x11, 0x03, 0x11, 0x03, 0x11,
    0x03, 0x11, 0x03, 0x11, 0x03, 0x11, 0x03, 0x11, 0x03, 0x11, 0x03, 0x11, 0x03, 0x11, 0x03, 0x11, 0x03, 0x11, 0x03, 0x11, 0x03, 0x11, 0x03, 0x11,
    0x03, 0x11, 0x03, 0x11, 0x03, 0x11, 0x03, 0x11, 0x03, 0x11, 0x03, 0x11, 0x03, 0x11, 0x03, 0x11, 0x03, 0x11, 0x03, 0x11, 0x03, 0x11, 0x03, 0x11,
    0x03, 0x11, 0x03, 0x11, 0x03, 0x11, 0x03, 0x11, 0x03, 0x11, 0x03, 0x11, 0x03, 0x11, 0x03, 0x11, 0x03, 0x11, 0x03, 0x11, 0x03, 0x11, 0x03, 0x11,
    0x03, 0x11, 0x03, 0x11, 0x03, 0x11, 0x03, 0x11, 0x03, 0x11, 0x03, 0x11, 0x03, 0x11, 0x03, 0x11, 0x03, 0x11, 0x03, 0x11, 0x03, 0x11, 0x03, 0x11,
    0x03, 0x11, 0x03, 0x11, 0x03, 0x11, 0x03, 0x11, 0x03, 0x11, 0x03, 0x11, 0x03, 0x11, 0x03, 0x11, 0x03, 0x11, 0x03, 0x11, 0x03, 0x11, 0x03, 0x11,
    0x03, 0x11, 0x03, 0x11, 0x03, 0x11, 0x03, 0x11, 0x03, 0x11, 0x03, 0x11, 0x03, 0x11, 0x03, 0x11, 0x03, 0x11, 0x03, 0x11, 0x03, 0x11, 0x03, 0x11,
    0x03, 0x11, 0x03, 0x11, 0x03, 0x11, 0x03, 0x11, 0x03, 0x11, 0x03, 0x11, 0x03, 0x11, 0x03, 0x11, 0x03, 0x11, 0x03, 0x11, 0x03, 0x11, 0x03, 0x11,
    0x03, 0x11, 0x03, 0x11, 0x03, 0x11, 0x03, 0x11, 0x03, 0x11, 0x03, 0x11, 0x03, 0x11, 0x03, 0x11, 0x03, 0x11, 0x03, 0x11, 0x03, 0x11, 0x03, 0x11,
    0x03, 0x11, 0x03, 0x11, 0x03, 0x11, 0x03, 0x11, 0x03, 0x11, 0x03, 0x11, 0x03, 0x11, 0x03, 0x11, 0x03, 0x11, 0x03, 0x11, 0x03, 0x11, 0x03, 0x11,
    0x03, 0x11, 0x03, 0x11, 0x03, 0x11, 0x03, 0x11, 0x03, 0x11, 0x03, 0x11, 0x03, 0x11, 0x03, 0x11, 0x03, 0x11, 0x03, 0x11, 0x03, 0x11, 0x03, 0x11,
    0x03, 0x11, 0x03, 0x11, 0x03, 0x11, 0x03, 0x11, 0x03, 0x11, 0x03, 0x11, 0x03, 0x11, 0x03, 0x11, 0x03, 0x11, 0x03, 0x11, 0x03, 0x11, 0x03, 0x11,
    0x03, 0x11, 0x03, 0x11, 0x03, 0x11, 0x03, 0x11, 0x03, 0x11, 0x03, 0x11, 0x03, 0x11, 0x03, 0x11, 0x03, 0x11, 0x03, 0x11, 0x03, 0x11, 0x03, 0x11,
    0x03, 0x11, 0x03, 0x11, 0x03, 0x11, 0x03, 0x11, 0x03, 0x11, 0x03, 0x11, 0x03, 0x11, 0x03, 0x11, 0x03, 0x11, 0x03, 0x11, 0x03, 0x11, 0x03, 0x11,
    0x03, 0x11, 0x03, 0x11, 0x03, 0x11, 0x03, 0x11, 0x03, 0x11, 0x03, 0x11, 0x03, 0x11, 0x03, 0x11, 0x03, 0x11, 0x03, 0x11, 0x03, 0x11, 0x03, 0x11,
    0x03, 0x11, 0x03, 0x11, 0x03, 0x11, 0x03, 0x11, 0x03, 0x11, 0x03, 0x11, 0x03, 0x11, 0x03, 0x11, 0x03, 0x11, 0x03, 0x11, 0x03, 0x11, 0x03, 0x11,
    0x03, 0x11, 0x03, 0x11, 0x03, 0x11, 0x03, 0x11, 0x03, 0x11, 0x03, 0x11, 0x03, 0x11, 0x03, 0x11, 0x03, 0x11, 0x03, 0x11, 0x03, 0x11, 0x03, 0x11,
    0x03, 0x11, 0x03, 0x11, 0x03, 0x11, 0x03, 0x11, 0x03, 0x11, 0x03, 0x11, 0x03, 0x11, 0x03, 0x11, 0x03, 0x11, 0x03, 0x11, 0x03, 0x11, 0x03, 0x11,
    0x03, 0x11, 0x03, 0x11, 0x03, 0x11, 0x03, 0x11, 0x03, 0x11, 0x03, 0x11, 0x03, 0x11, 0x03, 0x11, 0x03, 0x11, 0x03, 0x11, 0x03, 0x11, 0x03, 0x11,
    0x03, 0x11, 0x03, 0x11, 0x03, 0x11, 0x03, 0x11, 0x03, 0x11, 0x03, 0x11, 0x03, 0x11, 0x03, 0x11, 0x03, 0x11, 0x03, 0x11, 0x03, 0x11, 0x03, 0x11,
    0x03, 0x11, 0x03, 0x11, 0x03, 0x11, 0x03, 0x11, 0x03, 0x11, 0x03, 0x11, 0x03, 0x11, 0x03, 0x11, 0x03, 0x11, 0x03, 0x11, 0x03, 0x11, 0x03, 0x11,
    0x03, 0x11, 0x03, 0x11, 0x03, 0x11, 0x03, 0x11, 0x03, 0x11, 0x03, 0x11, 0x03, 0x11, 0x03, 0x11, 0x03, 0x11, 0x03, 0x11, 0x03, 0x11, 0x03, 0x11,
    0x03, 0x11, 0x03, 0x11, 0x03, 0x11, 0x03, 0x11, 0x03, 0x11, 0x03, 0x11, 0x03, 0x11, 0x03, 0x11, 0x03, 0x11, 0x03, 0x11, 0x03, 0x11, 0x03, 0x11,
    0x03, 0x11, 0x03, 0x11, 0x03, 0x11, 0x03, 0x11, 0x03, 0x11, 0x03, 0x11, 0x03, 0x11, 0x03, 0x11, 0x03, 0x11, 0x03, 0x11, 0x03, 0x11, 0x03, 0x11,
    0x03, 0x11, 0x03, 0x11, 0x03, 0x11, 0x03, 0x11, 0x03, 0x11, 0x03, 0x11, 0x03, 0x11, 0x03, 0x11, 0x03, 0x11, 0x03, 0x11, 0x03, 0x11, 0x03, 0x11,
    0x03, 0x11, 0x03, 0x11, 0x03, 0x11, 0x03, 0x11, 0x03, 0x11, 0x03, 0x11, 0x03, 0x11, 0x03, 0x11, 0x03, 0x11, 0x03, 0x11, 0x03, 0x11, 0x03, 0x11,
    0x03, 0x11, 0x03, 0x11, 0x03, 0x11, 0x03, 0x11, 0x03, 0x11, 0x03, 0x11, 0x03, 0x11, 0x03, 0x11, 0x03, 0x11, 0x03, 0x11, 0x03, 0x11, 0x03, 0x11,
    0x03, 0x11, 0x03, 0x11, 0x03, 0x11, 0x03, 0x11, 0x03, 0x11, 0x03, 0x11, 0x03, 0x11, 0x03, 0x11, 0x03, 0x11, 0x03, 0x11, 0x03, 0x11, 0x03, 0x11,
    0x03, 0x11, 0x03, 0x11, 0x03, 0x11, 0x03, 0x11, 0x03, 0x11, 0x03, 0x11, 0x03, 0x11, 0x03, 0x11, 0x03, 0x11, 0x03, 0x11, 0x03, 0x11, 0x03, 0x11,
    0x03, 0x11, 0x03, 0x11, 0x03, 0x11, 0x03, 0x11, 0x03, 0x11, 0x03, 0x11, 0x03, 0x11, 0x03, 0x11, 0x03, 0x11, 0x03, 0x11, 0x03, 0x11, 0x03, 0x11,
    0x03, 0x11, 0x03, 0x11, 0x03, 0x11, 0x03, 0x11, 0x03, 0x11, 0x03, 0x11, 0x03, 0x11, 0x03, 0x11, 0x03, 0x11, 0x03, 0x11, 0x03, 0x11, 0x03, 0x11,
    0x03, 0x11, 0x03, 0x11, 0x03, 0x11, 0x03, 0x11, 0x03, 0x11, 0x03, 0x11, 0x03, 0x11, 0x03, 0x11, 0x03, 0x11, 0x03, 0x11, 0x03, 0x11, 0x03, 0x11,
    0x03, 0x11, 0x03, 0x11, 0x03, 0x11, 0x03, 0x11,
};
const lv_img_dsc_t pet_cheer_1 = {
    .header.cf = LV_IMG_CF_TRUE_COLOR,
    .header.always_zero = 0,
    .header.reserved = 0,
    .header.w = 80,
    .header.h = 80,
    .data_size = 12800,
    .data = pet_cheer_1_map,
};

static const LV_ATTRIBUTE_MEM_ALIGN LV_ATTRIBUTE_LARGE_CONST uint8_t pet_cheer_2_map[] = {
    0x03, 0x11, 0x03, 0x11, 0x03, 0x11, 0x03, 0x11, 0x03, 0x11, 0x03, 0x11, 0x03, 0x11, 0x03, 0x11, 0x03, 0x11, 0x03, 0x11, 0x03, 0x11, 0x03, 0x11,
    0x03, 0x11, 0x03, 0x11, 0x03, 0x11, 0x03, 0x11, 0x03, 0x11, 0x03, 0x11, 0x03, 0x11, 0x03, 0x11, 0x03, 0x11, 0x03, 0x11, 0x03, 0x11, 0x03, 0x11,
    0x03, 0x11, 0x03, 0x11, 0x03, 0x11, 0x03, 0x11, 0x03, 0x11, 0x03, 0x11, 0x03, 0x11, 0x03, 0x11, 0x03, 0x11, 0x03, 0x11, 0x03, 0x11, 0x03, 0x11,
    0x03, 0x11, 0x03, 0x11, 0x03, 0x11, 0x03, 0x11, 0x03, 0x11, 0x03, 0x11, 0x03, 0x11, 0x03, 0x11, 0x03, 0x11, 0x03, 0x11, 0x03, 0x11, 0x03, 0x11,
    0x03, 0x11, 0x03, 0x11, 0x03, 0x11, 0x03, 0x11, 0x03, 0x11, 0x03, 0x11, 0x03, 0x11, 0x03, 0x11, 0x03, 0x11, 0x03, 0x11, 0x03, 0x11, 0x03, 0x11,
    0x03, 0x11, 0x03, 0x11, 0x03, 0x11, 0x03, 0x11, 0x03, 0x11, 0x03, 0x11, 0x03, 0x11, 0x03, 0x11, 0x03, 0x11, 0x03, 0x11, 0x03, 0x11, 0x03, 0x11,
    0x03, 0x11, 0x03, 0x11, 0x03, 0x11, 0x03, 0x11, 0x03, 0x11, 0x03, 0x11, 0x03, 0x11, 0x03, 0x11, 0x03, 0x11, 0x03, 0x11, 0x03, 0x11, 0x03, 0x11,
    0x03, 0x11, 0x03, 0x11, 0x03, 0x11, 0x03, 0x11, 0x03, 0x11, 0x03, 0x11, 0x03, 0x11, 0x03, 0x11, 0x03, 0x11, 0x03, 0x11, 0x03, 0x11, 0x03, 0x11,
    0x03, 0x11, 0x03, 0x11, 0x03, 0x11, 0x03, 0x11, 0x03, 0x11, 0x03, 0x11, 0x03, 0x11, 0x03, 0x11, 0x03, 0x11, 0x03, 0x11, 0x03, 0x11, 0x03, 0x11,
    0x03, 0x11, 0x03, 0x11, 0x03, 0x11, 0x03, 0x11, 0x03, 0x11, 0x03, 0x11, 0x03, 0x11, 0x03, 0x11, 0x03, 0x11, 0x03, 0x11, 0x03, 0x11, 0x03, 0x11,
    0x03, 0x11, 0x03, 0x11, 0x03, 0x11, 0x03, 0x11, 0x03, 0x11, 0x03, 0x11, 0x03, 0x11, 0x03, 0x11, 0x03, 0x11, 0x03, 0x11, 0x03, 0x11, 0x03, 0x11,
    0x03, 0x11, 0x03, 0x11, 0x03, 0x11, 0x03, 0x11, 0x03, 0x11, 0x03, 0x11, 0x03, 0x11, 0x03, 0x11, 0x03, 0x11, 0x03, 0x11, 0x03, 0x11, 0x03, 0x11,
    0x03, 0x11, 0x03, 0x11, 0x03, 0x11, 0x03, 0x11, 0x03, 0x11, 0x03, 0x11, 0x03, 0x11, 0x03, 0x11, 0x03, 0x11, 0x03, 0x11, 0x03, 0x11, 0x03, 0x11,
    0x03, 0x11, 0x03, 0x11, 0x03, 0x11, 0x03, 0x11, 0x03, 0x11, 0x03, 0x11, 0x03, 0x11, 0x03, 0x11, 0x03, 0x11, 0x03, 0x11, 0x03, 0x11, 0x03, 0x11,
    0x03, 0x11, 0x03, 0x11, 0x03, 0x11, 0x03, 0x11, 0x03, 0x11, 0x03, 0x11, 0x03, 0x11, 0x03, 0x11, 0x03, 0x11, 0x03, 0x11, 0x03, 0x11, 0x03, 0x11,
    0x03, 0x11, 0x03, 0x11, 0x03, 0x11, 0x03, 0x11, 0x03, 0x11, 0x03, 0x11, 0x03, 0x11, 0x03, 0x11, 0x03, 0x11, 0x03, 0x11, 0x03, 0x11, 0x03, 0x11,
    0x03, 0x11, 0x03, 0x11, 0x03, 0x11, 0x03, 0x11, 0x03, 0x11, 0x03, 0x11, 0x03, 0x11, 0x03, 0x11, 0x03, 0x11, 0x03, 0x11, 0x03, 0x11, 0x03, 0x11,
    0x03, 0x11, 0x03, 0x11, 0x03, 0x11, 0x03, 0x11, 0x03, 0x11, 0x03, 0x11, 0x03, 0x11, 0x03, 0x11, 0x03, 0x11, 0x03, 0x11, 0x03, 0x11, 0x03, 0x11,
    0x03, 0x11, 0x03, 0x11, 0x03, 0x11, 0x03, 0x11, 0x03, 0x11, 0x03, 0x11, 0x03, 0x11, 0x03, 0x11, 0x03, 0x11, 0x03, 0x11, 0x03, 0x11, 0x03, 0x11,
    0x03, 0x11, 0x03, 0x11, 0x03, 0x11, 0x03, 0x11, 0x03, 0x11, 0x03, 0x11, 0x03, 0x11, 0x03, 0x11, 0x03, 0x11, 0x03, 0x11, 0x03, 0x11, 0x03, 0x11,
    0x03, 0x11, 0x03, 0x11, 0x03, 0x11, 0x03, 0x11, 0x03, 0x11, 0x03, 0x11, 0x03, 0x11, 0x03, 0x11, 0x03, 0x11, 0x03, 0x11, 0x03, 0x11, 0x03, 0x11,
    0x03, 0x11, 0x03, 0x11, 0x03, 0x11, 0x03, 0x11, 0x03, 0x11, 0x03, 0x11, 0x03, 0x11, 0x03, 0x11, 0x03, 0x11, 0x03, 0x11, 0x03, 0x11, 0x03, 0x11,
    0x03, 0x11, 0x03, 0x11, 0x03, 0x11, 0x03, 0x11, 0x03, 0x11, 0x03, 0x11, 0x03, 0x11, 0x03, 0x11, 0x03, 0x11, 0x03, 0x11, 0x03, 0x11, 0x03, 0x11,
    0x03, 0x11, 0x03, 0x11, 0x03, 0x11, 0x03, 0x11, 0x03, 0x11, 0x03, 0x11, 0x03, 0x11, 0x03, 0x11, 0x03, 0x11, 0x03, 0x11, 0x03, 0x11, 0x03, 0x11,
    0x03, 0x11, 0x03, 0x11, 0x03, 0x11, 0x03, 0x11, 0x03, 0x11, 0x03, 0x11, 0x03, 0x11, 0x03, 0x11, 0x03, 0x11, 0x03, 0x11, 0x03, 0x11, 0x03, 0x11,
    0x03, 0x11, 0x03, 0x11, 0x03, 0x11, 0x03, 0x11, 0x03, 0x11, 0x03, 0x11, 0x03, 0x11, 0x03, 0x11, 0x03, 0x11, 0x03, 0x11, 0x03, 0x11, 0x03, 0x11,
    0x03, 0x11, 0x03, 0x11, 0x03, 0x11, 0x03, 0x11, 0x03, 0x11, 0x03, 0x11, 0x03, 0x11, 0x03, 0x11, 0x03, 0x11, 0x03, 0x11, 0x03, 0x11, 0x03, 0x11,
    0x03, 0x11, 0x03, 0x11, 0x03, 0x11, 0x03, 0x11, 0x03, 0x11, 0x03, 0x11, 0x03, 0x11, 0x03, 0x11, 0x03, 0x11, 0x03, 0x11, 0x03, 0x11, 0x03, 0x11,
    0x03, 0x11, 0x03, 0x11, 0x03, 0x11, 0x03, 0x11, 0xce, 0x9e, 0xce, 0x9e, 0x03, 0x11, 0x03, 0x11, 0x03, 0x11, 0x03, 0x11, 0x03, 0x11, 0x03, 0x11,
    0x03, 0x11, 0x03, 0x11, 0x03, 0x11, 0x03, 0x11, 0x03, 0x11, 0x03, 0x11, 0x03, 0x11, 0x03, 0x11, 0x03, 0x11, 0x03, 0x11, 0x4b, 0xee, 0x4b, 0xee,
    0x4b, 0xee, 0x4b, 0xee, 0x03, 0x11, 0x03, 0x11, 0x03, 0x11, 0x03, 0x11, 0x03, 0x11, 0x03, 0x11, 0x03, 0x11, 0x03, 0x11, 0x03, 0x11, 0x03, 0x11,
    0x03, 0x11, 0x03, 0x11, 0x03, 0x11, 0x03, 0x11, 0x03, 0x11, 0x03, 0x11, 0xce, 0x9e, 0xce, 0x9e, 0x03, 0x11, 0x03, 0x11, 0x03, 0x11, 0x03, 0x11,
    0x03, 0x11, 0x03, 0x11, 0x03, 0x11, 0x03, 0x11, 0x03, 0x11, 0x03, 0x11, 0x03, 0x11, 0x03, 0x11, 0x03, 0x11, 0x03, 0x11, 0x03, 0x11, 0x03, 0x11,
    0x03, 0x11, 0x03, 0x11, 0x03, 0x11, 0x03, 0x11, 0x03, 0x11, 0x03, 0x11, 0x03, 0x11, 0x03, 0x11, 0x03, 0x11, 0x03, 0x11, 0x03, 0x11, 0x03, 0x11,
    0x03, 0x11, 0x03, 0x11, 0x03, 0x11, 0x03, 0x11, 0x03, 0x11, 0x03, 0x11, 0x03, 0x11, 0x03, 0x11, 0x03, 0x11, 0x03, 0x11, 0x03, 0x11, 0x03, 0x11,
    0xce, 0x9e, 0xce, 0x9e, 0x03, 0x11, 0x03, 0x11, 0x03, 0x11, 0x03, 0x11, 0x03, 0x11, 0x03, 0x11, 0x03, 0x11, 0x03, 0x11, 0x03, 0x11, 0x03, 0x11,
    0x03, 0x11, 0x03, 0x11, 0x03, 0x11, 0x03, 0x11, 0x03, 0x11, 0x03, 0x11, 0x4b, 0xee, 0x4b, 0xee, 0x4b, 0xee, 0x4b, 0xee, 0x03, 0x11, 0x03, 0x11,
    0x03, 0x11, 0x03, 0x11, 0x03, 0x11, 0x03, 0x11, 0x03, 0x11, 0x03, 0x11, 0x03, 0x11, 0x03, 0x11, 0x03, 0x11, 0x03, 0x11, 0x03, 0x11, 0x03, 0x11,
    0x03, 0x11, 0x03, 0x11, 0xce, 0x9e, 0xce, 0x9e, 0x03, 0x11, 0x03, 0x11, 0x03, 0x11, 0x03, 0x11, 0x03, 0x11, 0x03, 0x11, 0x03, 0x11, 0x03, 0x11,
    0x03, 0x11, 0x03, 0x11, 0x03, 0x11, 0x03, 0x11, 0x03, 0x11, 0x03, 0x11, 0x03, 0x11, 0x03, 0x11, 0x03, 0x11, 0x03, 0x11, 0x03, 0x11, 0x03, 0x11,
    0x03, 0x11, 0x03, 0x11, 0x03, 0x11, 0x03, 0x11, 0x03, 0x11, 0x03, 0x11, 0xee, 0xeb, 0xee, 0xeb, 0xee, 0xeb, 0xee, 0xeb, 0x03, 0x11, 0x03, 0x11,
    0x03, 0x11, 0x03, 0x11, 0x03, 0x11, 0x03, 0x11, 0x03, 0x11, 0x03, 0x11, 0x03, 0x11, 0x03, 0x11, 0xce, 0x9e, 0xce, 0x9e, 0xce, 0x9e, 0xce, 0x9e,
    0x03, 0x11, 0x03, 0x11, 0x03, 0x11, 0x03, 0x11, 0x03, 0x11, 0x03, 0x11, 0x03, 0x11, 0x03, 0x11, 0x03, 0x11, 0x03, 0x11, 0x03, 0x11, 0x03, 0x11,
    0x03, 0x11, 0x03, 0x11, 0x4b, 0xee, 0x4b, 0xee, 0x4b, 0xee, 0x4b, 0xee, 0x03, 0x11, 0x03, 0x11, 0x03, 0x11, 0x03, 0x11, 0x03, 0x11, 0x03, 0x11,
    0x03, 0x11, 0x03, 0x11, 0x03, 0x11, 0x03, 0x11, 0x03, 0x11, 0x03, 0x11, 0x03, 0x11, 0x03, 0x11, 0xce, 0x9e, 0xce, 0x9e, 0xce, 0x9e, 0xce, 0x9e,
    0x03, 0x11, 0x03, 0x11, 0x03, 0x11, 0x03, 0x11, 0x03, 0x11, 0x03, 0x11, 0x03, 0x11, 0x03, 0x11, 0x03, 0x11, 0x03, 0x11, 0x03, 0x11, 0x03, 0x11,
    0x03, 0x11, 0x03, 0x11, 0x03, 0x11, 0x03, 0x11, 0x03, 0x11, 0x03, 0x11, 0x03, 0x11, 0x03, 0x11, 0x03, 0x11, 0x03, 0x11, 0x03, 0x11, 0x03, 0x11,
    0x03, 0x11, 0x03, 0x11, 0xee, 0xeb, 0xee, 0xeb, 0xee, 0xeb, 0xee, 0xeb, 0x03, 0x11, 0x03, 0x11, 0x03, 0x11, 0x03, 0x11, 0x03, 0x11, 0x03, 0x11,
    0x03, 0x11, 0x03, 0x11, 0x03, 0x11, 0x03, 0x11, 0xce, 0x9e, 0xce, 0x9e, 0xce, 0x9e, 0xce, 0x9e, 0x03, 0x11, 0x03, 0x11, 0x03, 0x11, 0x03, 0x11,
    0x03, 0x11, 0x03, 0x11, 0x03, 0x11, 0x03, 0x11, 0x03, 0x11, 0x03, 0x11, 0x03, 0x11, 0x03, 0x11, 0x03, 0x11, 0x03, 0x11, 0x4b, 0xee, 0x4b, 0xee,
    0x4b, 0xee, 0x4b, 0xee, 0x03, 0x11, 0x03, 0x11, 0x03, 0x11, 0x03, 0x11, 0x03, 0x11, 0x03, 0x11, 0x03, 0x11, 0x03, 0x11, 0x03, 0x11, 0x03, 0x11,
    0x03, 0x11, 0x03, 0x11, 0x03, 0x11, 0x03, 0x11, 0xce, 0x9e, 0xce, 0x9e, 0xce, 0x9e, 0xce, 0x9e, 0x03, 0x11, 0x03, 0x11, 0x03, 0x11, 0x03, 0x11,
    0x03, 0x11, 0x03, 0x11, 0x03, 0x11, 0x03, 0x11, 0x03, 0x11, 0x03, 0x11, 0x03, 0x11, 0x03, 0x11, 0x03, 0x11, 0x03, 0x11, 0x03, 0x11, 0x03, 0x11,
    0x03, 0x11, 0x03, 0x11, 0x03, 0x11, 0x03, 0x11, 0x03, 0x11, 0x03, 0x11, 0x03, 0x11, 0x03, 0x11, 0x03, 0x11, 0x03, 0x11, 0xee, 0xeb, 0xee, 0xeb,
    0xee, 0xeb, 0xee, 0xeb, 0x03, 0x11, 0x03, 0x11, 0x03, 0x11, 0x03, 0x11, 0x03, 0x11, 0x03, 0x11, 0x03, 0x11, 0x03, 0x11, 0x03, 0x11, 0x03, 0x11,
    0x03, 0x11, 0x03, 0x11, 0xce, 0x9e, 0xce, 0x9e, 0xce, 0x9e, 0xce, 0x9e, 0xce, 0x9e, 0xce, 0x9e, 0x03, 0x11, 0x03, 0x11, 0x03, 0x11, 0x03, 0x11,
    0x03, 0x11, 0x03, 0x11, 0x03, 0x11, 0x03, 0x11, 0x03, 0x11, 0x03, 0x11, 0x4b, 0xee, 0x4b, 0xee, 0x4b, 0xee, 0x4b, 0xee, 0x03, 0x11, 0x03, 0x11,
    0x03, 0x11, 0x03, 0x11, 0x03, 0x11, 0x03, 0x11, 0x03, 0x11, 0x03, 0x11, 0x03, 0x11, 0x03, 0x11, 0x03, 0x11, 0x03, 0x11, 0xce, 0x9e, 0xce, 0x9e,
    0xce, 0x9e, 0xce, 0x9e, 0xce, 0x9e, 0xce, 0x9e, 0x03, 0x11, 0x03, 0x11, 0x03, 0x11, 0x03, 0x11, 0x03, 0x11, 0x03, 0x11, 0x03, 0x11, 0x03, 0x11,
    0x03, 0x11, 0x03, 0x11, 0x03, 0x11, 0x03, 0x11, 0x03, 0x11, 0x03, 0x11, 0x03, 0x11, 0x03, 0x11, 0x03, 0x11, 0x03, 0x11, 0x03, 0x11, 0x03, 0x11,
    0x03, 0x11, 0x03, 0x11, 0x03, 0x11, 0x03, 0x11, 0x03, 0x11, 0x03, 0x11, 0xee, 0xeb, 0xee, 0xeb, 0xee, 0xeb, 0xee, 0xeb, 0x03, 0x11, 0x03, 0x11,
    0x03, 0x11, 0x03, 0x11, 0x03, 0x11, 0x03, 0x11, 0x03, 0x11, 0x03, 0x11, 0x03, 0x11, 0x03, 0x11, 0x03, 0x11, 0x03, 0x11, 0xce, 0x9e, 0xce, 0x9e,
    0xce, 0x9e, 0xce, 0x9e, 0xce, 0x9e, 0xce, 0x9e, 0x03, 0x11, 0x03, 0x11, 0x03, 0x11, 0x03, 0x11, 0x03, 0x11, 0x03, 0x11, 0x03, 0x11, 0x03, 0x11,
    0x03, 0x11, 0x03, 0x11, 0x4b, 0xee, 0x4b, 0xee, 0x4b, 0xee, 0x4b, 0xee, 0x03, 0x11, 0x03, 0x11, 0x03, 0x11, 0x03, 0x11, 0x03, 0x11, 0x03, 0x11,
    0x03, 0x11, 0x03, 0x11, 0x03, 0x11, 0x03, 0x11, 0x03, 0x11, 0x03, 0x11, 0xce, 0x9e, 0xce, 0x9e, 0xce, 0x9e, 0xce, 0x9e, 0xce, 0x9e, 0xce, 0x9e,
    0x03, 0x11, 0x03, 0x11, 0x03, 0x11, 0x03, 0x11, 0x03, 0x11, 0x03, 0x11, 0x03, 0x11, 0x03, 0x11, 0x03, 0x11, 0x03, 0x11, 0x03, 0x11, 0x03, 0x11,
    0x03, 0x11, 0x03, 0x11, 0x03, 0x11, 0x03, 0x11, 0x03, 0x11, 0x03, 0x11, 0x03, 0x11, 0x03, 0x11, 0x03, 0x11, 0x03, 0x11, 0x03, 0x11, 0x03, 0x11,
    0x03, 0x11, 0x03, 0x11, 0xee, 0xeb, 0xee, 0xeb, 0xee, 0xeb, 0xee, 0xeb, 0x03, 0x11, 0x03, 0x11, 0x03, 0x11, 0x03, 0x11, 0x03, 0x11, 0x03, 0x11,
    0x03, 0x11, 0x03, 0x11, 0x03, 0x11, 0x03, 0x11, 0x03, 0x11, 0x03, 0x11, 0xce, 0x9e, 0xce, 0x9e, 0xce, 0x9e, 0xce, 0x9e, 0xce, 0x9e, 0xce, 0x9e,
    0xce, 0x9e, 0xce, 0x9e, 0x03, 0x11, 0x03, 0x11, 0x03, 0x11, 0x03, 0x11, 0x03, 0x11, 0x03, 0x11, 0x03, 0x11, 0x03, 0x11, 0x03, 0x11, 0x03, 0x11,
    0x03, 0x11, 0x03, 0x11, 0x03, 0x11, 0x03, 0x11, 0x03, 0x11, 0x03, 0x11, 0x03, 0x11, 0x03, 0x11, 0x03, 0x11, 0x03, 0x11, 0xce, 0x9e, 0xce, 0x9e,
    0xce, 0x9e, 0xce, 0x9e, 0xce, 0x9e, 0xce, 0x9e, 0xce, 0x9e, 0xce, 0x9e, 0xce, 0x9e, 0xce, 0x9e, 0x03, 0x11, 0x03, 0x11, 0x03, 0x11, 0x03, 0x11,
    0xce, 0x9e, 0xce, 0x9e, 0xce, 0x9e, 0xce, 0x9e, 0xce, 0x9e, 0xce, 0x9e, 0xce, 0x9e, 0xce, 0x9e, 0xce, 0x9e, 0xce, 0x9e, 0x03, 0x11, 0x03, 0x11,
    0x03, 0x11, 0x03, 0x11, 0x03, 0x11, 0x03, 0x11, 0x03, 0x11, 0x03, 0x11, 0x03, 0x11, 0x03, 0x11, 0x03, 0x11, 0x03, 0x11, 0xee, 0xeb, 0xee, 0xeb,
    0xee, 0xeb, 0xee, 0xeb, 0x03, 0x11, 0x03, 0x11, 0x03, 0x11, 0x03, 0x11, 0x03, 0x11, 0x03, 0x11, 0x03, 0x11, 0x03, 0x11, 0x03, 0x11, 0x03, 0x11,
    0x03, 0x11, 0x03, 0x11, 0xce, 0x9e, 0xce, 0x9e, 0xce, 0x9e, 0xce, 0x9e, 0xce, 0x9e, 0xce, 0x9e, 0xce, 0x9e, 0xce, 0x9e, 0x03, 0x11, 0x03, 0x11,
    0x03, 0x11, 0x03, 0x11, 0x03, 0x11, 0x03, 0x11, 0x03, 0x11, 0x03, 0x11, 0x03, 0x11, 0x03, 0x11, 0x03, 0x11, 0x03, 0x11, 0x03, 0x11, 0x03, 0x11,
    0x03, 0x11, 0x03, 0x11, 0x03, 0x11, 0x03, 0x11, 0x03, 0x11, 0x03, 0x11, 0xce, 0x9e, 0xce, 0x9e, 0xce, 0x9e, 0xce, 0x9e, 0xce, 0x9e, 0xce, 0x9e,
    0xce, 0x9e, 0xce, 0x9e, 0xce, 0x9e, 0xce, 0x9e, 0x03, 0x11, 0x03, 0x11, 0x03, 0x11, 0x03, 0x11, 0xce, 0x9e, 0xce, 0x9e, 0xce, 0x9e, 0xce, 0x9e,
    0xce, 0x9e, 0xce, 0x9e, 0xce, 0x9e, 0xce, 0x9e, 0xce, 0x9e, 0xce, 0x9e, 0x03, 0x11, 0x03, 0x11, 0x03, 0x11, 0x03, 0x11, 0x03, 0x11, 0x03, 0x11,
    0x03, 0x11, 0x03, 0x11, 0x03, 0x11, 0x03, 0x11, 0x03, 0x11, 0x03, 0x11, 0x03, 0x11, 0x03, 0x11, 0xce, 0x9e, 0xce, 0x9e, 0xce, 0x9e, 0xce, 0x9e,
    0xce, 0x9e, 0xce, 0x9e, 0xce, 0x9e, 0xce, 0x9e, 0xce, 0x9e, 0xce, 0x9e, 0x03, 0x11, 0x03, 0x11, 0x03, 0x11, 0x03, 0x11, 0x6b, 0x55, 0x6b, 0x55,
    0xce, 0x9e, 0xce, 0x9e, 0xce, 0x9e, 0xce, 0x9e, 0xce, 0x9e, 0xce, 0x9e, 0xce, 0x9e, 0xce, 0x9e, 0xce, 0x9e, 0xce, 0x9e, 0x6b, 0x55, 0x6b, 0x55,
    0x6b, 0x55, 0x6b, 0x55, 0x6b, 0x55, 0x6b, 0x55, 0x6b, 0x55, 0x6b, 0x55, 0x6b, 0x55, 0x6b, 0x55, 0x6b, 0x55, 0x6b, 0x55, 0x6b, 0x55, 0x6b, 0x55,
    0xce, 0x9e, 0xce, 0x9e, 0xce, 0x9e, 0xce, 0x9e, 0xce, 0x9e, 0xce, 0x9e, 0xce, 0x9e, 0xce, 0x9e, 0xce, 0x9e, 0xce, 0x9e, 0x03, 0x11, 0x03, 0x11,
    0x03, 0x11, 0x03, 0x11, 0x03, 0x11, 0x03, 0x11, 0xce, 0x9e, 0xce, 0x9e, 0xce, 0x9e, 0xce, 0x9e, 0xce, 0x9e, 0xce, 0x9e, 0xce, 0x9e, 0xce, 0x9e,
    0xce, 0x9e, 0xce, 0x9e, 0x03, 0x11, 0x03, 0x11, 0x03, 0x11, 0x03, 0x11, 0x03, 0x11, 0x03, 0x11, 0x03, 0x11, 0x03, 0x11, 0x03, 0x11, 0x03, 0x11,
    0x03, 0x11, 0x03, 0x11, 0x03, 0x11, 0x03, 0x11, 0xce, 0x9e, 0xce, 0x9e, 0xce, 0x9e, 0xce, 0x9e, 0xce, 0x9e, 0xce, 0x9e, 0xce, 0x9e, 0xce, 0x9e,
    0xce, 0x9e, 0xce, 0x9e, 0x03, 0x11, 0x03, 0x11, 0x03, 0x11, 0x03, 0x11, 0x6b, 0x55, 0x6b, 0x55, 0xce, 0x9e, 0xce, 0x9e, 0xce, 0x9e, 0xce, 0x9e,
    0xce, 0x9e, 0xce, 0x9e, 0xce, 0x9e, 0xce, 0x9e, 0xce, 0x9e, 0xce, 0x9e, 0x6b, 0x55, 0x6b, 0x55, 0x6b, 0x55, 0x6b, 0x55, 0x6b, 0x55, 0x6b, 0x55,
    0x6b, 0x55, 0x6b, 0x55, 0x6b, 0x55, 0x6b, 0x55, 0x6b, 0x55, 0x6b, 0x55, 0x6b, 0x55, 0x6b, 0x55, 0xce, 0x9e, 0xce, 0x9e, 0xce, 0x9e, 0xce, 0x9e,
    0xce, 0x9e, 0xce, 0x9e, 0xce, 0x9e, 0xce, 0x9e, 0xce, 0x9e, 0xce, 0x9e, 0x03, 0x11, 0x03, 0x11, 0x03, 0x11, 0x03, 0x11, 0x03, 0x11, 0x03, 0x11,
    0xce, 0x9e, 0xce, 0x9e, 0xce, 0x9e, 0xce, 0x9e, 0xce, 0x9e, 0xce, 0x9e, 0xce, 0x9e, 0xce, 0x9e, 0xce, 0x9e, 0xce, 0x9e, 0x03, 0x11, 0x03, 0x11,
    0x03, 0x11, 0x03, 0x11, 0x03, 0x11, 0x03, 0x11, 0x03, 0x11, 0x03, 0x11, 0x03, 0x11, 0x03, 0x11, 0x03, 0x11, 0x03, 0x11, 0x03, 0x11, 0x03, 0x11,
    0xce, 0x9e, 0xce, 0x9e, 0xce, 0x9e, 0xce, 0x9e, 0xce, 0x9e, 0xce, 0x9e, 0xce, 0x9e, 0xce, 0x9e, 0xce, 0x9e, 0xce, 0x9e, 0x27, 0x2b, 0x27, 0x2b,
    0x27, 0x2b, 0x27, 0x2b, 0x6b, 0x55, 0x6b, 0x55, 0xce, 0x9e, 0xce, 0x9e, 0x6b, 0x55, 0x6b, 0x55, 0x6b, 0x55, 0x6b, 0x55, 0x6b, 0x55, 0x6b, 0x55,
    0x6b, 0x55, 0x6b, 0x55, 0x6b, 0x55, 0x6b, 0x55, 0x6b, 0x55, 0x6b, 0x55, 0x6b, 0x55, 0x6b, 0x55, 0x6b, 0x55, 0x6b, 0x55, 0x6b, 0x55, 0x6b, 0x55,
    0x6b, 0x55, 0x6b, 0x55, 0x6b, 0x55, 0x6b, 0x55, 0x6b, 0x55, 0x6b, 0x55, 0xce, 0x9e, 0xce, 0x9e, 0xce, 0x9e, 0xce, 0x9e, 0xce, 0x9e, 0xce, 0x9e,
    0xce, 0x9e, 0xce, 0x9e, 0x27, 0x2b, 0x27, 0x2b, 0x03, 0x11, 0x03, 0x11, 0x03, 0x11, 0x03, 0x11, 0xce, 0x9e, 0xce, 0x9e, 0xce, 0x9e, 0xce, 0x9e,
    0xce, 0x9e, 0xce, 0x9e, 0xce, 0x9e, 0xce, 0x9e, 0xce, 0x9e, 0xce, 0x9e, 0x03, 0x11, 0x03, 0x11, 0x03, 0x11, 0x03, 0x11, 0x03, 0x11, 0x03, 0x11,
    0x03, 0x11, 0x03, 0x11, 0x03, 0x11, 0x03, 0x11, 0x03, 0x11, 0x03, 0x11, 0x03, 0x11, 0x03, 0x11, 0xce, 0x9e, 0xce, 0x9e, 0xce, 0x9e, 0xce, 0x9e,
    0xce, 0x9e, 0xce, 0x9e, 0xce, 0x9e, 0xce, 0x9e, 0xce, 0x9e, 0xce, 0x9e, 0x27, 0x2b, 0x27, 0x2b, 0x27, 0x2b, 0x27, 0x2b, 0x6b, 0x55, 0x6b, 0x55,
    0xce, 0x9e, 0xce, 0x9e, 0x6b, 0x55, 0x6b, 0x55, 0x6b, 0x55, 0x6b, 0x55, 0x6b, 0x55, 0x6b, 0x55, 0x6b, 0x55, 0x6b, 0x55, 0x6b, 0x55, 0x6b, 0x55,
    0x6b, 0x55, 0x6b, 0x55, 0x6b, 0x55, 0x6b, 0x55, 0x6b, 0x55, 0x6b, 0x55, 0x6b, 0x55, 0x6b, 0x55, 0x6b, 0x55, 0x6b, 0x55, 0x6b, 0x55, 0x6b, 0x55,
    0x6b, 0x55, 0x6b, 0x55, 0xce, 0x9e, 0xce, 0x9e, 0xce, 0x9e, 0xce, 0x9e, 0xce, 0x9e, 0xce, 0x9e, 0xce, 0x9e, 0xce, 0x9e, 0x27, 0x2b, 0x27, 0x2b,
    0x03, 0x11, 0x03, 0x11, 0x03, 0x11, 0x03, 0x11, 0xce, 0x9e, 0xce, 0x9e, 0xce, 0x9e, 0xce, 0x9e, 0xce, 0x9e, 0xce, 0x9e, 0xce, 0x9e, 0xce, 0x9e,
    0xce, 0x9e, 0xce, 0x9e, 0x03, 0x11, 0x03, 0x11, 0x03, 0x11, 0x03, 0x11, 0x03, 0x11, 0x03, 0x11, 0x03, 0x11, 0x03, 0x11, 0x03, 0x11, 0x03, 0x11,
    0x03, 0x11, 0x03, 0x11, 0x03, 0x11, 0x03, 0x11, 0xce, 0x9e, 0xce, 0x9e, 0xce, 0x9e, 0xce, 0x9e, 0xce, 0x9e, 0xce, 0x9e, 0xce, 0x9e, 0xce, 0x9e,
    0xce, 0x9e, 0xce, 0x9e, 0x27, 0x2b, 0x27, 0x2b, 0x27, 0x2b, 0x27, 0x2b, 0x6b, 0x55, 0x6b, 0x55, 0x6b, 0x55, 0x6b, 0x55, 0x6b, 0x55, 0x6b, 0x55,
    0x6b, 0x55, 0x6b, 0x55, 0x6b, 0x55, 0x6b, 0x55, 0x6b, 0x55, 0x6b, 0x55, 0x6b, 0x55, 0x6b, 0x55, 0x6b, 0x55, 0x6b, 0x55, 0x6b, 0x55, 0x6b, 0x55,
    0x6b, 0x55, 0x6b, 0x55, 0x6b, 0x55, 0x6b, 0x55, 0x6b, 0x55, 0x6b, 0x55, 0x6b, 0x55, 0x6b, 0x55, 0x6b, 0x55, 0x6b, 0x55, 0x6b, 0x55, 0x6b, 0x55,
    0x6b, 0x55, 0x6b, 0x55, 0xce, 0x9e, 0xce, 0x9e, 0x6b, 0x55, 0x6b, 0x55, 0x6b, 0x55, 0x6b, 0x55, 0x6b, 0x55, 0x6b, 0x55, 0x6b, 0x55, 0x6b, 0x55,
    0xce, 0x9e, 0xce, 0x9e, 0xce, 0x9e, 0xce, 0x9e, 0xce, 0x9e, 0xce, 0x9e, 0xce, 0x9e, 0xce, 0x9e, 0xce, 0x9e, 0xce, 0x9e, 0x03, 0x11, 0x03, 0x11,
    0x03, 0x11, 0x03, 0x11, 0x03, 0x11, 0x03, 0x11, 0x03, 0x11, 0x03, 0x11, 0x03, 0x11, 0x03, 0x11, 0x03, 0x11, 0x03, 0x11, 0x03, 0x11, 0x03, 0x11,
    0xce, 0x9e, 0xce, 0x9e, 0xce, 0x9e, 0xce, 0x9e, 0xce, 0x9e, 0xce, 0x9e, 0xce, 0x9e, 0xce, 0x9e, 0xce, 0x9e, 0xce, 0x9e, 0x27, 0x2b, 0x27, 0x2b,
    0x27, 0x2b, 0x27, 0x2b, 0x6b, 0x55, 0x6b, 0x55, 0x6b, 0x55, 0x6b, 0x55, 0x6b, 0x55, 0x6b, 0x55, 0x6b, 0x55, 0x6b, 0x55, 0x6b, 0x55, 0x6b, 0x55,
    0x6b, 0x55, 0x6b, 0x55, 0x6b, 0x55, 0x6b, 0x55, 0x6b, 0x55, 0x6b, 0x55, 0x6b, 0x55, 0x6b, 0x55, 0x6b, 0x55, 0x6b, 0x55, 0x6b, 0x55, 0x6b, 0x55,
    0x6b, 0x55, 0x6b, 0x55, 0x6b, 0x55, 0x6b, 0x55, 0x6b, 0x55, 0x6b, 0x55, 0x6b, 0x55, 0x6b, 0x55, 0x6b, 0x55, 0x6b, 0x55, 0xce, 0x9e, 0xce, 0x9e,
    0x6b, 0x55, 0x6b, 0x55, 0x6b, 0x55, 0x6b, 0x55, 0x6b, 0x55, 0x6b, 0x55, 0x6b, 0x55, 0x6b, 0x55, 0xce, 0x9e, 0xce, 0x9e, 0xce, 0x9e, 0xce, 0x9e,
    0xce, 0x9e, 0xce, 0x9e, 0xce, 0x9e, 0xce, 0x9e, 0xce, 0x9e, 0xce, 0x9e, 0x03, 0x11, 0x03, 0x11, 0x03, 0x11, 0x03, 0x11, 0x03, 0x11, 0x03, 0x11,
    0x03, 0x11, 0x03, 0x11, 0x03, 0x11, 0x03, 0x11, 0x03, 0x11, 0x03, 0x11, 0x03, 0x11, 0x03, 0x11, 0xce, 0x9e, 0xce, 0x9e, 0xce, 0x9e, 0xce, 0x9e,
    0xce, 0x9e, 0xce, 0x9e, 0xce, 0x9e, 0xce, 0x9e, 0xce, 0x9e, 0xce, 0x9e, 0x6b, 0x55, 0x6b, 0x55, 0x6b, 0x55, 0x6b, 0x55, 0x6b, 0x55, 0x6b, 0x55,
    0x6b, 0x55, 0x6b, 0x55, 0x6b, 0x55, 0x6b, 0x55, 0x6b, 0x55, 0x6b, 0x55, 0x6b, 0x55, 0x6b, 0x55, 0x6b, 0x55, 0x6b, 0x55, 0x6b, 0x55, 0x6b, 0x55,
    0x6b, 0x55, 0x6b, 0x55, 0x6b, 0x55, 0x6b, 0x55, 0x6b, 0x55, 0x6b, 0x55, 0x6b, 0x55, 0x6b, 0x55, 0x6b, 0x55, 0x6b, 0x55, 0x6b, 0x55, 0x6b, 0x55,
    0x6b, 0x55, 0x6b, 0x55, 0x6b, 0x55, 0x6b, 0x55, 0x6b, 0x55, 0x6b, 0x55, 0x6b, 0x55, 0x6b, 0x55, 0x6b, 0x55, 0x6b, 0x55, 0x6b, 0x55, 0x6b, 0x55,
    0x6b, 0x55, 0x6b, 0x55, 0x6b, 0x55, 0x6b, 0x55, 0xce, 0x9e, 0xce, 0x9e, 0xce, 0x9e, 0xce, 0x9e, 0xce, 0x9e, 0xce, 0x9e, 0xce, 0x9e, 0xce, 0x9e,
    0xce, 0x9e, 0xce, 0x9e, 0x03, 0x11, 0x03, 0x11, 0x03, 0x11, 0x03, 0x11, 0x03, 0x11, 0x03, 0x11, 0x03, 0x11, 0x03, 0x11, 0x03, 0x11, 0x03, 0x11,
    0x03, 0x11, 0x03, 0x11, 0x03, 0x11, 0x03, 0x11, 0xce, 0x9e, 0xce, 0x9e, 0xce, 0x9e, 0xce, 0x9e, 0xce, 0x9e, 0xce, 0x9e, 0xce, 0x9e, 0xce, 0x9e,
    0xce, 0x9e, 0xce, 0x9e, 0x6b, 0x55, 0x6b, 0x55, 0x6b, 0x55, 0x6b, 0x55, 0x6b, 0x55, 0x6b, 0x55, 0x6b, 0x55, 0x6b, 0x55, 0x6b, 0x55, 0x6b, 0x55,
    0x6b, 0x55, 0x6b, 0x55, 0x6b, 0x55, 0x6b, 0x55, 0x6b, 0x55, 0x6b, 0x55, 0x6b, 0x55, 0x6b, 0x55, 0x6b, 0x55, 0x6b, 0x55, 0x6b, 0x55, 0x6b, 0x55,
    0x6b, 0x55, 0x6b, 0x55, 0x6b, 0x55, 0x6b, 0x55, 0x6b, 0x55, 0x6b, 0x55, 0x6b, 0x55, 0x6b, 0x55, 0x6b, 0x55, 0x6b, 0x55, 0x6b, 0x55, 0x6b, 0x55,
    0x6b, 0x55, 0x6b, 0x55, 0x6b, 0x55, 0x6b, 0x55, 0x6b, 0x55, 0x6b, 0x55, 0x6b, 0x55, 0x6b, 0x55, 0x6b, 0x55, 0x6b, 0x55, 0x6b, 0x55, 0x6b, 0x55,
    0xce, 0x9e, 0xce, 0x9e, 0xce, 0x9e, 0xce, 0x9e, 0xce, 0x9e, 0xce, 0x9e, 0xce, 0x9e, 0xce, 0x9e, 0xce, 0x9e, 0xce, 0x9e, 0x03, 0x11, 0x03, 0x11,
    0x03, 0x11, 0x03, 0x11, 0x03, 0x11, 0x03, 0x11, 0x03, 0x11, 0x03, 0x11, 0x03, 0x11, 0x03, 0x11, 0x03, 0x11, 0x03, 0x11, 0x03, 0x11, 0x03, 0x11,
    0xce, 0x9e, 0xce, 0x9e, 0xce, 0x9e, 0xce, 0x9e, 0xce, 0x9e, 0xce, 0x9e, 0xce, 0x9e, 0xce, 0x9e, 0xce, 0x9e, 0xce, 0x9e, 0x6b, 0x55, 0x6b, 0x55,
    0x6b, 0x55, 0x6b, 0x55, 0x6b, 0x55, 0x6b, 0x55, 0x6b, 0x55, 0x6b, 0x55, 0x6b, 0x55, 0x6b, 0x55, 0x6b, 0x55, 0x6b, 0x55, 0x6b, 0x55, 0x6b, 0x55,
    0x6b, 0x55, 0x6b, 0x55, 0x6b, 0x55, 0x6b, 0x55, 0x6b, 0x55, 0x6b, 0x55, 0x6b, 0x55, 0x6b, 0x55, 0x6b, 0x55, 0x6b, 0x55, 0x6b, 0x55, 0x6b, 0x55,
    0x6b, 0x55, 0x6b, 0x55, 0x6b, 0x55, 0x6b, 0x55, 0x6b, 0x55, 0x6b, 0x55, 0x6b, 0x55, 0x6b, 0x55, 0x6b, 0x55, 0x6b, 0x55, 0x6b, 0x55, 0x6b, 0x55,
    0x6b, 0x55, 0x6b, 0x55, 0x6b, 0x55, 0x6b, 0x55, 0x6b, 0x55, 0x6b, 0x55, 0x6b, 0x55, 0x6b, 0x55, 0xce, 0x9e, 0xce, 0x9e, 0xce, 0x9e, 0xce, 0x9e,
    0xce, 0x9e, 0xce, 0x9e, 0xce, 0x9e, 0xce, 0x9e, 0xce, 0x9e, 0xce, 0x9e, 0x03, 0x11, 0x03, 0x11, 0x03, 0x11, 0x03, 0x11, 0x03, 0x11, 0x03, 0x11,
    0x03, 0x11, 0x03, 0x11, 0x03, 0x11, 0x03, 0x11, 0x03, 0x11, 0x03, 0x11, 0x03, 0x11, 0x03, 0x11, 0xce, 0x9e, 0xce, 0x9e, 0xce, 0x9e, 0xce, 0x9e,
    0xce, 0x9e, 0xce, 0x9e, 0xce, 0x9e, 0xce, 0x9e, 0xce, 0x9e, 0xce, 0x9e, 0x6b, 0x55, 0x6b, 0x55, 0x6b, 0x55, 0x6b, 0x55, 0x6b, 0x55, 0x6b, 0x55,
    0x6b, 0x55, 0x6b, 0x55, 0x6b, 0x55, 0x6b, 0x55, 0x6b, 0x55, 0x6b, 0x55, 0x6b, 0x55, 0x6b, 0x55, 0x6b, 0x55, 0x6b, 0x55, 0x6b, 0x55, 0x6b, 0x55,
    0x6b, 0x55, 0x6b, 0x55, 0x6b, 0x55, 0x6b, 0x55, 0x6b, 0x55, 0x6b, 0x55, 0x6b, 0x55, 0x6b, 0x55, 0x6b, 0x55, 0x6b, 0x55, 0x6b, 0x55, 0x6b, 0x55,
    0x6b, 0x55, 0x6b, 0x55, 0x6b, 0x55, 0x6b, 0x55, 0x6b, 0x55, 0x6b, 0x55, 0x6b, 0x55, 0x6b, 0x55, 0x6b, 0x55, 0x6b, 0x55, 0x6b, 0x55, 0x6b, 0x55,
    0x6b, 0x55, 0x6b, 0x55, 0x6b, 0x55, 0x6b, 0x55, 0xce, 0x9e, 0xce, 0x9e, 0xce, 0x9e, 0xce, 0x9e, 0xce, 0x9e, 0xce, 0x9e, 0xce, 0x9e, 0xce, 0x9e,
    0xce, 0x9e, 0xce, 0x9e, 0x03, 0x11, 0x03, 0x11, 0x03, 0x11, 0x03, 0x11, 0x03, 0x11, 0x03, 0x11, 0x03, 0x11, 0x03, 0x11, 0x03, 0x11, 0x03, 0x11,
    0x03, 0x11, 0x03, 0x11, 0x03, 0x11, 0x03, 0x11, 0xce, 0x9e, 0xce, 0x9e, 0xce, 0x9e, 0xce, 0x9e, 0xce, 0x9e, 0xce, 0x9e, 0xce, 0x9e, 0xce, 0x9e,
    0xce, 0x9e, 0xce, 0x9e, 0x6b, 0x55, 0x6b, 0x55, 0x6b, 0x55, 0x6b, 0x55, 0x6b, 0x55, 0x6b, 0x55, 0x6b, 0x55, 0x6b, 0x55, 0x6b, 0x55, 0x6b, 0x55,
    0x6b, 0x55, 0x6b, 0x55, 0xc2, 0x10, 0xc2, 0x10, 0xc2, 0x10, 0xc2, 0x10, 0xc2, 0x10, 0xc2, 0x10, 0x6b, 0x55, 0x6b, 0x55, 0x6b, 0x55, 0x6b, 0x55,
    0x6b, 0x55, 0x6b, 0x55, 0x6b, 0x55, 0x6b, 0x55, 0x6b, 0x55, 0x6b, 0x55, 0x6b, 0x55, 0x6b, 0x55, 0xc2, 0x10, 0xc2, 0x10, 0xc2, 0x10, 0xc2, 0x10,
    0xc2, 0x10, 0xc2, 0x10, 0x6b, 0x55, 0x6b, 0x55, 0x6b, 0x55, 0x6b, 0x55, 0x6b, 0x55, 0x6b, 0x55, 0x6b, 0x55, 0x6b, 0x55, 0x6b, 0x55, 0x6b, 0x55,
    0x6b, 0x55, 0x6b, 0x55, 0x6b, 0x55, 0x6b, 0x55, 0x03, 0x11, 0x03, 0x11, 0x03, 0x11, 0x03, 0x11, 0x03, 0x11, 0x03, 0x11, 0x03, 0x11, 0x03, 0x11,
    0x03, 0x11, 0x03, 0x11, 0x03, 0x11, 0x03, 0x11, 0x03, 0x11, 0x03, 0x11, 0x03, 0x11, 0x03, 0x11, 0x03, 0x11, 0x03, 0x11, 0x03, 0x11, 0x03, 0x11,
    0xce, 0x9e, 0xce, 0x9e, 0xce, 0x9e, 0xce, 0x9e, 0xce, 0x9e, 0xce, 0x9e, 0xce, 0x9e, 0xce, 0x9e, 0xce, 0x9e, 0xce, 0x9e, 0x6b, 0x55, 0x6b, 0x55,
    0x6b, 0x55, 0x6b, 0x55, 0x6b, 0x55, 0x6b, 0x55, 0x6b, 0x55, 0x6b, 0x55, 0x6b, 0x55, 0x6b, 0x55, 0x6b, 0x55, 0x6b, 0x55, 0xc2, 0x10, 0xc2, 0x10,
    0xc2, 0x10, 0xc2, 0x10, 0xc2, 0x10, 0xc2, 0x10, 0x6b, 0x55, 0x6b, 0x55, 0x6b, 0x55, 0x6b, 0x55, 0x6b, 0x55, 0x6b, 0x55, 0x6b, 0x55, 0x6b, 0x55,
    0x6b, 0x55, 0x6b, 0x55, 0x6b, 0x55, 0x6b, 0x55, 0xc2, 0x10, 0xc2, 0x10, 0xc2, 0x10, 0xc2, 0x10, 0xc2, 0x10, 0xc2, 0x10, 0x6b, 0x55, 0x6b, 0x55,
    0x6b, 0x55, 0x6b, 0x55, 0x6b, 0x55, 0x6b, 0x55, 0x6b, 0x55, 0x6b, 0x55, 0x6b, 0x55, 0x6b, 0x55, 0x6b, 0x55, 0x6b, 0x55, 0x6b, 0x55, 0x6b, 0x55,
    0x03, 0x11, 0x03, 0x11, 0x03, 0x11, 0x03, 0x11, 0x03, 0x11, 0x03, 0x11, 0x03, 0x11, 0x03, 0x11, 0x03, 0x11, 0x03, 0x11, 0x03, 0x11, 0x03, 0x11,
    0x03, 0x11, 0x03, 0x11, 0x03, 0x11, 0x03, 0x11, 0x03, 0x11, 0x03, 0x11, 0x03, 0x11, 0x03, 0x11, 0x03, 0x11, 0x03, 0x11, 0x03, 0x11, 0x03, 0x11,
    0x6b, 0x55, 0x6b, 0x55, 0x6b, 0x55, 0x6b, 0x55, 0x6b, 0x55, 0x6b, 0x55, 0x6b, 0x55, 0x6b, 0x55, 0x6b, 0x55, 0x6b, 0x55, 0x6b, 0x55, 0x6b, 0x55,
    0x6b, 0x55, 0x6b, 0x55, 0x6b, 0x55, 0x6b, 0x55, 0x6b, 0x55, 0x6b, 0x55, 0xc2, 0x10, 0xc2, 0x10, 0xc2, 0x10, 0xc2, 0x10, 0xc2, 0x10, 0xc2, 0x10,
    0x6b, 0x55, 0x6b, 0x55, 0x6b, 0x55, 0x6b, 0x55, 0x6b, 0x55, 0x6b, 0x55, 0x6b, 0x55, 0x6b, 0x55, 0x6b, 0x55, 0x6b, 0x55, 0x6b, 0x55, 0x6b, 0x55,
    0xc2, 0x10, 0xc2, 0x10, 0xc2, 0x10, 0xc2, 0x10, 0xc2, 0x10, 0xc2, 0x10, 0x6b, 0x55, 0x6b, 0x55, 0x6b, 0x55, 0x6b, 0x55, 0x6b, 0x55, 0x6b, 0x55,
    0x6b, 0x55, 0x6b, 0x55, 0x6b, 0x55, 0x6b, 0x55, 0x6b, 0x55, 0x6b, 0x55, 0x6b, 0x55, 0x6b, 0x55, 0x03, 0x11, 0x03, 0x11, 0x03, 0x11, 0x03, 0x11,
    0x03, 0x11, 0x03, 0x11, 0x03, 0x11, 0x03, 0x11, 0x03, 0x11, 0x03, 0x11, 0x03, 0x11, 0x03, 0x11, 0x03, 0x11, 0x03, 0x11, 0x03, 0x11, 0x03, 0x11,
    0x03, 0x11, 0x03, 0x11, 0x03, 0x11, 0x03, 0x11, 0x03, 0x11, 0x03, 0x11, 0x03, 0x11, 0x03, 0x11, 0x6b, 0x55, 0x6b, 0x55, 0x6b, 0x55, 0x6b, 0x55,
    0x6b, 0x55, 0x6b, 0x55, 0x6b, 0x55, 0x6b, 0x55, 0x6b, 0x55, 0x6b, 0x55, 0x6b, 0x55, 0x6b, 0x55, 0x6b, 0x55, 0x6b, 0x55, 0x6b, 0x55, 0x6b, 0x55,
    0x6b, 0x55, 0x6b, 0x55, 0xc2, 0x10, 0xc2, 0x10, 0xc2, 0x10, 0xc2, 0x10, 0xc2, 0x10, 0xc2, 0x10, 0x6b, 0x55, 0x6b, 0x55, 0x6b, 0x55, 0x6b, 0x55,
    0x6b, 0x55, 0x6b, 0x55, 0x6b, 0x55, 0x6b, 0x55, 0x6b, 0x55, 0x6b, 0x55, 0x6b, 0x55, 0x6b, 0x55, 0xc2, 0x10, 0xc2, 0x10, 0xc2, 0x10, 0xc2, 0x10,
    0xc2, 0x10, 0xc2, 0x10, 0x6b, 0x55, 0x6b, 0x55, 0x6b, 0x55, 0x6b, 0x55, 0x6b, 0x55, 0x6b, 0x55, 0x6b, 0x55, 0x6b, 0x55, 0x6b, 0x55, 0x6b, 0x55,
    0x6b, 0x55, 0x6b, 0x55, 0x6b, 0x55, 0x6b, 0x55, 0x03, 0x11, 0x03, 0x11, 0x03, 0x11, 0x03, 0x11, 0x03, 0x11, 0x03, 0x11, 0x03, 0x11, 0x03, 0x11,
    0x03, 0x11, 0x03, 0x11, 0x03, 0x11, 0x03, 0x11, 0x03, 0x11, 0x03, 0x11, 0x03, 0x11, 0x03, 0x11, 0x03, 0x11, 0x03, 0x11, 0x03, 0x11, 0x03, 0x11,
    0x03, 0x11, 0x03, 0x11, 0x03, 0x11, 0x03, 0x11, 0x6b, 0x55, 0x6b, 0x55, 0x6b, 0x55, 0x6b, 0x55, 0x6b, 0x55, 0x6b, 0x55, 0x6b, 0x55, 0x6b, 0x55,
    0x6b, 0x55, 0x6b, 0x55, 0x6b, 0x55, 0x6b, 0x55, 0x6b, 0x55, 0x6b, 0x55, 0x6b, 0x55, 0x6b, 0x55, 0x6b, 0x55, 0x6b, 0x55, 0xc2, 0x10, 0xc2, 0x10,
    0xc2, 0x10, 0xc2, 0x10, 0xc2, 0x10, 0xc2, 0x10, 0x6b, 0x55, 0x6b, 0x55, 0x6b, 0x55, 0x6b, 0x55, 0x6b, 0x55, 0x6b, 0x55, 0x6b, 0x55, 0x6b, 0x55,
    0x6b, 0x55, 0x6b, 0x55, 0x6b, 0x55, 0x6b, 0x55, 0xc2, 0x10, 0xc2, 0x10, 0xc2, 0x10, 0xc2, 0x10, 0xc2, 0x10, 0xc2, 0x10, 0x6b, 0x55, 0x6b, 0x55,
    0x6b, 0x55, 0x6b, 0x55, 0x6b, 0x55, 0x6b, 0x55, 0x6b, 0x55, 0x6b, 0x55, 0x6b, 0x55, 0x6b, 0x55, 0x6b, 0x55, 0x6b, 0x55, 0x6b, 0x55, 0x6b, 0x55,
    0x03, 0x11, 0x03, 0x11, 0x03, 0x11, 0x03, 0x11, 0x03, 0x11, 0x03, 0x11, 0x03, 0x11, 0x03, 0x11, 0x03, 0x11, 0x03, 0x11, 0x03, 0x11, 0x03, 0x11,
    0x03, 0x11, 0x03, 0x11, 0x03, 0x11, 0x03, 0x11, 0x03, 0x11, 0x03, 0x11, 0x03, 0x11, 0x03, 0x11, 0x03, 0x11, 0x03, 0x11, 0x03, 0x11, 0x03, 0x11,
    0x6b, 0x55, 0x6b, 0x55, 0x6b, 0x55, 0x6b, 0x55, 0x6b, 0x55, 0x6b, 0x55, 0x6b, 0x55, 0x6b, 0x55, 0x6b, 0x55, 0x6b, 0x55, 0x6b, 0x55, 0x6b, 0x55,
    0x6b, 0x55, 0x6b, 0x55, 0x6b, 0x55, 0x6b, 0x55, 0x6b, 0x55, 0x6b, 0x55, 0xc2, 0x10, 0xc2, 0x10, 0xc2, 0x10, 0xc2, 0x10, 0xc2, 0x10, 0xc2, 0x10,
    0x6b, 0x55, 0x6b, 0x55, 0x6b, 0x55, 0x6b, 0x55, 0x6b, 0x55, 0x6b, 0x55, 0x6b, 0x55, 0x6b, 0x55, 0x6b, 0x55, 0x6b, 0x55, 0x6b, 0x55, 0x6b, 0x55,
    0xc2, 0x10, 0xc2, 0x10, 0xc2, 0x10, 0xc2, 0x10, 0xc2, 0x10, 0xc2, 0x10, 0x6b, 0x55, 0x6b, 0x55, 0x6b, 0x55, 0x6b, 0x55, 0x6b, 0x55, 0x6b, 0x55,
    0x6b, 0x55, 0x6b, 0x55, 0x6b, 0x55, 0x6b, 0x55, 0x6b, 0x55, 0x6b, 0x55, 0x6b, 0x55, 0x6b, 0x55, 0x03, 0x11, 0x03, 0x11, 0x03, 0x11, 0x03, 0x11,
    0x03, 0x11, 0x03, 0x11, 0x03, 0x11, 0x03, 0x11, 0x03, 0x11, 0x03, 0x11, 0x03, 0x11, 0x03, 0x11, 0x03, 0x11, 0x03, 0x11, 0x03, 0x11, 0x03, 0x11,
    0x03, 0x11, 0x03, 0x11, 0x03, 0x11, 0x03, 0x11, 0x03, 0x11, 0x03, 0x11, 0x03, 0x11, 0x03, 0x11, 0x6b, 0x55, 0x6b, 0x55, 0x6b, 0x55, 0x6b, 0x55,
    0x6b, 0x55, 0x6b, 0x55, 0x6b, 0x55, 0x6b, 0x55, 0x6b, 0x55, 0x6b, 0x55, 0x6b, 0x55, 0x6b, 0x55, 0x6b, 0x55, 0x6b, 0x55, 0x6b, 0x55, 0x6b, 0x55,
    0x6b, 0x55, 0x6b, 0x55, 0x6b, 0x55, 0x6b, 0x55, 0x6b, 0x55, 0x6b, 0x55, 0x6b, 0x55, 0x6b, 0x55, 0x6b, 0x55, 0x6b, 0x55, 0x6b, 0x55, 0x6b, 0x55,
    0x6b, 0x55, 0x6b, 0x55, 0x6b, 0x55, 0x6b, 0x55, 0x6b, 0x55, 0x6b, 0x55, 0x6b, 0x55, 0x6b, 0x55, 0x6b, 0x55, 0x6b, 0x55, 0x6b, 0x55, 0x6b, 0x55,
    0x6b, 0x55, 0x6b, 0x55, 0x6b, 0x55, 0x6b, 0x55, 0x6b, 0x55, 0x6b, 0x55, 0x6b, 0x55, 0x6b, 0x55, 0x6b, 0x55, 0x6b, 0x55, 0x6b, 0x55, 0x6b, 0x55,
    0x6b, 0x55, 0x6b, 0x55, 0x6b, 0x55, 0x6b, 0x55, 0x03, 0x11, 0x03, 0x11, 0x03, 0x11, 0x03, 0x11, 0x03, 0x11, 0x03, 0x11, 0x03, 0x11, 0x03, 0x11,
    0x03, 0x11, 0x03, 0x11, 0x03, 0x11, 0x03, 0x11, 0x03, 0x11, 0x03, 0x11, 0x03, 0x11, 0x03, 0x11, 0x03, 0x11, 0x03, 0x11, 0x03, 0x11, 0x03, 0x11,
    0x03, 0x11, 0x03, 0x11, 0x03, 0x11, 0x03, 0x11, 0x6b, 0x55, 0x6b, 0x55, 0x6b, 0x55, 0x6b, 0x55, 0x6b, 0x55, 0x6b, 0x55, 0x6b, 0x55, 0x6b, 0x55,
    0x6b, 0x55, 0x6b, 0x55, 0x6b, 0x55, 0x6b, 0x55, 0x6b, 0x55, 0x6b, 0x55, 0x6b, 0x55, 0x6b, 0x55, 0x6b, 0x55, 0x6b, 0x55, 0x6b, 0x55, 0x6b, 0x55,
    0x6b, 0x55, 0x6b, 0x55, 0x6b, 0x55, 0x6b, 0x55, 0x6b, 0x55, 0x6b, 0x55, 0x6b, 0x55, 0x6b, 0x55, 0x6b, 0x55, 0x6b, 0x55, 0x6b, 0x55, 0x6b, 0x55,
    0x6b, 0x55, 0x6b, 0x55, 0x6b, 0x55, 0x6b, 0x55, 0x6b, 0x55, 0x6b, 0x55, 0x6b, 0x55, 0x6b, 0x55, 0x6b, 0x55, 0x6b, 0x55, 0x6b, 0x55, 0x6b, 0x55,
    0x6b, 0x55, 0x6b, 0x55, 0x6b, 0x55, 0x6b, 0x55, 0x6b, 0x55, 0x6b, 0x55, 0x6b, 0x55, 0x6b, 0x55, 0x6b, 0x55, 0x6b, 0x55, 0x6b, 0x55, 0x6b, 0x55,
    0x03, 0x11, 0x03, 0x11, 0x03, 0x11, 0x03, 0x11, 0x03, 0x11, 0x03, 0x11, 0x03, 0x11, 0x03, 0x11, 0x03, 0x11, 0x03, 0x11, 0x03, 0x11, 0x03, 0x11,
    0x03, 0x11, 0x03, 0x11, 0x03, 0x11, 0x03, 0x11, 0x03, 0x11, 0x03, 0x11, 0x03, 0x11, 0x03, 0x11, 0x03, 0x11, 0x03, 0x11, 0x03, 0x11, 0x03, 0x11,
    0x6b, 0x55, 0x6b, 0x55, 0x6b, 0x55, 0x6b, 0x55, 0x6b, 0x55, 0x6b, 0x55, 0x6b, 0x55, 0x6b, 0x55, 0x6b, 0x55, 0x6b, 0x55, 0x6b, 0x55, 0x6b, 0x55,
    0x6b, 0x55, 0x6b, 0x55, 0x6b, 0x55, 0x6b, 0x55, 0x6b, 0x55, 0x6b, 0x55, 0x6b, 0x55, 0x6b, 0x55, 0x6b, 0x55, 0x6b, 0x55, 0xce, 0x9e, 0xce, 0x9e,
    0xce, 0x9e, 0xce, 0x9e, 0xce, 0x9e, 0xce, 0x9e, 0xce, 0x9e, 0xce, 0x9e, 0xce, 0x9e, 0xce, 0x9e, 0xce, 0x9e, 0xce, 0x9e, 0xce, 0x9e, 0xce, 0x9e,
    0xce, 0x9e, 0xce, 0x9e, 0xce, 0x9e, 0xce, 0x9e, 0xce, 0x9e, 0xce, 0x9e, 0xce, 0x9e, 0xce, 0x9e, 0x6b, 0x55, 0x6b, 0x55, 0x6b, 0x55, 0x6b, 0x55,
    0x6b, 0x55, 0x6b, 0x55, 0x6b, 0x55, 0x6b, 0x55, 0x6b, 0x55, 0x6b, 0x55, 0x6b, 0x55, 0x6b, 0x55, 0x03, 0x11, 0x03, 0x11, 0x03, 0x11, 0x03, 0x11,
    0x03, 0x11, 0x03, 0x11, 0x03, 0x11, 0x03, 0x11, 0x03, 0x11, 0x03, 0x11, 0x03, 0x11, 0x03, 0x11, 0x03, 0x11, 0x03, 0x11, 0x03, 0x11, 0x03, 0x11,
    0x03, 0x11, 0x03, 0x11, 0x03, 0x11, 0x03, 0x11, 0x03, 0x11, 0x03, 0x11, 0x03, 0x11, 0x03, 0x11, 0x6b, 0x55, 0x6b, 0x55, 0x6b, 0x55, 0x6b, 0x55,
    0x6b, 0x55, 0x6b, 0x55, 0x6b, 0x55, 0x6b, 0x55, 0x6b, 0x55, 0x6b, 0x55, 0x6b, 0x55, 0x6b, 0x55, 0x6b, 0x55, 0x6b, 0x55, 0x6b, 0x55, 0x6b, 0x55,
    0x6b, 0x55, 0x6b, 0x55, 0x6b, 0x55, 0x6b, 0x55, 0x6b, 0x55, 0x6b, 0x55, 0xce, 0x9e, 0xce, 0x9e, 0xce, 0x9e, 0xce, 0x9e, 0xce, 0x9e, 0xce, 0x9e,
    0xce, 0x9e, 0xce, 0x9e, 0xce, 0x9e, 0xce, 0x9e, 0xce, 0x9e, 0xce, 0x9e, 0xce, 0x9e, 0xce, 0x9e, 0xce, 0x9e, 0xce, 0x9e, 0xce, 0x9e, 0xce, 0x9e,
    0xce, 0x9e, 0xce, 0x9e, 0xce, 0x9e, 0xce, 0x9e, 0x6b, 0x55, 0x6b, 0x55, 0x6b, 0x55, 0x6b, 0x55, 0x6b, 0x55, 0x6b, 0x55, 0x6b, 0x55, 0x6b, 0x55,
    0x6b, 0x55, 0x6b, 0x55, 0x6b, 0x55, 0x6b, 0x55, 0x03, 0x11, 0x03, 0x11, 0x03, 0x11, 0x03, 0x11, 0x03, 0x11, 0x03, 0x11, 0x03, 0x11, 0x03, 0x11,
    0x03, 0x11, 0x03, 0x11, 0x03, 0x11, 0x03, 0x11, 0x03, 0x11, 0x03, 0x11, 0x03, 0x11, 0x03, 0x11, 0x03, 0x11, 0x03, 0x11, 0x03, 0x11, 0x03, 0x11,
    0x03, 0x11, 0x03, 0x11, 0x03, 0x11, 0x03, 0x11, 0x6b, 0x55, 0x6b, 0x55, 0x6b, 0x55, 0x6b, 0x55, 0x6b, 0x55, 0x6b, 0x55, 0x6b, 0x55, 0x6b, 0x55,
    0x6b, 0x55, 0x6b, 0x55, 0x6b, 0x55, 0x6b, 0x55, 0x6b, 0x55, 0x6b, 0x55, 0x6b, 0x55, 0x6b, 0x55, 0x6b, 0x55, 0x6b, 0x55, 0x6b, 0x55, 0x6b, 0x55,
    0x6b, 0x55, 0x6b, 0x55, 0xce, 0x9e, 0xce, 0x9e, 0xce, 0x9e, 0xce, 0x9e, 0xce, 0x9e, 0xce, 0x9e, 0xce, 0x9e, 0xce, 0x9e, 0xce, 0x9e, 0xce, 0x9e,
    0xce, 0x9e, 0xce, 0x9e, 0xce, 0x9e, 0xce, 0x9e, 0xce, 0x9e, 0xce, 0x9e, 0xce, 0x9e, 0xce, 0x9e, 0xce, 0x9e, 0xce, 0x9e, 0xce, 0x9e, 0xce, 0x9e,
    0x6b, 0x55, 0x6b, 0x55, 0x6b, 0x55, 0x6b, 0x55, 0x6b, 0x55, 0x6b, 0x55, 0x6b, 0x55, 0x6b, 0x55, 0x6b, 0x55, 0x6b, 0x55, 0x6b, 0x55, 0x6b, 0x55,
    0x03, 0x11, 0x03, 0x11, 0x03, 0x11, 0x03, 0x11, 0x03, 0x11, 0x03, 0x11, 0x03, 0x11, 0x03, 0x11, 0x03, 0x11, 0x03, 0x11, 0x03, 0x11, 0x03, 0x11,
    0x03, 0x11, 0x03, 0x11, 0x03, 0x11, 0x03, 0x11, 0x03, 0x11, 0x03, 0x11, 0x03, 0x11, 0x03, 0x11, 0x03, 0x11, 0x03, 0x11, 0x03, 0x11, 0x03, 0x11,
    0x6b, 0x55, 0x6b, 0x55, 0x6b, 0x55, 0x6b, 0x55, 0x6b, 0x55, 0x6b, 0x55, 0x6b, 0x55, 0x6b, 0x55, 0x6b, 0x55, 0x6b, 0x55, 0x6b, 0x55, 0x6b, 0x55,
    0x6b, 0x55, 0x6b, 0x55, 0x6b, 0x55, 0x6b, 0x55, 0x6b, 0x55, 0x6b, 0x55, 0x6b, 0x55, 0x6b, 0x55, 0x6b, 0x55, 0x6b, 0x55, 0xce, 0x9e, 0xce, 0x9e,
    0xce, 0x9e, 0xce, 0x9e, 0xce, 0x9e, 0xce, 0x9e, 0xce, 0x9e, 0xce, 0x9e, 0xce, 0x9e, 0xce, 0x9e, 0xce, 0x9e, 0xce, 0x9e, 0xce, 0x9e, 0xce, 0x9e,
    0xce, 0x9e, 0xce, 0x9e, 0xce, 0x9e, 0xce, 0x9e, 0xce, 0x9e, 0xce, 0x9e, 0xce, 0x9e, 0xce, 0x9e, 0x6b, 0x55, 0x6b, 0x55, 0x6b, 0x55, 0x6b, 0x55,
    0x6b, 0x55, 0x6b, 0x55, 0x6b, 0x55, 0x6b, 0x55, 0x6b, 0x55, 0x6b, 0x55, 0x6b, 0x55, 0x6b, 0x55, 0x03, 0x11, 0x03, 0x11, 0x03, 0x11, 0x03, 0x11,
    0x03, 0x11, 0x03, 0x11, 0x03, 0x11, 0x03, 0x11, 0x03, 0x11, 0x03, 0x11, 0x03, 0x11, 0x03, 0x11, 0x03, 0x11, 0x03, 0x11, 0x03, 0x11, 0x03, 0x11,
    0x03, 0x11, 0x03, 0x11, 0x03, 0x11, 0x03, 0x11, 0x03, 0x11, 0x03, 0x11, 0x03, 0x11, 0x03, 0x11, 0x6b, 0x55, 0x6b, 0x55, 0x6b, 0x55, 0x6b, 0x55,
    0x6b, 0x55, 0x6b, 0x55, 0x6b, 0x55, 0x6b, 0x55, 0x6b, 0x55, 0x6b, 0x55, 0x6b, 0x55, 0x6b, 0x55, 0x6b, 0x55, 0x6b, 0x55, 0x6b, 0x55, 0x6b, 0x55,
    0x6b, 0x55, 0x6b, 0x55, 0x6b, 0x55, 0x6b, 0x55, 0x6b, 0x55, 0x6b, 0x55, 0xce, 0x9e, 0xce, 0x9e, 0xce, 0x9e, 0xce, 0x9e, 0xce, 0x9e, 0xce, 0x9e,
    0xce, 0x9e, 0xce, 0x9e, 0xce, 0x9e, 0xce, 0x9e, 0xce, 0x9e, 0xce, 0x9e, 0xce, 0x9e, 0xce, 0x9e, 0xce, 0x9e, 0xce, 0x9e, 0xce, 0x9e, 0xce, 0x9e,
    0xce, 0x9e, 0xce, 0x9e, 0xce, 0x9e, 0xce, 0x9e, 0x6b, 0x55, 0x6b, 0x55, 0x6b, 0x55, 0x6b, 0x55, 0x6b, 0x55, 0x6b, 0x55, 0x6b, 0x55, 0x6b, 0x55,
    0x6b, 0x55, 0x6b, 0x55, 0x6b, 0x55, 0x6b, 0x55, 0x03, 0x11, 0x03, 0x11, 0x03, 0x11, 0x03, 0x11, 0x03, 0x11, 0x03, 0x11, 0x03, 0x11, 0x03, 0x11,
    0x03, 0x11, 0x03, 0x11, 0x03, 0x11, 0x03, 0x11, 0x03, 0x11, 0x03, 0x11, 0x03, 0x11, 0x03, 0x11, 0x03, 0x11, 0x03, 0x11, 0x03, 0x11, 0x03, 0x11,
    0x03, 0x11, 0x03, 0x11, 0x03, 0x11, 0x03, 0x11, 0x6b, 0x55, 0x6b, 0x55, 0x6b, 0x55, 0x6b, 0x55, 0x6b, 0x55, 0x6b, 0x55, 0x6b, 0x55, 0x6b, 0x55,
    0x6b, 0x55, 0x6b, 0x55, 0x6b, 0x55, 0x6b, 0x55, 0x6b, 0x55, 0x6b, 0x55, 0x6b, 0x55, 0x6b, 0x55, 0x6b, 0x55, 0x6b, 0x55, 0x6b, 0x55, 0x6b, 0x55,
    0x6b, 0x55, 0x6b, 0x55, 0xce, 0x9e, 0xce, 0x9e, 0xce, 0x9e, 0xce, 0x9e, 0xce, 0x9e, 0xce, 0x9e, 0xce, 0x9e, 0xce, 0x9e, 0xce, 0x9e, 0xce, 0x9e,
    0xce, 0x9e, 0xce, 0x9e, 0xce, 0x9e, 0xce, 0x9e, 0xce, 0x9e, 0xce, 0x9e, 0xce, 0x9e, 0xce, 0x9e, 0xce, 0x9e, 0xce, 0x9e, 0xce, 0x9e, 0xce, 0x9e,
    0x6b, 0x55, 0x6b, 0x55, 0x6b, 0x55, 0x6b, 0x55, 0x6b, 0x55, 0x6b, 0x55, 0x6b, 0x55, 0x6b, 0x55, 0x6b, 0x55, 0x6b, 0x55, 0x6b, 0x55, 0x6b, 0x55,
    0x03, 0x11, 0x03, 0x11, 0x03, 0x11, 0x03, 0x11, 0x03, 0x11, 0x03, 0x11, 0x03, 0x11, 0x03, 0x11, 0x03, 0x11, 0x03, 0x11, 0x03, 0x11, 0x03, 0x11,
    0x03, 0x11, 0x03, 0x11, 0x03, 0x11, 0x03, 0x11, 0x03, 0x11, 0x03, 0x11, 0x03, 0x11, 0x03, 0x11, 0x03, 0x11, 0x03, 0x11, 0x03, 0x11, 0x03, 0x11,
    0x6b, 0x55, 0x6b, 0x55, 0x6b, 0x55, 0x6b, 0x55, 0x6b, 0x55, 0x6b, 0x55, 0x6b, 0x55, 0x6b, 0x55, 0x6b, 0x55, 0x6b, 0x55, 0x6b, 0x55, 0x6b, 0x55,
    0x6b, 0x55, 0x6b, 0x55, 0x6b, 0x55, 0x6b, 0x55, 0x6b, 0x55, 0x6b, 0x55, 0x6b, 0x55, 0x6b, 0x55, 0x6b, 0x55, 0x6b, 0x55, 0xce, 0x9e, 0xce, 0x9e,
    0xce, 0x9e, 0xce, 0x9e, 0xee, 0xeb, 0xee, 0xeb, 0xee, 0xeb, 0xee, 0xeb, 0xee, 0xeb, 0xee, 0xeb, 0xee, 0xeb, 0xee, 0xeb, 0xee, 0xeb, 0xee, 0xeb,
    0xee, 0xeb, 0xee, 0xeb, 0xee, 0xeb, 0xee, 0xeb, 0xee, 0xeb, 0xee, 0xeb, 0xee, 0xeb, 0xee, 0xeb, 0x6b, 0x55, 0x6b, 0x55, 0x6b, 0x55, 0x6b, 0x55,
    0x6b, 0x55, 0x6b, 0x55, 0x6b, 0x55, 0x6b, 0x55, 0x6b, 0x55, 0x6b, 0x55, 0x6b, 0x55, 0x6b, 0x55, 0x03, 0x11, 0x03, 0x11, 0x03, 0x11, 0x03, 0x11,
    0x03, 0x11, 0x03, 0x11, 0x03, 0x11, 0x03, 0x11, 0x03, 0x11, 0x03, 0x11, 0x03, 0x11, 0x03, 0x11, 0x03, 0x11, 0x03, 0x11, 0x03, 0x11, 0x03, 0x11,
    0x03, 0x11, 0x03, 0x11, 0x03, 0x11, 0x03, 0x11, 0x03, 0x11, 0x03, 0x11, 0x03, 0x11, 0x03, 0x11, 0x6b, 0x55, 0x6b, 0x55, 0x6b, 0x55, 0x6b, 0x55,
    0x6b, 0x55, 0x6b, 0x55, 0x6b, 0x55, 0x6b, 0x55, 0x6b, 0x55, 0x6b, 0x55, 0x6b, 0x55, 0x6b, 0x55, 0x6b, 0x55, 0x6b, 0x55, 0x6b, 0x55, 0x6b, 0x55,
    0x6b, 0x55, 0x6b, 0x55, 0x6b, 0x55, 0x6b, 0x55, 0x6b, 0x55, 0x6b, 0x55, 0xce, 0x9e, 0xce, 0x9e, 0xce, 0x9e, 0xce, 0x9e, 0xee, 0xeb, 0xee, 0xeb,
    0xee, 0xeb, 0xee, 0xeb, 0xee, 0xeb, 0xee, 0xeb, 0xee, 0xeb, 0xee, 0xeb, 0xee, 0xeb, 0xee, 0xeb, 0xee, 0xeb, 0xee, 0xeb, 0xee, 0xeb, 0xee, 0xeb,
    0xee, 0xeb, 0xee, 0xeb, 0xee, 0xeb, 0xee, 0xeb, 0x6b, 0x55, 0x6b, 0x55, 0x6b, 0x55, 0x6b, 0x55, 0x6b, 0x55, 0x6b, 0x55, 0x6b, 0x55, 0x6b, 0x55,
    0x6b, 0x55, 0x6b, 0x55, 0x6b, 0x55, 0x6b, 0x55, 0x03, 0x11, 0x03, 0x11, 0x03, 0x11, 0x03, 0x11, 0x03, 0x11, 0x03, 0x11, 0x03, 0x11, 0x03, 0x11,
    0x03, 0x11, 0x03, 0x11, 0x03, 0x11, 0x03, 0x11, 0x03, 0x11, 0x03, 0x11, 0x03, 0x11, 0x03, 0x11, 0x03, 0x11, 0x03, 0x11, 0x03, 0x11, 0x03, 0x11,
    0x03, 0x11, 0x03, 0x11, 0x03, 0x11, 0x03, 0x11, 0x6b, 0x55, 0x6b, 0x55, 0x6b, 0x55, 0x6b, 0x55, 0x6b, 0x55, 0x6b, 0x55, 0x6b, 0x55, 0x6b, 0x55,
    0x6b, 0x55, 0x6b, 0x55, 0x6b, 0x55, 0x6b, 0x55, 0x6b, 0x55, 0x6b, 0x55, 0x6b, 0x55, 0x6b, 0x55, 0x6b, 0x55, 0x6b, 0x55, 0x6b, 0x55, 0x6b, 0x55,
    0x6b, 0x55, 0x6b, 0x55, 0xce, 0x9e, 0xce, 0x9e, 0xce, 0x9e, 0xce, 0x9e, 0xee, 0xeb, 0xee, 0xeb, 0xee, 0xeb, 0xee, 0xeb, 0xee, 0xeb, 0xee, 0xeb,
    0xee, 0xeb, 0xee, 0xeb, 0xee, 0xeb, 0xee, 0xeb, 0xee, 0xeb, 0xee, 0xeb, 0xee, 0xeb, 0xee, 0xeb, 0xee, 0xeb, 0xee, 0xeb, 0xee, 0xeb, 0xee, 0xeb,
    0x6b, 0x55, 0x6b, 0x55, 0x6b, 0x55, 0x6b, 0x55, 0x6b, 0x55, 0x6b, 0x55, 0x6b, 0x55, 0x6b, 0x55, 0x6b, 0x55, 0x6b, 0x55, 0x6b, 0x55, 0x6b, 0x55,
    0x03, 0x11, 0x03, 0x11, 0x03, 0x11, 0x03, 0x11, 0x03, 0x11, 0x03, 0x11, 0x03, 0x11, 0x03, 0x11, 0x03, 0x11, 0x03, 0x11, 0x03, 0x11, 0x03, 0x11,
    0x03, 0x11, 0x03, 0x11, 0x03, 0x11, 0x03, 0x11, 0x03, 0x11, 0x03, 0x11, 0x03, 0x11, 0x03, 0x11, 0x03, 0x11, 0x03, 0x11, 0x03, 0x11, 0x03, 0x11,
    0x6b, 0x55, 0x6b, 0x55, 0x6b, 0x55, 0x6b, 0x55, 0x6b, 0x55, 0x6b, 0x55, 0x6b, 0x55, 0x6b, 0x55, 0x6b, 0x55, 0x6b, 0x55, 0x6b, 0x55, 0x6b, 0x55,
    0x6b, 0x55, 0x6b, 0x55, 0x6b, 0x55, 0x6b, 0x55, 0x6b, 0x55, 0x6b, 0x55, 0x6b, 0x55, 0x6b, 0x55, 0x6b, 0x55, 0x6b, 0x55, 0xce, 0x9e, 0xce, 0x9e,
    0xce, 0x9e, 0xce, 0x9e, 0xee, 0xeb, 0xee, 0xeb, 0xee, 0xeb, 0xee, 0xeb, 0xee, 0xeb, 0xee, 0xeb, 0xee, 0xeb, 0xee, 0xeb, 0xee, 0xeb, 0xee, 0xeb,
    0xee, 0xeb, 0xee, 0xeb, 0xee, 0xeb, 0xee, 0xeb, 0xee, 0xeb, 0xee, 0xeb, 0xee, 0xeb, 0xee, 0xeb, 0x6b, 0x55, 0x6b, 0x55, 0x6b, 0x55, 0x6b, 0x55,
    0x6b, 0x55, 0x6b, 0x55, 0x6b, 0x55, 0x6b, 0x55, 0x6b, 0x55, 0x6b, 0x55, 0x6b, 0x55, 0x6b, 0x55, 0x03, 0x11, 0x03, 0x11, 0x03, 0x11, 0x03, 0x11,
    0x03, 0x11, 0x03, 0x11, 0x03, 0x11, 0x03, 0x11, 0x03, 0x11, 0x03, 0x11, 0x03, 0x11, 0x03, 0x11, 0x03, 0x11, 0x03, 0x11, 0x03, 0x11, 0x03, 0x11,
    0x03, 0x11, 0x03, 0x11, 0x03, 0x11, 0x03, 0x11, 0x03, 0x11, 0x03, 0x11, 0x03, 0x11, 0x03, 0x11, 0x6b, 0x55, 0x6b, 0x55, 0x6b, 0x55, 0x6b, 0x55,
    0x6b, 0x55, 0x6b, 0x55, 0x6b, 0x55, 0x6b, 0x55, 0x6b, 0x55, 0x6b, 0x55, 0x6b, 0x55, 0x6b, 0x55, 0x6b, 0x55, 0x6b, 0x55, 0x6b, 0x55, 0x6b, 0x55,
    0x6b, 0x55, 0x6b, 0x55, 0x6b, 0x55, 0x6b, 0x55, 0x6b, 0x55, 0x6b, 0x55, 0xce, 0x9e, 0xce, 0x9e, 0xce, 0x9e, 0xce, 0x9e, 0xee, 0xeb, 0xee, 0xeb,
    0xee, 0xeb, 0xee, 0xeb, 0xee, 0xeb, 0xee, 0xeb, 0xee, 0xeb, 0xee, 0xeb, 0xee, 0xeb, 0xee, 0xeb, 0xee, 0xeb, 0xee, 0xeb, 0xee, 0xeb, 0xee, 0xeb,
    0xee, 0xeb, 0xee, 0xeb, 0xee, 0xeb, 0xee, 0xeb, 0x6b, 0x55, 0x6b, 0x55, 0x6b, 0x55, 0x6b, 0x55, 0x6b, 0x55, 0x6b, 0x55, 0x6b, 0x55, 0x6b, 0x55,
    0x6b, 0x55, 0x6b, 0x55, 0x6b, 0x55, 0x6b, 0x55, 0x03, 0x11, 0x03, 0x11, 0x03, 0x11, 0x03, 0x11, 0x03, 0x11, 0x03, 0x11, 0x03, 0x11, 0x03, 0x11,
    0x03, 0x11, 0x03, 0x11, 0x03, 0x11, 0x03, 0x11, 0x03, 0x11, 0x03, 0x11, 0x03, 0x11, 0x03, 0x11, 0x03, 0x11, 0x03, 0x11, 0x03, 0x11, 0x03, 0x11,
    0x03, 0x11, 0x03, 0x11, 0x03, 0x11, 0x03, 0x11, 0x6b, 0x55, 0x6b, 0x55, 0x6b, 0x55, 0x6b, 0x55, 0x6b, 0x55, 0x6b, 0x55, 0x6b, 0x55, 0x6b, 0x55,
    0x6b, 0x55, 0x6b, 0x55, 0x6b, 0x55, 0x6b, 0x55, 0x6b, 0x55, 0x6b, 0x55, 0x6b, 0x55, 0x6b, 0x55, 0x6b, 0x55, 0x6b, 0x55, 0x6b, 0x55, 0x6b, 0x55,
    0x6b, 0x55, 0x6b, 0x55, 0xce, 0x9e, 0xce, 0x9e, 0xce, 0x9e, 0xce, 0x9e, 0xee, 0xeb, 0xee, 0xeb, 0xee, 0xeb, 0xee, 0xeb, 0xee, 0xeb, 0xee, 0xeb,
    0xee, 0xeb, 0xee, 0xeb, 0xee, 0xeb, 0xee, 0xeb, 0xee, 0xeb, 0xee, 0xeb, 0xee, 0xeb, 0xee, 0xeb, 0xee, 0xeb, 0xee, 0xeb, 0xee, 0xeb, 0xee, 0xeb,
    0x6b, 0x55, 0x6b, 0x55, 0x6b, 0x55, 0x6b, 0x55, 0x6b, 0x55, 0x6b, 0x55, 0x6b, 0x55, 0x6b, 0x55, 0x6b, 0x55, 0x6b, 0x55, 0x6b, 0x55, 0x6b, 0x55,
    0x03, 0x11, 0x03, 0x11, 0x03, 0x11, 0x03, 0x11, 0x03, 0x11, 0x03, 0x11, 0x03, 0x11, 0x03, 0x11, 0x03, 0x11, 0x03, 0x11, 0x03, 0x11, 0x03, 0x11,
    0x03, 0x11, 0x03, 0x11, 0x03, 0x11, 0x03, 0x11, 0x03, 0x11, 0x03, 0x11, 0x03, 0x11, 0x03, 0x11, 0x03, 0x11, 0x03, 0x11, 0x03, 0x11, 0x03, 0x11,
    0x03, 0x11, 0x03, 0x11, 0x03, 0x11, 0x03, 0x11, 0x03, 0x11, 0x03, 0x11, 0x27, 0x2b, 0x27, 0x2b, 0x27, 0x2b, 0x27, 0x2b, 0x6b, 0x55, 0x6b, 0x55,
    0x6b, 0x55, 0x6b, 0x55, 0x6b, 0x55, 0x6b, 0x55, 0x6b, 0x55, 0x6b, 0x55, 0x6b, 0x55, 0x6b, 0x55, 0x6b, 0x55, 0x6b, 0x55, 0xce, 0x9e, 0xce, 0x9e,
    0xce, 0x9e, 0xce, 0x9e, 0xee, 0xeb, 0xee, 0xeb, 0xee, 0xeb, 0xee, 0xeb, 0xee, 0xeb, 0xee, 0xeb, 0xee, 0xeb, 0xee, 0xeb, 0xee, 0xeb, 0xee, 0xeb,
    0xee, 0xeb, 0xee, 0xeb, 0xee, 0xeb, 0xee, 0xeb, 0xee, 0xeb, 0xee, 0xeb, 0xee, 0xeb, 0xee, 0xeb, 0xce, 0x9e, 0xce, 0x9e, 0xce, 0x9e, 0xce, 0x9e,
    0xce, 0x9e, 0xce, 0x9e, 0xce, 0x9e, 0xce, 0x9e, 0x03, 0x11, 0x03, 0x11, 0x03, 0x11, 0x03, 0x11, 0x03, 0x11, 0x03, 0x11, 0x03, 0x11, 0x03, 0x11,
    0x03, 0x11, 0x03, 0x11, 0x03, 0x11, 0x03, 0x11, 0x03, 0x11, 0x03, 0x11, 0x03, 0x11, 0x03, 0x11, 0x03, 0x11, 0x03, 0x11, 0x03, 0x11, 0x03, 0x11,
    0x03, 0x11, 0x03, 0x11, 0x03, 0x11, 0x03, 0x11, 0x03, 0x11, 0x03, 0x11, 0x03, 0x11, 0x03, 0x11, 0x03, 0x11, 0x03, 0x11, 0x03, 0x11, 0x03, 0x11,
    0x03, 0x11, 0x03, 0x11, 0x27, 0x2b, 0x27, 0x2b, 0x27, 0x2b, 0x27, 0x2b, 0x6b, 0x55, 0x6b, 0x55, 0x6b, 0x55, 0x6b, 0x55, 0x6b, 0x55, 0x6b, 0x55,
    0x6b, 0x55, 0x6b, 0x55, 0x6b, 0x55, 0x6b, 0x55, 0x6b, 0x55, 0x6b, 0x55, 0xce, 0x9e, 0xce, 0x9e, 0xce, 0x9e, 0xce, 0x9e, 0xee, 0xeb, 0xee, 0xeb,
    0xee, 0xeb, 0xee, 0xeb, 0xee, 0xeb, 0xee, 0xeb, 0xee, 0xeb, 0xee, 0xeb, 0xee, 0xeb, 0xee, 0xeb, 0xee, 0xeb, 0xee, 0xeb, 0xee, 0xeb, 0xee, 0xeb,
    0xee, 0xeb, 0xee, 0xeb, 0xee, 0xeb, 0xee, 0xeb, 0xce, 0x9e, 0xce, 0x9e, 0xce, 0x9e, 0xce, 0x9e, 0xce, 0x9e, 0xce, 0x9e, 0xce, 0x9e, 0xce, 0x9e,
    0x03, 0x11, 0x03, 0x11, 0x03, 0x11, 0x03, 0x11, 0x03, 0x11, 0x03, 0x11, 0x03, 0x11, 0x03, 0x11, 0x03, 0x11, 0x03, 0x11, 0x03, 0x11, 0x03, 0x11,
    0x03, 0x11, 0x03, 0x11, 0x03, 0x11, 0x03, 0x11, 0x03, 0x11, 0x03, 0x11, 0x03, 0x11, 0x03, 0x11, 0x03, 0x11, 0x03, 0x11, 0x03, 0x11, 0x03, 0x11,
    0x03, 0x11, 0x03, 0x11, 0x03, 0x11, 0x03, 0x11, 0x03, 0x11, 0x03, 0x11, 0x03, 0x11, 0x03, 0x11, 0x03, 0x11, 0x03, 0x11, 0x27, 0x2b, 0x27, 0x2b,
    0x27, 0x2b, 0x27, 0x2b, 0x27, 0x2b, 0x27, 0x2b, 0x27, 0x2b, 0x27, 0x2b, 0x27, 0x2b, 0x27, 0x2b, 0x27, 0x2b, 0x27, 0x2b, 0x27, 0x2b, 0x27, 0x2b,
    0x27, 0x2b, 0x27, 0x2b, 0xce, 0x9e, 0xce, 0x9e, 0xce, 0x9e, 0xce, 0x9e, 0xce, 0x9e, 0xce, 0x9e, 0xce, 0x9e, 0xce, 0x9e, 0xce, 0x9e, 0xce, 0x9e,
    0xce, 0x9e, 0xce, 0x9e, 0xce, 0x9e, 0xce, 0x9e, 0xce, 0x9e, 0xce, 0x9e, 0xce, 0x9e, 0xce, 0x9e, 0xce, 0x9e, 0xce, 0x9e, 0xce, 0x9e, 0xce, 0x9e,
    0xce, 0x9e, 0xce, 0x9e, 0xce, 0x9e, 0xce, 0x9e, 0xce, 0x9e, 0xce, 0x9e, 0xce, 0x9e, 0xce, 0x9e, 0x03, 0x11, 0x03, 0x11, 0x03, 0x11, 0x03, 0x11,
    0x03, 0x11, 0x03, 0x11, 0x03, 0x11, 0x03, 0x11, 0x03, 0x11, 0x03, 0x11, 0x03, 0x11, 0x03, 0x11, 0x03, 0x11, 0x03, 0x11, 0x03, 0x11, 0x03, 0x11,
    0x03, 0x11, 0x03, 0x11, 0x03, 0x11, 0x03, 0x11, 0x03, 0x11, 0x03, 0x11, 0x03, 0x11, 0x03, 0x11, 0x03, 0x11, 0x03, 0x11, 0x03, 0x11, 0x03, 0x11,
    0x03, 0x11, 0x03, 0x11, 0x03, 0x11, 0x03, 0x11, 0x03, 0x11, 0x03, 0x11, 0x27, 0x2b, 0x27, 0x2b, 0x27, 0x2b, 0x27, 0x2b, 0x27, 0x2b, 0x27, 0x2b,
    0x27, 0x2b, 0x27, 0x2b, 0x27, 0x2b, 0x27, 0x2b, 0x27, 0x2b, 0x27, 0x2b, 0x27, 0x2b, 0x27, 0x2b, 0x27, 0x2b, 0x27, 0x2b, 0xce, 0x9e, 0xce, 0x9e,
    0xce, 0x9e, 0xce, 0x9e, 0xce, 0x9e, 0xce, 0x9e, 0xce, 0x9e, 0xce, 0x9e, 0xce, 0x9e, 0xce, 0x9e, 0xce, 0x9e, 0xce, 0x9e, 0xce, 0x9e, 0xce, 0x9e,
    0xce, 0x9e, 0xce, 0x9e, 0xce, 0x9e, 0xce, 0x9e, 0xce, 0x9e, 0xce, 0x9e, 0xce, 0x9e, 0xce, 0x9e, 0xce, 0x9e, 0xce, 0x9e, 0xce, 0x9e, 0xce, 0x9e,
    0xce, 0x9e, 0xce, 0x9e, 0xce, 0x9e, 0xce, 0x9e, 0x03, 0x11, 0x03, 0x11, 0x03, 0x11, 0x03, 0x11, 0x03, 0x11, 0x03, 0x11, 0x03, 0x11, 0x03, 0x11,
    0x03, 0x11, 0x03, 0x11, 0x03, 0x11, 0x03, 0x11, 0x03, 0x11, 0x03, 0x11, 0x03, 0x11, 0x03, 0x11, 0x03, 0x11, 0x03, 0x11, 0x03, 0x11, 0x03, 0x11,
    0x03, 0x11, 0x03, 0x11, 0x03, 0x11, 0x03, 0x11, 0x03, 0x11, 0x03, 0x11, 0x03, 0x11, 0x03, 0x11, 0x03, 0x11, 0x03, 0x11, 0x03, 0x11, 0x03, 0x11,
    0x03, 0x11, 0x03, 0x11, 0x03, 0x11, 0x03, 0x11, 0x27, 0x2b, 0x27, 0x2b, 0x27, 0x2b, 0x27, 0x2b, 0x6b, 0x55, 0x6b, 0x55, 0x6b, 0x55, 0x6b, 0x55,
    0x6b, 0x55, 0x6b, 0x55, 0x6b, 0x55, 0x6b, 0x55, 0x6b, 0x55, 0x6b, 0x55, 0xf5, 0xee, 0xf5, 0xee, 0xf5, 0xee, 0xf5, 0xee, 0xf5, 0xee, 0xf5, 0xee,
    0xf5, 0xee, 0xf5, 0xee, 0xf5, 0xee, 0xf5, 0xee, 0xf5, 0xee, 0xf5, 0xee, 0xf5, 0xee, 0xf5, 0xee, 0xf5, 0xee, 0xf5, 0xee, 0xf5, 0xee, 0xf5, 0xee,
    0x6b, 0x55, 0x6b, 0x55, 0x6b, 0x55, 0x6b, 0x55, 0x27, 0x2b, 0x27, 0x2b, 0x27, 0x2b, 0x27, 0x2b, 0x03, 0x11, 0x03, 0x11, 0x03, 0x11, 0x03, 0x11,
    0x03, 0x11, 0x03, 0x11, 0x03, 0x11, 0x03, 0x11, 0x03, 0x11, 0x03, 0x11, 0x03, 0x11, 0x03, 0x11, 0x03, 0x11, 0x03, 0x11, 0x03, 0x11, 0x03, 0x11,
    0x03, 0x11, 0x03, 0x11, 0x03, 0x11, 0x03, 0x11, 0x03, 0x11, 0x03, 0x11, 0x03, 0x11, 0x03, 0x11, 0x03, 0x11, 0x03, 0x11, 0x03, 0x11, 0x03, 0x11,
    0x03, 0x11, 0x03, 0x11, 0x03, 0x11, 0x03, 0x11, 0x03, 0x11, 0x03, 0x11, 0x03, 0x11, 0x03, 0x11, 0x03, 0x11, 0x03, 0x11, 0x03, 0x11, 0x03, 0x11,
    0x27, 0x2b, 0x27, 0x2b, 0x27, 0x2b, 0x27, 0x2b, 0x6b, 0x55, 0x6b, 0x55, 0x6b, 0x55, 0x6b, 0x55, 0x6b, 0x55, 0x6b, 0x55, 0x6b, 0x55, 0x6b, 0x55,
    0x6b, 0x55, 0x6b, 0x55, 0xf5, 0xee, 0xf5, 0xee, 0xf5, 0xee, 0xf5, 0xee, 0xf5, 0xee, 0xf5, 0xee, 0xf5, 0xee, 0xf5, 0xee, 0xf5, 0xee, 0xf5, 0xee,
    0xf5, 0xee, 0xf5, 0xee, 0xf5, 0xee, 0xf5, 0xee, 0xf5, 0xee, 0xf5, 0xee, 0xf5, 0xee, 0xf5, 0xee, 0x6b, 0x55, 0x6b, 0x55, 0x6b, 0x55, 0x6b, 0x55,
    0x27, 0x2b, 0x27, 0x2b, 0x27, 0x2b, 0x27, 0x2b, 0x03, 0x11, 0x03, 0x11, 0x03, 0x11, 0x03, 0x11, 0x03, 0x11, 0x03, 0x11, 0x03, 0x11, 0x03, 0x11,
    0x03, 0x11, 0x03, 0x11, 0x03, 0x11, 0x03, 0x11, 0x03, 0x11, 0x03, 0x11, 0x03, 0x11, 0x03, 0x11, 0x03, 0x11, 0x03, 0x11, 0x03, 0x11, 0x03, 0x11,
    0x03, 0x11, 0x03, 0x11, 0x03, 0x11, 0x03, 0x11, 0x03, 0x11, 0x03, 0x11, 0x27, 0x2b, 0x27, 0x2b, 0x03, 0x11, 0x03, 0x11, 0x03, 0x11, 0x03, 0x11,
    0x03, 0x11, 0x03, 0x11, 0x03, 0x11, 0x03, 0x11, 0x03, 0x11, 0x03, 0x11, 0x03, 0x11, 0x03, 0x11, 0x27, 0x2b, 0x27, 0x2b, 0x27, 0x2b, 0x27, 0x2b,
    0x6b, 0x55, 0x6b, 0x55, 0x6b, 0x55, 0x6b, 0x55, 0x6b, 0x55, 0x6b, 0x55, 0x6b, 0x55, 0x6b, 0x55, 0x6b, 0x55, 0x6b, 0x55, 0xf5, 0xee, 0xf5, 0xee,
    0xf5, 0xee, 0xf5, 0xee, 0xf5, 0xee, 0xf5, 0xee, 0xf5, 0xee, 0xf5, 0xee, 0xf5, 0xee, 0xf5, 0xee, 0xf5, 0xee, 0xf5, 0xee, 0xf5, 0xee, 0xf5, 0xee,
    0xf5, 0xee, 0xf5, 0xee, 0xf5, 0xee, 0xf5, 0xee, 0x6b, 0x55, 0x6b, 0x55, 0x6b, 0x55, 0x6b, 0x55, 0x27, 0x2b, 0x27, 0x2b, 0x27, 0x2b, 0x27, 0x2b,
    0x03, 0x11, 0x03, 0x11, 0x03, 0x11, 0x03, 0x11, 0x03, 0x11, 0x03, 0x11, 0x03, 0x11, 0x03, 0x11, 0x03, 0x11, 0x03, 0x11, 0x03, 0x11, 0x03, 0x11,
    0x03, 0x11, 0x03, 0x11, 0x03, 0x11, 0x03, 0x11, 0x03, 0x11, 0x03, 0x11, 0x03, 0x11, 0x03, 0x11, 0x03, 0x11, 0x03, 0x11, 0x03, 0x11, 0x03, 0x11,
    0x03, 0x11, 0x03, 0x11, 0x27, 0x2b, 0x27, 0x2b, 0x03, 0x11, 0x03, 0x11, 0x03, 0x11, 0x03, 0x11, 0x03, 0x11, 0x03, 0x11, 0x03, 0x11, 0x03, 0x11,
    0x03, 0x11, 0x03, 0x11, 0x03, 0x11, 0x03, 0x11, 0x27, 0x2b, 0x27, 0x2b, 0x27, 0x2b, 0x27, 0x2b, 0x6b, 0x55, 0x6b, 0x55, 0x6b, 0x55, 0x6b, 0x55,
    0x6b, 0x55, 0x6b, 0x55, 0x6b, 0x55, 0x6b, 0x55, 0x6b, 0x55, 0x6b, 0x55, 0xf5, 0xee, 0xf5, 0xee, 0xf5, 0xee, 0xf5, 0xee, 0xf5, 0xee, 0xf5, 0xee,
    0xf5, 0xee, 0xf5, 0xee, 0xf5, 0xee, 0xf5, 0xee, 0xf5, 0xee, 0xf5, 0xee, 0xf5, 0xee, 0xf5, 0xee, 0xf5, 0xee, 0xf5, 0xee, 0xf5, 0xee, 0xf5, 0xee,
    0x6b, 0x55, 0x6b, 0x55, 0x6b, 0x55, 0x6b, 0x55, 0x27, 0x2b, 0x27, 0x2b, 0x27, 0x2b, 0x27, 0x2b, 0x03, 0x11, 0x03, 0x11, 0x03, 0x11, 0x03, 0x11,
    0x03, 0x11, 0x03, 0x11, 0x03, 0x11, 0x03, 0x11, 0x03, 0x11, 0x03, 0x11, 0x03, 0x11, 0x03, 0x11, 0x03, 0x11, 0x03, 0x11, 0x03, 0x11, 0x03, 0x11,
    0x03, 0x11, 0x03, 0x11, 0x03, 0x11, 0x03, 0x11, 0x03, 0x11, 0x03, 0x11, 0x03, 0x11, 0x03, 0x11, 0x03, 0x11, 0x03, 0x11, 0x27, 0x2b, 0x27, 0x2b,
    0x27, 0x2b, 0x27, 0x2b, 0x27, 0x2b, 0x27, 0x2b, 0x03, 0x11, 0x03, 0x11, 0x03, 0x11, 0x03, 0x11, 0x03, 0x11, 0x03, 0x11, 0x03, 0x11, 0x03, 0x11,
    0x27, 0x2b, 0x27, 0x2b, 0x27, 0x2b, 0x27, 0x2b, 0x6b, 0x55, 0x6b, 0x55, 0x6b, 0x55, 0x6b, 0x55, 0x6b, 0x55, 0x6b, 0x55, 0x6b, 0x55, 0x6b, 0x55,
    0x6b, 0x55, 0x6b, 0x55, 0xf5, 0xee, 0xf5, 0xee, 0xf5, 0xee, 0xf5, 0xee, 0xf5, 0xee, 0xf5, 0xee, 0xf5, 0xee, 0xf5, 0xee, 0xf5, 0xee, 0xf5, 0xee,
    0xf5, 0xee, 0xf5, 0xee, 0xf5, 0xee, 0xf5, 0xee, 0xf5, 0xee, 0xf5, 0xee, 0xf5, 0xee, 0xf5, 0xee, 0x6b, 0x55, 0x6b, 0x55, 0x6b, 0x55, 0x6b, 0x55,
    0x27, 0x2b, 0x27, 0x2b, 0x27, 0x2b, 0x27, 0x2b, 0x03, 0x11, 0x03, 0x11, 0x03, 0x11, 0x03, 0x11, 0x03, 0x11, 0x03, 0x11, 0x03, 0x11, 0x03, 0x11,
    0x03, 0x11, 0x03, 0x11, 0x03, 0x11, 0x03, 0x11, 0x03, 0x11, 0x03, 0x11, 0x03, 0x11, 0x03, 0x11, 0x03, 0x11, 0x03, 0x11, 0x03, 0x11, 0x03, 0x11,
    0x03, 0x11, 0x03, 0x11, 0x03, 0x11, 0x03, 0x11, 0x03, 0x11, 0x03, 0x11, 0x27, 0x2b, 0x27, 0x2b, 0x27, 0x2b, 0x27, 0x2b, 0x27, 0x2b, 0x27, 0x2b,
    0x03, 0x11, 0x03, 0x11, 0x03, 0x11, 0x03, 0x11, 0x03, 0x11, 0x03, 0x11, 0x03, 0x11, 0x03, 0x11, 0x27, 0x2b, 0x27, 0x2b, 0x27, 0x2b, 0x27, 0x2b,
    0x6b, 0x55, 0x6b, 0x55, 0x6b, 0x55, 0x6b, 0x55, 0x6b, 0x55, 0x6b, 0x55, 0x6b, 0x55, 0x6b, 0x55, 0x6b, 0x55, 0x6b, 0x55, 0xf5, 0xee, 0xf5, 0xee,
    0xf5, 0xee, 0xf5, 0xee, 0xf5, 0xee, 0xf5, 0xee, 0xf5, 0xee, 0xf5, 0xee, 0xf5, 0xee, 0xf5, 0xee, 0xf5, 0xee, 0xf5, 0xee, 0xf5, 0xee, 0xf5, 0xee,
    0xf5, 0xee, 0xf5, 0xee, 0xf5, 0xee, 0xf5, 0xee, 0x6b, 0x55, 0x6b, 0x55, 0x6b, 0x55, 0x6b, 0x55, 0x27, 0x2b, 0x27, 0x2b, 0x27, 0x2b, 0x27, 0x2b,
    0x03, 0x11, 0x03, 0x11, 0x03, 0x11, 0x03, 0x11, 0x03, 0x11, 0x03, 0x11, 0x03, 0x11, 0x03, 0x11, 0x03, 0x11, 0x03, 0x11, 0x03, 0x11, 0x03, 0x11,
    0x03, 0x11, 0x03, 0x11, 0x03, 0x11, 0x03, 0x11, 0x03, 0x11, 0x03, 0x11, 0x03, 0x11, 0x03, 0x11, 0x03, 0x11, 0x03, 0x11, 0x03, 0x11, 0x03, 0x11,
    0x03, 0x11, 0x03, 0x11, 0x03, 0x11, 0x03, 0x11, 0x27, 0x2b, 0x27, 0x2b, 0x27, 0x2b, 0x27, 0x2b, 0x27, 0x2b, 0x27, 0x2b, 0x03, 0x11, 0x03, 0x11,
    0x03, 0x11, 0x03, 0x11, 0x03, 0x11, 0x03, 0x11, 0x27, 0x2b, 0x27, 0x2b, 0x27, 0x2b, 0x27, 0x2b, 0x6b, 0x55, 0x6b, 0x55, 0x6b, 0x55, 0x6b, 0x55,
    0x6b, 0x55, 0x6b, 0x55, 0x6b, 0x55, 0x6b, 0x55, 0x6b, 0x55, 0x6b, 0x55, 0xf5, 0xee, 0xf5, 0xee, 0xf5, 0xee, 0xf5, 0xee, 0xf5, 0xee, 0xf5, 0xee,
    0xf5, 0xee, 0xf5, 0xee, 0xf5, 0xee, 0xf5, 0xee, 0xf5, 0xee, 0xf5, 0xee, 0xf5, 0xee, 0xf5, 0xee, 0xf5, 0xee, 0xf5, 0xee, 0xf5, 0xee, 0xf5, 0xee,
    0x6b, 0x55, 0x6b, 0x55, 0x6b, 0x55, 0x6b, 0x55, 0x27, 0x2b, 0x27, 0x2b, 0x27, 0x2b, 0x27, 0x2b, 0x03, 0x11, 0x03, 0x11, 0x03, 0x11, 0x03, 0x11,
    0x03, 0x11, 0x03, 0x11, 0x03, 0x11, 0x03, 0x11, 0x03, 0x11, 0x03, 0x11, 0x03, 0x11, 0x03, 0x11, 0x03, 0x11, 0x03, 0x11, 0x03, 0x11, 0x03, 0x11,
    0x03, 0x11, 0x03, 0x11, 0x03, 0x11, 0x03, 0x11, 0x03, 0x11, 0x03, 0x11, 0x03, 0x11, 0x03, 0x11, 0x03, 0x11, 0x03, 0x11, 0x03, 0x11, 0x03, 0x11,
    0x27, 0x2b, 0x27, 0x2b, 0x27, 0x2b, 0x27, 0x2b, 0x27, 0x2b, 0x27, 0x2b, 0x03, 0x11, 0x03, 0x11, 0x03, 0x11, 0x03, 0x11, 0x03, 0x11, 0x03, 0x11,
    0x27, 0x2b, 0x27, 0x2b, 0x27, 0x2b, 0x27, 0x2b, 0x6b, 0x55, 0x6b, 0x55, 0x6b, 0x55, 0x6b, 0x55, 0x6b, 0x55, 0x6b, 0x55, 0x6b, 0x55, 0x6b, 0x55,
    0x6b, 0x55, 0x6b, 0x55, 0xf5, 0xee, 0xf5, 0xee, 0xf5, 0xee, 0xf5, 0xee, 0xf5, 0xee, 0xf5, 0xee, 0xf5, 0xee, 0xf5, 0xee, 0xf5, 0xee, 0xf5, 0xee,
    0xf5, 0xee, 0xf5, 0xee, 0xf5, 0xee, 0xf5, 0xee, 0xf5, 0xee, 0xf5, 0xee, 0xf5, 0xee, 0xf5, 0xee, 0x6b, 0x55, 0x6b, 0x55, 0x6b, 0x55, 0x6b, 0x55,
    0x27, 0x2b, 0x27, 0x2b, 0x27, 0x2b, 0x27, 0x2b, 0x03, 0x11, 0x03, 0x11, 0x03, 0x11, 0x03, 0x11, 0x03, 0x11, 0x03, 0x11, 0x03, 0x11, 0x03, 0x11,
    0x03, 0x11, 0x03, 0x11, 0x03, 0x11, 0x03, 0x11, 0x03, 0x11, 0x03, 0x11, 0x03, 0x11, 0x03, 0x11, 0x03, 0x11, 0x03, 0x11, 0x03, 0x11, 0x03, 0x11,
    0x03, 0x11, 0x03, 0x11, 0x03, 0x11, 0x03, 0x11, 0x03, 0x11, 0x03, 0x11, 0x03, 0x11, 0x03, 0x11, 0x27, 0x2b, 0x27, 0x2b, 0x27, 0x2b, 0x27, 0x2b,
    0x27, 0x2b, 0x27, 0x2b, 0x27, 0x2b, 0x27, 0x2b, 0x27, 0x2b, 0x27, 0x2b, 0x03, 0x11, 0x03, 0x11, 0x27, 0x2b, 0x27, 0x2b, 0x27, 0x2b, 0x27, 0x2b,
    0x6b, 0x55, 0x6b, 0x55, 0x6b, 0x55, 0x6b, 0x55, 0x6b, 0x55, 0x6b, 0x55, 0x6b, 0x55, 0x6b, 0x55, 0x6b, 0x55, 0x6b, 0x55, 0xf5, 0xee, 0xf5, 0xee,
    0xf5, 0xee, 0xf5, 0xee, 0xf5, 0xee, 0xf5, 0xee, 0xf5, 0xee, 0xf5, 0xee, 0xf5, 0xee, 0xf5, 0xee, 0xf5, 0xee, 0xf5, 0xee, 0xf5, 0xee, 0xf5, 0xee,
    0xf5, 0xee, 0xf5, 0xee, 0xf5, 0xee, 0xf5, 0xee, 0x6b, 0x55, 0x6b, 0x55, 0x6b, 0x55, 0x6b, 0x55, 0x27, 0x2b, 0x27, 0x2b, 0x27, 0x2b, 0x27, 0x2b,
    0x03, 0x11, 0x03, 0x11, 0x03, 0x11, 0x03, 0x11, 0x03, 0x11, 0x03, 0x11, 0x03, 0x11, 0x03, 0x11, 0x03, 0x11, 0x03, 0x11, 0x03, 0x11, 0x03, 0x11,
    0x03, 0x11, 0x03, 0x11, 0x03, 0x11, 0x03, 0x11, 0x03, 0x11, 0x03, 0x11, 0x03, 0x11, 0x03, 0x11, 0x03, 0x11, 0x03, 0x11, 0x03, 0x11, 0x03, 0x11,
    0x03, 0x11, 0x03, 0x11, 0x03, 0x11, 0x03, 0x11, 0x27, 0x2b, 0x27, 0x2b, 0x27, 0x2b, 0x27, 0x2b, 0x27, 0x2b, 0x27, 0x2b, 0x27, 0x2b, 0x27, 0x2b,
    0x27, 0x2b, 0x27, 0x2b, 0x03, 0x11, 0x03, 0x11, 0x27, 0x2b, 0x27, 0x2b, 0x27, 0x2b, 0x27, 0x2b, 0x6b, 0x55, 0x6b, 0x55, 0x6b, 0x55, 0x6b, 0x55,
    0x6b, 0x55, 0x6b, 0x55, 0x6b, 0x55, 0x6b, 0x55, 0x6b, 0x55, 0x6b, 0x55, 0xf5, 0xee, 0xf5, 0xee, 0xf5, 0xee, 0xf5, 0xee, 0xf5, 0xee, 0xf5, 0xee,
    0xf5, 0xee, 0xf5, 0xee, 0xf5, 0xee, 0xf5, 0xee, 0xf5, 0xee, 0xf5, 0xee, 0xf5, 0xee, 0xf5, 0xee, 0xf5, 0xee, 0xf5, 0xee, 0xf5, 0xee, 0xf5, 0xee,
    0x6b, 0x55, 0x6b, 0x55, 0x6b, 0x55, 0x6b, 0x55, 0x27, 0x2b, 0x27, 0x2b, 0x27, 0x2b, 0x27, 0x2b, 0x03, 0x11, 0x03, 0x11, 0x03, 0x11, 0x03, 0x11,
    0x03, 0x11, 0x03, 0x11, 0x03, 0x11, 0x03, 0x11, 0x03, 0x11, 0x03, 0x11, 0x03, 0x11, 0x03, 0x11, 0x03, 0x11, 0x03, 0x11, 0x03, 0x11, 0x03, 0x11,
    0x03, 0x11, 0x03, 0x11, 0x03, 0x11, 0x03, 0x11, 0x03, 0x11, 0x03, 0x11, 0x03, 0x11, 0x03, 0x11, 0x03, 0x11, 0x03, 0x11, 0x03, 0x11, 0x03, 0x11,
    0x27, 0x2b, 0x27, 0x2b, 0x27, 0x2b, 0x27, 0x2b, 0x27, 0x2b, 0x27, 0x2b, 0x27, 0x2b, 0x27, 0x2b, 0x27, 0x2b, 0x27, 0x2b, 0x27, 0x2b, 0x27, 0x2b,
    0x27, 0x2b, 0x27, 0x2b, 0x27, 0x2b, 0x27, 0x2b, 0x6b, 0x55, 0x6b, 0x55, 0x6b, 0x55, 0x6b, 0x55, 0x6b, 0x55, 0x6b, 0x55, 0x6b, 0x55, 0x6b, 0x55,
    0x6b, 0x55, 0x6b, 0x55, 0xf5, 0xee, 0xf5, 0xee, 0xf5, 0xee, 0xf5, 0xee, 0xf5, 0xee, 0xf5, 0xee, 0xf5, 0xee, 0xf5, 0xee, 0xf5, 0xee, 0xf5, 0xee,
    0xf5, 0xee, 0xf5, 0xee, 0xf5, 0xee, 0xf5, 0xee, 0xf5, 0xee, 0xf5, 0xee, 0xf5, 0xee, 0xf5, 0xee, 0x6b, 0x55, 0x6b, 0x55, 0x6b, 0x55, 0x6b, 0x55,
    0x27, 0x2b, 0x27, 0x2b, 0x27, 0x2b, 0x27, 0x2b, 0x03, 0x11, 0x03, 0x11, 0x03, 0x11, 0x03, 0x11, 0x03, 0x11, 0x03, 0x11, 0x03, 0x11, 0x03, 0x11,
    0x03, 0x11, 0x03, 0x11, 0x03, 0x11, 0x03, 0x11, 0x03, 0x11, 0x03, 0x11, 0x03, 0x11, 0x03, 0x11, 0x03, 0x11, 0x03, 0x11, 0x03, 0x11, 0x03, 0x11,
    0x03, 0x11, 0x03, 0x11, 0x03, 0x11, 0x03, 0x11, 0x03, 0x11, 0x03, 0x11, 0x03, 0x11, 0x03, 0x11, 0x27, 0x2b, 0x27, 0x2b, 0x27, 0x2b, 0x27, 0x2b,
    0x27, 0x2b, 0x27, 0x2b, 0x27, 0x2b, 0x27, 0x2b, 0x27, 0x2b, 0x27, 0x2b, 0x27, 0x2b, 0x27, 0x2b, 0x27, 0x2b, 0x27, 0x2b, 0x27, 0x2b, 0x27, 0x2b,
    0x6b, 0x55, 0x6b, 0x55, 0x6b, 0x55, 0x6b, 0x55, 0x6b, 0x55, 0x6b, 0x55, 0x6b, 0x55, 0x6b, 0x55, 0x6b, 0x55, 0x6b, 0x55, 0xf5, 0xee, 0xf5, 0xee,
    0xf5, 0xee, 0xf5, 0xee, 0xf5, 0xee, 0xf5, 0xee, 0xf5, 0xee, 0xf5, 0xee, 0xf5, 0xee, 0xf5, 0xee, 0xf5, 0xee, 0xf5, 0xee, 0xf5, 0xee, 0xf5, 0xee,
    0xf5, 0xee, 0xf5, 0xee, 0xf5, 0xee, 0xf5, 0xee, 0x6b, 0x55, 0x6b, 0x55, 0x6b, 0x55, 0x6b, 0x55, 0x27, 0x2b, 0x27, 0x2b, 0x27, 0x2b, 0x27, 0x2b,
    0x03, 0x11, 0x03, 0x11, 0x03, 0x11, 0x03, 0x11, 0x03, 0x11, 0x03, 0x11, 0x03, 0x11, 0x03, 0x11, 0x03, 0x11, 0x03, 0x11, 0x03, 0x11, 0x03, 0x11,
    0x03, 0x11, 0x03, 0x11, 0x03, 0x11, 0x03, 0x11, 0x03, 0x11, 0x03, 0x11, 0x03, 0x11, 0x03, 0x11, 0x03, 0x11, 0x03, 0x11, 0x03, 0x11, 0x03, 0x11,
    0x03, 0x11, 0x03, 0x11, 0x03, 0x11, 0x03, 0x11, 0x03, 0x11, 0x03, 0x11, 0x27, 0x2b, 0x27, 0x2b, 0x27, 0x2b, 0x27, 0x2b, 0x27, 0x2b, 0x27, 0x2b,
    0x27, 0x2b, 0x27, 0x2b, 0x27, 0x2b, 0x27, 0x2b, 0x27, 0x2b, 0x27, 0x2b, 0x27, 0x2b, 0x27, 0x2b, 0x6b, 0x55, 0x6b, 0x55, 0x6b, 0x55, 0x6b, 0x55,
    0x6b, 0x55, 0x6b, 0x55, 0x6b, 0x55, 0x6b, 0x55, 0x6b, 0x55, 0x6b, 0x55, 0xf5, 0xee, 0xf5, 0xee, 0xf5, 0xee, 0xf5, 0xee, 0xf5, 0xee, 0xf5, 0xee,
    0xf5, 0xee, 0xf5, 0xee, 0xf5, 0xee, 0xf5, 0xee, 0xf5, 0xee, 0xf5, 0xee, 0xf5, 0xee, 0xf5, 0xee, 0xf5, 0xee, 0xf5, 0xee, 0xf5, 0xee, 0xf5, 0xee,
    0x6b, 0x55, 0x6b, 0x55, 0x6b, 0x55, 0x6b, 0x55, 0x27, 0x2b, 0x27, 0x2b, 0x27, 0x2b, 0x27, 0x2b, 0x03, 0x11, 0x03, 0x11, 0x03, 0x11, 0x03, 0x11,
    0x03, 0x11, 0x03, 0x11, 0x03, 0x11, 0x03, 0x11, 0x03, 0x11, 0x03, 0x11, 0x03, 0x11, 0x03, 0x11, 0x03, 0x11, 0x03, 0x11, 0x03, 0x11, 0x03, 0x11,
    0x03, 0x11, 0x03, 0x11, 0x03, 0x11, 0x03, 0x11, 0x03, 0x11, 0x03, 0x11, 0x03, 0x11, 0x03, 0x11, 0x03, 0x11, 0x03, 0x11, 0x03, 0x11, 0x03, 0x11,
    0x03, 0x11, 0x03, 0x11, 0x27, 0x2b, 0x27, 0x2b, 0x27, 0x2b, 0x27, 0x2b, 0x27, 0x2b, 0x27, 0x2b, 0x27, 0x2b, 0x27, 0x2b, 0x27, 0x2b, 0x27, 0x2b,
    0x27, 0x2b, 0x27, 0x2b, 0x27, 0x2b, 0x27, 0x2b, 0x6b, 0x55, 0x6b, 0x55, 0x6b, 0x55, 0x6b, 0x55, 0x6b, 0x55, 0x6b, 0x55, 0x6b, 0x55, 0x6b, 0x55,
    0x6b, 0x55, 0x6b, 0x55, 0xf5, 0xee, 0xf5, 0xee, 0xf5, 0xee, 0xf5, 0xee, 0xf5, 0xee, 0xf5, 0xee, 0xf5, 0xee, 0xf5, 0xee, 0xf5, 0xee, 0xf5, 0xee,
    0xf5, 0xee, 0xf5, 0xee, 0xf5, 0xee, 0xf5, 0xee, 0xf5, 0xee, 0xf5, 0xee, 0xf5, 0xee, 0xf5, 0xee, 0x6b, 0x55, 0x6b, 0x55, 0x6b, 0x55, 0x6b, 0x55,
    0x27, 0x2b, 0x27, 0x2b, 0x27, 0x2b, 0x27, 0x2b, 0x03, 0x11, 0x03, 0x11, 0x03, 0x11, 0x03, 0x11, 0x03, 0x11, 0x03, 0x11, 0x03, 0x11, 0x03, 0x11,
    0x03, 0x11, 0x03, 0x11, 0x03, 0x11, 0x03, 0x11, 0x03, 0x11, 0x03, 0x11, 0x03, 0x11, 0x03, 0x11, 0x03, 0x11, 0x03, 0x11, 0x03, 0x11, 0x03, 0x11,
    0x03, 0x11, 0x03, 0x11, 0x03, 0x11, 0x03, 0x11, 0x03, 0x11, 0x03, 0x11, 0x03, 0x11, 0x03, 0x11, 0x03, 0x11, 0x03, 0x11, 0x27, 0x2b, 0x27, 0x2b,
    0x27, 0x2b, 0x27, 0x2b, 0x27, 0x2b, 0x27, 0x2b, 0x27, 0x2b, 0x27, 0x2b, 0x27, 0x2b, 0x27, 0x2b, 0x27, 0x2b, 0x27, 0x2b, 0x27, 0x2b, 0x27, 0x2b,
    0x6b, 0x55, 0x6b, 0x55, 0x6b, 0x55, 0x6b, 0x55, 0x6b, 0x55, 0x6b, 0x55, 0x6b, 0x55, 0x6b, 0x55, 0x6b, 0x55, 0x6b, 0x55, 0xf5, 0xee, 0xf5, 0xee,
    0xf5, 0xee, 0xf5, 0xee, 0xf5, 0xee, 0xf5, 0xee, 0xf5, 0xee, 0xf5, 0xee, 0xf5, 0xee, 0xf5, 0xee, 0xf5, 0xee, 0xf5, 0xee, 0xf5, 0xee, 0xf5, 0xee,
    0xf5, 0xee, 0xf5, 0xee, 0xf5, 0xee, 0xf5, 0xee, 0x6b, 0x55, 0x6b, 0x55, 0x6b, 0x55, 0x6b, 0x55, 0x27, 0x2b, 0x27, 0x2b, 0x27, 0x2b, 0x27, 0x2b,
    0x03, 0x11, 0x03, 0x11, 0x03, 0x11, 0x03, 0x11, 0x03, 0x11, 0x03, 0x11, 0x03, 0x11, 0x03, 0x11, 0x03, 0x11, 0x03, 0x11, 0x03, 0x11, 0x03, 0x11,
    0x03, 0x11, 0x03, 0x11, 0x03, 0x11, 0x03, 0x11, 0x03, 0x11, 0x03, 0x11, 0x03, 0x11, 0x03, 0x11, 0x03, 0x11, 0x03, 0x11, 0x03, 0x11, 0x03, 0x11,
    0x03, 0x11, 0x03, 0x11, 0x03, 0x11, 0x03, 0x11, 0x03, 0x11, 0x03, 0x11, 0x27, 0x2b, 0x27, 0x2b, 0x27, 0x2b, 0x27, 0x2b, 0x27, 0x2b, 0x27, 0x2b,
    0x27, 0x2b, 0x27, 0x2b, 0x27, 0x2b, 0x27, 0x2b, 0x27, 0x2b, 0x27, 0x2b, 0x27, 0x2b, 0x27, 0x2b, 0x6b, 0x55, 0x6b, 0x55, 0x6b, 0x55, 0x6b, 0x55,
    0x6b, 0x55, 0x6b, 0x55, 0x6b, 0x55, 0x6b, 0x55, 0x6b, 0x55, 0x6b, 0x55, 0xf5, 0xee, 0xf5, 0xee, 0xf5, 0xee, 0xf5, 0xee, 0xf5, 0xee, 0xf5, 0xee,
    0xf5, 0xee, 0xf5, 0xee, 0xf5, 0xee, 0xf5, 0xee, 0xf5, 0xee, 0xf5, 0xee, 0xf5, 0xee, 0xf5, 0xee, 0xf5, 0xee, 0xf5, 0xee, 0xf5, 0xee, 0xf5, 0xee,
    0x6b, 0x55, 0x6b, 0x55, 0x6b, 0x55, 0x6b, 0x55, 0x27, 0x2b, 0x27, 0x2b, 0x27, 0x2b, 0x27, 0x2b, 0x03, 0x11, 0x03, 0x11, 0x03, 0x11, 0x03, 0x11,
    0x03, 0x11, 0x03, 0x11, 0x03, 0x11, 0x03, 0x11, 0x03, 0x11, 0x03, 0x11, 0x03, 0x11, 0x03, 0x11, 0x03, 0x11, 0x03, 0x11, 0x03, 0x11, 0x03, 0x11,
    0x03, 0x11, 0x03, 0x11, 0x03, 0x11, 0x03, 0x11, 0x03, 0x11, 0x03, 0x11, 0x03, 0x11, 0x03, 0x11, 0x03, 0x11, 0x03, 0x11, 0x03, 0x11, 0x03, 0x11,
    0x03, 0x11, 0x03, 0x11, 0x03, 0x11, 0x03, 0x11, 0x03, 0x11, 0x03, 0x11, 0x03, 0x11, 0x03, 0x11, 0x27, 0x2b, 0x27, 0x2b, 0x27, 0x2b, 0x27, 0x2b,
    0x27, 0x2b, 0x27, 0x2b, 0x27, 0x2b, 0x27, 0x2b, 0x6b, 0x55, 0x6b, 0x55, 0x6b, 0x55, 0x6b, 0x55, 0x6b, 0x55, 0x6b, 0x55, 0x6b, 0x55, 0x6b, 0x55,
    0x6b, 0x55, 0x6b, 0x55, 0xf5, 0xee, 0xf5, 0xee, 0xf5, 0xee, 0xf5, 0xee, 0xf5, 0xee, 0xf5, 0xee, 0xf5, 0xee, 0xf5, 0xee, 0xf5, 0xee, 0xf5, 0xee,
    0xf5, 0xee, 0xf5, 0xee, 0xf5, 0xee, 0xf5, 0xee, 0xf5, 0xee, 0xf5, 0xee, 0xf5, 0xee, 0xf5, 0xee, 0x6b, 0x55, 0x6b, 0x55, 0x6b, 0x55, 0x6b, 0x55,
    0x27, 0x2b, 0x27, 0x2b, 0x27, 0x2b, 0x27, 0x2b, 0x03, 0x11, 0x03, 0x11, 0x03, 0x11, 0x03, 0x11, 0x03, 0x11, 0x03, 0x11, 0x03, 0x11, 0x03, 0x11,
    0x03, 0x11, 0x03, 0x11, 0x03, 0x11, 0x03, 0x11, 0x03, 0x11, 0x03, 0x11, 0x03, 0x11, 0x03, 0x11, 0x03, 0x11, 0x03, 0x11, 0x03, 0x11, 0x03, 0x11,
    0x03, 0x11, 0x03, 0x11, 0x03, 0x11, 0x03, 0x11, 0x03, 0x11, 0x03, 0x11, 0x03, 0x11, 0x03, 0x11, 0x03, 0x11, 0x03, 0x11, 0x03, 0x11, 0x03, 0x11,
    0x03, 0x11, 0x03, 0x11, 0x03, 0x11, 0x03, 0x11, 0x27, 0x2b, 0x27, 0x2b, 0x27, 0x2b, 0x27, 0x2b, 0x27, 0x2b, 0x27, 0x2b, 0x27, 0x2b, 0x27, 0x2b,
    0x6b, 0x55, 0x6b, 0x55, 0x6b, 0x55, 0x6b, 0x55, 0x6b, 0x55, 0x6b, 0x55, 0x6b, 0x55, 0x6b, 0x55, 0x6b, 0x55, 0x6b, 0x55, 0xf5, 0xee, 0xf5, 0xee,
    0xf5, 0xee, 0xf5, 0xee, 0xf5, 0xee, 0xf5, 0xee, 0xf5, 0xee, 0xf5, 0xee, 0xf5, 0xee, 0xf5, 0xee, 0xf5, 0xee, 0xf5, 0xee, 0xf5, 0xee, 0xf5, 0xee,
    0xf5, 0xee, 0xf5, 0xee, 0xf5, 0xee, 0xf5, 0xee, 0x6b, 0x55, 0x6b, 0x55, 0x6b, 0x55, 0x6b, 0x55, 0x27, 0x2b, 0x27, 0x2b, 0x27, 0x2b, 0x27, 0x2b,
    0x03, 0x11, 0x03, 0x11, 0x03, 0x11, 0x03, 0x11, 0x03, 0x11, 0x03, 0x11, 0x03, 0x11, 0x03, 0x11, 0x03, 0x11, 0x03, 0x11, 0x03, 0x11, 0x03, 0x11,
    0x03, 0x11, 0x03, 0x11, 0x03, 0x11, 0x03, 0x11, 0x03, 0x11, 0x03, 0x11, 0x03, 0x11, 0x03, 0x11, 0x03, 0x11, 0x03, 0x11, 0x03, 0x11, 0x03, 0x11,
    0x03, 0x11, 0x03, 0x11, 0x03, 0x11, 0x03, 0x11, 0x03, 0x11, 0x03, 0x11, 0x03, 0x11, 0x03, 0x11, 0x03, 0x11, 0x03, 0x11, 0x03, 0x11, 0x03, 0x11,
    0x03, 0x11, 0x03, 0x11, 0x03, 0x11, 0x03, 0x11, 0x27, 0x2b, 0x27, 0x2b, 0x27, 0x2b, 0x27, 0x2b, 0x27, 0x2b, 0x27, 0x2b, 0x27, 0x2b, 0x27, 0x2b,
    0x27, 0x2b, 0x27, 0x2b, 0x27, 0x2b, 0x27, 0x2b, 0x27, 0x2b, 0x27, 0x2b, 0x27, 0x2b, 0x27, 0x2b, 0xf5, 0xee, 0xf5, 0xee, 0xf5, 0xee, 0xf5, 0xee,
    0xf5, 0xee, 0xf5, 0xee, 0xf5, 0xee, 0xf5, 0xee, 0xf5, 0xee, 0xf5, 0xee, 0xf5, 0xee, 0xf5, 0xee, 0x27, 0x2b, 0x27, 0x2b, 0x27, 0x2b, 0x27, 0x2b,
    0x27, 0x2b, 0x27, 0x2b, 0x27, 0x2b, 0x27, 0x2b, 0x27, 0x2b, 0x27, 0x2b, 0x27, 0x2b, 0x27, 0x2b, 0x27, 0x2b, 0x27, 0x2b, 0x27, 0x2b, 0x27, 0x2b,
    0x03, 0x11, 0x03, 0x11, 0x03, 0x11, 0x03, 0x11, 0x03, 0x11, 0x03, 0x11, 0x03, 0x11, 0x03, 0x11, 0x03, 0x11, 0x03, 0x11, 0x03, 0x11, 0x03, 0x11,
    0x03, 0x11, 0x03, 0x11, 0x03, 0x11, 0x03, 0x11, 0x03, 0x11, 0x03, 0x11, 0x03, 0x11, 0x03, 0x11, 0x03, 0x11, 0x03, 0x11, 0x03, 0x11, 0x03, 0x11,
    0x03, 0x11, 0x03, 0x11, 0x03, 0x11, 0x03, 0x11, 0x03, 0x11, 0x03, 0x11, 0x03, 0x11, 0x03, 0x11, 0x03, 0x11, 0x03, 0x11, 0x03, 0x11, 0x03, 0x11,
    0x27, 0x2b, 0x27, 0x2b, 0x27, 0x2b, 0x27, 0x2b, 0x27, 0x2b, 0x27, 0x2b, 0x27, 0x2b, 0x27, 0x2b, 0x27, 0x2b, 0x27, 0x2b, 0x27, 0x2b, 0x27, 0x2b,
    0x27, 0x2b, 0x27, 0x2b, 0x27, 0x2b, 0x27, 0x2b, 0xf5, 0xee, 0xf5, 0xee, 0xf5, 0xee, 0xf5, 0xee, 0xf5, 0xee, 0xf5, 0xee, 0xf5, 0xee, 0xf5, 0xee,
    0xf5, 0xee, 0xf5, 0xee, 0xf5, 0xee, 0xf5, 0xee, 0x27, 0x2b, 0x27, 0x2b, 0x27, 0x2b, 0x27, 0x2b, 0x27, 0x2b, 0x27, 0x2b, 0x27, 0x2b, 0x27, 0x2b,
    0x27, 0x2b, 0x27, 0x2b, 0x27, 0x2b, 0x27, 0x2b, 0x27, 0x2b, 0x27, 0x2b, 0x27, 0x2b, 0x27, 0x2b, 0x03, 0x11, 0x03, 0x11, 0x03, 0x11, 0x03, 0x11,
    0x03, 0x11, 0x03, 0x11, 0x03, 0x11, 0x03, 0x11, 0x03, 0x11, 0x03, 0x11, 0x03, 0x11, 0x03, 0x11, 0x03, 0x11, 0x03, 0x11, 0x03, 0x11, 0x03, 0x11,
    0x03, 0x11, 0x03, 0x11, 0x03, 0x11, 0x03, 0x11, 0x03, 0x11, 0x03, 0x11, 0x03, 0x11, 0x03, 0x11, 0x03, 0x11, 0x03, 0x11, 0x03, 0x11, 0x03, 0x11,
    0x03, 0x11, 0x03, 0x11, 0x03, 0x11, 0x03, 0x11, 0x03, 0x11, 0x03, 0x11, 0x03, 0x11, 0x03, 0x11, 0x27, 0x2b, 0x27, 0x2b, 0x27, 0x2b, 0x27, 0x2b,
    0x27, 0x2b, 0x27, 0x2b, 0x27, 0x2b, 0x27, 0x2b, 0x27, 0x2b, 0x27, 0x2b, 0x27, 0x2b, 0x27, 0x2b, 0x27, 0x2b, 0x27, 0x2b, 0x27, 0x2b, 0x27, 0x2b,
    0x27, 0x2b, 0x27, 0x2b, 0x27, 0x2b, 0x27, 0x2b, 0x27, 0x2b, 0x27, 0x2b, 0x27, 0x2b, 0x27, 0x2b, 0x27, 0x2b, 0x27, 0x2b, 0x27, 0x2b, 0x27, 0x2b,
    0x27, 0x2b, 0x27, 0x2b, 0x27, 0x2b, 0x27, 0x2b, 0x27, 0x2b, 0x27, 0x2b, 0x27, 0x2b, 0x27, 0x2b, 0x27, 0x2b, 0x27, 0x2b, 0x27, 0x2b, 0x27, 0x2b,
    0x27, 0x2b, 0x27, 0x2b, 0x27, 0x2b, 0x27, 0x2b, 0x03, 0x11, 0x03, 0x11, 0x03, 0x11, 0x03, 0x11, 0x03, 0x11, 0x03, 0x11, 0x03, 0x11, 0x03, 0x11,
    0x03, 0x11, 0x03, 0x11, 0x03, 0x11, 0x03, 0x11, 0x03, 0x11, 0x03, 0x11, 0x03, 0x11, 0x03, 0x11, 0x03, 0x11, 0x03, 0x11, 0x03, 0x11, 0x03, 0x11,
    0x03, 0x11, 0x03, 0x11, 0x03, 0x11, 0x03, 0x11, 0x03, 0x11, 0x03, 0x11, 0x03, 0x11, 0x03, 0x11, 0x03, 0x11, 0x03, 0x11, 0x03, 0x11, 0x03, 0x11,
    0x03, 0x11, 0x03, 0x11, 0x03, 0x11, 0x03, 0x11, 0x27, 0x2b, 0x27, 0x2b, 0x27, 0x2b, 0x27, 0x2b, 0x27, 0x2b, 0x27, 0x2b, 0x27, 0x2b, 0x27, 0x2b,
    0x27, 0x2b, 0x27, 0x2b, 0x27, 0x2b, 0x27, 0x2b, 0x27, 0x2b, 0x27, 0x2b, 0x27, 0x2b, 0x27, 0x2b, 0x27, 0x2b, 0x27, 0x2b, 0x27, 0x2b, 0x27, 0x2b,
    0x27, 0x2b, 0x27, 0x2b, 0x27, 0x2b, 0x27, 0x2b, 0x27, 0x2b, 0x27, 0x2b, 0x27, 0x2b, 0x27, 0x2b, 0x27, 0x2b, 0x27, 0x2b, 0x27, 0x2b, 0x27, 0x2b,
    0x27, 0x2b, 0x27, 0x2b, 0x27, 0x2b, 0x27, 0x2b, 0x27, 0x2b, 0x27, 0x2b, 0x27, 0x2b, 0x27, 0x2b, 0x27, 0x2b, 0x27, 0x2b, 0x27, 0x2b, 0x27, 0x2b,
    0x03, 0x11, 0x03, 0x11, 0x03, 0x11, 0x03, 0x11, 0x03, 0x11, 0x03, 0x11, 0x03, 0x11, 0x03, 0x11, 0x03, 0x11, 0x03, 0x11, 0x03, 0x11, 0x03, 0x11,
    0x03, 0x11, 0x03, 0x11, 0x03, 0x11, 0x03, 0x11, 0x03, 0x11, 0x03, 0x11, 0x03, 0x11, 0x03, 0x11, 0x03, 0x11, 0x03, 0x11, 0x03, 0x11, 0x03, 0x11,
    0x03, 0x11, 0x03, 0x11, 0x03, 0x11, 0x03, 0x11, 0x03, 0x11, 0x03, 0x11, 0x03, 0x11, 0x03, 0x11, 0x03, 0x11, 0x03, 0x11, 0x03, 0x11, 0x03, 0x11,
    0x27, 0x2b, 0x27, 0x2b, 0x27, 0x2b, 0x27, 0x2b, 0x27, 0x2b, 0x27, 0x2b, 0x27, 0x2b, 0x27, 0x2b, 0x27, 0x2b, 0x27, 0x2b, 0x27, 0x2b, 0x27, 0x2b,
    0x27, 0x2b, 0x27, 0x2b, 0x27, 0x2b, 0x27, 0x2b, 0x03, 0x11, 0x03, 0x11, 0x03, 0x11, 0x03, 0x11, 0x03, 0x11, 0x03, 0x11, 0x03, 0x11, 0x03, 0x11,
    0x03, 0x11, 0x03, 0x11, 0x03, 0x11, 0x03, 0x11, 0x27, 0x2b, 0x27, 0x2b, 0x27, 0x2b, 0x27, 0x2b, 0x27, 0x2b, 0x27, 0x2b, 0x27, 0x2b, 0x27, 0x2b,
    0x27, 0x2b, 0x27, 0x2b, 0x27, 0x2b, 0x27, 0x2b, 0x27, 0x2b, 0x27, 0x2b, 0x27, 0x2b, 0x27, 0x2b, 0x03, 0x11, 0x03, 0x11, 0x03, 0x11, 0x03, 0x11,
    0x03, 0x11, 0x03, 0x11, 0x03, 0x11, 0x03, 0x11, 0x03, 0x11, 0x03, 0x11, 0x03, 0x11, 0x03, 0x11, 0x03, 0x11, 0x03, 0x11, 0x03, 0x11, 0x03, 0x11,
    0x03, 0x11, 0x03, 0x11, 0x03, 0x11, 0x03, 0x11, 0x03, 0x11, 0x03, 0x11, 0x03, 0x11, 0x03, 0x11, 0x03, 0x11, 0x03, 0x11, 0x03, 0x11, 0x03, 0x11,
    0x03, 0x11, 0x03, 0x11, 0x03, 0x11, 0x03, 0x11, 0x03, 0x11, 0x03, 0x11, 0x03, 0x11, 0x03, 0x11, 0x27, 0x2b, 0x27, 0x2b, 0x27, 0x2b, 0x27, 0x2b,
    0x27, 0x2b, 0x27, 0x2b, 0x27, 0x2b, 0x27, 0x2b, 0x27, 0x2b, 0x27, 0x2b, 0x27, 0x2b, 0x27, 0x2b, 0x27, 0x2b, 0x27, 0x2b, 0x27, 0x2b, 0x27, 0x2b,
    0x03, 0x11, 0x03, 0x11, 0x03, 0x11, 0x03, 0x11, 0x03, 0x11, 0x03, 0x11, 0x03, 0x11, 0x03, 0x11, 0x03, 0x11, 0x03, 0x11, 0x03, 0x11, 0x03, 0x11,
    0x27, 0x2b, 0x27, 0x2b, 0x27, 0x2b, 0x27, 0x2b, 0x27, 0x2b, 0x27, 0x2b, 0x27, 0x2b, 0x27, 0x2b, 0x27, 0x2b, 0x27, 0x2b, 0x27, 0x2b, 0x27, 0x2b,
    0x27, 0x2b, 0x27, 0x2b, 0x27, 0x2b, 0x27, 0x2b, 0x03, 0x11, 0x03, 0x11, 0x03, 0x11, 0x03, 0x11, 0x03, 0x11, 0x03, 0x11, 0x03, 0x11, 0x03, 0x11,
    0x03, 0x11, 0x03, 0x11, 0x03, 0x11, 0x03, 0x11, 0x03, 0x11, 0x03, 0x11, 0x03, 0x11, 0x03, 0x11, 0x03, 0x11, 0x03, 0x11, 0x03, 0x11, 0x03, 0x11,
    0x03, 0x11, 0x03, 0x11, 0x03, 0x11, 0x03, 0x11, 0x03, 0x11, 0x03, 0x11, 0x03, 0x11, 0x03, 0x11, 0x03, 0x11, 0x03, 0x11, 0x03, 0x11, 0x03, 0x11,
    0x03, 0x11, 0x03, 0x11, 0x03, 0x11, 0x03, 0x11, 0x27, 0x2b, 0x27, 0x2b, 0x27, 0x2b, 0x27, 0x2b, 0x27, 0x2b, 0x27, 0x2b, 0x27, 0x2b, 0x27, 0x2b,
    0x27, 0x2b, 0x27, 0x2b, 0x27, 0x2b, 0x27, 0x2b, 0x27, 0x2b, 0x27, 0x2b, 0x27, 0x2b, 0x27, 0x2b, 0x03, 0x11, 0x03, 0x11, 0x03, 0x11, 0x03, 0x11,
    0x03, 0x11, 0x03, 0x11, 0x03, 0x11, 0x03, 0x11, 0x03, 0x11, 0x03, 0x11, 0x03, 0x11, 0x03, 0x11, 0x27, 0x2b, 0x27, 0x2b, 0x27, 0x2b, 0x27, 0x2b,
    0x27, 0x2b, 0x27, 0x2b, 0x27, 0x2b, 0x27, 0x2b, 0x27, 0x2b, 0x27, 0x2b, 0x27, 0x2b, 0x27, 0x2b, 0x27, 0x2b, 0x27, 0x2b, 0x27, 0x2b, 0x27, 0x2b,
    0x03, 0x11, 0x03, 0x11, 0x03, 0x11, 0x03, 0x11, 0x03, 0x11, 0x03, 0x11, 0x03, 0x11, 0x03, 0x11, 0x03, 0x11, 0x03, 0x11, 0x03, 0x11, 0x03, 0x11,
    0x03, 0x11, 0x03, 0x11, 0x03, 0x11, 0x03, 0x11, 0x03, 0x11, 0x03, 0x11, 0x03, 0x11, 0x03, 0x11, 0x03, 0x11, 0x03, 0x11, 0x03, 0x11, 0x03, 0x11,
    0x03, 0x11, 0x03, 0x11, 0x03, 0x11, 0x03, 0x11, 0x03, 0x11, 0x03, 0x11, 0x03, 0x11, 0x03, 0x11, 0x03, 0x11, 0x03, 0x11, 0x03, 0x11, 0x03, 0x11,
    0x27, 0x2b, 0x27, 0x2b, 0x27, 0x2b, 0x27, 0x2b, 0x27, 0x2b, 0x27, 0x2b, 0x27, 0x2b, 0x27, 0x2b, 0x27, 0x2b, 0x27, 0x2b, 0x27, 0x2b, 0x27, 0x2b,
    0x27, 0x2b, 0x27, 0x2b, 0x27, 0x2b, 0x27, 0x2b, 0x03, 0x11, 0x03, 0x11, 0x03, 0x11, 0x03, 0x11, 0x03, 0x11, 0x03, 0x11, 0x03, 0x11, 0x03, 0x11,
    0x03, 0x11, 0x03, 0x11, 0x03, 0x11, 0x03, 0x11, 0x27, 0x2b, 0x27, 0x2b, 0x27, 0x2b, 0x27, 0x2b, 0x27, 0x2b, 0x27, 0x2b, 0x27, 0x2b, 0x27, 0x2b,
    0x27, 0x2b, 0x27, 0x2b, 0x27, 0x2b, 0x27, 0x2b, 0x27, 0x2b, 0x27, 0x2b, 0x27, 0x2b, 0x27, 0x2b, 0x03, 0x11, 0x03, 0x11, 0x03, 0x11, 0x03, 0x11,
    0x03, 0x11, 0x03, 0x11, 0x03, 0x11, 0x03, 0x11, 0x03, 0x11, 0x03, 0x11, 0x03, 0x11, 0x03, 0x11, 0x03, 0x11, 0x03, 0x11, 0x03, 0x11, 0x03, 0x11,
    0x03, 0x11, 0x03, 0x11, 0x03, 0x11, 0x03, 0x11, 0x03, 0x11, 0x03, 0x11, 0x03, 0x11, 0x03, 0x11, 0x03, 0x11, 0x03, 0x11, 0x03, 0x11, 0x03, 0x11,
    0x03, 0x11, 0x03, 0x11, 0x03, 0x11, 0x03, 0x11, 0x03, 0x11, 0x03, 0x11, 0x03, 0x11, 0x03, 0x11, 0x03, 0x11, 0x03, 0x11, 0x03, 0x11, 0x03, 0x11,
    0x03, 0x11, 0x03, 0x11, 0x03, 0x11, 0x03, 0x11, 0x03, 0x11, 0x03, 0x11, 0x03, 0x11, 0x03, 0x11, 0x03, 0x11, 0x03, 0x11, 0x03, 0x11, 0x03, 0x11,
    0x03, 0x11, 0x03, 0x11, 0x03, 0x11, 0x03, 0x11, 0x03, 0x11, 0x03, 0x11, 0x03, 0x11, 0x03, 0x11, 0x03, 0x11, 0x03, 0x11, 0x03, 0x11, 0x03, 0x11,
    0x03, 0x11, 0x03, 0x11, 0x03, 0x11, 0x03, 0x11, 0x03, 0x11, 0x03, 0x11, 0x03, 0x11, 0x03, 0x11, 0x03, 0x11, 0x03, 0x11, 0x03, 0x11, 0x03, 0x11,
    0x03, 0x11, 0x03, 0x11, 0x03, 0x11, 0x03, 0x11, 0x03, 0x11, 0x03, 0x11, 0x03, 0x11, 0x03, 0x11, 0x03, 0x11, 0x03, 0x11, 0x03, 0x11, 0x03, 0x11,
    0x03, 0x11, 0x03, 0x11, 0x03, 0x11, 0x03, 0x11, 0x03, 0x11, 0x03, 0x11, 0x03, 0x11, 0x03, 0x11, 0x03, 0x11, 0x03, 0x11, 0x03, 0x11, 0x03, 0x11,
    0x03, 0x11, 0x03, 0x11, 0x03, 0x11, 0x03, 0x11, 0x03, 0x11, 0x03, 0x11, 0x03, 0x11, 0x03, 0x11, 0x03, 0x11, 0x03, 0x11, 0x03, 0x11, 0x03, 0x11,
    0x03, 0x11, 0x03, 0x11, 0x03, 0x11, 0x03, 0x11, 0x03, 0x11, 0x03, 0x11, 0x03, 0x11, 0x03, 0x11, 0x03, 0x11, 0x03, 0x11, 0x03, 0x11, 0x03, 0x11,
    0x03, 0x11, 0x03, 0x11, 0x03, 0x11, 0x03, 0x11, 0x03, 0x11, 0x03, 0x11, 0x03, 0x11, 0x03, 0x11, 0x03, 0x11, 0x03, 0x11, 0x03, 0x11, 0x03, 0x11,
    0x03, 0x11, 0x03, 0x11, 0x03, 0x11, 0x03, 0x11, 0x03, 0x11, 0x03, 0x11, 0x03, 0x11, 0x03, 0x11, 0x03, 0x11, 0x03, 0x11, 0x03, 0x11, 0x03, 0x11,
    0x03, 0x11, 0x03, 0x11, 0x03, 0x11, 0x03, 0x11, 0x03, 0x11, 0x03, 0x11, 0x03, 0x11, 0x03, 0x11, 0x03, 0x11, 0x03, 0x11, 0x03, 0x11, 0x03, 0x11,
    0x03, 0x11, 0x03, 0x11, 0x03, 0x11, 0x03, 0x11, 0x03, 0x11, 0x03, 0x11, 0x03, 0x11, 0x03, 0x11, 0x03, 0x11, 0x03, 0x11, 0x03, 0x11, 0x03, 0x11,
    0x03, 0x11, 0x03, 0x11, 0x03, 0x11, 0x03, 0x11, 0x03, 0x11, 0x03, 0x11, 0x03, 0x11, 0x03, 0x11, 0x03, 0x11, 0x03, 0x11, 0x03, 0x11, 0x03, 0x11,
    0x03, 0x11, 0x03, 0x11, 0x03, 0x11, 0x03, 0x11, 0x03, 0x11, 0x03, 0x11, 0x03, 0x11, 0x03, 0x11, 0x03, 0x11, 0x03, 0x11, 0x03, 0x11, 0x03, 0x11,
    0x03, 0x11, 0x03, 0x11, 0x03, 0x11, 0x03, 0x11, 0x03, 0x11, 0x03, 0x11, 0x03, 0x11, 0x03, 0x11, 0x03, 0x11, 0x03, 0x11, 0x03, 0x11, 0x03, 0x11,
    0x03, 0x11, 0x03, 0x11, 0x03, 0x11, 0x03, 0x11, 0x03, 0x11, 0x03, 0x11, 0x03, 0x11, 0x03, 0x11, 0x03, 0x11, 0x03, 0x11, 0x03, 0x11, 0x03, 0x11,
    0x03, 0x11, 0x03, 0x11, 0x03, 0x11, 0x03, 0x11, 0x03, 0x11, 0x03, 0x11, 0x03, 0x11, 0x03, 0x11, 0x03, 0x11, 0x03, 0x11, 0x03, 0x11, 0x03, 0x11,
    0x03, 0x11, 0x03, 0x11, 0x03, 0x11, 0x03, 0x11, 0x03, 0x11, 0x03, 0x11, 0x03, 0x11, 0x03, 0x11, 0x03, 0x11, 0x03, 0x11, 0x03, 0x11, 0x03, 0x11,
    0x03, 0x11, 0x03, 0x11, 0x03, 0x11, 0x03, 0x11, 0x03, 0x11, 0x03, 0x11, 0x03, 0x11, 0x03, 0x11, 0x03, 0x11, 0x03, 0x11, 0x03, 0x11, 0x03, 0x11,
    0x03, 0x11, 0x03, 0x11, 0x03, 0x11, 0x03, 0x11, 0x03, 0x11, 0x03, 0x11, 0x03, 0x11, 0x03, 0x11, 0x03, 0x11, 0x03, 0x11, 0x03, 0x11, 0x03, 0x11,
    0x03, 0x11, 0x03, 0x11, 0x03, 0x11, 0x03, 0x11, 0x03, 0x11, 0x03, 0x11, 0x03, 0x11, 0x03, 0x11, 0x03, 0x11, 0x03, 0x11, 0x03, 0x11, 0x03, 0x11,
    0x03, 0x11, 0x03, 0x11, 0x03, 0x11, 0x03, 0x11, 0x03, 0x11, 0x03, 0x11, 0x03, 0x11, 0x03, 0x11, 0x03, 0x11, 0x03, 0x11, 0x03, 0x11, 0x03, 0x11,
    0x03, 0x11, 0x03, 0x11, 0x03, 0x11, 0x03, 0x11, 0x03, 0x11, 0x03, 0x11, 0x03, 0x11, 0x03, 0x11, 0x03, 0x11, 0x03, 0x11, 0x03, 0x11, 0x03, 0x11,
    0x03, 0x11, 0x03, 0x11, 0x03, 0x11, 0x03, 0x11, 0x03, 0x11, 0x03, 0x11, 0x03, 0x11, 0x03, 0x11, 0x03, 0x11, 0x03, 0x11, 0x03, 0x11, 0x03, 0x11,
    0x03, 0x11, 0x03, 0x11, 0x03, 0x11, 0x03, 0x11, 0x03, 0x11, 0x03, 0x11, 0x03, 0x11, 0x03, 0x11, 0x03, 0x11, 0x03, 0x11, 0x03, 0x11, 0x03, 0x11,
    0x03, 0x11, 0x03, 0x11, 0x03, 0x11, 0x03, 0x11, 0x03, 0x11, 0x03, 0x11, 0x03, 0x11, 0x03, 0x11, 0x03, 0x11, 0x03, 0x11, 0x03, 0x11, 0x03, 0x11,
    0x03, 0x11, 0x03, 0x11, 0x03, 0x11, 0x03, 0x11, 0x03, 0x11, 0x03, 0x11, 0x03, 0x11, 0x03, 0x11, 0x03, 0x11, 0x03, 0x11, 0x03, 0x11, 0x03, 0x11,
    0x03, 0x11, 0x03, 0x11, 0x03, 0x11, 0x03, 0x11, 0x03, 0x11, 0x03, 0x11, 0x03, 0x11, 0x03, 0x11, 0x03, 0x11, 0x03, 0x11, 0x03, 0x11, 0x03, 0x11,
    0x03, 0x11, 0x03, 0x11, 0x03, 0x11, 0x03, 0x11, 0x03, 0x11, 0x03, 0x11, 0x03, 0x11, 0x03, 0x11, 0x03, 0x11, 0x03, 0x11, 0x03, 0x11, 0x03, 0x11,
    0x03, 0x11, 0x03, 0x11, 0x03, 0x11, 0x03, 0x11, 0x03, 0x11, 0x03, 0x11, 0x03, 0x11, 0x03, 0x11, 0x03, 0x11, 0x03, 0x11, 0x03, 0x11, 0x03, 0x11,
    0x03, 0x11, 0x03, 0x11, 0x03, 0x11, 0x03, 0x11, 0x03, 0x11, 0x03, 0x11, 0x03, 0x11, 0x03, 0x11, 0x03, 0x11, 0x03, 0x11, 0x03, 0x11, 0x03, 0x11,
    0x03, 0x11, 0x03, 0x11, 0x03, 0x11, 0x03, 0x11, 0x03, 0x11, 0x03, 0x11, 0x03, 0x11, 0x03, 0x11, 0x03, 0x11, 0x03, 0x11, 0x03, 0x11, 0x03, 0x11,
    0x03, 0x11, 0x03, 0x11, 0x03, 0x11, 0x03, 0x11, 0x03, 0x11, 0x03, 0x11, 0x03, 0x11, 0x03, 0x11, 0x03, 0x11, 0x03, 0x11, 0x03, 0x11, 0x03, 0x11,
    0x03, 0x11, 0x03, 0x11, 0x03, 0x11, 0x03, 0x11, 0x03, 0x11, 0x03, 0x11, 0x03, 0x11, 0x03, 0x11, 0x03, 0x11, 0x03, 0x11, 0x03, 0x11, 0x03, 0x11,
    0x03, 0x11, 0x03, 0x11, 0x03, 0x11, 0x03, 0x11, 0x03, 0x11, 0x03, 0x11, 0x03, 0x11, 0x03, 0x11, 0x03, 0x11, 0x03, 0x11, 0x03, 0x11, 0x03, 0x11,
    0x03, 0x11, 0x03, 0x11, 0x03, 0x11, 0x03, 0x11, 0x03, 0x11, 0x03, 0x11, 0x03, 0x11, 0x03, 0x11, 0x03, 0x11, 0x03, 0x11, 0x03, 0x11, 0x03, 0x11,
    0x03, 0x11, 0x03, 0x11, 0x03, 0x11, 0x03, 0x11, 0x03, 0x11, 0x03, 0x11, 0x03, 0x11, 0x03, 0x11, 0x03, 0x11, 0x03, 0x11, 0x03, 0x11, 0x03, 0x11,
    0x03, 0x11, 0x03, 0x11, 0x03, 0x11, 0x03, 0x11, 0x03, 0x11, 0x03, 0x11, 0x03, 0x11, 0x03, 0x11, 0x03, 0x11, 0x03, 0x11, 0x03, 0x11, 0x03, 0x11,
    0x03, 0x11, 0x03, 0x11, 0x03, 0x11, 0x03, 0x11, 0x03, 0x11, 0x03, 0x11, 0x03, 0x11, 0x03, 0x11, 0x03, 0x11, 0x03, 0x11, 0x03, 0x11, 0x03, 0x11,
    0x03, 0x11, 0x03, 0x11, 0x03, 0x11, 0x03, 0x11, 0x03, 0x11, 0x03, 0x11, 0x03, 0x11, 0x03, 0x11, 0x03, 0x11, 0x03, 0x11, 0x03, 0x11, 0x03, 0x11,
    0x03, 0x11, 0x03, 0x11, 0x03, 0x11, 0x03, 0x11, 0x03, 0x11, 0x03, 0x11, 0x03, 0x11, 0x03, 0x11, 0x03, 0x11, 0x03, 0x11, 0x03, 0x11, 0x03, 0x11,
    0x03, 0x11, 0x03, 0x11, 0x03, 0x11, 0x03, 0x11, 0x03, 0x11, 0x03, 0x11, 0x03, 0x11, 0x03, 0x11, 0x03, 0x11, 0x03, 0x11, 0x03, 0x11, 0x03, 0x11,
    0x03, 0x11, 0x03, 0x11, 0x03, 0x11, 0x03, 0x11, 0x03, 0x11, 0x03, 0x11, 0x03, 0x11, 0x03, 0x11, 0x03, 0x11, 0x03, 0x11, 0x03, 0x11, 0x03, 0x11,
    0x03, 0x11, 0x03, 0x11, 0x03, 0x11, 0x03, 0x11, 0x03, 0x11, 0x03, 0x11, 0x03, 0x11, 0x03, 0x11, 0x03, 0x11, 0x03, 0x11, 0x03, 0x11, 0x03, 0x11,
    0x03, 0x11, 0x03, 0x11, 0x03, 0x11, 0x03, 0x11, 0x03, 0x11, 0x03, 0x11, 0x03, 0x11, 0x03, 0x11, 0x03, 0x11, 0x03, 0x11, 0x03, 0x11, 0x03, 0x11,
    0x03, 0x11, 0x03, 0x11, 0x03, 0x11, 0x03, 0x11, 0x03, 0x11, 0x03, 0x11, 0x03, 0x11, 0x03, 0x11, 0x03, 0x11, 0x03, 0x11, 0x03, 0x11, 0x03, 0x11,
    0x03, 0x11, 0x03, 0x11, 0x03, 0x11, 0x03, 0x11, 0x03, 0x11, 0x03, 0x11, 0x03, 0x11, 0x03, 0x11, 0x03, 0x11, 0x03, 0x11, 0x03, 0x11, 0x03, 0x11,
    0x03, 0x11, 0x03, 0x11, 0x03, 0x11, 0x03, 0x11, 0x03, 0x11, 0x03, 0x11, 0x03, 0x11, 0x03, 0x11, 0x03, 0x11, 0x03, 0x11, 0x03, 0x11, 0x03, 0x11,
    0x03, 0x11, 0x03, 0x11, 0x03, 0x11, 0x03, 0x11, 0x03, 0x11, 0x03, 0x11, 0x03, 0x11, 0x03, 0x11, 0x03, 0x11, 0x03, 0x11, 0x03, 0x11, 0x03, 0x11,
    0x03, 0x11, 0x03, 0x11, 0x03, 0x11, 0x03, 0x11, 0x03, 0x11, 0x03, 0x11, 0x03, 0x11, 0x03, 0x11, 0x03, 0x11, 0x03, 0x11, 0x03, 0x11, 0x03, 0x11,
    0x03, 0x11, 0x03, 0x11, 0x03, 0x11, 0x03, 0x11, 0x03, 0x11, 0x03, 0x11, 0x03, 0x11, 0x03, 0x11, 0x03, 0x11, 0x03, 0x11, 0x03, 0x11, 0x03, 0x11,
    0x03, 0x11, 0x03, 0x11, 0x03, 0x11, 0x03, 0x11, 0x03, 0x11, 0x03, 0x11, 0x03, 0x11, 0x03, 0x11, 0x03, 0x11, 0x03, 0x11, 0x03, 0x11, 0x03, 0x11,
    0x03, 0x11, 0x03, 0x11, 0x03, 0x11, 0x03, 0x11,
};
const lv_img_dsc_t pet_cheer_2 = {
    .header.cf = LV_IMG_CF_TRUE_COLOR,
    .header.always_zero = 0,
    .header.reserved = 0,
    .header.w = 80,
    .header.h = 80,
    .data_size = 12800,
    .data = pet_cheer_2_map,
};

static const LV_ATTRIBUTE_MEM_ALIGN LV_ATTRIBUTE_LARGE_CONST uint8_t pet_cheer_3_map[] = {
    0x03, 0x11, 0x03, 0x11, 0x03, 0x11, 0x03, 0x11, 0x03, 0x11, 0x03, 0x11, 0x03, 0x11, 0x03, 0x11, 0x03, 0x11, 0x03, 0x11, 0x03, 0x11, 0x03, 0x11,
    0x03, 0x11, 0x03, 0x11, 0x03, 0x11, 0x03, 0x11, 0x03, 0x11, 0x03, 0x11, 0x03, 0x11, 0x03, 0x11, 0x03, 0x11, 0x03, 0x11, 0x03, 0x11, 0x03, 0x11,
    0x03, 0x11, 0x03, 0x11, 0x03, 0x11, 0x03, 0x11, 0x03, 0x11, 0x03, 0x11, 0x03, 0x11, 0x03, 0x11, 0x03, 0x11, 0x03, 0x11, 0x03, 0x11, 0x03, 0x11,
    0x03, 0x11, 0x03, 0x11, 0x03, 0x11, 0x03, 0x11, 0x03, 0x11, 0x03, 0x11, 0x03, 0x11, 0x03, 0x11, 0x03, 0x11, 0x03, 0x11, 0x03, 0x11, 0x03, 0x11,
    0x03, 0x11, 0x03, 0x11, 0x03, 0x11, 0x03, 0x11, 0x03, 0x11, 0x03, 0x11, 0x03, 0x11, 0x03, 0x11, 0x03, 0x11, 0x03, 0x11, 0x03, 0x11, 0x03, 0x11,
    0x03, 0x11, 0x03, 0x11, 0x03, 0x11, 0x03, 0x11, 0x03, 0x11, 0x03, 0x11, 0x03, 0x11, 0x03, 0x11, 0x03, 0x11, 0x03, 0x11, 0x03, 0x11, 0x03, 0x11,
    0x03, 0x11, 0x03, 0x11, 0x03, 0x11, 0x03, 0x11, 0x03, 0x11, 0x03, 0x11, 0x03, 0x11, 0x03, 0x11, 0x03, 0x11, 0x03, 0x11, 0x03, 0x11, 0x03, 0x11,
    0x03, 0x11, 0x03, 0x11, 0x03, 0x11, 0x03, 0x11, 0x03, 0x11, 0x03, 0x11, 0x03, 0x11, 0x03, 0x11, 0x03, 0x11, 0x03, 0x11, 0x03, 0x11, 0x03, 0x11,
    0x03, 0x11, 0x03, 0x11, 0x03, 0x11, 0x03, 0x11, 0x03, 0x11, 0x03, 0x11, 0x03, 0x11, 0x03, 0x11, 0x03, 0x11, 0x03, 0x11, 0x03, 0x11, 0x03, 0x11,
    0x03, 0x11, 0x03, 0x11, 0x03, 0x11, 0x03, 0x11, 0x03, 0x11, 0x03, 0x11, 0x03, 0x11, 0x03, 0x11, 0x03, 0x11, 0x03, 0x11, 0x03, 0x11, 0x03, 0x11,
    0x03, 0x11, 0x03, 0x11, 0x03, 0x11, 0x03, 0x11, 0x03, 0x11, 0x03, 0x11, 0x03, 0x11, 0x03, 0x11, 0x03, 0x11, 0x03, 0x11, 0x03, 0x11, 0x03, 0x11,
    0x03, 0x11, 0x03, 0x11, 0x03, 0x11, 0x03, 0x11, 0x03, 0x11, 0x03, 0x11, 0x03, 0x11, 0x03, 0x11, 0x03, 0x11, 0x03, 0x11, 0x03, 0x11, 0x03, 0x11,
    0x03, 0x11, 0x03, 0x11, 0x03, 0x11, 0x03, 0x11, 0x03, 0x11, 0x03, 0x11, 0x03, 0x11, 0x03, 0x11, 0x03, 0x11, 0x03, 0x11, 0x03, 0x11, 0x03, 0x11,
    0x03, 0x11, 0x03, 0x11, 0x03, 0x11, 0x03, 0x11, 0x03, 0x11, 0x03, 0x11, 0x03, 0x11, 0x03, 0x11, 0x03, 0x11, 0x03, 0x11, 0x03, 0x11, 0x03, 0x11,
    0x03, 0x11, 0x03, 0x11, 0x03, 0x11, 0x03, 0x11, 0x03, 0x11, 0x03, 0x11, 0x03, 0x11, 0x03, 0x11, 0x03, 0x11, 0x03, 0x11, 0x03, 0x11, 0x03, 0x11,
    0x03, 0x11, 0x03, 0x11, 0x03, 0x11, 0x03, 0x11, 0x03, 0x11, 0x03, 0x11, 0x03, 0x11, 0x03, 0x11, 0x03, 0x11, 0x03, 0x11, 0x03, 0x11, 0x03, 0x11,
    0x03, 0x11, 0x03, 0x11, 0x03, 0x11, 0x03, 0x11, 0x03, 0x11, 0x03, 0x11, 0x03, 0x11, 0x03, 0x11, 0x03, 0x11, 0x03, 0x11, 0x03, 0x11, 0x03, 0x11,
    0x03, 0x11, 0x03, 0x11, 0x03, 0x11, 0x03, 0x11, 0x03, 0x11, 0x03, 0x11, 0x03, 0x11, 0x03, 0x11, 0x03, 0x11, 0x03, 0x11, 0x03, 0x11, 0x03, 0x11,
    0x03, 0x11, 0x03, 0x11, 0x03, 0x11, 0x03, 0x11, 0x03, 0x11, 0x03, 0x11, 0x03, 0x11, 0x03, 0x11, 0x03, 0x11, 0x03, 0x11, 0x03, 0x11, 0x03, 0x11,
    0x03, 0x11, 0x03, 0x11, 0x03, 0x11, 0x03, 0x11, 0x03, 0x11, 0x03, 0x11, 0x03, 0x11, 0x03, 0x11, 0x03, 0x11, 0x03, 0x11, 0x03, 0x11, 0x03, 0x11,
    0x03, 0x11, 0x03, 0x11, 0x03, 0x11, 0x03, 0x11, 0x03, 0x11, 0x03, 0x11, 0x03, 0x11, 0x03, 0x11, 0x03, 0x11, 0x03, 0x11, 0x03, 0x11, 0x03, 0x11,
    0x03, 0x11, 0x03, 0x11, 0x03, 0x11, 0x03, 0x11, 0x03, 0x11, 0x03, 0x11, 0x03, 0x11, 0x03, 0x11, 0x03, 0x11, 0x03, 0x11, 0x03, 0x11, 0x03, 0x11,
    0x03, 0x11, 0x03, 0x11, 0x03, 0x11, 0x03, 0x11, 0x03, 0x11, 0x03, 0x11, 0x03, 0x11, 0x03, 0x11, 0x03, 0x11, 0x03, 0x11, 0x03, 0x11, 0x03, 0x11,
    0x03, 0x11, 0x03, 0x11, 0x03, 0x11, 0x03, 0x11, 0x03, 0x11, 0x03, 0x11, 0x03, 0x11, 0x03, 0x11, 0x03, 0x11, 0x03, 0x11, 0x03, 0x11, 0x03, 0x11,
    0x03, 0x11, 0x03, 0x11, 0x03, 0x11, 0x03, 0x11, 0x03, 0x11, 0x03, 0x11, 0x03, 0x11, 0x03, 0x11, 0x03, 0x11, 0x03, 0x11, 0x03, 0x11, 0x03, 0x11,
    0x03, 0x11, 0x03, 0x11, 0x03, 0x11, 0x03, 0x11, 0x03, 0x11, 0x03, 0x11, 0x03, 0x11, 0x03, 0x11, 0x03, 0x11, 0x03, 0x11, 0x03, 0x11, 0x03, 0x11,
    0x03, 0x11, 0x03, 0x11, 0x03, 0x11, 0x03, 0x11, 0x03, 0x11, 0x03, 0x11, 0x03, 0x11, 0x03, 0x11, 0x03, 0x11, 0x03, 0x11, 0x03, 0x11, 0x03, 0x11,
    0x03, 0x11, 0x03, 0x11, 0x03, 0x11, 0x03, 0x11, 0x03, 0x11, 0x03, 0x11, 0x03, 0x11, 0x03, 0x11, 0x03, 0x11, 0x03, 0x11, 0x03, 0x11, 0x03, 0x11,
    0x03, 0x11, 0x03, 0x11, 0x03, 0x11, 0x03, 0x11, 0x03, 0x11, 0x03, 0x11, 0x03, 0x11, 0x03, 0x11, 0x03, 0x11, 0x03, 0x11, 0x03, 0x11, 0x03, 0x11,
    0x03, 0x11, 0x03, 0x11, 0x03, 0x11, 0x03, 0x11, 0x03, 0x11, 0x03, 0x11, 0x03, 0x11, 0x03, 0x11, 0x03, 0x11, 0x03, 0x11, 0x03, 0x11, 0x03, 0x11,
    0x03, 0x11, 0x03, 0x11, 0x03, 0x11, 0x03, 0x11, 0x03, 0x11, 0x03, 0x11, 0x03, 0x11, 0x03, 0x11, 0x03, 0x11, 0x03, 0x11, 0x03, 0x11, 0x03, 0x11,
    0x03, 0x11, 0x03, 0x11, 0x03, 0x11, 0x03, 0x11, 0x03, 0x11, 0x03, 0x11, 0x03, 0x11, 0x03, 0x11, 0x03, 0x11, 0x03, 0x11, 0x03, 0x11, 0x03, 0x11,
    0x03, 0x11, 0x03, 0x11, 0x03, 0x11, 0x03, 0x11, 0x03, 0x11, 0x03, 0x11, 0x03, 0x11, 0x03, 0x11, 0x03, 0x11, 0x03, 0x11, 0x03, 0x11, 0x03, 0x11,
    0x03, 0x11, 0x03, 0x11, 0x03, 0x11, 0x03, 0x11, 0x03, 0x11, 0x03, 0x11, 0x03, 0x11, 0x03, 0x11, 0x03, 0x11, 0x03, 0x11, 0x03, 0x11, 0x03, 0x11,
    0x03, 0x11, 0x03, 0x11, 0x03, 0x11, 0x03, 0x11, 0x03, 0x11, 0x03, 0x11, 0x03, 0x11, 0x03, 0x11, 0x03, 0x11, 0x03, 0x11, 0x03, 0x11, 0x03, 0x11,
    0x03, 0x11, 0x03, 0x11, 0x03, 0x11, 0x03, 0x11, 0x03, 0x11, 0x03, 0x11, 0x03, 0x11, 0x03, 0x11, 0x03, 0x11, 0x03, 0x11, 0x03, 0x11, 0x03, 0x11,
    0x03, 0x11, 0x03, 0x11, 0x03, 0x11, 0x03, 0x11, 0x03, 0x11, 0x03, 0x11, 0x03, 0x11, 0x03, 0x11, 0x03, 0x11, 0x03, 0x11, 0x03, 0x11, 0x03, 0x11,
    0x03, 0x11, 0x03, 0x11, 0x03, 0x11, 0x03, 0x11, 0x03, 0x11, 0x03, 0x11, 0x03, 0x11, 0x03, 0x11, 0x03, 0x11, 0x03, 0x11, 0x03, 0x11, 0x03, 0x11,
    0x03, 0x11, 0x03, 0x11, 0x03, 0x11, 0x03, 0x11, 0x03, 0x11, 0x03, 0x11, 0x03, 0x11, 0x03, 0x11, 0x03, 0x11, 0x03, 0x11, 0x03, 0x11, 0x03, 0x11,
    0x03, 0x11, 0x03, 0x11, 0x03, 0x11, 0x03, 0x11, 0x03, 0x11, 0x03, 0x11, 0x03, 0x11, 0x03, 0x11, 0x03, 0x11, 0x03, 0x11, 0x03, 0x11, 0x03, 0x11,
    0x03, 0x11, 0x03, 0x11, 0x03, 0x11, 0x03, 0x11, 0x03, 0x11, 0x03, 0x11, 0x03, 0x11, 0x03, 0x11, 0x03, 0x11, 0x03, 0x11, 0x03, 0x11, 0x03, 0x11,
    0x03, 0x11, 0x03, 0x11, 0x03, 0x11, 0x03, 0x11, 0x03, 0x11, 0x03, 0x11, 0x03, 0x11, 0x03, 0x11, 0xce, 0x9e, 0xce, 0x9e, 0x03, 0x11, 0x03, 0x11,
    0x03, 0x11, 0x03, 0x11, 0x03, 0x11, 0x03, 0x11, 0x03, 0x11, 0x03, 0x11, 0x03, 0x11, 0x03, 0x11, 0x03, 0x11, 0x03, 0x11, 0x03, 0x11, 0x03, 0x11,
    0x03, 0x11, 0x03, 0x11, 0x03, 0x11, 0x03, 0x11, 0x03, 0x11, 0x03, 0x11, 0x03, 0x11, 0x03, 0x11, 0x03, 0x11, 0x03, 0x11, 0x03, 0x11, 0x03, 0x11,
    0x03, 0x11, 0x03, 0x11, 0x03, 0x11, 0x03, 0x11, 0x03, 0x11, 0x03, 0x11, 0x03, 0x11, 0x03, 0x11, 0x03, 0x11, 0x03, 0x11, 0xce, 0x9e, 0xce, 0x9e,
    0x03, 0x11, 0x03, 0x11, 0x03, 0x11, 0x03, 0x11, 0x03, 0x11, 0x03, 0x11, 0x03, 0x11, 0x03, 0x11, 0x03, 0x11, 0x03, 0x11, 0x03, 0x11, 0x03, 0x11,
    0x03, 0x11, 0x03, 0x11, 0x03, 0x11, 0x03, 0x11, 0x03, 0x11, 0x03, 0x11, 0x03, 0x11, 0x03, 0x11, 0x03, 0x11, 0x03, 0x11, 0x03, 0x11, 0x03, 0x11,
    0x03, 0x11, 0x03, 0x11, 0x03, 0x11, 0x03, 0x11, 0x03, 0x11, 0x03, 0x11, 0x03, 0x11, 0x03, 0x11, 0x03, 0x11, 0x03, 0x11, 0x03, 0x11, 0x03, 0x11,
    0x03, 0x11, 0x03, 0x11, 0x03, 0x11, 0x03, 0x11, 0xce, 0x9e, 0xce, 0x9e, 0x03, 0x11, 0x03, 0x11, 0x03, 0x11, 0x03, 0x11, 0x03, 0x11, 0x03, 0x11,
    0x03, 0x11, 0x03, 0x11, 0x03, 0x11, 0x03, 0x11, 0x03, 0x11, 0x03, 0x11, 0x03, 0x11, 0x03, 0x11, 0x03, 0x11, 0x03, 0x11, 0x03, 0x11, 0x03, 0x11,
    0x03, 0x11, 0x03, 0x11, 0x03, 0x11, 0x03, 0x11, 0x03, 0x11, 0x03, 0x11, 0x03, 0x11, 0x03, 0x11, 0x03, 0x11, 0x03, 0x11, 0x03, 0x11, 0x03, 0x11,
    0x03, 0x11, 0x03, 0x11, 0x03, 0x11, 0x03, 0x11, 0x03, 0x11, 0x03, 0x11, 0xce, 0x9e, 0xce, 0x9e, 0x03, 0x11, 0x03, 0x11, 0x03, 0x11, 0x03, 0x11,
    0x03, 0x11, 0x03, 0x11, 0x03, 0x11, 0x03, 0x11, 0x03, 0x11, 0x03, 0x11, 0x03, 0x11, 0x03, 0x11, 0x03, 0x11, 0x03, 0x11, 0x03, 0x11, 0x03, 0x11,
    0x03, 0x11, 0x03, 0x11, 0x03, 0x11, 0x03, 0x11, 0x03, 0x11, 0x03, 0x11, 0x03, 0x11, 0x03, 0x11, 0x03, 0x11, 0x03, 0x11, 0x03, 0x11, 0x03, 0x11,
    0x03, 0x11, 0x03, 0x11, 0x03, 0x11, 0x03, 0x11, 0x03, 0x11, 0x03, 0x11, 0x03, 0x11, 0x03, 0x11, 0x03, 0x11, 0x03, 0x11, 0x03, 0x11, 0x03, 0x11,
    0xce, 0x9e, 0xce, 0x9e, 0xce, 0x9e, 0xce, 0x9e, 0x03, 0x11, 0x03, 0x11, 0x03, 0x11, 0x03, 0x11, 0x03, 0x11, 0x03, 0x11, 0x03, 0x11, 0x03, 0x11,
    0x03, 0x11, 0x03, 0x11, 0x03, 0x11, 0x03, 0x11, 0x03, 0x11, 0x03, 0x11, 0x03, 0x11, 0x03, 0x11, 0x03, 0x11, 0x03, 0x11, 0x03, 0x11, 0x03, 0x11,
    0x03, 0x11, 0x03, 0x11, 0x03, 0x11, 0x03, 0x11, 0x03, 0x11, 0x03, 0x11, 0x03, 0x11, 0x03, 0x11, 0x03, 0x11, 0x03, 0x11, 0x03, 0x11, 0x03, 0x11,
    0xce, 0x9e, 0xce, 0x9e, 0xce, 0x9e, 0xce, 0x9e, 0x03, 0x11, 0x03, 0x11, 0x03, 0x11, 0x03, 0x11, 0xce, 0x9e, 0xce, 0x9e, 0xce, 0x9e, 0xce, 0x9e,
    0xce, 0x9e, 0xce, 0x9e, 0xce, 0x9e, 0xce, 0x9e, 0xf5, 0xee, 0xf5, 0xee, 0xf5, 0xee, 0xf5, 0xee, 0x03, 0x11, 0x03, 0x11, 0x03, 0x11, 0x03, 0x11,
    0x03, 0x11, 0x03, 0x11, 0x03, 0x11, 0x03, 0x11, 0x03, 0x11, 0x03, 0x11, 0x03, 0x11, 0x03, 0x11, 0x03, 0x11, 0x03, 0x11, 0x03, 0x11, 0x03, 0x11,
    0x03, 0x11, 0x03, 0x11, 0x03, 0x11, 0x03, 0x11, 0x03, 0x11, 0x03, 0x11, 0x03, 0x11, 0x03, 0x11, 0xce, 0x9e, 0xce, 0x9e, 0xce, 0x9e, 0xce, 0x9e,
    0x03, 0x11, 0x03, 0x11, 0x03, 0x11, 0x03, 0x11, 0x03, 0x11, 0x03, 0x11, 0x03, 0x11, 0x03, 0x11, 0x03, 0x11, 0x03, 0x11, 0x03, 0x11, 0x03, 0x11,
    0x03, 0x11, 0x03, 0x11, 0x03, 0x11, 0x03, 0x11, 0x03, 0x11, 0x03, 0x11, 0x03, 0x11, 0x03, 0x11, 0x03, 0x11, 0x03, 0x11, 0x03, 0x11, 0x03, 0x11,
    0x03, 0x11, 0x03, 0x11, 0x03, 0x11, 0x03, 0x11, 0x03, 0x11, 0x03, 0x11, 0x03, 0x11, 0x03, 0x11, 0xce, 0x9e, 0xce, 0x9e, 0xce, 0x9e, 0xce, 0x9e,
    0x03, 0x11, 0x03, 0x11, 0x03, 0x11, 0x03, 0x11, 0xce, 0x9e, 0xce, 0x9e, 0xce, 0x9e, 0xce, 0x9e, 0xce, 0x9e, 0xce, 0x9e, 0xce, 0x9e, 0xce, 0x9e,
    0xf5, 0xee, 0xf5, 0xee, 0xf5, 0xee, 0xf5, 0xee, 0x03, 0x11, 0x03, 0x11, 0x03, 0x11, 0x03, 0x11, 0x03, 0x11, 0x03, 0x11, 0x03, 0x11, 0x03, 0x11,
    0x03, 0x11, 0x03, 0x11, 0x03, 0x11, 0x03, 0x11, 0xce, 0x9e, 0xce, 0x9e, 0xce, 0x9e, 0xce, 0x9e, 0xce, 0x9e, 0xce, 0x9e, 0xce, 0x9e, 0xce, 0x9e,
    0xce, 0x9e, 0xce, 0x9e, 0x03, 0x11, 0x03, 0x11, 0x03, 0x11, 0x03, 0x11, 0xce, 0x9e, 0xce, 0x9e, 0xce, 0x9e, 0xce, 0x9e, 0xce, 0x9e, 0xce, 0x9e,
    0x03, 0x11, 0x03, 0x11, 0x03, 0x11, 0x03, 0x11, 0x03, 0x11, 0x03, 0x11, 0x03, 0x11, 0x03, 0x11, 0x03, 0x11, 0x03, 0x11, 0x03, 0x11, 0x03, 0x11,
    0x03, 0x11, 0x03, 0x11, 0x03, 0x11, 0x03, 0x11, 0x03, 0x11, 0x03, 0x11, 0x03, 0x11, 0x03, 0x11, 0x03, 0x11, 0x03, 0x11, 0x03, 0x11, 0x03, 0x11,
    0x03, 0x11, 0x03, 0x11, 0xce, 0x9e, 0xce, 0x9e, 0xce, 0x9e, 0xce, 0x9e, 0xce, 0x9e, 0xce, 0x9e, 0x03, 0x11, 0x03, 0x11, 0x03, 0x11, 0x03, 0x11,
    0xce, 0x9e, 0xce, 0x9e, 0xce, 0x9e, 0xce, 0x9e, 0xce, 0x9e, 0xce, 0x9e, 0xce, 0x9e, 0xce, 0x9e, 0xf5, 0xee, 0xf5, 0xee, 0xf5, 0xee, 0xf5, 0xee,
    0x03, 0x11, 0x03, 0x11, 0x03, 0x11, 0x03, 0x11, 0x03, 0x11, 0x03, 0x11, 0x03, 0x11, 0x03, 0x11, 0x03, 0x11, 0x03, 0x11, 0x03, 0x11, 0x03, 0x11,
    0xce, 0x9e, 0xce, 0x9e, 0xce, 0x9e, 0xce, 0x9e, 0xce, 0x9e, 0xce, 0x9e, 0xce, 0x9e, 0xce, 0x9e, 0xce, 0x9e, 0xce, 0x9e, 0x03, 0x11, 0x03, 0x11,
    0x03, 0x11, 0x03, 0x11, 0xce, 0x9e, 0xce, 0x9e, 0xce, 0x9e, 0xce, 0x9e, 0xce, 0x9e, 0xce, 0x9e, 0x03, 0x11, 0x03, 0x11, 0x03, 0x11, 0x03, 0x11,
    0x03, 0x11, 0x03, 0x11, 0x03, 0x11, 0x03, 0x11, 0x03, 0x11, 0x03, 0x11, 0x03, 0x11, 0x03, 0x11, 0x03, 0x11, 0x03, 0x11, 0x03, 0x11, 0x03, 0x11,
    0x03, 0x11, 0x03, 0x11, 0x03, 0x11, 0x03, 0x11, 0x03, 0x11, 0x03, 0x11, 0x03, 0x11, 0x03, 0x11, 0x03, 0x11, 0x03, 0x11, 0xce, 0x9e, 0xce, 0x9e,
    0xce, 0x9e, 0xce, 0x9e, 0xce, 0x9e, 0xce, 0x9e, 0x03, 0x11, 0x03, 0x11, 0x03, 0x11, 0x03, 0x11, 0xce, 0x9e, 0xce, 0x9e, 0xce, 0x9e, 0xce, 0x9e,
    0xce, 0x9e, 0xce, 0x9e, 0xce, 0x9e, 0xce, 0x9e, 0xf5, 0xee, 0xf5, 0xee, 0xf5, 0xee, 0xf5, 0xee, 0x03, 0x11, 0x03, 0x11, 0x03, 0x11, 0x03, 0x11,
    0x03, 0x11, 0x03, 0x11, 0x03, 0x11, 0x03, 0x11, 0x03, 0x11, 0x03, 0x11, 0x03, 0x11, 0x03, 0x11, 0xce, 0x9e, 0xce, 0x9e, 0xce, 0x9e, 0xce, 0x9e,
    0xce, 0x9e, 0xce, 0x9e, 0xce, 0x9e, 0xce, 0x9e, 0xce, 0x9e, 0xce, 0x9e, 0x03, 0x11, 0x03, 0x11, 0x03, 0x11, 0x03, 0x11, 0xce, 0x9e, 0xce, 0x9e,
    0xce, 0x9e, 0xce, 0x9e, 0xce, 0x9e, 0xce, 0x9e, 0xce, 0x9e, 0xce, 0x9e, 0x03, 0x11, 0x03, 0x11, 0x03, 0x11, 0x03, 0x11, 0x03, 0x11, 0x03, 0x11,
    0x03, 0x11, 0x03, 0x11, 0x03, 0x11, 0x03, 0x11, 0x03, 0x11, 0x03, 0x11, 0x03, 0x11, 0x03, 0x11, 0x03, 0x11, 0x03, 0x11, 0x03, 0x11, 0x03, 0x11,
    0x03, 0x11, 0x03, 0x11, 0xce, 0x9e, 0xce, 0x9e, 0xce, 0x9e, 0xce, 0x9e, 0xce, 0x9e, 0xce, 0x9e, 0xce, 0x9e, 0xce, 0x9e, 0xce, 0x9e, 0xce, 0x9e,
    0x03, 0x11, 0x03, 0x11, 0x03, 0x11, 0x03, 0x11, 0xce, 0x9e, 0xce, 0x9e, 0xce, 0x9e, 0xce, 0x9e, 0xce, 0x9e, 0xce, 0x9e, 0xce, 0x9e, 0xce, 0x9e,
    0xf5, 0xee, 0xf5, 0xee, 0xf5, 0xee, 0xf5, 0xee, 0x03, 0x11, 0x03, 0x11, 0x03, 0x11, 0x03, 0x11, 0x03, 0x11, 0x03, 0x11, 0x03, 0x11, 0x03, 0x11,
    0x03, 0x11, 0x03, 0x11, 0x03, 0x11, 0x03, 0x11, 0xce, 0x9e, 0xce, 0x9e, 0xce, 0x9e, 0xce, 0x9e, 0xce, 0x9e, 0xce, 0x9e, 0xce, 0x9e, 0xce, 0x9e,
    0xce, 0x9e, 0xce, 0x9e, 0x03, 0x11, 0x03, 0x11, 0x03, 0x11, 0x03, 0x11, 0xce, 0x9e, 0xce, 0x9e, 0xce, 0x9e, 0xce, 0x9e, 0xce, 0x9e, 0xce, 0x9e,
    0xce, 0x9e, 0xce, 0x9e, 0x03, 0x11, 0x03, 0x11, 0x03, 0x11, 0x03, 0x11, 0x03, 0x11, 0x03, 0x11, 0x03, 0x11, 0x03, 0x11, 0x03, 0x11, 0x03, 0x11,
    0x03, 0x11, 0x03, 0x11, 0x03, 0x11, 0x03, 0x11, 0x03, 0x11, 0x03, 0x11, 0x03, 0x11, 0x03, 0x11, 0x03, 0x11, 0x03, 0x11, 0xce, 0x9e, 0xce, 0x9e,
    0xce, 0x9e, 0xce, 0x9e, 0xce, 0x9e, 0xce, 0x9e, 0xce, 0x9e, 0xce, 0x9e, 0xce, 0x9e, 0xce, 0x9e, 0x03, 0x11, 0x03, 0x11, 0x03, 0x11, 0x03, 0x11,
    0xce, 0x9e, 0xce, 0x9e, 0xce, 0x9e, 0xce, 0x9e, 0xce, 0x9e, 0xce, 0x9e, 0xce, 0x9e, 0xce, 0x9e, 0xf5, 0xee, 0xf5, 0xee, 0xf5, 0xee, 0xf5, 0xee,
    0x03, 0x11, 0x03, 0x11, 0x03, 0x11, 0x03, 0x11, 0x03, 0x11, 0x03, 0x11, 0x03, 0x11, 0x03, 0x11, 0x03, 0x11, 0x03, 0x11, 0x03, 0x11, 0x03, 0x11,
    0xce, 0x9e, 0xce, 0x9e, 0xce, 0x9e, 0xce, 0x9e, 0xce, 0x9e, 0xce, 0x9e, 0xce, 0x9e, 0xce, 0x9e, 0xce, 0x9e, 0xce, 0x9e, 0x03, 0x11, 0x03, 0x11,
    0x03, 0x11, 0x03, 0x11, 0x6b, 0x55, 0x6b, 0x55, 0xce, 0x9e, 0xce, 0x9e, 0xce, 0x9e, 0xce, 0x9e, 0xce, 0x9e, 0xce, 0x9e, 0xce, 0x9e, 0xce, 0x9e,
    0xce, 0x9e, 0xce, 0x9e, 0x6b, 0x55, 0x6b, 0x55, 0x6b, 0x55, 0x6b, 0x55, 0x6b, 0x55, 0x6b, 0x55, 0x6b, 0x55, 0x6b, 0x55, 0x6b, 0x55, 0x6b, 0x55,
    0x6b, 0x55, 0x6b, 0x55, 0x6b, 0x55, 0x6b, 0x55, 0xce, 0x9e, 0xce, 0x9e, 0xce, 0x9e, 0xce, 0x9e, 0xce, 0x9e, 0xce, 0x9e, 0xce, 0x9e, 0xce, 0x9e,
    0x6b, 0x55, 0x6b, 0x55, 0x6b, 0x55, 0x6b, 0x55, 0x6b, 0x55, 0x6b, 0x55, 0x6b, 0x55, 0x6b, 0x55, 0xce, 0x9e, 0xce, 0x9e, 0xce, 0x9e, 0xce, 0x9e,
    0xce, 0x9e, 0xce, 0x9e, 0xce, 0x9e, 0xce, 0x9e, 0xce, 0x9e, 0xce, 0x9e, 0x03, 0x11, 0x03, 0x11, 0x03, 0x11, 0x03, 0x11, 0x03, 0x11, 0x03, 0x11,
    0x03, 0x11, 0x03, 0x11, 0x03, 0x11, 0x03, 0x11, 0x03, 0x11, 0x03, 0x11, 0x03, 0x11, 0x03, 0x11, 0xce, 0x9e, 0xce, 0x9e, 0xce, 0x9e, 0xce, 0x9e,
    0xce, 0x9e, 0xce, 0x9e, 0xce, 0x9e, 0xce, 0x9e, 0xce, 0x9e, 0xce, 0x9e, 0x03, 0x11, 0x03, 0x11, 0x03, 0x11, 0x03, 0x11, 0x6b, 0x55, 0x6b, 0x55,
    0xce, 0x9e, 0xce, 0x9e, 0xce, 0x9e, 0xce, 0x9e, 0xce, 0x9e, 0xce, 0x9e, 0xce, 0x9e, 0xce, 0x9e, 0xce, 0x9e, 0xce, 0x9e, 0x6b, 0x55, 0x6b, 0x55,
    0x6b, 0x55, 0x6b, 0x55, 0x6b, 0x55, 0x6b, 0x55, 0x6b, 0x55, 0x6b, 0x55, 0x6b, 0x55, 0x6b, 0x55, 0x6b, 0x55, 0x6b, 0x55, 0x6b, 0x55, 0x6b, 0x55,
    0xce, 0x9e, 0xce, 0x9e, 0xce, 0x9e, 0xce, 0x9e, 0xce, 0x9e, 0xce, 0x9e, 0xce, 0x9e, 0xce, 0x9e, 0x6b, 0x55, 0x6b, 0x55, 0x6b, 0x55, 0x6b, 0x55,
    0x6b, 0x55, 0x6b, 0x55, 0x6b, 0x55, 0x6b, 0x55, 0xce, 0x9e, 0xce, 0x9e, 0xce, 0x9e, 0xce, 0x9e, 0xce, 0x9e, 0xce, 0x9e, 0xce, 0x9e, 0xce, 0x9e,
    0xce, 0x9e, 0xce, 0x9e, 0x03, 0x11, 0x03, 0x11, 0x03, 0x11, 0x03, 0x11, 0x03, 0x11, 0x03, 0x11, 0x03, 0x11, 0x03, 0x11, 0x03, 0x11, 0x03, 0x11,
    0x03, 0x11, 0x03, 0x11, 0x03, 0x11, 0x03, 0x11, 0xce, 0x9e, 0xce, 0x9e, 0xce, 0x9e, 0xce, 0x9e, 0xce, 0x9e, 0xce, 0x9e, 0xce, 0x9e, 0xce, 0x9e,
    0xce, 0x9e, 0xce, 0x9e, 0x6b, 0x55, 0x6b, 0x55, 0x6b, 0x55, 0x6b, 0x55, 0x6b, 0x55, 0x6b, 0x55, 0xce, 0x9e, 0xce, 0x9e, 0x6b, 0x55, 0x6b, 0x55,
    0x6b, 0x55, 0x6b, 0x55, 0x6b, 0x55, 0x6b, 0x55, 0x6b, 0x55, 0x6b, 0x55, 0x6b, 0x55, 0x6b, 0x55, 0x6b, 0x55, 0x6b, 0x55, 0x6b, 0x55, 0x6b, 0x55,
    0x6b, 0x55, 0x6b, 0x55, 0x6b, 0x55, 0x6b, 0x55, 0x6b, 0x55, 0x6b, 0x55, 0x6b, 0x55, 0x6b, 0x55, 0x6b, 0x55, 0x6b, 0x55, 0xce, 0x9e, 0xce, 0x9e,
    0xce, 0x9e, 0xce, 0x9e, 0xce, 0x9e, 0xce, 0x9e, 0x6b, 0x55, 0x6b, 0x55, 0x6b, 0x55, 0x6b, 0x55, 0x6b, 0x55, 0x6b, 0x55, 0x6b, 0x55, 0x6b, 0x55,
    0xce, 0x9e, 0xce, 0x9e, 0xce, 0x9e, 0xce, 0x9e, 0xce, 0x9e, 0xce, 0x9e, 0xce, 0x9e, 0xce, 0x9e, 0xce, 0x9e, 0xce, 0x9e, 0x03, 0x11, 0x03, 0x11,
    0x03, 0x11, 0x03, 0x11, 0x03, 0x11, 0x03, 0x11, 0x03, 0x11, 0x03, 0x11, 0x03, 0x11, 0x03, 0x11, 0x03, 0x11, 0x03, 0x11, 0x03, 0x11, 0x03, 0x11,
    0xce, 0x9e, 0xce, 0x9e, 0xce, 0x9e, 0xce, 0x9e, 0xce, 0x9e, 0xce, 0x9e, 0xce, 0x9e, 0xce, 0x9e, 0xce, 0x9e, 0xce, 0x9e, 0x6b, 0x55, 0x6b, 0x55,
    0x6b, 0x55, 0x6b, 0x55, 0x6b, 0x55, 0x6b, 0x55, 0xce, 0x9e, 0xce, 0x9e, 0x6b, 0x55, 0x6b, 0x55, 0x6b, 0x55, 0x6b, 0x55, 0x6b, 0x55, 0x6b, 0x55,
    0x6b, 0x55, 0x6b, 0x55, 0x6b, 0x55, 0x6b, 0x55, 0x6b, 0x55, 0x6b, 0x55, 0x6b, 0x55, 0x6b, 0x55, 0x6b, 0x55, 0x6b, 0x55, 0x6b, 0x55, 0x6b, 0x55,
    0x6b, 0x55, 0x6b, 0x55, 0x6b, 0x55, 0x6b, 0x55, 0x6b, 0x55, 0x6b, 0x55, 0xce, 0x9e, 0xce, 0x9e, 0xce, 0x9e, 0xce, 0x9e, 0xce, 0x9e, 0xce, 0x9e,
    0x6b, 0x55, 0x6b, 0x55, 0x6b, 0x55, 0x6b, 0x55, 0x6b, 0x55, 0x6b, 0x55, 0x6b, 0x55, 0x6b, 0x55, 0xce, 0x9e, 0xce, 0x9e, 0xce, 0x9e, 0xce, 0x9e,
    0xce, 0x9e, 0xce, 0x9e, 0xce, 0x9e, 0xce, 0x9e, 0xce, 0x9e, 0xce, 0x9e, 0x03, 0x11, 0x03, 0x11, 0x03, 0x11, 0x03, 0x11, 0x03, 0x11, 0x03, 0x11,
    0x03, 0x11, 0x03, 0x11, 0x03, 0x11, 0x03, 0x11, 0x03, 0x11, 0x03, 0x11, 0x03, 0x11, 0x03, 0x11, 0xce, 0x9e, 0xce, 0x9e, 0xce, 0x9e, 0xce, 0x9e,
    0xce, 0x9e, 0xce, 0x9e, 0xce, 0x9e, 0xce, 0x9e, 0xce, 0x9e, 0xce, 0x9e, 0x6b, 0x55, 0x6b, 0x55, 0x6b, 0x55, 0x6b, 0x55, 0x6b, 0x55, 0x6b, 0x55,
    0x6b, 0x55, 0x6b, 0x55, 0x6b, 0x55, 0x6b, 0x55, 0x6b, 0x55, 0x6b, 0x55, 0x6b, 0x55, 0x6b, 0x55, 0x6b, 0x55, 0x6b, 0x55, 0x6b, 0x55, 0x6b, 0x55,
    0x6b, 0x55, 0x6b, 0x55, 0x6b, 0x55, 0x6b, 0x55, 0x6b, 0x55, 0x6b, 0x55, 0x6b, 0x55, 0x6b, 0x55, 0x6b, 0x55, 0x6b, 0x55, 0x6b, 0x55, 0x6b, 0x55,
    0x6b, 0x55, 0x6b, 0x55, 0x6b, 0x55, 0x6b, 0x55, 0x6b, 0x55, 0x6b, 0x55, 0xce, 0x9e, 0xce, 0x9e, 0x6b, 0x55, 0x6b, 0x55, 0x6b, 0x55, 0x6b, 0x55,
    0x6b, 0x55, 0x6b, 0x55, 0x6b, 0x55, 0x6b, 0x55, 0xce, 0x9e, 0xce, 0x9e, 0xce, 0x9e, 0xce, 0x9e, 0xce, 0x9e, 0xce, 0x9e, 0xce, 0x9e, 0xce, 0x9e,
    0xce, 0x9e, 0xce, 0x9e, 0x03, 0x11, 0x03, 0x11, 0x03, 0x11, 0x03, 0x11, 0x03, 0x11, 0x03, 0x11, 0x03, 0x11, 0x03, 0x11, 0x03, 0x11, 0x03, 0x11,
    0x03, 0x11, 0x03, 0x11, 0x03, 0x11, 0x03, 0x11, 0xce, 0x9e, 0xce, 0x9e, 0xce, 0x9e, 0xce, 0x9e, 0xce, 0x9e, 0xce, 0x9e, 0xce, 0x9e, 0xce, 0x9e,
    0xce, 0x9e, 0xce, 0x9e, 0x6b, 0x55, 0x6b, 0x55, 0x6b, 0x55, 0x6b, 0x55, 0x6b, 0x55, 0x6b, 0x55, 0x6b, 0x55, 0x6b, 0x55, 0x6b, 0x55, 0x6b, 0x55,
    0x6b, 0x55, 0x6b, 0x55, 0x6b, 0x55, 0x6b, 0x55, 0x6b, 0x55, 0x6b, 0x55, 0x6b, 0x55, 0x6b, 0x55, 0x6b, 0x55, 0x6b, 0x55, 0x6b, 0x55, 0x6b, 0x55,
    0x6b, 0x55, 0x6b, 0x55, 0x6b, 0x55, 0x6b, 0x55, 0x6b, 0x55, 0x6b, 0x55, 0x6b, 0x55, 0x6b, 0x55, 0x6b, 0x55, 0x6b, 0x55, 0x6b, 0x55, 0x6b, 0x55,
    0x6b, 0x55, 0x6b, 0x55, 0xce, 0x9e, 0xce, 0x9e, 0x6b, 0x55, 0x6b, 0x55, 0x6b, 0x55, 0x6b, 0x55, 0x6b, 0x55, 0x6b, 0x55, 0x6b, 0x55, 0x6b, 0x55,
    0xce, 0x9e, 0xce, 0x9e, 0xce, 0x9e, 0xce, 0x9e, 0xce, 0x9e, 0xce, 0x9e, 0xce, 0x9e, 0xce, 0x9e, 0xce, 0x9e, 0xce, 0x9e, 0x03, 0x11, 0x03, 0x11,
    0x03, 0x11, 0x03, 0x11, 0x03, 0x11, 0x03, 0x11, 0x03, 0x11, 0x03, 0x11, 0x03, 0x11, 0x03, 0x11, 0x03, 0x11, 0x03, 0x11, 0x03, 0x11, 0x03, 0x11,
    0xce, 0x9e, 0xce, 0x9e, 0xce, 0x9e, 0xce, 0x9e, 0xce, 0x9e, 0xce, 0x9e, 0xce, 0x9e, 0xce, 0x9e, 0xce, 0x9e, 0xce, 0x9e, 0x6b, 0x55, 0x6b, 0x55,
    0x6b, 0x55, 0x6b, 0x55, 0x6b, 0x55, 0x6b, 0x55, 0x6b, 0x55, 0x6b, 0x55, 0x6b, 0x55, 0x6b, 0x55, 0x6b, 0x55, 0x6b, 0x55, 0x6b, 0x55, 0x6b, 0x55,
    0x6b, 0x55, 0x6b, 0x55, 0x6b, 0x55, 0x6b, 0x55, 0x6b, 0x55, 0x6b, 0x55, 0x6b, 0x55, 0x6b, 0x55, 0x6b, 0x55, 0x6b, 0x55, 0x6b, 0x55, 0x6b, 0x55,
    0x6b, 0x55, 0x6b, 0x55, 0x6b, 0x55, 0x6b, 0x55, 0x6b, 0x55, 0x6b, 0x55, 0x6b, 0x55, 0x6b, 0x55, 0x6b, 0x55, 0x6b, 0x55, 0x6b, 0x55, 0x6b, 0x55,
    0x6b, 0x55, 0x6b, 0x55, 0x6b, 0x55, 0x6b, 0x55, 0x6b, 0x55, 0x6b, 0x55, 0x6b, 0x55, 0x6b, 0x55, 0x6b, 0x55, 0x6b, 0x55, 0x6b, 0x55, 0x6b, 0x55,
    0x03, 0x11, 0x03, 0x11, 0x03, 0x11, 0x03, 0x11, 0x03, 0x11, 0x03, 0x11, 0x03, 0x11, 0x03, 0x11, 0x03, 0x11, 0x03, 0x11, 0x03, 0x11, 0x03, 0x11,
    0x03, 0x11, 0x03, 0x11, 0x03, 0x11, 0x03, 0x11, 0x03, 0x11, 0x03, 0x11, 0x03, 0x11, 0x03, 0x11, 0xce, 0x9e, 0xce, 0x9e, 0xce, 0x9e, 0xce, 0x9e,
    0xce, 0x9e, 0xce, 0x9e, 0xce, 0x9e, 0xce, 0x9e, 0xce, 0x9e, 0xce, 0x9e, 0x6b, 0x55, 0x6b, 0x55, 0x6b, 0x55, 0x6b, 0x55, 0x6b, 0x55, 0x6b, 0x55,
    0x6b, 0x55, 0x6b, 0x55, 0x6b, 0x55, 0x6b, 0x55, 0x6b, 0x55, 0x6b, 0x55, 0x6b, 0x55, 0x6b, 0x55, 0x6b, 0x55, 0x6b, 0x55, 0x6b, 0x55, 0x6b, 0x55,
    0x6b, 0x55, 0x6b, 0x55, 0x6b, 0x55, 0x6b, 0x55, 0x6b, 0x55, 0x6b, 0x55, 0x6b, 0x55, 0x6b, 0x55, 0x6b, 0x55, 0x6b, 0x55, 0x6b, 0x55, 0x6b, 0x55,
    0x6b, 0x55, 0x6b, 0x55, 0x6b, 0x55, 0x6b, 0x55, 0x6b, 0x55, 0x6b, 0x55, 0x6b, 0x55, 0x6b, 0x55, 0x6b, 0x55, 0x6b, 0x55, 0x6b, 0x55, 0x6b, 0x55,
    0x6b, 0x55, 0x6b, 0x55, 0x6b, 0x55, 0x6b, 0x55, 0x6b, 0x55, 0x6b, 0x55, 0x6b, 0x55, 0x6b, 0x55, 0x03, 0x11, 0x03, 0x11, 0x03, 0x11, 0x03, 0x11,
    0x03, 0x11, 0x03, 0x11, 0x03, 0x11, 0x03, 0x11, 0x03, 0x11, 0x03, 0x11, 0x03, 0x11, 0x03, 0x11, 0x03, 0x11, 0x03, 0x11, 0x03, 0x11, 0x03, 0x11,
    0x03, 0x11, 0x03, 0x11, 0x03, 0x11, 0x03, 0x11, 0x03, 0x11, 0x03, 0x11, 0x03, 0x11, 0x03, 0x11, 0x6b, 0x55, 0x6b, 0x55, 0x6b, 0x55, 0x6b, 0x55,
    0x6b, 0x55, 0x6b, 0x55, 0x6b, 0x55, 0x6b, 0x55, 0x6b, 0x55, 0x6b, 0x55, 0x6b, 0x55, 0x6b, 0x55, 0x6b, 0x55, 0x6b, 0x55, 0x6b, 0x55, 0x6b, 0x55,
    0x6b, 0x55, 0x6b, 0x55, 0x6b, 0x55, 0x6b, 0x55, 0x6b, 0x55, 0x6b, 0x55, 0x6b, 0x55, 0x6b, 0x55, 0x6b, 0x55, 0x6b, 0x55, 0x6b, 0x55, 0x6b, 0x55,
    0x6b, 0x55, 0x6b, 0x55, 0x6b, 0x55, 0x6b, 0x55, 0x6b, 0x55, 0x6b, 0x55, 0x6b, 0x55, 0x6b, 0x55, 0x6b, 0x55, 0x6b, 0x55, 0x6b, 0x55, 0x6b, 0x55,
    0x6b, 0x55, 0x6b, 0x55, 0x6b, 0x55, 0x6b, 0x55, 0x6b, 0x55, 0x6b, 0x55, 0x6b, 0x55, 0x6b, 0x55, 0x6b, 0x55, 0x6b, 0x55, 0x6b, 0x55, 0x6b, 0x55,
    0x6b, 0x55, 0x6b, 0x55, 0x6b, 0x55, 0x6b, 0x55, 0x03, 0x11, 0x03, 0x11, 0x03, 0x11, 0x03, 0x11, 0x03, 0x11, 0x03, 0x11, 0x03, 0x11, 0x03, 0x11,
    0x03, 0x11, 0x03, 0x11, 0x03, 0x11, 0x03, 0x11, 0x03, 0x11, 0x03, 0x11, 0x03, 0x11, 0x03, 0x11, 0x03, 0x11, 0x03, 0x11, 0x03, 0x11, 0x03, 0x11,
    0x03, 0x11, 0x03, 0x11, 0x03, 0x11, 0x03, 0x11, 0x6b, 0x55, 0x6b, 0x55, 0x6b, 0x55, 0x6b, 0x55, 0x6b, 0x55, 0x6b, 0x55, 0x6b, 0x55, 0x6b, 0x55,
    0x6b, 0x55, 0x6b, 0x55, 0x6b, 0x55, 0x6b, 0x55, 0x6b, 0x55, 0x6b, 0x55, 0x6b, 0x55, 0x6b, 0x55, 0x6b, 0x55, 0x6b, 0x55, 0x6b, 0x55, 0x6b, 0x55,
    0x6b, 0x55, 0x6b, 0x55, 0x6b, 0x55, 0x6b, 0x55, 0x6b, 0x55, 0x6b, 0x55, 0x6b, 0x55, 0x6b, 0x55, 0x6b, 0x55, 0x6b, 0x55, 0x6b, 0x55, 0x6b, 0x55,
    0x6b, 0x55, 0x6b, 0x55, 0x6b, 0x55, 0x6b, 0x55, 0x6b, 0x55, 0x6b, 0x55, 0x6b, 0x55, 0x6b, 0x55, 0x6b, 0x55, 0x6b, 0x55, 0x6b, 0x55, 0x6b, 0x55,
    0x6b, 0x55, 0x6b, 0x55, 0x6b, 0x55, 0x6b, 0x55, 0x6b, 0x55, 0x6b, 0x55, 0x6b, 0x55, 0x6b, 0x55, 0x6b, 0x55, 0x6b, 0x55, 0x6b, 0x55, 0x6b, 0x55,
    0x03, 0x11, 0x03, 0x11, 0x03, 0x11, 0x03, 0x11, 0x03, 0x11, 0x03, 0x11, 0x03, 0x11, 0x03, 0x11, 0x03, 0x11, 0x03, 0x11, 0x03, 0x11, 0x03, 0x11,
    0x03, 0x11, 0x03, 0x11, 0x03, 0x11, 0x03, 0x11, 0x03, 0x11, 0x03, 0x11, 0x03, 0x11, 0x03, 0x11, 0x03, 0x11, 0x03, 0x11, 0x03, 0x11, 0x03, 0x11,
    0x6b, 0x55, 0x6b, 0x55, 0x6b, 0x55, 0x6b, 0x55, 0x6b, 0x55, 0x6b, 0x55, 0x6b, 0x55, 0x6b, 0x55, 0x6b, 0x55, 0x6b, 0x55, 0x6b, 0x55, 0x6b, 0x55,
    0x6b, 0x55, 0x6b, 0x55, 0x6b, 0x55, 0x6b, 0x55, 0x6b, 0x55, 0x6b, 0x55, 0xc2, 0x10, 0xc2, 0x10, 0xc2, 0x10, 0xc2, 0x10, 0xc2, 0x10, 0xc2, 0x10,
    0x6b, 0x55, 0x6b, 0x55, 0x6b, 0x55, 0x6b, 0x55, 0x6b, 0x55, 0x6b, 0x55, 0x6b, 0x55, 0x6b, 0x55, 0x6b, 0x55, 0x6b, 0x55, 0x6b, 0x55, 0x6b, 0x55,
    0xc2, 0x10, 0xc2, 0x10, 0xc2, 0x10, 0xc2, 0x10, 0xc2, 0x10, 0xc2, 0x10, 0x6b, 0x55, 0x6b, 0x55, 0x6b, 0x55, 0x6b, 0x55, 0x6b, 0x55, 0x6b, 0x55,
    0x6b, 0x55, 0x6b, 0x55, 0x6b, 0x55, 0x6b, 0x55, 0x6b, 0x55, 0x6b, 0x55, 0x6b, 0x55, 0x6b, 0x55, 0x03, 0x11, 0x03, 0x11, 0x03, 0x11, 0x03, 0x11,
    0x03, 0x11, 0x03, 0x11, 0x03, 0x11, 0x03, 0x11, 0x03, 0x11, 0x03, 0x11, 0x03, 0x11, 0x03, 0x11, 0x03, 0x11, 0x03, 0x11, 0x03, 0x11, 0x03, 0x11,
    0x03, 0x11, 0x03, 0x11, 0x03, 0x11, 0x03, 0x11, 0x03, 0x11, 0x03, 0x11, 0x03, 0x11, 0x03, 0x11, 0x6b, 0x55, 0x6b, 0x55, 0x6b, 0x55, 0x6b, 0x55,
    0x6b, 0x55, 0x6b, 0x55, 0x6b, 0x55, 0x6b, 0x55, 0x6b, 0x55, 0x6b, 0x55, 0x6b, 0x55, 0x6b, 0x55, 0x6b, 0x55, 0x6b, 0x55, 0x6b, 0x55, 0x6b, 0x55,
    0x6b, 0x55, 0x6b, 0x55, 0xc2, 0x10, 0xc2, 0x10, 0xc2, 0x10, 0xc2, 0x10, 0xc2, 0x10, 0xc2, 0x10, 0x6b, 0x55, 0x6b, 0x55, 0x6b, 0x55, 0x6b, 0x55,
    0x6b, 0x55, 0x6b, 0x55, 0x6b, 0x55, 0x6b, 0x55, 0x6b, 0x55, 0x6b, 0x55, 0x6b, 0x55, 0x6b, 0x55, 0xc2, 0x10, 0xc2, 0x10, 0xc2, 0x10, 0xc2, 0x10,
    0xc2, 0x10, 0xc2, 0x10, 0x6b, 0x55, 0x6b, 0x55, 0x6b, 0x55, 0x6b, 0x55, 0x6b, 0x55, 0x6b, 0x55, 0x6b, 0x55, 0x6b, 0x55, 0x6b, 0x55, 0x6b, 0x55,
    0x6b, 0x55, 0x6b, 0x55, 0x6b, 0x55, 0x6b, 0x55, 0x03, 0x11, 0x03, 0x11, 0x03, 0x11, 0x03, 0x11, 0x03, 0x11, 0x03, 0x11, 0x03, 0x11, 0x03, 0x11,
    0x03, 0x11, 0x03, 0x11, 0x03, 0x11, 0x03, 0x11, 0x03, 0x11, 0x03, 0x11, 0x03, 0x11, 0x03, 0x11, 0x03, 0x11, 0x03, 0x11, 0x03, 0x11, 0x03, 0x11,
    0x03, 0x11, 0x03, 0x11, 0x03, 0x11, 0x03, 0x11, 0x6b, 0x55, 0x6b, 0x55, 0x6b, 0x55, 0x6b, 0x55, 0x6b, 0x55, 0x6b, 0x55, 0x6b, 0x55, 0x6b, 0x55,
    0x6b, 0x55, 0x6b, 0x55, 0x6b, 0x55, 0x6b, 0x55, 0x6b, 0x55, 0x6b, 0x55, 0x6b, 0x55, 0x6b, 0x55, 0x6b, 0x55, 0x6b, 0x55, 0xc2, 0x10, 0xc2, 0x10,
    0xc2, 0x10, 0xc2, 0x10, 0xc2, 0x10, 0xc2, 0x10, 0x6b, 0x55, 0x6b, 0x55, 0x6b, 0x55, 0x6b, 0x55, 0x6b, 0x55, 0x6b, 0x55, 0x6b, 0x55, 0x6b, 0x55,
    0x6b, 0x55, 0x6b, 0x55, 0x6b, 0x55, 0x6b, 0x55, 0xc2, 0x10, 0xc2, 0x10, 0xc2, 0x10, 0xc2, 0x10, 0xc2, 0x10, 0xc2, 0x10, 0x6b, 0x55, 0x6b, 0x55,
    0x6b, 0x55, 0x6b, 0x55, 0x6b, 0x55, 0x6b, 0x55, 0x6b, 0x55, 0x6b, 0x55, 0x6b, 0x55, 0x6b, 0x55, 0x6b, 0x55, 0x6b, 0x55, 0x6b, 0x55, 0x6b, 0x55,
    0x03, 0x11, 0x03, 0x11, 0x03, 0x11, 0x03, 0x11, 0x03, 0x11, 0x03, 0x11, 0x03, 0x11, 0x03, 0x11, 0x03, 0x11, 0x03, 0x11, 0x03, 0x11, 0x03, 0x11,
    0x03, 0x11, 0x03, 0x11, 0x03, 0x11, 0x03, 0x11, 0x03, 0x11, 0x03, 0x11, 0x03, 0x11, 0x03, 0x11, 0x03, 0x11, 0x03, 0x11, 0x03, 0x11, 0x03, 0x11,
    0x6b, 0x55, 0x6b, 0x55, 0x6b, 0x55, 0x6b, 0x55, 0x6b, 0x55, 0x6b, 0x55, 0x6b, 0x55, 0x6b, 0x55, 0x6b, 0x55, 0x6b, 0x55, 0x6b, 0x55, 0x6b, 0x55,
    0x6b, 0x55, 0x6b, 0x55, 0x6b, 0x55, 0x6b, 0x55, 0x6b, 0x55, 0x6b, 0x55, 0xc2, 0x10, 0xc2, 0x10, 0xc2, 0x10, 0xc2, 0x10, 0xc2, 0x10, 0xc2, 0x10,
    0x6b, 0x55, 0x6b, 0x55, 0x6b, 0x55, 0x6b, 0x55, 0x6b, 0x55, 0x6b, 0x55, 0x6b, 0x55, 0x6b, 0x55, 0x6b, 0x55, 0x6b, 0x55, 0x6b, 0x55, 0x6b, 0x55,
    0xc2, 0x10, 0xc2, 0x10, 0xc2, 0x10, 0xc2, 0x10, 0xc2, 0x10, 0xc2, 0x10, 0x6b, 0x55, 0x6b, 0x55, 0x6b, 0x55, 0x6b, 0x55, 0x6b, 0x55, 0x6b, 0x55,
    0x6b, 0x55, 0x6b, 0x55, 0x6b, 0x55, 0x6b, 0x55, 0x6b, 0x55, 0x6b, 0x55, 0x6b, 0x55, 0x6b, 0x55, 0x03, 0x11, 0x03, 0x11, 0x03, 0x11, 0x03, 0x11,
    0x03, 0x11, 0x03, 0x11, 0x03, 0x11, 0x03, 0x11, 0x03, 0x11, 0x03, 0x11, 0x03, 0x11, 0x03, 0x11, 0x03, 0x11, 0x03, 0x11, 0x03, 0x11, 0x03, 0x11,
    0x03, 0x11, 0x03, 0x11, 0x03, 0x11, 0x03, 0x11, 0x03, 0x11, 0x03, 0x11, 0x03, 0x11, 0x03, 0x11, 0x6b, 0x55, 0x6b, 0x55, 0x6b, 0x55, 0x6b, 0x55,
    0x6b, 0x55, 0x6b, 0x55, 0x6b, 0x55, 0x6b, 0x55, 0x6b, 0x55, 0x6b, 0x55, 0x6b, 0x55, 0x6b, 0x55, 0x6b, 0x55, 0x6b, 0x55, 0x6b, 0x55, 0x6b, 0x55,
    0x6b, 0x55, 0x6b, 0x55, 0xc2, 0x10, 0xc2, 0x10, 0xc2, 0x10, 0xc2, 0x10, 0xc2, 0x10, 0xc2, 0x10, 0x6b, 0x55, 0x6b, 0x55, 0x6b, 0x55, 0x6b, 0x55,
    0x6b, 0x55, 0x6b, 0x55, 0x6b, 0x55, 0x6b, 0x55, 0x6b, 0x55, 0x6b, 0x55, 0x6b, 0x55, 0x6b, 0x55, 0xc2, 0x10, 0xc2, 0x10, 0xc2, 0x10, 0xc2, 0x10,
    0xc2, 0x10, 0xc2, 0x10, 0x6b, 0x55, 0x6b, 0x55, 0x6b, 0x55, 0x6b, 0x55, 0x6b, 0x55, 0x6b, 0x55, 0x6b, 0x55, 0x6b, 0x55, 0x6b, 0x55, 0x6b, 0x55,
    0x6b, 0x55, 0x6b, 0x55, 0x6b, 0x55, 0x6b, 0x55, 0x03, 0x11, 0x03, 0x11, 0x03, 0x11, 0x03, 0x11, 0x03, 0x11, 0x03, 0x11, 0x03, 0x11, 0x03, 0x11,
    0x03, 0x11, 0x03, 0x11, 0x03, 0x11, 0x03, 0x11, 0x03, 0x11, 0x03, 0x11, 0x03, 0x11, 0x03, 0x11, 0x03, 0x11, 0x03, 0x11, 0x03, 0x11, 0x03, 0x11,
    0x03, 0x11, 0x03, 0x11, 0x03, 0x11, 0x03, 0x11, 0x6b, 0x55, 0x6b, 0x55, 0x6b, 0x55, 0x6b, 0x55, 0x6b, 0x55, 0x6b, 0x55, 0x6b, 0x55, 0x6b, 0x55,
    0x6b, 0x55, 0x6b, 0x55, 0x6b, 0x55, 0x6b, 0x55, 0x6b, 0x55, 0x6b, 0x55, 0x6b, 0x55, 0x6b, 0x55, 0x6b, 0x55, 0x6b, 0x55, 0xc2, 0x10, 0xc2, 0x10,
    0xc2, 0x10, 0xc2, 0x10, 0xc2, 0x10, 0xc2, 0x10, 0x6b, 0x55, 0x6b, 0x55, 0x6b, 0x55, 0x6b, 0x55, 0x6b, 0x55, 0x6b, 0x55, 0x6b, 0x55, 0x6b, 0x55,
    0x6b, 0x55, 0x6b, 0x55, 0x6b, 0x55, 0x6b, 0x55, 0xc2, 0x10, 0xc2, 0x10, 0xc2, 0x10, 0xc2, 0x10, 0xc2, 0x10, 0xc2, 0x10, 0x6b, 0x55, 0x6b, 0x55,
    0x6b, 0x55, 0x6b, 0x55, 0x6b, 0x55, 0x6b, 0x55, 0x6b, 0x55, 0x6b, 0x55, 0x6b, 0x55, 0x6b, 0x55, 0x6b, 0x55, 0x6b, 0x55, 0x6b, 0x55, 0x6b, 0x55,
    0x03, 0x11, 0x03, 0x11, 0x03, 0x11, 0x03, 0x11, 0x03, 0x11, 0x03, 0x11, 0x03, 0x11, 0x03, 0x11, 0x03, 0x11, 0x03, 0x11, 0x03, 0x11, 0x03, 0x11,
    0x03, 0x11, 0x03, 0x11, 0x03, 0x11, 0x03, 0x11, 0x03, 0x11, 0x03, 0x11, 0x03, 0x11, 0x03, 0x11, 0x03, 0x11, 0x03, 0x11, 0x03, 0x11, 0x03, 0x11,
    0x6b, 0x55, 0x6b, 0x55, 0x6b, 0x55, 0x6b, 0x55, 0x6b, 0x55, 0x6b, 0x55, 0x6b, 0x55, 0x6b, 0x55, 0x6b, 0x55, 0x6b, 0x55, 0x6b, 0x55, 0x6b, 0x55,
    0x6b, 0x55, 0x6b, 0x55, 0x6b, 0x55, 0x6b, 0x55, 0x6b, 0x55, 0x6b, 0x55, 0x6b, 0x55, 0x6b, 0x55, 0x6b, 0x55, 0x6b, 0x55, 0x6b, 0x55, 0x6b, 0x55,
    0x6b, 0x55, 0x6b, 0x55, 0x6b, 0x55, 0x6b, 0x55, 0x6b, 0x55, 0x6b, 0x55, 0x6b, 0x55, 0x6b, 0x55, 0x6b, 0x55, 0x6b, 0x55, 0x6b, 0x55, 0x6b, 0x55,
    0x6b, 0x55, 0x6b, 0x55, 0x6b, 0x55, 0x6b, 0x55, 0x6b, 0x55, 0x6b, 0x55, 0x6b, 0x55, 0x6b, 0x55, 0x6b, 0x55, 0x6b, 0x55, 0x6b, 0x55, 0x6b, 0x55,
    0x6b, 0x55, 0x6b, 0x55, 0x6b, 0x55, 0x6b, 0x55, 0x6b, 0x55, 0x6b, 0x55, 0x6b, 0x55, 0x6b, 0x55, 0x03, 0x11, 0x03, 0x11, 0x03, 0x11, 0x03, 0x11,
    0x03, 0x11, 0x03, 0x11, 0x03, 0x11, 0x03, 0x11, 0x03, 0x11, 0x03, 0x11, 0x03, 0x11, 0x03, 0x11, 0x03, 0x11, 0x03, 0x11, 0x03, 0x11, 0x03, 0x11,
    0x03, 0x11, 0x03, 0x11, 0x03, 0x11, 0x03, 0x11, 0x03, 0x11, 0x03, 0x11, 0x03, 0x11, 0x03, 0x11, 0x6b, 0x55, 0x6b, 0x55, 0x6b, 0x55, 0x6b, 0x55,
    0x6b, 0x55, 0x6b, 0x55, 0x6b, 0x55, 0x6b, 0x55, 0x6b, 0x55, 0x6b, 0x55, 0x6b, 0x55, 0x6b, 0x55, 0x6b, 0x55, 0x6b, 0x55, 0x6b, 0x55, 0x6b, 0x55,
    0x6b, 0x55, 0x6b, 0x55, 0x6b, 0x55, 0x6b, 0x55, 0x6b, 0x55, 0x6b, 0x55, 0x6b, 0x55, 0x6b, 0x55, 0x6b, 0x55, 0x6b, 0x55, 0x6b, 0x55, 0x6b, 0x55,
    0x6b, 0x55, 0x6b, 0x55, 0x6b, 0x55, 0x6b, 0x55, 0x6b, 0x55, 0x6b, 0x55, 0x6b, 0x55, 0x6b, 0x55, 0x6b, 0x55, 0x6b, 0x55, 0x6b, 0x55, 0x6b, 0x55,
    0x6b, 0x55, 0x6b, 0x55, 0x6b, 0x55, 0x6b, 0x55, 0x6b, 0x55, 0x6b, 0x55, 0x6b, 0x55, 0x6b, 0x55, 0x6b, 0x55, 0x6b, 0x55, 0x6b, 0x55, 0x6b, 0x55,
    0x6b, 0x55, 0x6b, 0x55, 0x6b, 0x55, 0x6b, 0x55, 0x03, 0x11, 0x03, 0x11, 0x03, 0x11, 0x03, 0x11, 0x03, 0x11, 0x03, 0x11, 0x03, 0x11, 0x03, 0x11,
    0x03, 0x11, 0x03, 0x11, 0x03, 0x11, 0x03, 0x11, 0x03, 0x11, 0x03, 0x11, 0x03, 0x11, 0x03, 0x11, 0x03, 0x11, 0x03, 0x11, 0x03, 0x11, 0x03, 0x11,
    0x03, 0x11, 0x03, 0x11, 0x03, 0x11, 0x03, 0x11, 0x6b, 0x55, 0x6b, 0x55, 0x6b, 0x55, 0x6b, 0x55, 0x6b, 0x55, 0x6b, 0x55, 0x6b, 0x55, 0x6b, 0x55,
    0x6b, 0x55, 0x6b, 0x55, 0x6b, 0x55, 0x6b, 0x55, 0x6b, 0x55, 0x6b, 0x55, 0x6b, 0x55, 0x6b, 0x55, 0x6b, 0x55, 0x6b, 0x55, 0x6b, 0x55, 0x6b, 0x55,
    0x6b, 0x55, 0x6b, 0x55, 0xce, 0x9e, 0xce, 0x9e, 0xce, 0x9e, 0xce, 0x9e, 0xce, 0x9e, 0xce, 0x9e, 0xce, 0x9e, 0xce, 0x9e, 0xce, 0x9e, 0xce, 0x9e,
    0xce, 0x9e, 0xce, 0x9e, 0xce, 0x9e, 0xce, 0x9e, 0xce, 0x9e, 0xce, 0x9e, 0xce, 0x9e, 0xce, 0x9e, 0xce, 0x9e, 0xce, 0x9e, 0xce, 0x9e, 0xce, 0x9e,
    0x6b, 0x55, 0x6b, 0x55, 0x6b, 0x55, 0x6b, 0x55, 0x6b, 0x55, 0x6b, 0x55, 0x6b, 0x55, 0x6b, 0x55, 0x6b, 0x55, 0x6b, 0x55, 0x6b, 0x55, 0x6b, 0x55,
    0x03, 0x11, 0x03, 0x11, 0x03, 0x11, 0x03, 0x11, 0x03, 0x11, 0x03, 0x11, 0x03, 0x11, 0x03, 0x11, 0x03, 0x11, 0x03, 0x11, 0x03, 0x11, 0x03, 0x11,
    0x03, 0x11, 0x03, 0x11, 0x03, 0x11, 0x03, 0x11, 0x03, 0x11, 0x03, 0x11, 0x03, 0x11, 0x03, 0x11, 0x03, 0x11, 0x03, 0x11, 0x03, 0x11, 0x03, 0x11,
    0x6b, 0x55, 0x6b, 0x55, 0x6b, 0x55, 0x6b, 0x55, 0x6b, 0x55, 0x6b, 0x55, 0x6b, 0x55, 0x6b, 0x55, 0x6b, 0x55, 0x6b, 0x55, 0x6b, 0x55, 0x6b, 0x55,
    0x6b, 0x55, 0x6b, 0x55, 0x6b, 0x55, 0x6b, 0x55, 0x6b, 0x55, 0x6b, 0x55, 0x6b, 0x55, 0x6b, 0x55, 0x6b, 0x55, 0x6b, 0x55, 0xce, 0x9e, 0xce, 0x9e,
    0xce, 0x9e, 0xce, 0x9e, 0xce, 0x9e, 0xce, 0x9e, 0xce, 0x9e, 0xce, 0x9e, 0xce, 0x9e, 0xce, 0x9e, 0xce, 0x9e, 0xce, 0x9e, 0xce, 0x9e, 0xce, 0x9e,
    0xce, 0x9e, 0xce, 0x9e, 0xce, 0x9e, 0xce, 0x9e, 0xce, 0x9e, 0xce, 0x9e, 0xce, 0x9e, 0xce, 0x9e, 0x6b, 0x55, 0x6b, 0x55, 0x6b, 0x55, 0x6b, 0x55,
    0x6b, 0x55, 0x6b, 0x55, 0x6b, 0x55, 0x6b, 0x55, 0x6b, 0x55, 0x6b, 0x55, 0x6b, 0x55, 0x6b, 0x55, 0x03, 0x11, 0x03, 0x11, 0x03, 0x11, 0x03, 0x11,
    0x03, 0x11, 0x03, 0x11, 0x03, 0x11, 0x03, 0x11, 0x03, 0x11, 0x03, 0x11, 0x03, 0x11, 0x03, 0x11, 0x03, 0x11, 0x03, 0x11, 0x03, 0x11, 0x03, 0x11,
    0x03, 0x11, 0x03, 0x11, 0x03, 0x11, 0x03, 0x11, 0x03, 0x11, 0x03, 0x11, 0x03, 0x11, 0x03, 0x11, 0x6b, 0x55, 0x6b, 0x55, 0x6b, 0x55, 0x6b, 0x55,
    0x6b, 0x55, 0x6b, 0x55, 0x6b, 0x55, 0x6b, 0x55, 0x6b, 0x55, 0x6b, 0x55, 0x6b, 0x55, 0x6b, 0x55, 0x6b, 0x55, 0x6b, 0x55, 0x6b, 0x55, 0x6b, 0x55,
    0x6b, 0x55, 0x6b, 0x55, 0x6b, 0x55, 0x6b, 0x55, 0x6b, 0x55, 0x6b, 0x55, 0xce, 0x9e, 0xce, 0x9e, 0xce, 0x9e, 0xce, 0x9e, 0xce, 0x9e, 0xce, 0x9e,
    0xce, 0x9e, 0xce, 0x9e, 0xce, 0x9e, 0xce, 0x9e, 0xce, 0x9e, 0xce, 0x9e, 0xce, 0x9e, 0xce, 0x9e, 0xce, 0x9e, 0xce, 0x9e, 0xce, 0x9e, 0xce, 0x9e,
    0xce, 0x9e, 0xce, 0x9e, 0xce, 0x9e, 0xce, 0x9e, 0x6b, 0x55, 0x6b, 0x55, 0x6b, 0x55, 0x6b, 0x55, 0x6b, 0x55, 0x6b, 0x55, 0x6b, 0x55, 0x6b, 0x55,
    0x6b, 0x55, 0x6b, 0x55, 0x6b, 0x55, 0x6b, 0x55, 0x03, 0x11, 0x03, 0x11, 0x03, 0x11, 0x03, 0x11, 0x03, 0x11, 0x03, 0x11, 0x03, 0x11, 0x03, 0x11,
    0x03, 0x11, 0x03, 0x11, 0x03, 0x11, 0x03, 0x11, 0x03, 0x11, 0x03, 0x11, 0x03, 0x11, 0x03, 0x11, 0x03, 0x11, 0x03, 0x11, 0x03, 0x11, 0x03, 0x11,
    0x03, 0x11, 0x03, 0x11, 0x03, 0x11, 0x03, 0x11, 0x6b, 0x55, 0x6b, 0x55, 0x6b, 0x55, 0x6b, 0x55, 0x6b, 0x55, 0x6b, 0x55, 0x6b, 0x55, 0x6b, 0x55,
    0x6b, 0x55, 0x6b, 0x55, 0x6b, 0x55, 0x6b, 0x55, 0x6b, 0x55, 0x6b, 0x55, 0x6b, 0x55, 0x6b, 0x55, 0x6b, 0x55, 0x6b, 0x55, 0x6b, 0x55, 0x6b, 0x55,
    0x6b, 0x55, 0x6b, 0x55, 0xce, 0x9e, 0xce, 0x9e, 0xce, 0x9e, 0xce, 0x9e, 0xce, 0x9e, 0xce, 0x9e, 0xce, 0x9e, 0xce, 0x9e, 0xce, 0x9e, 0xce, 0x9e,
    0xce, 0x9e, 0xce, 0x9e, 0xce, 0x9e, 0xce, 0x9e, 0xce, 0x9e, 0xce, 0x9e, 0xce, 0x9e, 0xce, 0x9e, 0xce, 0x9e, 0xce, 0x9e, 0xce, 0x9e, 0xce, 0x9e,
    0x6b, 0x55, 0x6b, 0x55, 0x6b, 0x55, 0x6b, 0x55, 0x6b, 0x55, 0x6b, 0x55, 0x6b, 0x55, 0x6b, 0x55, 0x6b, 0x55, 0x6b, 0x55, 0x6b, 0x55, 0x6b, 0x55,
    0x03, 0x11, 0x03, 0x11, 0x03, 0x11, 0x03, 0x11, 0x03, 0x11, 0x03, 0x11, 0x03, 0x11, 0x03, 0x11, 0x03, 0x11, 0x03, 0x11, 0x03, 0x11, 0x03, 0x11,
    0x03, 0x11, 0x03, 0x11, 0x03, 0x11, 0x03, 0x11, 0x03, 0x11, 0x03, 0x11, 0x03, 0x11, 0x03, 0x11, 0x03, 0x11, 0x03, 0x11, 0x03, 0x11, 0x03, 0x11,
    0x6b, 0x55, 0x6b, 0x55, 0x6b, 0x55, 0x6b, 0x55, 0x6b, 0x55, 0x6b, 0x55, 0x6b, 0x55, 0x6b, 0x55, 0x6b, 0x55, 0x6b, 0x55, 0x6b, 0x55, 0x6b, 0x55,
    0x6b, 0x55, 0x6b, 0x55, 0x6b, 0x55, 0x6b, 0x55, 0x6b, 0x55, 0x6b, 0x55, 0x6b, 0x55, 0x6b, 0x55, 0x6b, 0x55, 0x6b, 0x55, 0xce, 0x9e, 0xce, 0x9e,
    0xce, 0x9e, 0xce, 0x9e, 0xce, 0x9e, 0xce, 0x9e, 0xce, 0x9e, 0xce, 0x9e, 0xce, 0x9e, 0xce, 0x9e, 0xce, 0x9e, 0xce, 0x9e, 0xce, 0x9e, 0xce, 0x9e,
    0xce, 0x9e, 0xce, 0x9e, 0xce, 0x9e, 0xce, 0x9e, 0xce, 0x9e, 0xce, 0x9e, 0xce, 0x9e, 0xce, 0x9e, 0x6b, 0x55, 0x6b, 0x55, 0x6b, 0x55, 0x6b, 0x55,
    0x6b, 0x55, 0x6b, 0x55, 0x6b, 0x55, 0x6b, 0x55, 0x6b, 0x55, 0x6b, 0x55, 0x6b, 0x55, 0x6b, 0x55, 0x03, 0x11, 0x03, 0x11, 0x03, 0x11, 0x03, 0x11,
    0x03, 0x11, 0x03, 0x11, 0x03, 0x11, 0x03, 0x11, 0x03, 0x11, 0x03, 0x11, 0x03, 0x11, 0x03, 0x11, 0x03, 0x11, 0x03, 0x11, 0x03, 0x11, 0x03, 0x11,
    0x03, 0x11, 0x03, 0x11, 0x03, 0x11, 0x03, 0x11, 0x03, 0x11, 0x03, 0x11, 0x03, 0x11, 0x03, 0x11, 0x6b, 0x55, 0x6b, 0x55, 0x6b, 0x55, 0x6b, 0x55,
    0x6b, 0x55, 0x6b, 0x55, 0x6b, 0x55, 0x6b, 0x55, 0x6b, 0x55, 0x6b, 0x55, 0x6b, 0x55, 0x6b, 0x55, 0x6b, 0x55, 0x6b, 0x55, 0x6b, 0x55, 0x6b, 0x55,
    0x6b, 0x55, 0x6b, 0x55, 0x6b, 0x55, 0x6b, 0x55, 0x6b, 0x55, 0x6b, 0x55, 0xce, 0x9e, 0xce, 0x9e, 0xce, 0x9e, 0xce, 0x9e, 0xce, 0x9e, 0xce, 0x9e,
    0xce, 0x9e, 0xce, 0x9e, 0xce, 0x9e, 0xce, 0x9e, 0xce, 0x9e, 0xce, 0x9e, 0xce, 0x9e, 0xce, 0x9e, 0xce, 0x9e, 0xce, 0x9e, 0xce, 0x9e, 0xce, 0x9e,
    0xce, 0x9e, 0xce, 0x9e, 0xce, 0x9e, 0xce, 0x9e, 0x6b, 0x55, 0x6b, 0x55, 0x6b, 0x55, 0x6b, 0x55, 0x6b, 0x55, 0x6b, 0x55, 0x6b, 0x55, 0x6b, 0x55,
    0x6b, 0x55, 0x6b, 0x55, 0x6b, 0x55, 0x6b, 0x55, 0x03, 0x11, 0x03, 0x11, 0x03, 0x11, 0x03, 0x11, 0x03, 0x11, 0x03, 0x11, 0x03, 0x11, 0x03, 0x11,
    0x03, 0x11, 0x03, 0x11, 0x03, 0x11, 0x03, 0x11, 0x03, 0x11, 0x03, 0x11, 0x03, 0x11, 0x03, 0x11, 0x03, 0x11, 0x03, 0x11, 0x03, 0x11, 0x03, 0x11,
    0x03, 0x11, 0x03, 0x11, 0x03, 0x11, 0x03, 0x11, 0x6b, 0x55, 0x6b, 0x55, 0x6b, 0x55, 0x6b, 0x55, 0x6b, 0x55, 0x6b, 0x55, 0x6b, 0x55, 0x6b, 0x55,
    0x6b, 0x55, 0x6b, 0x55, 0x6b, 0x55, 0x6b, 0x55, 0x6b, 0x55, 0x6b, 0x55, 0x6b, 0x55, 0x6b, 0x55, 0x6b, 0x55, 0x6b, 0x55, 0x6b, 0x55, 0x6b, 0x55,
    0x6b, 0x55, 0x6b, 0x55, 0xce, 0x9e, 0xce, 0x9e, 0xce, 0x9e, 0xce, 0x9e, 0xee, 0xeb, 0xee, 0xeb, 0xee, 0xeb, 0xee, 0xeb, 0xee, 0xeb, 0xee, 0xeb,
    0xee, 0xeb, 0xee, 0xeb, 0xee, 0xeb, 0xee, 0xeb, 0xee, 0xeb, 0xee, 0xeb, 0xee, 0xeb, 0xee, 0xeb, 0xee, 0xeb, 0xee, 0xeb, 0xee, 0xeb, 0xee, 0xeb,
    0x6b, 0x55, 0x6b, 0x55, 0x6b, 0x55, 0x6b, 0x55, 0x6b, 0x55, 0x6b, 0x55, 0x6b, 0x55, 0x6b, 0x55, 0x6b, 0x55, 0x6b, 0x55, 0x6b, 0x55, 0x6b, 0x55,
    0x03, 0x11, 0x03, 0x11, 0x03, 0x11, 0x03, 0x11, 0x03, 0x11, 0x03, 0x11, 0x03, 0x11, 0x03, 0x11, 0x03, 0x11, 0x03, 0x11, 0x03, 0x11, 0x03, 0x11,
    0x03, 0x11, 0x03, 0x11, 0x03, 0x11, 0x03, 0x11, 0x03, 0x11, 0x03, 0x11, 0x03, 0x11, 0x03, 0x11, 0x03, 0x11, 0x03, 0x11, 0x03, 0x11, 0x03, 0x11,
    0x6b, 0x55, 0x6b, 0x55, 0x6b, 0x55, 0x6b, 0x55, 0x6b, 0x55, 0x6b, 0x55, 0x6b, 0x55, 0x6b, 0x55, 0x6b, 0x55, 0x6b, 0x55, 0x6b, 0x55, 0x6b, 0x55,
    0x6b, 0x55, 0x6b, 0x55, 0x6b, 0x55, 0x6b, 0x55, 0x6b, 0x55, 0x6b, 0x55, 0x6b, 0x55, 0x6b, 0x55, 0x6b, 0x55, 0x6b, 0x55, 0xce, 0x9e, 0xce, 0x9e,
    0xce, 0x9e, 0xce, 0x9e, 0xee, 0xeb, 0xee, 0xeb, 0xee, 0xeb, 0xee, 0xeb, 0xee, 0xeb, 0xee, 0xeb, 0xee, 0xeb, 0xee, 0xeb, 0xee, 0xeb, 0xee, 0xeb,
    0xee, 0xeb, 0xee, 0xeb, 0xee, 0xeb, 0xee, 0xeb, 0xee, 0xeb, 0xee, 0xeb, 0xee, 0xeb, 0xee, 0xeb, 0x6b, 0x55, 0x6b, 0x55, 0x6b, 0x55, 0x6b, 0x55,
    0x6b, 0x55, 0x6b, 0x55, 0x6b, 0x55, 0x6b, 0x55, 0x6b, 0x55, 0x6b, 0x55, 0x6b, 0x55, 0x6b, 0x55, 0x03, 0x11, 0x03, 0x11, 0x03, 0x11, 0x03, 0x11,
    0x03, 0x11, 0x03, 0x11, 0x03, 0x11, 0x03, 0x11, 0x03, 0x11, 0x03, 0x11, 0x03, 0x11, 0x03, 0x11, 0x03, 0x11, 0x03, 0x11, 0x03, 0x11, 0x03, 0x11,
    0x03, 0x11, 0x03, 0x11, 0x03, 0x11, 0x03, 0x11, 0x03, 0x11, 0x03, 0x11, 0x03, 0x11, 0x03, 0x11, 0x6b, 0x55, 0x6b, 0x55, 0x6b, 0x55, 0x6b, 0x55,
    0x6b, 0x55, 0x6b, 0x55, 0x6b, 0x55, 0x6b, 0x55, 0x6b, 0x55, 0x6b, 0x55, 0x6b, 0x55, 0x6b, 0x55, 0x6b, 0x55, 0x6b, 0x55, 0x6b, 0x55, 0x6b, 0x55,
    0x6b, 0x55, 0x6b, 0x55, 0x6b, 0x55, 0x6b, 0x55, 0x6b, 0x55, 0x6b, 0x55, 0xce, 0x9e, 0xce, 0x9e, 0xce, 0x9e, 0xce, 0x9e, 0xee, 0xeb, 0xee, 0xeb,
    0xee, 0xeb, 0xee, 0xeb, 0xee, 0xeb, 0xee, 0xeb, 0xee, 0xeb, 0xee, 0xeb, 0xee, 0xeb, 0xee, 0xeb, 0xee, 0xeb, 0xee, 0xeb, 0xee, 0xeb, 0xee, 0xeb,
    0xee, 0xeb, 0xee, 0xeb, 0xee, 0xeb, 0xee, 0xeb, 0x6b, 0x55, 0x6b, 0x55, 0x6b, 0x55, 0x6b, 0x55, 0x6b, 0x55, 0x6b, 0x55, 0x6b, 0x55, 0x6b, 0x55,
    0x6b, 0x55, 0x6b, 0x55, 0x6b, 0x55, 0x6b, 0x55, 0x03, 0x11, 0x03, 0x11, 0x03, 0x11, 0x03, 0x11, 0x03, 0x11, 0x03, 0x11, 0x03, 0x11, 0x03, 0x11,
    0x03, 0x11, 0x03, 0x11, 0x03, 0x11, 0x03, 0x11, 0x03, 0x11, 0x03, 0x11, 0x03, 0x11, 0x03, 0x11, 0x03, 0x11, 0x03, 0x11, 0x03, 0x11, 0x03, 0x11,
    0x03, 0x11, 0x03, 0x11, 0x03, 0x11, 0x03, 0x11, 0x6b, 0x55, 0x6b, 0x55, 0x6b, 0x55, 0x6b, 0x55, 0x6b, 0x55, 0x6b, 0x55, 0x6b, 0x55, 0x6b, 0x55,
    0x6b, 0x55, 0x6b, 0x55, 0x6b, 0x55, 0x6b, 0x55, 0x6b, 0x55, 0x6b, 0x55, 0x6b, 0x55, 0x6b, 0x55, 0x6b, 0x55, 0x6b, 0x55, 0x6b, 0x55, 0x6b, 0x55,
    0x6b, 0x55, 0x6b, 0x55, 0xce, 0x9e, 0xce, 0x9e, 0xce, 0x9e, 0xce, 0x9e, 0xee, 0xeb, 0xee, 0xeb, 0xee, 0xeb, 0xee, 0xeb, 0xee, 0xeb, 0xee, 0xeb,
    0xee, 0xeb, 0xee, 0xeb, 0xee, 0xeb, 0xee, 0xeb, 0xee, 0xeb, 0xee, 0xeb, 0xee, 0xeb, 0xee, 0xeb, 0xee, 0xeb, 0xee, 0xeb, 0xee, 0xeb, 0xee, 0xeb,
    0x6b, 0x55, 0x6b, 0x55, 0x6b, 0x55, 0x6b, 0x55, 0x6b, 0x55, 0x6b, 0x55, 0x6b, 0x55, 0x6b, 0x55, 0x6b, 0x55, 0x6b, 0x55, 0x6b, 0x55, 0x6b, 0x55,
    0x03, 0x11, 0x03, 0x11, 0x03, 0x11, 0x03, 0x11, 0x03, 0x11, 0x03, 0x11, 0x03, 0x11, 0x03, 0x11, 0x03, 0x11, 0x03, 0x11, 0x03, 0x11, 0x03, 0x11,
    0x03, 0x11, 0x03, 0x11, 0x03, 0x11, 0x03, 0x11, 0x03, 0x11, 0x03, 0x11, 0x03, 0x11, 0x03, 0x11, 0x03, 0x11, 0x03, 0x11, 0x03, 0x11, 0x03, 0x11,
    0x6b, 0x55, 0x6b, 0x55, 0x6b, 0x55, 0x6b, 0x55, 0x6b, 0x55, 0x6b, 0x55, 0x6b, 0x55, 0x6b, 0x55, 0x6b, 0x55, 0x6b, 0x55, 0x6b, 0x55, 0x6b, 0x55,
    0x6b, 0x55, 0x6b, 0x55, 0x6b, 0x55, 0x6b, 0x55, 0x6b, 0x55, 0x6b, 0x55, 0x6b, 0x55, 0x6b, 0x55, 0x6b, 0x55, 0x6b, 0x55, 0xce, 0x9e, 0xce, 0x9e,
    0xce, 0x9e, 0xce, 0x9e, 0xee, 0xeb, 0xee, 0xeb, 0xee, 0xeb, 0xee, 0xeb, 0xee, 0xeb, 0xee, 0xeb, 0xee, 0xeb, 0xee, 0xeb, 0xee, 0xeb, 0xee, 0xeb,
    0xee, 0xeb, 0xee, 0xeb, 0xee, 0xeb, 0xee, 0xeb, 0xee, 0xeb, 0xee, 0xeb, 0xee, 0xeb, 0xee, 0xeb, 0x6b, 0x55, 0x6b, 0x55, 0x6b, 0x55, 0x6b, 0x55,
    0x6b, 0x55, 0x6b, 0x55, 0x6b, 0x55, 0x6b, 0x55, 0x6b, 0x55, 0x6b, 0x55, 0x6b, 0x55, 0x6b, 0x55, 0x03, 0x11, 0x03, 0x11, 0x03, 0x11, 0x03, 0x11,
    0x03, 0x11, 0x03, 0x11, 0x03, 0x11, 0x03, 0x11, 0x03, 0x11, 0x03, 0x11, 0x03, 0x11, 0x03, 0x11, 0x03, 0x11, 0x03, 0x11, 0x03, 0x11, 0x03, 0x11,
    0x03, 0x11, 0x03, 0x11, 0x03, 0x11, 0x03, 0x11, 0x03, 0x11, 0x03, 0x11, 0x03, 0x11, 0x03, 0x11, 0x6b, 0x55, 0x6b, 0x55, 0x6b, 0x55, 0x6b, 0x55,
    0x6b, 0x55, 0x6b, 0x55, 0x6b, 0x55, 0x6b, 0x55, 0x6b, 0x55, 0x6b, 0x55, 0x6b, 0x55, 0x6b, 0x55, 0x6b, 0x55, 0x6b, 0x55, 0x6b, 0x55, 0x6b, 0x55,
    0x6b, 0x55, 0x6b, 0x55, 0x6b, 0x55, 0x6b, 0x55, 0x6b, 0x55, 0x6b, 0x55, 0xce, 0x9e, 0xce, 0x9e, 0xce, 0x9e, 0xce, 0x9e, 0xee, 0xeb, 0xee, 0xeb,
    0xee, 0xeb, 0xee, 0xeb, 0xee, 0xeb, 0xee, 0xeb, 0xee, 0xeb, 0xee, 0xeb, 0xee, 0xeb, 0xee, 0xeb, 0xee, 0xeb, 0xee, 0xeb, 0xee, 0xeb, 0xee, 0xeb,
    0xee, 0xeb, 0xee, 0xeb, 0xee, 0xeb, 0xee, 0xeb, 0x6b, 0x55, 0x6b, 0x55, 0x6b, 0x55, 0x6b, 0x55, 0x6b, 0x55, 0x6b, 0x55, 0x6b, 0x55, 0x6b, 0x55,
    0x6b, 0x55, 0x6b, 0x55, 0x6b, 0x55, 0x6b, 0x55, 0x03, 0x11, 0x03, 0x11, 0x03, 0x11, 0x03, 0x11, 0x03, 0x11, 0x03, 0x11, 0x03, 0x11, 0x03, 0x11,
    0x03, 0x11, 0x03, 0x11, 0x03, 0x11, 0x03, 0x11, 0x03, 0x11, 0x03, 0x11, 0x03, 0x11, 0x03, 0x11, 0x03, 0x11, 0x03, 0x11, 0x03, 0x11, 0x03, 0x11,
    0x03, 0x11, 0x03, 0x11, 0x03, 0x11, 0x03, 0x11, 0x03, 0x11, 0x03, 0x11, 0x03, 0x11, 0x03, 0x11, 0x03, 0x11, 0x03, 0x11, 0x27, 0x2b, 0x27, 0x2b,
    0x27, 0x2b, 0x27, 0x2b, 0x6b, 0x55, 0x6b, 0x55, 0x6b, 0x55, 0x6b, 0x55, 0x6b, 0x55, 0x6b, 0x55, 0x6b, 0x55, 0x6b, 0x55, 0x6b, 0x55, 0x6b, 0x55,
    0x6b, 0x55, 0x6b, 0x55, 0xce, 0x9e, 0xce, 0x9e, 0xce, 0x9e, 0xce, 0x9e, 0xee, 0xeb, 0xee, 0xeb, 0xee, 0xeb, 0xee, 0xeb, 0xee, 0xeb, 0xee, 0xeb,
    0xee, 0xeb, 0xee, 0xeb, 0xee, 0xeb, 0xee, 0xeb, 0xee, 0xeb, 0xee, 0xeb, 0xee, 0xeb, 0xee, 0xeb, 0xee, 0xeb, 0xee, 0xeb, 0xee, 0xeb, 0xee, 0xeb,
    0xce, 0x9e, 0xce, 0x9e, 0xce, 0x9e, 0xce, 0x9e, 0xce, 0x9e, 0xce, 0x9e, 0xce, 0x9e, 0xce, 0x9e, 0x03, 0x11, 0x03, 0x11, 0x03, 0x11, 0x03, 0x11,
    0x03, 0x11, 0x03, 0x11, 0x03, 0x11, 0x03, 0x11, 0x03, 0x11, 0x03, 0x11, 0x03, 0x11, 0x03, 0x11, 0x03, 0x11, 0x03, 0x11, 0x03, 0x11, 0x03, 0x11,
    0x03, 0x11, 0x03, 0x11, 0x03, 0x11, 0x03, 0x11, 0x03, 0x11, 0x03, 0x11, 0x03, 0x11, 0x03, 0x11, 0x03, 0x11, 0x03, 0x11, 0x03, 0x11, 0x03, 0x11,
    0x03, 0x11, 0x03, 0x11, 0x03, 0x11, 0x03, 0x11, 0x03, 0x11, 0x03, 0x11, 0x27, 0x2b, 0x27, 0x2b, 0x27, 0x2b, 0x27, 0x2b, 0x6b, 0x55, 0x6b, 0x55,
    0x6b, 0x55, 0x6b, 0x55, 0x6b, 0x55, 0x6b, 0x55, 0x6b, 0x55, 0x6b, 0x55, 0x6b, 0x55, 0x6b, 0x55, 0x6b, 0x55, 0x6b, 0x55, 0xce, 0x9e, 0xce, 0x9e,
    0xce, 0x9e, 0xce, 0x9e, 0xee, 0xeb, 0xee, 0xeb, 0xee, 0xeb, 0xee, 0xeb, 0xee, 0xeb, 0xee, 0xeb, 0xee, 0xeb, 0xee, 0xeb, 0xee, 0xeb, 0xee, 0xeb,
    0xee, 0xeb, 0xee, 0xeb, 0xee, 0xeb, 0xee, 0xeb, 0xee, 0xeb, 0xee, 0xeb, 0xee, 0xeb, 0xee, 0xeb, 0xce, 0x9e, 0xce, 0x9e, 0xce, 0x9e, 0xce, 0x9e,
    0xce, 0x9e, 0xce, 0x9e, 0xce, 0x9e, 0xce, 0x9e, 0x03, 0x11, 0x03, 0x11, 0x03, 0x11, 0x03, 0x11, 0x03, 0x11, 0x03, 0x11, 0x03, 0x11, 0x03, 0x11,
    0x03, 0x11, 0x03, 0x11, 0x03, 0x11, 0x03, 0x11, 0x03, 0x11, 0x03, 0x11, 0x03, 0x11, 0x03, 0x11, 0x03, 0x11, 0x03, 0x11, 0x03, 0x11, 0x03, 0x11,
    0x03, 0x11, 0x03, 0x11, 0x03, 0x11, 0x03, 0x11, 0x03, 0x11, 0x03, 0x11, 0x03, 0x11, 0x03, 0x11, 0x03, 0x11, 0x03, 0x11, 0x03, 0x11, 0x03, 0x11,
    0x03, 0x11, 0x03, 0x11, 0x27, 0x2b, 0x27, 0x2b, 0x27, 0x2b, 0x27, 0x2b, 0x27, 0x2b, 0x27, 0x2b, 0x27, 0x2b, 0x27, 0x2b, 0x27, 0x2b, 0x27, 0x2b,
    0x27, 0x2b, 0x27, 0x2b, 0x27, 0x2b, 0x27, 0x2b, 0x27, 0x2b, 0x27, 0x2b, 0xce, 0x9e, 0xce, 0x9e, 0xce, 0x9e, 0xce, 0x9e, 0xce, 0x9e, 0xce, 0x9e,
    0xce, 0x9e, 0xce, 0x9e, 0xce, 0x9e, 0xce, 0x9e, 0xce, 0x9e, 0xce, 0x9e, 0xce, 0x9e, 0xce, 0x9e, 0xce, 0x9e, 0xce, 0x9e, 0xce, 0x9e, 0xce, 0x9e,
    0xce, 0x9e, 0xce, 0x9e, 0xce, 0x9e, 0xce, 0x9e, 0xce, 0x9e, 0xce, 0x9e, 0xce, 0x9e, 0xce, 0x9e, 0xce, 0x9e, 0xce, 0x9e, 0xce, 0x9e, 0xce, 0x9e,
    0x03, 0x11, 0x03, 0x11, 0x03, 0x11, 0x03, 0x11, 0x03, 0x11, 0x03, 0x11, 0x03, 0x11, 0x03, 0x11, 0x03, 0x11, 0x03, 0x11, 0x03, 0x11, 0x03, 0x11,
    0x03, 0x11, 0x03, 0x11, 0x03, 0x11, 0x03, 0x11, 0x03, 0x11, 0x03, 0x11, 0x03, 0x11, 0x03, 0x11, 0x03, 0x11, 0x03, 0x11, 0x03, 0x11, 0x03, 0x11,
    0x03, 0x11, 0x03, 0x11, 0x03, 0x11, 0x03, 0x11, 0x03, 0x11, 0x03, 0x11, 0x03, 0x11, 0x03, 0x11, 0x03, 0x11, 0x03, 0x11, 0x27, 0x2b, 0x27, 0x2b,
    0x27, 0x2b, 0x27, 0x2b, 0x27, 0x2b, 0x27, 0x2b, 0x27, 0x2b, 0x27, 0x2b, 0x27, 0x2b, 0x27, 0x2b, 0x27, 0x2b, 0x27, 0x2b, 0x27, 0x2b, 0x27, 0x2b,
    0x27, 0x2b, 0x27, 0x2b, 0xce, 0x9e, 0xce, 0x9e, 0xce, 0x9e, 0xce, 0x9e, 0xce, 0x9e, 0xce, 0x9e, 0xce, 0x9e, 0xce, 0x9e, 0xce, 0x9e, 0xce, 0x9e,
    0xce, 0x9e, 0xce, 0x9e, 0xce, 0x9e, 0xce, 0x9e, 0xce, 0x9e, 0xce, 0x9e, 0xce, 0x9e, 0xce, 0x9e, 0xce, 0x9e, 0xce, 0x9e, 0xce, 0x9e, 0xce, 0x9e,
    0xce, 0x9e, 0xce, 0x9e, 0xce, 0x9e, 0xce, 0x9e, 0xce, 0x9e, 0xce, 0x9e, 0xce, 0x9e, 0xce, 0x9e, 0x03, 0x11, 0x03, 0x11, 0x03, 0x11, 0x03, 0x11,
    0x03, 0x11, 0x03, 0x11, 0x03, 0x11, 0x03, 0x11, 0x03, 0x11, 0x03, 0x11, 0x03, 0x11, 0x03, 0x11, 0x03, 0x11, 0x03, 0x11, 0x03, 0x11, 0x03, 0x11,
    0x03, 0x11, 0x03, 0x11, 0x03, 0x11, 0x03, 0x11, 0x03, 0x11, 0x03, 0x11, 0x03, 0x11, 0x03, 0x11, 0x03, 0x11, 0x03, 0x11, 0x03, 0x11, 0x03, 0x11,
    0x03, 0x11, 0x03, 0x11, 0x03, 0x11, 0x03, 0x11, 0x03, 0x11, 0x03, 0x11, 0x03, 0x11, 0x03, 0x11, 0x27, 0x2b, 0x27, 0x2b, 0x27, 0x2b, 0x27, 0x2b,
    0x6b, 0x55, 0x6b, 0x55, 0x6b, 0x55, 0x6b, 0x55, 0x6b, 0x55, 0x6b, 0x55, 0x6b, 0x55, 0x6b, 0x55, 0x6b, 0x55, 0x6b, 0x55, 0xf5, 0xee, 0xf5, 0xee,
    0xf5, 0xee, 0xf5, 0xee, 0xf5, 0xee, 0xf5, 0xee, 0xf5, 0xee, 0xf5, 0xee, 0xf5, 0xee, 0xf5, 0xee, 0xf5, 0xee, 0xf5, 0xee, 0xf5, 0xee, 0xf5, 0xee,
    0xf5, 0xee, 0xf5, 0xee, 0xf5, 0xee, 0xf5, 0xee, 0x6b, 0x55, 0x6b, 0x55, 0x6b, 0x55, 0x6b, 0x55, 0x27, 0x2b, 0x27, 0x2b, 0x27, 0x2b, 0x27, 0x2b,
    0x03, 0x11, 0x03, 0x11, 0x03, 0x11, 0x03, 0x11, 0x03, 0x11, 0x03, 0x11, 0x03, 0x11, 0x03, 0x11, 0x03, 0x11, 0x03, 0x11, 0x03, 0x11, 0x03, 0x11,
    0x03, 0x11, 0x03, 0x11, 0x03, 0x11, 0x03, 0x11, 0x03, 0x11, 0x03, 0x11, 0x03, 0x11, 0x03, 0x11, 0x03, 0x11, 0x03, 0x11, 0x03, 0x11, 0x03, 0x11,
    0x03, 0x11, 0x03, 0x11, 0x03, 0x11, 0x03, 0x11, 0x03, 0x11, 0x03, 0x11, 0x03, 0x11, 0x03, 0x11, 0x03, 0x11, 0x03, 0x11, 0x03, 0x11, 0x03, 0x11,
    0x03, 0x11, 0x03, 0x11, 0x03, 0x11, 0x03, 0x11, 0x27, 0x2b, 0x27, 0x2b, 0x27, 0x2b, 0x27, 0x2b, 0x6b, 0x55, 0x6b, 0x55, 0x6b, 0x55, 0x6b, 0x55,
    0x6b, 0x55, 0x6b, 0x55, 0x6b, 0x55, 0x6b, 0x55, 0x6b, 0x55, 0x6b, 0x55, 0xf5, 0xee, 0xf5, 0xee, 0xf5, 0xee, 0xf5, 0xee, 0xf5, 0xee, 0xf5, 0xee,
    0xf5, 0xee, 0xf5, 0xee, 0xf5, 0xee, 0xf5, 0xee, 0xf5, 0xee, 0xf5, 0xee, 0xf5, 0xee, 0xf5, 0xee, 0xf5, 0xee, 0xf5, 0xee, 0xf5, 0xee, 0xf5, 0xee,
    0x6b, 0x55, 0x6b, 0x55, 0x6b, 0x55, 0x6b, 0x55, 0x27, 0x2b, 0x27, 0x2b, 0x27, 0x2b, 0x27, 0x2b, 0x03, 0x11, 0x03, 0x11, 0x03, 0x11, 0x03, 0x11,
    0x03, 0x11, 0x03, 0x11, 0x03, 0x11, 0x03, 0x11, 0x03, 0x11, 0x03, 0x11, 0x03, 0x11, 0x03, 0x11, 0x03, 0x11, 0x03, 0x11, 0x03, 0x11, 0x03, 0x11,
    0x03, 0x11, 0x03, 0x11, 0x03, 0x11, 0x03, 0x11, 0x03, 0x11, 0x03, 0x11, 0x03, 0x11, 0x03, 0x11, 0x03, 0x11, 0x03, 0x11, 0x27, 0x2b, 0x27, 0x2b,
    0x03, 0x11, 0x03, 0x11, 0x03, 0x11, 0x03, 0x11, 0x03, 0x11, 0x03, 0x11, 0x03, 0x11, 0x03, 0x11, 0x03, 0x11, 0x03, 0x11, 0x03, 0x11, 0x03, 0x11,
    0x27, 0x2b, 0x27, 0x2b, 0x27, 0x2b, 0x27, 0x2b, 0x6b, 0x55, 0x6b, 0x55, 0x6b, 0x55, 0x6b, 0x55, 0x6b, 0x55, 0x6b, 0x55, 0x6b, 0x55, 0x6b, 0x55,
    0x6b, 0x55, 0x6b, 0x55, 0xf5, 0xee, 0xf5, 0xee, 0xf5, 0xee, 0xf5, 0xee, 0xf5, 0xee, 0xf5, 0xee, 0xf5, 0xee, 0xf5, 0xee, 0xf5, 0xee, 0xf5, 0xee,
    0xf5, 0xee, 0xf5, 0xee, 0xf5, 0xee, 0xf5, 0xee, 0xf5, 0xee, 0xf5, 0xee, 0xf5, 0xee, 0xf5, 0xee, 0x6b, 0x55, 0x6b, 0x55, 0x6b, 0x55, 0x6b, 0x55,
    0x27, 0x2b, 0x27, 0x2b, 0x27, 0x2b, 0x27, 0x2b, 0x03, 0x11, 0x03, 0x11, 0x03, 0x11, 0x03, 0x11, 0x03, 0x11, 0x03, 0x11, 0x03, 0x11, 0x03, 0x11,
    0x03, 0x11, 0x03, 0x11, 0x03, 0x11, 0x03, 0x11, 0x03, 0x11, 0x03, 0x11, 0x03, 0x11, 0x03, 0x11, 0x03, 0x11, 0x03, 0x11, 0x03, 0x11, 0x03, 0x11,
    0x03, 0x11, 0x03, 0x11, 0x03, 0x11, 0x03, 0x11, 0x03, 0x11, 0x03, 0x11, 0x27, 0x2b, 0x27, 0x2b, 0x03, 0x11, 0x03, 0x11, 0x03, 0x11, 0x03, 0x11,
    0x03, 0x11, 0x03, 0x11, 0x03, 0x11, 0x03, 0x11, 0x03, 0x11, 0x03, 0x11, 0x03, 0x11, 0x03, 0x11, 0x27, 0x2b, 0x27, 0x2b, 0x27, 0x2b, 0x27, 0x2b,
    0x6b, 0x55, 0x6b, 0x55, 0x6b, 0x55, 0x6b, 0x55, 0x6b, 0x55, 0x6b, 0x55, 0x6b, 0x55, 0x6b, 0x55, 0x6b, 0x55, 0x6b, 0x55, 0xf5, 0xee, 0xf5, 0xee,
    0xf5, 0xee, 0xf5, 0xee, 0xf5, 0xee, 0xf5, 0xee, 0xf5, 0xee, 0xf5, 0xee, 0xf5, 0xee, 0xf5, 0xee, 0xf5, 0xee, 0xf5, 0xee, 0xf5, 0xee, 0xf5, 0xee,
    0xf5, 0xee, 0xf5, 0xee, 0xf5, 0xee, 0xf5, 0xee, 0x6b, 0x55, 0x6b, 0x55, 0x6b, 0x55, 0x6b, 0x55, 0x27, 0x2b, 0x27, 0x2b, 0x27, 0x2b, 0x27, 0x2b,
    0x03, 0x11, 0x03, 0x11, 0x03, 0x11, 0x03, 0x11, 0x03, 0x11, 0x03, 0x11, 0x03, 0x11, 0x03, 0x11, 0x03, 0x11, 0x03, 0x11, 0x03, 0x11, 0x03, 0x11,
    0x03, 0x11, 0x03, 0x11, 0x03, 0x11, 0x03, 0x11, 0x03, 0x11, 0x03, 0x11, 0x03, 0x11, 0x03, 0x11, 0x03, 0x11, 0x03, 0x11, 0x03, 0x11, 0x03, 0x11,
    0x03, 0x11, 0x03, 0x11, 0x27, 0x2b, 0x27, 0x2b, 0x27, 0x2b, 0x27, 0x2b, 0x27, 0x2b, 0x27, 0x2b, 0x03, 0x11, 0x03, 0x11, 0x03, 0x11, 0x03, 0x11,
    0x03, 0x11, 0x03, 0x11, 0x03, 0x11, 0x03, 0x11, 0x27, 0x2b, 0x27, 0x2b, 0x27, 0x2b, 0x27, 0x2b, 0x6b, 0x55, 0x6b, 0x55, 0x6b, 0x55, 0x6b, 0x55,
    0x6b, 0x55, 0x6b, 0x55, 0x6b, 0x55, 0x6b, 0x55, 0x6b, 0x55, 0x6b, 0x55, 0xf5, 0xee, 0xf5, 0xee, 0xf5, 0xee, 0xf5, 0xee, 0xf5, 0xee, 0xf5, 0xee,
    0xf5, 0xee, 0xf5, 0xee, 0xf5, 0xee, 0xf5, 0xee, 0xf5, 0xee, 0xf5, 0xee, 0xf5, 0xee, 0xf5, 0xee, 0xf5, 0xee, 0xf5, 0xee, 0xf5, 0xee, 0xf5, 0xee,
    0x6b, 0x55, 0x6b, 0x55, 0x6b, 0x55, 0x6b, 0x55, 0x27, 0x2b, 0x27, 0x2b, 0x27, 0x2b, 0x27, 0x2b, 0x03, 0x11, 0x03, 0x11, 0x03, 0x11, 0x03, 0x11,
    0x03, 0x11, 0x03, 0x11, 0x03, 0x11, 0x03, 0x11, 0x03, 0x11, 0x03, 0x11, 0x03, 0x11, 0x03, 0x11, 0x03, 0x11, 0x03, 0x11, 0x03, 0x11, 0x03, 0x11,
    0x03, 0x11, 0x03, 0x11, 0x03, 0x11, 0x03, 0x11, 0x03, 0x11, 0x03, 0x11, 0x03, 0x11, 0x03, 0x11, 0x03, 0x11, 0x03, 0x11, 0x27, 0x2b, 0x27, 0x2b,
    0x27, 0x2b, 0x27, 0x2b, 0x27, 0x2b, 0x27, 0x2b, 0x03, 0x11, 0x03, 0x11, 0x03, 0x11, 0x03, 0x11, 0x03, 0x11, 0x03, 0x11, 0x03, 0x11, 0x03, 0x11,
    0x27, 0x2b, 0x27, 0x2b, 0x27, 0x2b, 0x27, 0x2b, 0x6b, 0x55, 0x6b, 0x55, 0x6b, 0x55, 0x6b, 0x55, 0x6b, 0x55, 0x6b, 0x55, 0x6b, 0x55, 0x6b, 0x55,
    0x6b, 0x55, 0x6b, 0x55, 0xf5, 0xee, 0xf5, 0xee, 0xf5, 0xee, 0xf5, 0xee, 0xf5, 0xee, 0xf5, 0xee, 0xf5, 0xee, 0xf5, 0xee, 0xf5, 0xee, 0xf5, 0xee,
    0xf5, 0xee, 0xf5, 0xee, 0xf5, 0xee, 0xf5, 0xee, 0xf5, 0xee, 0xf5, 0xee, 0xf5, 0xee, 0xf5, 0xee, 0x6b, 0x55, 0x6b, 0x55, 0x6b, 0x55, 0x6b, 0x55,
    0x27, 0x2b, 0x27, 0x2b, 0x27, 0x2b, 0x27, 0x2b, 0x03, 0x11, 0x03, 0x11, 0x03, 0x11, 0x03, 0x11, 0x03, 0x11, 0x03, 0x11, 0x03, 0x11, 0x03, 0x11,
    0x03, 0x11, 0x03, 0x11, 0x03, 0x11, 0x03, 0x11, 0x03, 0x11, 0x03, 0x11, 0x03, 0x11, 0x03, 0x11, 0x03, 0x11, 0x03, 0x11, 0x03, 0x11, 0x03, 0x11,
    0x03, 0x11, 0x03, 0x11, 0x03, 0x11, 0x03, 0x11, 0x03, 0x11, 0x03, 0x11, 0x03, 0x11, 0x03, 0x11, 0x27, 0x2b, 0x27, 0x2b, 0x27, 0x2b, 0x27, 0x2b,
    0x27, 0x2b, 0x27, 0x2b, 0x03, 0x11, 0x03, 0x11, 0x03, 0x11, 0x03, 0x11, 0x03, 0x11, 0x03, 0x11, 0x27, 0x2b, 0x27, 0x2b, 0x27, 0x2b, 0x27, 0x2b,
    0x6b, 0x55, 0x6b, 0x55, 0x6b, 0x55, 0x6b, 0x55, 0x6b, 0x55, 0x6b, 0x55, 0x6b, 0x55, 0x6b, 0x55, 0x6b, 0x55, 0x6b, 0x55, 0xf5, 0xee, 0xf5, 0xee,
    0xf5, 0xee, 0xf5, 0xee, 0xf5, 0xee, 0xf5, 0xee, 0xf5, 0xee, 0xf5, 0xee, 0xf5, 0xee, 0xf5, 0xee, 0xf5, 0xee, 0xf5, 0xee, 0xf5, 0xee, 0xf5, 0xee,
    0xf5, 0xee, 0xf5, 0xee, 0xf5, 0xee, 0xf5, 0xee, 0x6b, 0x55, 0x6b, 0x55, 0x6b, 0x55, 0x6b, 0x55, 0x27, 0x2b, 0x27, 0x2b, 0x27, 0x2b, 0x27, 0x2b,
    0x03, 0x11, 0x03, 0x11, 0x03, 0x11, 0x03, 0x11, 0x03, 0x11, 0x03, 0x11, 0x03, 0x11, 0x03, 0x11, 0x03, 0x11, 0x03, 0x11, 0x03, 0x11, 0x03, 0x11,
    0x03, 0x11, 0x03, 0x11, 0x03, 0x11, 0x03, 0x11, 0x03, 0x11, 0x03, 0x11, 0x03, 0x11, 0x03, 0x11, 0x03, 0x11, 0x03, 0x11, 0x03, 0x11, 0x03, 0x11,
    0x03, 0x11, 0x03, 0x11, 0x03, 0x11, 0x03, 0x11, 0x27, 0x2b, 0x27, 0x2b, 0x27, 0x2b, 0x27, 0x2b, 0x27, 0x2b, 0x27, 0x2b, 0x03, 0x11, 0x03, 0x11,
    0x03, 0x11, 0x03, 0x11, 0x03, 0x11, 0x03, 0x11, 0x27, 0x2b, 0x27, 0x2b, 0x27, 0x2b, 0x27, 0x2b, 0x6b, 0x55, 0x6b, 0x55, 0x6b, 0x55, 0x6b, 0x55,
    0x6b, 0x55, 0x6b, 0x55, 0x6b, 0x55, 0x6b, 0x55, 0x6b, 0x55, 0x6b, 0x55, 0xf5, 0xee, 0xf5, 0xee, 0xf5, 0xee, 0xf5, 0xee, 0xf5, 0xee, 0xf5, 0xee,
    0xf5, 0xee, 0xf5, 0xee, 0xf5, 0xee, 0xf5, 0xee, 0xf5, 0xee, 0xf5, 0xee, 0xf5, 0xee, 0xf5, 0xee, 0xf5, 0xee, 0xf5, 0xee, 0xf5, 0xee, 0xf5, 0xee,
    0x6b, 0x55, 0x6b, 0x55, 0x6b, 0x55, 0x6b, 0x55, 0x27, 0x2b, 0x27, 0x2b, 0x27, 0x2b, 0x27, 0x2b, 0x03, 0x11, 0x03, 0x11, 0x03, 0x11, 0x03, 0x11,
    0x03, 0x11, 0x03, 0x11, 0x03, 0x11, 0x03, 0x11, 0x03, 0x11, 0x03, 0x11, 0x03, 0x11, 0x03, 0x11, 0x03, 0x11, 0x03, 0x11, 0x03, 0x11, 0x03, 0x11,
    0x03, 0x11, 0x03, 0x11, 0x03, 0x11, 0x03, 0x11, 0x03, 0x11, 0x03, 0x11, 0x03, 0x11, 0x03, 0x11, 0x03, 0x11, 0x03, 0x11, 0x03, 0x11, 0x03, 0x11,
    0x27, 0x2b, 0x27, 0x2b, 0x27, 0x2b, 0x27, 0x2b, 0x27, 0x2b, 0x27, 0x2b, 0x27, 0x2b, 0x27, 0x2b, 0x27, 0x2b, 0x27, 0x2b, 0x03, 0x11, 0x03, 0x11,
    0x27, 0x2b, 0x27, 0x2b, 0x27, 0x2b, 0x27, 0x2b, 0x6b, 0x55, 0x6b, 0x55, 0x6b, 0x55, 0x6b, 0x55, 0x6b, 0x55, 0x6b, 0x55, 0x6b, 0x55, 0x6b, 0x55,
    0x6b, 0x55, 0x6b, 0x55, 0xf5, 0xee, 0xf5, 0xee, 0xf5, 0xee, 0xf5, 0xee, 0xf5, 0xee, 0xf5, 0xee, 0xf5, 0xee, 0xf5, 0xee, 0xf5, 0xee, 0xf5, 0xee,
    0xf5, 0xee, 0xf5, 0xee, 0xf5, 0xee, 0xf5, 0xee, 0xf5, 0xee, 0xf5, 0xee, 0xf5, 0xee, 0xf5, 0xee, 0x6b, 0x55, 0x6b, 0x55, 0x6b, 0x55, 0x6b, 0x55,
    0x27, 0x2b, 0x27, 0x2b, 0x27, 0x2b, 0x27, 0x2b, 0x03, 0x11, 0x03, 0x11, 0x03, 0x11, 0x03, 0x11, 0x03, 0x11, 0x03, 0x11, 0x03, 0x11, 0x03, 0x11,
    0x03, 0x11, 0x03, 0x11, 0x03, 0x11, 0x03, 0x11, 0x03, 0x11, 0x03, 0x11, 0x03, 0x11, 0x03, 0x11, 0x03, 0x11, 0x03, 0x11, 0x03, 0x11, 0x03, 0x11,
    0x03, 0x11, 0x03, 0x11, 0x03, 0x11, 0x03, 0x11, 0x03, 0x11, 0x03, 0x11, 0x03, 0x11, 0x03, 0x11, 0x27, 0x2b, 0x27, 0x2b, 0x27, 0x2b, 0x27, 0x2b,
    0x27, 0x2b, 0x27, 0x2b, 0x27, 0x2b, 0x27, 0x2b, 0x27, 0x2b, 0x27, 0x2b, 0x03, 0x11, 0x03, 0x11, 0x27, 0x2b, 0x27, 0x2b, 0x27, 0x2b, 0x27, 0x2b,
    0x6b, 0x55, 0x6b, 0x55, 0x6b, 0x55, 0x6b, 0x55, 0x6b, 0x55, 0x6b, 0x55, 0x6b, 0x55, 0x6b, 0x55, 0x6b, 0x55, 0x6b, 0x55, 0xf5, 0xee, 0xf5, 0xee,
    0xf5, 0xee, 0xf5, 0xee, 0xf5, 0xee, 0xf5, 0xee, 0xf5, 0xee, 0xf5, 0xee, 0xf5, 0xee, 0xf5, 0xee, 0xf5, 0xee, 0xf5, 0xee, 0xf5, 0xee, 0xf5, 0xee,
    0xf5, 0xee, 0xf5, 0xee, 0xf5, 0xee, 0xf5, 0xee, 0x6b, 0x55, 0x6b, 0x55, 0x6b, 0x55, 0x6b, 0x55, 0x27, 0x2b, 0x27, 0x2b, 0x27, 0x2b, 0x27, 0x2b,
    0x03, 0x11, 0x03, 0x11, 0x03, 0x11, 0x03, 0x11, 0x03, 0x11, 0x03, 0x11, 0x03, 0x11, 0x03, 0x11, 0x03, 0x11, 0x03, 0x11, 0x03, 0x11, 0x03, 0x11,
    0x03, 0x11, 0x03, 0x11, 0x03, 0x11, 0x03, 0x11, 0x03, 0x11, 0x03, 0x11, 0x03, 0x11, 0x03, 0x11, 0x03, 0x11, 0x03, 0x11, 0x03, 0x11, 0x03, 0x11,
    0x03, 0x11, 0x03, 0x11, 0x03, 0x11, 0x03, 0x11, 0x27, 0x2b, 0x27, 0x2b, 0x27, 0x2b, 0x27, 0x2b, 0x27, 0x2b, 0x27, 0x2b, 0x27, 0x2b, 0x27, 0x2b,
    0x27, 0x2b, 0x27, 0x2b, 0x27, 0x2b, 0x27, 0x2b, 0x27, 0x2b, 0x27, 0x2b, 0x27, 0x2b, 0x27, 0x2b, 0x6b, 0x55, 0x6b, 0x55, 0x6b, 0x55, 0x6b, 0x55,
    0x6b, 0x55, 0x6b, 0x55, 0x6b, 0x55, 0x6b, 0x55, 0x6b, 0x55, 0x6b, 0x55, 0xf5, 0xee, 0xf5, 0xee, 0xf5, 0xee, 0xf5, 0xee, 0xf5, 0xee, 0xf5, 0xee,
    0xf5, 0xee, 0xf5, 0xee, 0xf5, 0xee, 0xf5, 0xee, 0xf5, 0xee, 0xf5, 0xee, 0xf5, 0xee, 0xf5, 0xee, 0xf5, 0xee, 0xf5, 0xee, 0xf5, 0xee, 0xf5, 0xee,
    0x6b, 0x55, 0x6b, 0x55, 0x6b, 0x55, 0x6b, 0x55, 0x27, 0x2b, 0x27, 0x2b, 0x27, 0x2b, 0x27, 0x2b, 0x03, 0x11, 0x03, 0x11, 0x03, 0x11, 0x03, 0x11,
    0x03, 0x11, 0x03, 0x11, 0x03, 0x11, 0x03, 0x11, 0x03, 0x11, 0x03, 0x11, 0x03, 0x11, 0x03, 0x11, 0x03, 0x11, 0x03, 0x11, 0x03, 0x11, 0x03, 0x11,
    0x03, 0x11, 0x03, 0x11, 0x03, 0x11, 0x03, 0x11, 0x03, 0x11, 0x03, 0x11, 0x03, 0x11, 0x03, 0x11, 0x03, 0x11, 0x03, 0x11, 0x03, 0x11, 0x03, 0x11,
    0x27, 0x2b, 0x27, 0x2b, 0x27, 0x2b, 0x27, 0x2b, 0x27, 0x2b, 0x27, 0x2b, 0x27, 0x2b, 0x27, 0x2b, 0x27, 0x2b, 0x27, 0x2b, 0x27, 0x2b, 0x27, 0x2b,
    0x27, 0x2b, 0x27, 0x2b, 0x27, 0x2b, 0x27, 0x2b, 0x6b, 0x55, 0x6b, 0x55, 0x6b, 0x55, 0x6b, 0x55, 0x6b, 0x55, 0x6b, 0x55, 0x6b, 0x55, 0x6b, 0x55,
    0x6b, 0x55, 0x6b, 0x55, 0xf5, 0xee, 0xf5, 0xee, 0xf5, 0xee, 0xf5, 0xee, 0xf5, 0xee, 0xf5, 0xee, 0xf5, 0xee, 0xf5, 0xee, 0xf5, 0xee, 0xf5, 0xee,
    0xf5, 0xee, 0xf5, 0xee, 0xf5, 0xee, 0xf5, 0xee, 0xf5, 0xee, 0xf5, 0xee, 0xf5, 0xee, 0xf5, 0xee, 0x6b, 0x55, 0x6b, 0x55, 0x6b, 0x55, 0x6b, 0x55,
    0x27, 0x2b, 0x27, 0x2b, 0x27, 0x2b, 0x27, 0x2b, 0x03, 0x11, 0x03, 0x11, 0x03, 0x11, 0x03, 0x11, 0x03, 0x11, 0x03, 0x11, 0x03, 0x11, 0x03, 0x11,
    0x03, 0x11, 0x03, 0x11, 0x03, 0x11, 0x03, 0x11, 0x03, 0x11, 0x03, 0x11, 0x03, 0x11, 0x03, 0x11, 0x03, 0x11, 0x03, 0x11, 0x03, 0x11, 0x03, 0x11,
    0x03, 0x11, 0x03, 0x11, 0x03, 0x11, 0x03, 0x11, 0x03, 0x11, 0x03, 0x11, 0x03, 0x11, 0x03, 0x11, 0x03, 0x11, 0x03, 0x11, 0x27, 0x2b, 0x27, 0x2b,
    0x27, 0x2b, 0x27, 0x2b, 0x27, 0x2b, 0x27, 0x2b, 0x27, 0x2b, 0x27, 0x2b, 0x27, 0x2b, 0x27, 0x2b, 0x27, 0x2b, 0x27, 0x2b, 0x27, 0x2b, 0x27, 0x2b,
    0x6b, 0x55, 0x6b, 0x55, 0x6b, 0x55, 0x6b, 0x55, 0x6b, 0x55, 0x6b, 0x55, 0x6b, 0x55, 0x6b, 0x55, 0x6b, 0x55, 0x6b, 0x55, 0xf5, 0xee, 0xf5, 0xee,
    0xf5, 0xee, 0xf5, 0xee, 0xf5, 0xee, 0xf5, 0xee, 0xf5, 0xee, 0xf5, 0xee, 0xf5, 0xee, 0xf5, 0xee, 0xf5, 0xee, 0xf5, 0xee, 0xf5, 0xee, 0xf5, 0xee,
    0xf5, 0xee, 0xf5, 0xee, 0xf5, 0xee, 0xf5, 0xee, 0x6b, 0x55, 0x6b, 0x55, 0x6b, 0x55, 0x6b, 0x55, 0x27, 0x2b, 0x27, 0x2b, 0x27, 0x2b, 0x27, 0x2b,
    0x03, 0x11, 0x03, 0x11, 0x03, 0x11, 0x03, 0x11, 0x03, 0x11, 0x03, 0x11, 0x03, 0x11, 0x03, 0x11, 0x03, 0x11, 0x03, 0x11, 0x03, 0x11, 0x03, 0x11,
    0x03, 0x11, 0x03, 0x11, 0x03, 0x11, 0x03, 0x11, 0x03, 0x11, 0x03, 0x11, 0x03, 0x11, 0x03, 0x11, 0x03, 0x11, 0x03, 0x11, 0x03, 0x11, 0x03, 0x11,
    0x03, 0x11, 0x03, 0x11, 0x03, 0x11, 0x03, 0x11, 0x03, 0x11, 0x03, 0x11, 0x27, 0x2b, 0x27, 0x2b, 0x27, 0x2b, 0x27, 0x2b, 0x27, 0x2b, 0x27, 0x2b,
    0x27, 0x2b, 0x27, 0x2b, 0x27, 0x2b, 0x27, 0x2b, 0x27, 0x2b, 0x27, 0x2b, 0x27, 0x2b, 0x27, 0x2b, 0x6b, 0x55, 0x6b, 0x55, 0x6b, 0x55, 0x6b, 0x55,
    0x6b, 0x55, 0x6b, 0x55, 0x6b, 0x55, 0x6b, 0x55, 0x6b, 0x55, 0x6b, 0x55, 0xf5, 0xee, 0xf5, 0xee, 0xf5, 0xee, 0xf5, 0xee, 0xf5, 0xee, 0xf5, 0xee,
    0xf5, 0xee, 0xf5, 0xee, 0xf5, 0xee, 0xf5, 0xee, 0xf5, 0xee, 0xf5, 0xee, 0xf5, 0xee, 0xf5, 0xee, 0xf5, 0xee, 0xf5, 0xee, 0xf5, 0xee, 0xf5, 0xee,
    0x6b, 0x55, 0x6b, 0x55, 0x6b, 0x55, 0x6b, 0x55, 0x27, 0x2b, 0x27, 0x2b, 0x27, 0x2b, 0x27, 0x2b, 0x03, 0x11, 0x03, 0x11, 0x03, 0x11, 0x03, 0x11,
    0x03, 0x11, 0x03, 0x11, 0x03, 0x11, 0x03, 0x11, 0x03, 0x11, 0x03, 0x11, 0x03, 0x11, 0x03, 0x11, 0x03, 0x11, 0x03, 0x11, 0x03, 0x11, 0x03, 0x11,
    0x03, 0x11, 0x03, 0x11, 0x03, 0x11, 0x03, 0x11, 0x03, 0x11, 0x03, 0x11, 0x03, 0x11, 0x03, 0x11, 0x03, 0x11, 0x03, 0x11, 0x03, 0x11, 0x03, 0x11,
    0x03, 0x11, 0x03, 0x11, 0x27, 0x2b, 0x27, 0x2b, 0x27, 0x2b, 0x27, 0x2b, 0x27, 0x2b, 0x27, 0x2b, 0x27, 0x2b, 0x27, 0x2b, 0x27, 0x2b, 0x27, 0x2b,
    0x27, 0x2b, 0x27, 0x2b, 0x27, 0x2b, 0x27, 0x2b, 0x6b, 0x55, 0x6b, 0x55, 0x6b, 0x55, 0x6b, 0x55, 0x6b, 0x55, 0x6b, 0x55, 0x6b, 0x55, 0x6b, 0x55,
    0x6b, 0x55, 0x6b, 0x55, 0xf5, 0xee, 0xf5, 0xee, 0xf5, 0xee, 0xf5, 0xee, 0xf5, 0xee, 0xf5, 0xee, 0xf5, 0xee, 0xf5, 0xee, 0xf5, 0xee, 0xf5, 0xee,
    0xf5, 0xee, 0xf5, 0xee, 0xf5, 0xee, 0xf5, 0xee, 0xf5, 0xee, 0xf5, 0xee, 0xf5, 0xee, 0xf5, 0xee, 0x6b, 0x55, 0x6b, 0x55, 0x6b, 0x55, 0x6b, 0x55,
    0x27, 0x2b, 0x27, 0x2b, 0x27, 0x2b, 0x27, 0x2b, 0x03, 0x11, 0x03, 0x11, 0x03, 0x11, 0x03, 0x11, 0x03, 0x11, 0x03, 0x11, 0x03, 0x11, 0x03, 0x11,
    0x03, 0x11, 0x03, 0x11, 0x03, 0x11, 0x03, 0x11, 0x03, 0x11, 0x03, 0x11, 0x03, 0x11, 0x03, 0x11, 0x03, 0x11, 0x03, 0x11, 0x03, 0x11, 0x03, 0x11,
    0x03, 0x11, 0x03, 0x11, 0x03, 0x11, 0x03, 0x11, 0x03, 0x11, 0x03, 0x11, 0x03, 0x11, 0x03, 0x11, 0x03, 0x11, 0x03, 0x11, 0x27, 0x2b, 0x27, 0x2b,
    0x27, 0x2b, 0x27, 0x2b, 0x27, 0x2b, 0x27, 0x2b, 0x27, 0x2b, 0x27, 0x2b, 0x27, 0x2b, 0x27, 0x2b, 0x27, 0x2b, 0x27, 0x2b, 0x27, 0x2b, 0x27, 0x2b,
    0x6b, 0x55, 0x6b, 0x55, 0x6b, 0x55, 0x6b, 0x55, 0x6b, 0x55, 0x6b, 0x55, 0x6b, 0x55, 0x6b, 0x55, 0x6b, 0x55, 0x6b, 0x55, 0xf5, 0xee, 0xf5, 0xee,
    0xf5, 0xee, 0xf5, 0xee, 0xf5, 0xee, 0xf5, 0xee, 0xf5, 0xee, 0xf5, 0xee, 0xf5, 0xee, 0xf5, 0xee, 0xf5, 0xee, 0xf5, 0xee, 0xf5, 0xee, 0xf5, 0xee,
    0xf5, 0xee, 0xf5, 0xee, 0xf5, 0xee, 0xf5, 0xee, 0x6b, 0x55, 0x6b, 0x55, 0x6b, 0x55, 0x6b, 0x55, 0x27, 0x2b, 0x27, 0x2b, 0x27, 0x2b, 0x27, 0x2b,
    0x03, 0x11, 0x03, 0x11, 0x03, 0x11, 0x03, 0x11, 0x03, 0x11, 0x03, 0x11, 0x03, 0x11, 0x03, 0x11, 0x03, 0x11, 0x03, 0x11, 0x03, 0x11, 0x03, 0x11,
    0x03, 0x11, 0x03, 0x11, 0x03, 0x11, 0x03, 0x11, 0x03, 0x11, 0x03, 0x11, 0x03, 0x11, 0x03, 0x11, 0x03, 0x11, 0x03, 0x11, 0x03, 0x11, 0x03, 0x11,
    0x03, 0x11, 0x03, 0x11, 0x03, 0x11, 0x03, 0x11, 0x03, 0x11, 0x03, 0x11, 0x03, 0x11, 0x03, 0x11, 0x03, 0x11, 0x03, 0x11, 0x03, 0x11, 0x03, 0x11,
    0x27, 0x2b, 0x27, 0x2b, 0x27, 0x2b, 0x27, 0x2b, 0x27, 0x2b, 0x27, 0x2b, 0x27, 0x2b, 0x27, 0x2b, 0x6b, 0x55, 0x6b, 0x55, 0x6b, 0x55, 0x6b, 0x55,
    0x6b, 0x55, 0x6b, 0x55, 0x6b, 0x55, 0x6b, 0x55, 0x6b, 0x55, 0x6b, 0x55, 0xf5, 0xee, 0xf5, 0xee, 0xf5, 0xee, 0xf5, 0xee, 0xf5, 0xee, 0xf5, 0xee,
    0xf5, 0xee, 0xf5, 0xee, 0xf5, 0xee, 0xf5, 0xee, 0xf5, 0xee, 0xf5, 0xee, 0xf5, 0xee, 0xf5, 0xee, 0xf5, 0xee, 0xf5, 0xee, 0xf5, 0xee, 0xf5, 0xee,
    0x6b, 0x55, 0x6b, 0x55, 0x6b, 0x55, 0x6b, 0x55, 0x27, 0x2b, 0x27, 0x2b, 0x27, 0x2b, 0x27, 0x2b, 0x03, 0x11, 0x03, 0x11, 0x03, 0x11, 0x03, 0x11,
    0x03, 0x11, 0x03, 0x11, 0x03, 0x11, 0x03, 0x11, 0x03, 0x11, 0x03, 0x11, 0x03, 0x11, 0x03, 0x11, 0x03, 0x11, 0x03, 0x11, 0x03, 0x11, 0x03, 0x11,
    0x03, 0x11, 0x03, 0x11, 0x03, 0x11, 0x03, 0x11, 0x03, 0x11, 0x03, 0x11, 0x03, 0x11, 0x03, 0x11, 0x03, 0x11, 0x03, 0x11, 0x03, 0x11, 0x03, 0x11,
    0x03, 0x11, 0x03, 0x11, 0x03, 0x11, 0x03, 0x11, 0x03, 0x11, 0x03, 0x11, 0x03, 0x11, 0x03, 0x11, 0x27, 0x2b, 0x27, 0x2b, 0x27, 0x2b, 0x27, 0x2b,
    0x27, 0x2b, 0x27, 0x2b, 0x27, 0x2b, 0x27, 0x2b, 0x6b, 0x55, 0x6b, 0x55, 0x6b, 0x55, 0x6b, 0x55, 0x6b, 0x55, 0x6b, 0x55, 0x6b, 0x55, 0x6b, 0x55,
    0x6b, 0x55, 0x6b, 0x55, 0xf5, 0xee, 0xf5, 0xee, 0xf5, 0xee, 0xf5, 0xee, 0xf5, 0xee, 0xf5, 0xee, 0xf5, 0xee, 0xf5, 0xee, 0xf5, 0xee, 0xf5, 0xee,
    0xf5, 0xee, 0xf5, 0xee, 0xf5, 0xee, 0xf5, 0xee, 0xf5, 0xee, 0xf5, 0xee, 0xf5, 0xee, 0xf5, 0xee, 0x6b, 0x55, 0x6b, 0x55, 0x6b, 0x55, 0x6b, 0x55,
    0x27, 0x2b, 0x27, 0x2b, 0x27, 0x2b, 0x27, 0x2b, 0x03, 0x11, 0x03, 0x11, 0x03, 0x11, 0x03, 0x11, 0x03, 0x11, 0x03, 0x11, 0x03, 0x11, 0x03, 0x11,
    0x03, 0x11, 0x03, 0x11, 0x03, 0x11, 0x03, 0x11, 0x03, 0x11, 0x03, 0x11, 0x03, 0x11, 0x03, 0x11, 0x03, 0x11, 0x03, 0x11, 0x03, 0x11, 0x03, 0x11,
    0x03, 0x11, 0x03, 0x11, 0x03, 0x11, 0x03, 0x11, 0x03, 0x11, 0x03, 0x11, 0x03, 0x11, 0x03, 0x11, 0x03, 0x11, 0x03, 0x11, 0x03, 0x11, 0x03, 0x11,
    0x03, 0x11, 0x03, 0x11, 0x03, 0x11, 0x03, 0x11, 0x03, 0x11, 0x03, 0x11, 0x03, 0x11, 0x03, 0x11, 0x27, 0x2b, 0x27, 0x2b, 0x27, 0x2b, 0x27, 0x2b,
    0x27, 0x2b, 0x27, 0x2b, 0x27, 0x2b, 0x27, 0x2b, 0x27, 0x2b, 0x27, 0x2b, 0x27, 0x2b, 0x27, 0x2b, 0x27, 0x2b, 0x27, 0x2b, 0x27, 0x2b, 0x27, 0x2b,
    0xf5, 0xee, 0xf5, 0xee, 0xf5, 0xee, 0xf5, 0xee, 0xf5, 0xee, 0xf5, 0xee, 0xf5, 0xee, 0xf5, 0xee, 0xf5, 0xee, 0xf5, 0xee, 0xf5, 0xee, 0xf5, 0xee,
    0x27, 0x2b, 0x27, 0x2b, 0x27, 0x2b, 0x27, 0x2b, 0x27, 0x2b, 0x27, 0x2b, 0x27, 0x2b, 0x27, 0x2b, 0x27, 0x2b, 0x27, 0x2b, 0x27, 0x2b, 0x27, 0x2b,
    0x27, 0x2b, 0x27, 0x2b, 0x27, 0x2b, 0x27, 0x2b, 0x03, 0x11, 0x03, 0x11, 0x03, 0x11, 0x03, 0x11, 0x03, 0x11, 0x03, 0x11, 0x03, 0x11, 0x03, 0x11,
    0x03, 0x11, 0x03, 0x11, 0x03, 0x11, 0x03, 0x11, 0x03, 0x11, 0x03, 0x11, 0x03, 0x11, 0x03, 0x11, 0x03, 0x11, 0x03, 0x11, 0x03, 0x11, 0x03, 0x11,
    0x03, 0x11, 0x03, 0x11, 0x03, 0x11, 0x03, 0x11, 0x03, 0x11, 0x03, 0x11, 0x03, 0x11, 0x03, 0x11, 0x03, 0x11, 0x03, 0x11, 0x03, 0x11, 0x03, 0x11,
    0x03, 0x11, 0x03, 0x11, 0x03, 0x11, 0x03, 0x11, 0x27, 0x2b, 0x27, 0x2b, 0x27, 0x2b, 0x27, 0x2b, 0x27, 0x2b, 0x27, 0x2b, 0x27, 0x2b, 0x27, 0x2b,
    0x27, 0x2b, 0x27, 0x2b, 0x27, 0x2b, 0x27, 0x2b, 0x27, 0x2b, 0x27, 0x2b, 0x27, 0x2b, 0x27, 0x2b, 0xf5, 0xee, 0xf5, 0xee, 0xf5, 0xee, 0xf5, 0xee,
    0xf5, 0xee, 0xf5, 0xee, 0xf5, 0xee, 0xf5, 0xee, 0xf5, 0xee, 0xf5, 0xee, 0xf5, 0xee, 0xf5, 0xee, 0x27, 0x2b, 0x27, 0x2b, 0x27, 0x2b, 0x27, 0x2b,
    0x27, 0x2b, 0x27, 0x2b, 0x27, 0x2b, 0x27, 0x2b, 0x27, 0x2b, 0x27, 0x2b, 0x27, 0x2b, 0x27, 0x2b, 0x27, 0x2b, 0x27, 0x2b, 0x27, 0x2b, 0x27, 0x2b,
    0x03, 0x11, 0x03, 0x11, 0x03, 0x11, 0x03, 0x11, 0x03, 0x11, 0x03, 0x11, 0x03, 0x11, 0x03, 0x11, 0x03, 0x11, 0x03, 0x11, 0x03, 0x11, 0x03, 0x11,
    0x03, 0x11, 0x03, 0x11, 0x03, 0x11, 0x03, 0x11, 0x03, 0x11, 0x03, 0x11, 0x03, 0x11, 0x03, 0x11, 0x03, 0x11, 0x03, 0x11, 0x03, 0x11, 0x03, 0x11,
    0x03, 0x11, 0x03, 0x11, 0x03, 0x11, 0x03, 0x11, 0x03, 0x11, 0x03, 0x11, 0x03, 0x11, 0x03, 0x11, 0x03, 0x11, 0x03, 0x11, 0x03, 0x11, 0x03, 0x11,
    0x27, 0x2b, 0x27, 0x2b, 0x27, 0x2b, 0x27, 0x2b, 0x27, 0x2b, 0x27, 0x2b, 0x27, 0x2b, 0x27, 0x2b, 0x27, 0x2b, 0x27, 0x2b, 0x27, 0x2b, 0x27, 0x2b,
    0x27, 0x2b, 0x27, 0x2b, 0x27, 0x2b, 0x27, 0x2b, 0x27, 0x2b, 0x27, 0x2b, 0x27, 0x2b, 0x27, 0x2b, 0x27, 0x2b, 0x27, 0x2b, 0x27, 0x2b, 0x27, 0x2b,
    0x27, 0x2b, 0x27, 0x2b, 0x27, 0x2b, 0x27, 0x2b, 0x27, 0x2b, 0x27, 0x2b, 0x27, 0x2b, 0x27, 0x2b, 0x27, 0x2b, 0x27, 0x2b, 0x27, 0x2b, 0x27, 0x2b,
    0x27, 0x2b, 0x27, 0x2b, 0x27, 0x2b, 0x27, 0x2b, 0x27, 0x2b, 0x27, 0x2b, 0x27, 0x2b, 0x27, 0x2b, 0x03, 0x11, 0x03, 0x11, 0x03, 0x11, 0x03, 0x11,
    0x03, 0x11, 0x03, 0x11, 0x03, 0x11, 0x03, 0x11, 0x03, 0x11, 0x03, 0x11, 0x03, 0x11, 0x03, 0x11, 0x03, 0x11, 0x03, 0x11, 0x03, 0x11, 0x03, 0x11,
    0x03, 0x11, 0x03, 0x11, 0x03, 0x11, 0x03, 0x11, 0x03, 0x11, 0x03, 0x11, 0x03, 0x11, 0x03, 0x11, 0x03, 0x11, 0x03, 0x11, 0x03, 0x11, 0x03, 0x11,
    0x03, 0x11, 0x03, 0x11, 0x03, 0x11, 0x03, 0x11, 0x03, 0x11, 0x03, 0x11, 0x03, 0x11, 0x03, 0x11, 0x27, 0x2b, 0x27, 0x2b, 0x27, 0x2b, 0x27, 0x2b,
    0x27, 0x2b, 0x27, 0x2b, 0x27, 0x2b, 0x27, 0x2b, 0x27, 0x2b, 0x27, 0x2b, 0x27, 0x2b, 0x27, 0x2b, 0x27, 0x2b, 0x27, 0x2b, 0x27, 0x2b, 0x27, 0x2b,
    0x27, 0x2b, 0x27, 0x2b, 0x27, 0x2b, 0x27, 0x2b, 0x27, 0x2b, 0x27, 0x2b, 0x27, 0x2b, 0x27, 0x2b, 0x27, 0x2b, 0x27, 0x2b, 0x27, 0x2b, 0x27, 0x2b,
    0x27, 0x2b, 0x27, 0x2b, 0x27, 0x2b, 0x27, 0x2b, 0x27, 0x2b, 0x27, 0x2b, 0x27, 0x2b, 0x27, 0x2b, 0x27, 0x2b, 0x27, 0x2b, 0x27, 0x2b, 0x27, 0x2b,
    0x27, 0x2b, 0x27, 0x2b, 0x27, 0x2b, 0x27, 0x2b, 0x03, 0x11, 0x03, 0x11, 0x03, 0x11, 0x03, 0x11, 0x03, 0x11, 0x03, 0x11, 0x03, 0x11, 0x03, 0x11,
    0x03, 0x11, 0x03, 0x11, 0x03, 0x11, 0x03, 0x11, 0x03, 0x11, 0x03, 0x11, 0x03, 0x11, 0x03, 0x11, 0x03, 0x11, 0x03, 0x11, 0x03, 0x11, 0x03, 0x11,
    0x03, 0x11, 0x03, 0x11, 0x03, 0x11, 0x03, 0x11, 0x03, 0x11, 0x03, 0x11, 0x03, 0x11, 0x03, 0x11, 0x03, 0x11, 0x03, 0x11, 0x03, 0x11, 0x03, 0x11,
    0x03, 0x11, 0x03, 0x11, 0x03, 0x11, 0x03, 0x11, 0x27, 0x2b, 0x27, 0x2b, 0x27, 0x2b, 0x27, 0x2b, 0x27, 0x2b, 0x27, 0x2b, 0x27, 0x2b, 0x27, 0x2b,
    0x27, 0x2b, 0x27, 0x2b, 0x27, 0x2b, 0x27, 0x2b, 0x27, 0x2b, 0x27, 0x2b, 0x27, 0x2b, 0x27, 0x2b, 0x03, 0x11, 0x03, 0x11, 0x03, 0x11, 0x03, 0x11,
    0x03, 0x11, 0x03, 0x11, 0x03, 0x11, 0x03, 0x11, 0x03, 0x11, 0x03, 0x11, 0x03, 0x11, 0x03, 0x11, 0x27, 0x2b, 0x27, 0x2b, 0x27, 0x2b, 0x27, 0x2b,
    0x27, 0x2b, 0x27, 0x2b, 0x27, 0x2b, 0x27, 0x2b, 0x27, 0x2b, 0x27, 0x2b, 0x27, 0x2b, 0x27, 0x2b, 0x27, 0x2b, 0x27, 0x2b, 0x27, 0x2b, 0x27, 0x2b,
    0x03, 0x11, 0x03, 0x11, 0x03, 0x11, 0x03, 0x11, 0x03, 0x11, 0x03, 0x11, 0x03, 0x11, 0x03, 0x11, 0x03, 0x11, 0x03, 0x11, 0x03, 0x11, 0x03, 0x11,
    0x03, 0x11, 0x03, 0x11, 0x03, 0x11, 0x03, 0x11, 0x03, 0x11, 0x03, 0x11, 0x03, 0x11, 0x03, 0x11, 0x03, 0x11, 0x03, 0x11, 0x03, 0x11, 0x03, 0x11,
    0x03, 0x11, 0x03, 0x11, 0x03, 0x11, 0x03, 0x11, 0x03, 0x11, 0x03, 0x11, 0x03, 0x11, 0x03, 0x11, 0x03, 0x11, 0x03, 0x11, 0x03, 0x11, 0x03, 0x11,
    0x27, 0x2b, 0x27, 0x2b, 0x27, 0x2b, 0x27, 0x2b, 0x27, 0x2b, 0x27, 0x2b, 0x27, 0x2b, 0x27, 0x2b, 0x27, 0x2b, 0x27, 0x2b, 0x27, 0x2b, 0x27, 0x2b,
    0x27, 0x2b, 0x27, 0x2b, 0x27, 0x2b, 0x27, 0x2b, 0x03, 0x11, 0x03, 0x11, 0x03, 0x11, 0x03, 0x11, 0x03, 0x11, 0x03, 0x11, 0x03, 0x11, 0x03, 0x11,
    0x03, 0x11, 0x03, 0x11, 0x03, 0x11, 0x03, 0x11, 0x27, 0x2b, 0x27, 0x2b, 0x27, 0x2b, 0x27, 0x2b, 0x27, 0x2b, 0x27, 0x2b, 0x27, 0x2b, 0x27, 0x2b,
    0x27, 0x2b, 0x27, 0x2b, 0x27, 0x2b, 0x27, 0x2b, 0x27, 0x2b, 0x27, 0x2b, 0x27, 0x2b, 0x27, 0x2b, 0x03, 0x11, 0x03, 0x11, 0x03, 0x11, 0x03, 0x11,
    0x03, 0x11, 0x03, 0x11, 0x03, 0x11, 0x03, 0x11, 0x03, 0x11, 0x03, 0x11, 0x03, 0x11, 0x03, 0x11, 0x03, 0x11, 0x03, 0x11, 0x03, 0x11, 0x03, 0x11,
    0x03, 0x11, 0x03, 0x11, 0x03, 0x11, 0x03, 0x11, 0x03, 0x11, 0x03, 0x11, 0x03, 0x11, 0x03, 0x11, 0x03, 0x11, 0x03, 0x11, 0x03, 0x11, 0x03, 0x11,
    0x03, 0x11, 0x03, 0x11, 0x03, 0x11, 0x03, 0x11, 0x03, 0x11, 0x03, 0x11, 0x03, 0x11, 0x03, 0x11, 0x27, 0x2b, 0x27, 0x2b, 0x27, 0x2b, 0x27, 0x2b,
    0x27, 0x2b, 0x27, 0x2b, 0x27, 0x2b, 0x27, 0x2b, 0x27, 0x2b, 0x27, 0x2b, 0x27, 0x2b, 0x27, 0x2b, 0x27, 0x2b, 0x27, 0x2b, 0x27, 0x2b, 0x27, 0x2b,
    0x03, 0x11, 0x03, 0x11, 0x03, 0x11, 0x03, 0x11, 0x03, 0x11, 0x03, 0x11, 0x03, 0x11, 0x03, 0x11, 0x03, 0x11, 0x03, 0x11, 0x03, 0x11, 0x03, 0x11,
    0x27, 0x2b, 0x27, 0x2b, 0x27, 0x2b, 0x27, 0x2b, 0x27, 0x2b, 0x27, 0x2b, 0x27, 0x2b, 0x27, 0x2b, 0x27, 0x2b, 0x27, 0x2b, 0x27, 0x2b, 0x27, 0x2b,
    0x27, 0x2b, 0x27, 0x2b, 0x27, 0x2b, 0x27, 0x2b, 0x03, 0x11, 0x03, 0x11, 0x03, 0x11, 0x03, 0x11, 0x03, 0x11, 0x03, 0x11, 0x03, 0x11, 0x03, 0x11,
    0x03, 0x11, 0x03, 0x11, 0x03, 0x11, 0x03, 0x11, 0x03, 0x11, 0x03, 0x11, 0x03, 0x11, 0x03, 0x11, 0x03, 0x11, 0x03, 0x11, 0x03, 0x11, 0x03, 0x11,
    0x03, 0x11, 0x03, 0x11, 0x03, 0x11, 0x03, 0x11, 0x03, 0x11, 0x03, 0x11, 0x03, 0x11, 0x03, 0x11, 0x03, 0x11, 0x03, 0x11, 0x03, 0x11, 0x03, 0x11,
    0x03, 0x11, 0x03, 0x11, 0x03, 0x11, 0x03, 0x11, 0x27, 0x2b, 0x27, 0x2b, 0x27, 0x2b, 0x27, 0x2b, 0x27, 0x2b, 0x27, 0x2b, 0x27, 0x2b, 0x27, 0x2b,
    0x27, 0x2b, 0x27, 0x2b, 0x27, 0x2b, 0x27, 0x2b, 0x27, 0x2b, 0x27, 0x2b, 0x27, 0x2b, 0x27, 0x2b, 0x03, 0x11, 0x03, 0x11, 0x03, 0x11, 0x03, 0x11,
    0x03, 0x11, 0x03, 0x11, 0x03, 0x11, 0x03, 0x11, 0x03, 0x11, 0x03, 0x11, 0x03, 0x11, 0x03, 0x11, 0x27, 0x2b, 0x27, 0x2b, 0x27, 0x2b, 0x27, 0x2b,
    0x27, 0x2b, 0x27, 0x2b, 0x27, 0x2b, 0x27, 0x2b, 0x27, 0x2b, 0x27, 0x2b, 0x27, 0x2b, 0x27, 0x2b, 0x27, 0x2b, 0x27, 0x2b, 0x27, 0x2b, 0x27, 0x2b,
    0x03, 0x11, 0x03, 0x11, 0x03, 0x11, 0x03, 0x11, 0x03, 0x11, 0x03, 0x11, 0x03, 0x11, 0x03, 0x11, 0x03, 0x11, 0x03, 0x11, 0x03, 0x11, 0x03, 0x11,
    0x03, 0x11, 0x03, 0x11, 0x03, 0x11, 0x03, 0x11, 0x03, 0x11, 0x03, 0x11, 0x03, 0x11, 0x03, 0x11, 0x03, 0x11, 0x03, 0x11, 0x03, 0x11, 0x03, 0x11,
    0x03, 0x11, 0x03, 0x11, 0x03, 0x11, 0x03, 0x11, 0x03, 0x11, 0x03, 0x11, 0x03, 0x11, 0x03, 0x11, 0x03, 0x11, 0x03, 0x11, 0x03, 0x11, 0x03, 0x11,
    0x03, 0x11, 0x03, 0x11, 0x03, 0x11, 0x03, 0x11, 0x03, 0x11, 0x03, 0x11, 0x03, 0x11, 0x03, 0x11, 0x03, 0x11, 0x03, 0x11, 0x03, 0x11, 0x03, 0x11,
    0x03, 0x11, 0x03, 0x11, 0x03, 0x11, 0x03, 0x11, 0x03, 0x11, 0x03, 0x11, 0x03, 0x11, 0x03, 0x11, 0x03, 0x11, 0x03, 0x11, 0x03, 0x11, 0x03, 0x11,
    0x03, 0x11, 0x03, 0x11, 0x03, 0x11, 0x03, 0x11, 0x03, 0x11, 0x03, 0x11, 0x03, 0x11, 0x03, 0x11, 0x03, 0x11, 0x03, 0x11, 0x03, 0x11, 0x03, 0x11,
    0x03, 0x11, 0x03, 0x11, 0x03, 0x11, 0x03, 0x11, 0x03, 0x11, 0x03, 0x11, 0x03, 0x11, 0x03, 0x11, 0x03, 0x11, 0x03, 0x11, 0x03, 0x11, 0x03, 0x11,
    0x03, 0x11, 0x03, 0x11, 0x03, 0x11, 0x03, 0x11, 0x03, 0x11, 0x03, 0x11, 0x03, 0x11, 0x03, 0x11, 0x03, 0x11, 0x03, 0x11, 0x03, 0x11, 0x03, 0x11,
    0x03, 0x11, 0x03, 0x11, 0x03, 0x11, 0x03, 0x11, 0x03, 0x11, 0x03, 0x11, 0x03, 0x11, 0x03, 0x11, 0x03, 0x11, 0x03, 0x11, 0x03, 0x11, 0x03, 0x11,
    0x03, 0x11, 0x03, 0x11, 0x03, 0x11, 0x03, 0x11, 0x03, 0x11, 0x03, 0x11, 0x03, 0x11, 0x03, 0x11, 0x03, 0x11, 0x03, 0x11, 0x03, 0x11, 0x03, 0x11,
    0x03, 0x11, 0x03, 0x11, 0x03, 0x11, 0x03, 0x11, 0x03, 0x11, 0x03, 0x11, 0x03, 0x11, 0x03, 0x11, 0x03, 0x11, 0x03, 0x11, 0x03, 0x11, 0x03, 0x11,
    0x03, 0x11, 0x03, 0x11, 0x03, 0x11, 0x03, 0x11, 0x03, 0x11, 0x03, 0x11, 0x03, 0x11, 0x03, 0x11, 0x03, 0x11, 0x03, 0x11, 0x03, 0x11, 0x03, 0x11,
    0x03, 0x11, 0x03, 0x11, 0x03, 0x11, 0x03, 0x11, 0x03, 0x11, 0x03, 0x11, 0x03, 0x11, 0x03, 0x11, 0x03, 0x11, 0x03, 0x11, 0x03, 0x11, 0x03, 0x11,
    0x03, 0x11, 0x03, 0x11, 0x03, 0x11, 0x03, 0x11, 0x03, 0x11, 0x03, 0x11, 0x03, 0x11, 0x03, 0x11, 0x03, 0x11, 0x03, 0x11, 0x03, 0x11, 0x03, 0x11,
    0x03, 0x11, 0x03, 0x11, 0x03, 0x11, 0x03, 0x11, 0x03, 0x11, 0x03, 0x11, 0x03, 0x11, 0x03, 0x11, 0x03, 0x11, 0x03, 0x11, 0x03, 0x11, 0x03, 0x11,
    0x03, 0x11, 0x03, 0x11, 0x03, 0x11, 0x03, 0x11, 0x03, 0x11, 0x03, 0x11, 0x03, 0x11, 0x03, 0x11, 0x03, 0x11, 0x03, 0x11, 0x03, 0x11, 0x03, 0x11,
    0x03, 0x11, 0x03, 0x11, 0x03, 0x11, 0x03, 0x11, 0x03, 0x11, 0x03, 0x11, 0x03, 0x11, 0x03, 0x11, 0x03, 0x11, 0x03, 0x11, 0x03, 0x11, 0x03, 0x11,
    0x03, 0x11, 0x03, 0x11, 0x03, 0x11, 0x03, 0x11, 0x03, 0x11, 0x03, 0x11, 0x03, 0x11, 0x03, 0x11, 0x03, 0x11, 0x03, 0x11, 0x03, 0x11, 0x03, 0x11,
    0x03, 0x11, 0x03, 0x11, 0x03, 0x11, 0x03, 0x11, 0x03, 0x11, 0x03, 0x11, 0x03, 0x11, 0x03, 0x11, 0x03, 0x11, 0x03, 0x11, 0x03, 0x11, 0x03, 0x11,
    0x03, 0x11, 0x03, 0x11, 0x03, 0x11, 0x03, 0x11, 0x03, 0x11, 0x03, 0x11, 0x03, 0x11, 0x03, 0x11, 0x03, 0x11, 0x03, 0x11, 0x03, 0x11, 0x03, 0x11,
    0x03, 0x11, 0x03, 0x11, 0x03, 0x11, 0x03, 0x11, 0x03, 0x11, 0x03, 0x11, 0x03, 0x11, 0x03, 0x11, 0x03, 0x11, 0x03, 0x11, 0x03, 0x11, 0x03, 0x11,
    0x03, 0x11, 0x03, 0x11, 0x03, 0x11, 0x03, 0x11, 0x03, 0x11, 0x03, 0x11, 0x03, 0x11, 0x03, 0x11, 0x03, 0x11, 0x03, 0x11, 0x03, 0x11, 0x03, 0x11,
    0x03, 0x11, 0x03, 0x11, 0x03, 0x11, 0x03, 0x11, 0x03, 0x11, 0x03, 0x11, 0x03, 0x11, 0x03, 0x11, 0x03, 0x11, 0x03, 0x11, 0x03, 0x11, 0x03, 0x11,
    0x03, 0x11, 0x03, 0x11, 0x03, 0x11, 0x03, 0x11, 0x03, 0x11, 0x03, 0x11, 0x03, 0x11, 0x03, 0x11, 0x03, 0x11, 0x03, 0x11, 0x03, 0x11, 0x03, 0x11,
    0x03, 0x11, 0x03, 0x11, 0x03, 0x11, 0x03, 0x11, 0x03, 0x11, 0x03, 0x11, 0x03, 0x11, 0x03, 0x11, 0x03, 0x11, 0x03, 0x11, 0x03, 0x11, 0x03, 0x11,
    0x03, 0x11, 0x03, 0x11, 0x03, 0x11, 0x03, 0x11, 0x03, 0x11, 0x03, 0x11, 0x03, 0x11, 0x03, 0x11, 0x03, 0x11, 0x03, 0x11, 0x03, 0x11, 0x03, 0x11,
    0x03, 0x11, 0x03, 0x11, 0x03, 0x11, 0x03, 0x11, 0x03, 0x11, 0x03, 0x11, 0x03, 0x11, 0x03, 0x11, 0x03, 0x11, 0x03, 0x11, 0x03, 0x11, 0x03, 0x11,
    0x03, 0x11, 0x03, 0x11, 0x03, 0x11, 0x03, 0x11, 0x03, 0x11, 0x03, 0x11, 0x03, 0x11, 0x03, 0x11, 0x03, 0x11, 0x03, 0x11, 0x03, 0x11, 0x03, 0x11,
    0x03, 0x11, 0x03, 0x11, 0x03, 0x11, 0x03, 0x11, 0x03, 0x11, 0x03, 0x11, 0x03, 0x11, 0x03, 0x11, 0x03, 0x11, 0x03, 0x11, 0x03, 0x11, 0x03, 0x11,
    0x03, 0x11, 0x03, 0x11, 0x03, 0x11, 0x03, 0x11, 0x03, 0x11, 0x03, 0x11, 0x03, 0x11, 0x03, 0x11, 0x03, 0x11, 0x03, 0x11, 0x03, 0x11, 0x03, 0x11,
    0x03, 0x11, 0x03, 0x11, 0x03, 0x11, 0x03, 0x11, 0x03, 0x11, 0x03, 0x11, 0x03, 0x11, 0x03, 0x11, 0x03, 0x11, 0x03, 0x11, 0x03, 0x11, 0x03, 0x11,
    0x03, 0x11, 0x03, 0x11, 0x03, 0x11, 0x03, 0x11, 0x03, 0x11, 0x03, 0x11, 0x03, 0x11, 0x03, 0x11, 0x03, 0x11, 0x03, 0x11, 0x03, 0x11, 0x03, 0x11,
    0x03, 0x11, 0x03, 0x11, 0x03, 0x11, 0x03, 0x11, 0x03, 0x11, 0x03, 0x11, 0x03, 0x11, 0x03, 0x11, 0x03, 0x11, 0x03, 0x11, 0x03, 0x11, 0x03, 0x11,
    0x03, 0x11, 0x03, 0x11, 0x03, 0x11, 0x03, 0x11, 0x03, 0x11, 0x03, 0x11, 0x03, 0x11, 0x03, 0x11, 0x03, 0x11, 0x03, 0x11, 0x03, 0x11, 0x03, 0x11,
    0x03, 0x11, 0x03, 0x11, 0x03, 0x11, 0x03, 0x11, 0x03, 0x11, 0x03, 0x11, 0x03, 0x11, 0x03, 0x11, 0x03, 0x11, 0x03, 0x11, 0x03, 0x11, 0x03, 0x11,
    0x03, 0x11, 0x03, 0x11, 0x03, 0x11, 0x03, 0x11, 0x03, 0x11, 0x03, 0x11, 0x03, 0x11, 0x03, 0x11, 0x03, 0x11, 0x03, 0x11, 0x03, 0x11, 0x03, 0x11,
    0x03, 0x11, 0x03, 0x11, 0x03, 0x11, 0x03, 0x11, 0x03, 0x11, 0x03, 0x11, 0x03, 0x11, 0x03, 0x11, 0x03, 0x11, 0x03, 0x11, 0x03, 0x11, 0x03, 0x11,
    0x03, 0x11, 0x03, 0x11, 0x03, 0x11, 0x03, 0x11, 0x03, 0x11, 0x03, 0x11, 0x03, 0x11, 0x03, 0x11, 0x03, 0x11, 0x03, 0x11, 0x03, 0x11, 0x03, 0x11,
    0x03, 0x11, 0x03, 0x11, 0x03, 0x11, 0x03, 0x11, 0x03, 0x11, 0x03, 0x11, 0x03, 0x11, 0x03, 0x11, 0x03, 0x11, 0x03, 0x11, 0x03, 0x11, 0x03, 0x11,
    0x03, 0x11, 0x03, 0x11, 0x03, 0x11, 0x03, 0x11, 0x03, 0x11, 0x03, 0x11, 0x03, 0x11, 0x03, 0x11, 0x03, 0x11, 0x03, 0x11, 0x03, 0x11, 0x03, 0x11,
    0x03, 0x11, 0x03, 0x11, 0x03, 0x11, 0x03, 0x11, 0x03, 0x11, 0x03, 0x11, 0x03, 0x11, 0x03, 0x11, 0x03, 0x11, 0x03, 0x11, 0x03, 0x11, 0x03, 0x11,
    0x03, 0x11, 0x03, 0x11, 0x03, 0x11, 0x03, 0x11,
};
const lv_img_dsc_t pet_cheer_3 = {
    .header.cf = LV_IMG_CF_TRUE_COLOR,
    .header.always_zero = 0,
    .header.reserved = 0,
    .header.w = 80,
    .header.h = 80,
    .data_size = 12800,
    .data = pet_cheer_3_map,
};

static const LV_ATTRIBUTE_MEM_ALIGN LV_ATTRIBUTE_LARGE_CONST uint8_t pet_sleep_0_map[] = {
    0x03, 0x11, 0x03, 0x11, 0x03, 0x11, 0x03, 0x11, 0x03, 0x11, 0x03, 0x11, 0x03, 0x11, 0x03, 0x11, 0x03, 0x11, 0x03, 0x11, 0x03, 0x11, 0x03, 0x11,
    0x03, 0x11, 0x03, 0x11, 0x03, 0x11, 0x03, 0x11, 0x03, 0x11, 0x03, 0x11, 0x03, 0x11, 0x03, 0x11, 0x03, 0x11, 0x03, 0x11, 0x03, 0x11, 0x03, 0x11,
    0x03, 0x11, 0x03, 0x11, 0x03, 0x11, 0x03, 0x11, 0x03, 0x11, 0x03, 0x11, 0x03, 0x11, 0x03, 0x11, 0x03, 0x11, 0x03, 0x11, 0x03, 0x11, 0x03, 0x11,
    0x03, 0x11, 0x03, 0x11, 0x03, 0x11, 0x03, 0x11, 0x03, 0x11, 0x03, 0x11, 0x03, 0x11, 0x03, 0x11, 0x03, 0x11, 0x03, 0x11, 0x03, 0x11, 0x03, 0x11,
    0x03, 0x11, 0x03, 0x11, 0x03, 0x11, 0x03, 0x11, 0x03, 0x11, 0x03, 0x11, 0x03, 0x11, 0x03, 0x11, 0x03, 0x11, 0x03, 0x11, 0x03, 0x11, 0x03, 0x11,
    0x03, 0x11, 0x03, 0x11, 0x03, 0x11, 0x03, 0x11, 0x03, 0x11, 0x03, 0x11, 0x03, 0x11, 0x03, 0x11, 0x03, 0x11, 0x03, 0x11, 0x03, 0x11, 0x03, 0x11,
    0x03, 0x11, 0x03, 0x11, 0x03, 0x11, 0x03, 0x11, 0x03, 0x11, 0x03, 0x11, 0x03, 0x11, 0x03, 0x11, 0x03, 0x11, 0x03, 0x11, 0x03, 0x11, 0x03, 0x11,
    0x03, 0x11, 0x03, 0x11, 0x03, 0x11, 0x03, 0x11, 0x03, 0x11, 0x03, 0x11, 0x03, 0x11, 0x03, 0x11, 0x03, 0x11, 0x03, 0x11, 0x03, 0x11, 0x03, 0x11,
    0x03, 0x11, 0x03, 0x11, 0x03, 0x11, 0x03, 0x11, 0x03, 0x11, 0x03, 0x11, 0x03, 0x11, 0x03, 0x11, 0x03, 0x11, 0x03, 0x11, 0x03, 0x11, 0x03, 0x11,
    0x03, 0x11, 0x03, 0x11, 0x03, 0x11, 0x03, 0x11, 0x03, 0x11, 0x03, 0x11, 0x03, 0x11, 0x03, 0x11, 0x03, 0x11, 0x03, 0x11, 0x03, 0x11, 0x03, 0x11,
    0x03, 0x11, 0x03, 0x11, 0x03, 0x11, 0x03, 0x11, 0x03, 0x11, 0x03, 0x11, 0x03, 0x11, 0x03, 0x11, 0x03, 0x11, 0x03, 0x11, 0x03, 0x11, 0x03, 0x11,
    0x03, 0x11, 0x03, 0x11, 0x03, 0x11, 0x03, 0x11, 0x03, 0x11, 0x03, 0x11, 0x03, 0x11, 0x03, 0x11, 0x03, 0x11, 0x03, 0x11, 0x03, 0x11, 0x03, 0x11,
    0x03, 0x11, 0x03, 0x11, 0x03, 0x11, 0x03, 0x11, 0x03, 0x11, 0x03, 0x11, 0x03, 0x11, 0x03, 0x11, 0x03, 0x11, 0x03, 0x11, 0x03, 0x11, 0x03, 0x11,
    0x03, 0x11, 0x03, 0x11, 0x03, 0x11, 0x03, 0x11, 0x03, 0x11, 0x03, 0x11, 0x03, 0x11, 0x03, 0x11, 0x03, 0x11, 0x03, 0x11, 0x03, 0x11, 0x03, 0x11,
    0x03, 0x11, 0x03, 0x11, 0x03, 0x11, 0x03, 0x11, 0x03, 0x11, 0x03, 0x11, 0x03, 0x11, 0x03, 0x11, 0x03, 0x11, 0x03, 0x11, 0x03, 0x11, 0x03, 0x11,
    0x03, 0x11, 0x03, 0x11, 0x03, 0x11, 0x03, 0x11, 0x03, 0x11, 0x03, 0x11, 0x03, 0x11, 0x03, 0x11, 0x03, 0x11, 0x03, 0x11, 0x03, 0x11, 0x03, 0x11,
    0x03, 0x11, 0x03, 0x11, 0x03, 0x11, 0x03, 0x11, 0x03, 0x11, 0x03, 0x11, 0x03, 0x11, 0x03, 0x11, 0x03, 0x11, 0x03, 0x11, 0x03, 0x11, 0x03, 0x11,
    0x03, 0x11, 0x03, 0x11, 0x03, 0x11, 0x03, 0x11, 0x03, 0x11, 0x03, 0x11, 0x03, 0x11, 0x03, 0x11, 0x03, 0x11, 0x03, 0x11, 0x03, 0x11, 0x03, 0x11,
    0x03, 0x11, 0x03, 0x11, 0x03, 0x11, 0x03, 0x11, 0x03, 0x11, 0x03, 0x11, 0x03, 0x11, 0x03, 0x11, 0x03, 0x11, 0x03, 0x11, 0x03, 0x11, 0x03, 0x11,
    0x03, 0x11, 0x03, 0x11, 0x03, 0x11, 0x03, 0x11, 0x03, 0x11, 0x03, 0x11, 0x03, 0x11, 0x03, 0x11, 0x03, 0x11, 0x03, 0x11, 0x03, 0x11, 0x03, 0x11,
    0x03, 0x11, 0x03, 0x11, 0x03, 0x11, 0x03, 0x11, 0x03, 0x11, 0x03, 0x11, 0x03, 0x11, 0x03, 0x11, 0x03, 0x11, 0x03, 0x11, 0x03, 0x11, 0x03, 0x11,
    0x03, 0x11, 0x03, 0x11, 0x03, 0x11, 0x03, 0x11, 0x03, 0x11, 0x03, 0x11, 0x03, 0x11, 0x03, 0x11, 0x03, 0x11, 0x03, 0x11, 0x03, 0x11, 0x03, 0x11,
    0x03, 0x11, 0x03, 0x11, 0x03, 0x11, 0x03, 0x11, 0x03, 0x11, 0x03, 0x11, 0x03, 0x11, 0x03, 0x11, 0x03, 0x11, 0x03, 0x11, 0x03, 0x11, 0x03, 0x11,
    0x03, 0x11, 0x03, 0x11, 0x03, 0x11, 0x03, 0x11, 0x03, 0x11, 0x03, 0x11, 0x03, 0x11, 0x03, 0x11, 0x03, 0x11, 0x03, 0x11, 0x03, 0x11, 0x03, 0x11,
    0x03, 0x11, 0x03, 0x11, 0x03, 0x11, 0x03, 0x11, 0x03, 0x11, 0x03, 0x11, 0x03, 0x11, 0x03, 0x11, 0x03, 0x11, 0x03, 0x11, 0x03, 0x11, 0x03, 0x11,
    0x03, 0x11, 0x03, 0x11, 0x03, 0x11, 0x03, 0x11, 0x03, 0x11, 0x03, 0x11, 0x03, 0x11, 0x03, 0x11, 0x03, 0x11, 0x03, 0x11, 0x03, 0x11, 0x03, 0x11,
    0x03, 0x11, 0x03, 0x11, 0x03, 0x11, 0x03, 0x11, 0x03, 0x11, 0x03, 0x11, 0x03, 0x11, 0x03, 0x11, 0x03, 0x11, 0x03, 0x11, 0x03, 0x11, 0x03, 0x11,
    0x03, 0x11, 0x03, 0x11, 0x03, 0x11, 0x03, 0x11, 0x03, 0x11, 0x03, 0x11, 0x03, 0x11, 0x03, 0x11, 0x03, 0x11, 0x03, 0x11, 0x03, 0x11, 0x03, 0x11,
    0x03, 0x11, 0x03, 0x11, 0x03, 0x11, 0x03, 0x11, 0x03, 0x11, 0x03, 0x11, 0x03, 0x11, 0x03, 0x11, 0x03, 0x11, 0x03, 0x11, 0x03, 0x11, 0x03, 0x11,
    0x03, 0x11, 0x03, 0x11, 0x03, 0x11, 0x03, 0x11, 0x03, 0x11, 0x03, 0x11, 0x03, 0x11, 0x03, 0x11, 0x03, 0x11, 0x03, 0x11, 0x03, 0x11, 0x03, 0x11,
    0x03, 0x11, 0x03, 0x11, 0x03, 0x11, 0x03, 0x11, 0x03, 0x11, 0x03, 0x11, 0x03, 0x11, 0x03, 0x11, 0x03, 0x11, 0x03, 0x11, 0x03, 0x11, 0x03, 0x11,
    0x03, 0x11, 0x03, 0x11, 0x03, 0x11, 0x03, 0x11, 0x03, 0x11, 0x03, 0x11, 0x03, 0x11, 0x03, 0x11, 0x03, 0x11, 0x03, 0x11, 0x03, 0x11, 0x03, 0x11,
    0x03, 0x11, 0x03, 0x11, 0x03, 0x11, 0x03, 0x11, 0x03, 0x11, 0x03, 0x11, 0x03, 0x11, 0x03, 0x11, 0x03, 0x11, 0x03, 0x11, 0x03, 0x11, 0x03, 0x11,
    0x03, 0x11, 0x03, 0x11, 0x03, 0x11, 0x03, 0x11, 0x03, 0x11, 0x03, 0x11, 0x03, 0x11, 0x03, 0x11, 0x03, 0x11, 0x03, 0x11, 0x03, 0x11, 0x03, 0x11,
    0x03, 0x11, 0x03, 0x11, 0x03, 0x11, 0x03, 0x11, 0x03, 0x11, 0x03, 0x11, 0x03, 0x11, 0x03, 0x11, 0x03, 0x11, 0x03, 0x11, 0x03, 0x11, 0x03, 0x11,
    0x03, 0x11, 0x03, 0x11, 0x03, 0x11, 0x03, 0x11, 0x03, 0x11, 0x03, 0x11, 0x03, 0x11, 0x03, 0x11, 0x03, 0x11, 0x03, 0x11, 0x03, 0x11, 0x03, 0x11,
    0x03, 0x11, 0x03, 0x11, 0x03, 0x11, 0x03, 0x11, 0x03, 0x11, 0x03, 0x11, 0x03, 0x11, 0x03, 0x11, 0x03, 0x11, 0x03, 0x11, 0x03, 0x11, 0x03, 0x11,
    0x03, 0x11, 0x03, 0x11, 0x03, 0x11, 0x03, 0x11, 0x03, 0x11, 0x03, 0x11, 0x03, 0x11, 0x03, 0x11, 0x03, 0x11, 0x03, 0x11, 0x03, 0x11, 0x03, 0x11,
    0x03, 0x11, 0x03, 0x11, 0x03, 0x11, 0x03, 0x11, 0x03, 0x11, 0x03, 0x11, 0x03, 0x11, 0x03, 0x11, 0x03, 0x11, 0x03, 0x11, 0x03, 0x11, 0x03, 0x11,
    0x03, 0x11, 0x03, 0x11, 0x03, 0x11, 0x03, 0x11, 0x03, 0x11, 0x03, 0x11, 0x03, 0x11, 0x03, 0x11, 0x03, 0x11, 0x03, 0x11, 0x03, 0x11, 0x03, 0x11,
    0x03, 0x11, 0x03, 0x11, 0x03, 0x11, 0x03, 0x11, 0x03, 0x11, 0x03, 0x11, 0x03, 0x11, 0x03, 0x11, 0x03, 0x11, 0x03, 0x11, 0x03, 0x11, 0x03, 0x11,
    0x03, 0x11, 0x03, 0x11, 0x03, 0x11, 0x03, 0x11, 0x03, 0x11, 0x03, 0x11, 0x03, 0x11, 0x03, 0x11, 0x03, 0x11, 0x03, 0x11, 0x03, 0x11, 0x03, 0x11,
    0x03, 0x11, 0x03, 0x11, 0x03, 0x11, 0x03, 0x11, 0x03, 0x11, 0x03, 0x11, 0x03, 0x11, 0x03, 0x11, 0x03, 0x11, 0x03, 0x11, 0x03, 0x11, 0x03, 0x11,
    0x03, 0x11, 0x03, 0x11, 0x03, 0x11, 0x03, 0x11, 0x03, 0x11, 0x03, 0x11, 0x03, 0x11, 0x03, 0x11, 0x03, 0x11, 0x03, 0x11, 0x03, 0x11, 0x03, 0x11,
    0x03, 0x11, 0x03, 0x11, 0x03, 0x11, 0x03, 0x11, 0x03, 0x11, 0x03, 0x11, 0x03, 0x11, 0x03, 0x11, 0x03, 0x11, 0x03, 0x11, 0x03, 0x11, 0x03, 0x11,
    0x03, 0x11, 0x03, 0x11, 0x03, 0x11, 0x03, 0x11, 0x03, 0x11, 0x03, 0x11, 0x03, 0x11, 0x03, 0x11, 0x03, 0x11, 0x03, 0x11, 0x03, 0x11, 0x03, 0x11,
    0x03, 0x11, 0x03, 0x11, 0x03, 0x11, 0x03, 0x11, 0x03, 0x11, 0x03, 0x11, 0x03, 0x11, 0x03, 0x11, 0x03, 0x11, 0x03, 0x11, 0x03, 0x11, 0x03, 0x11,
    0x03, 0x11, 0x03, 0x11, 0x03, 0x11, 0x03, 0x11, 0x03, 0x11, 0x03, 0x11, 0x03, 0x11, 0x03, 0x11, 0x03, 0x11, 0x03, 0x11, 0x03, 0x11, 0x03, 0x11,
    0x03, 0x11, 0x03, 0x11, 0x03, 0x11, 0x03, 0x11, 0x03, 0x11, 0x03, 0x11, 0x03, 0x11, 0x03, 0x11, 0x03, 0x11, 0x03, 0x11, 0x03, 0x11, 0x03, 0x11,
    0x03, 0x11, 0x03, 0x11, 0x03, 0x11, 0x03, 0x11, 0x03, 0x11, 0x03, 0x11, 0x03, 0x11, 0x03, 0x11, 0x03, 0x11, 0x03, 0x11, 0x03, 0x11, 0x03, 0x11,
    0x03, 0x11, 0x03, 0x11, 0x03, 0x11, 0x03, 0x11, 0x03, 0x11, 0x03, 0x11, 0x03, 0x11, 0x03, 0x11, 0x03, 0x11, 0x03, 0x11, 0x03, 0x11, 0x03, 0x11,
    0x03, 0x11, 0x03, 0x11, 0x03, 0x11, 0x03, 0x11, 0x03, 0x11, 0x03, 0x11, 0x03, 0x11, 0x03, 0x11, 0x03, 0x11, 0x03, 0x11, 0x03, 0x11, 0x03, 0x11,
    0x03, 0x11, 0x03, 0x11, 0x03, 0x11, 0x03, 0x11, 0x03, 0x11, 0x03, 0x11, 0x03, 0x11, 0x03, 0x11, 0x03, 0x11, 0x03, 0x11, 0x03, 0x11, 0x03, 0x11,
    0x03, 0x11, 0x03, 0x11, 0x03, 0x11, 0x03, 0x11, 0x03, 0x11, 0x03, 0x11, 0x03, 0x11, 0x03, 0x11, 0x03, 0x11, 0x03, 0x11, 0x03, 0x11, 0x03, 0x11,
    0x03, 0x11, 0x03, 0x11, 0x03, 0x11, 0x03, 0x11, 0x03, 0x11, 0x03, 0x11, 0x03, 0x11, 0x03, 0x11, 0x03, 0x11, 0x03, 0x11, 0x03, 0x11, 0x03, 0x11,
    0x03, 0x11, 0x03, 0x11, 0x03, 0x11, 0x03, 0x11, 0x03, 0x11, 0x03, 0x11, 0x03, 0x11, 0x03, 0x11, 0x03, 0x11, 0x03, 0x11, 0x03, 0x11, 0x03, 0x11,
    0x03, 0x11, 0x03, 0x11, 0x03, 0x11, 0x03, 0x11, 0x03, 0x11, 0x03, 0x11, 0x03, 0x11, 0x03, 0x11, 0x03, 0x11, 0x03, 0x11, 0x03, 0x11, 0x03, 0x11,
    0x03, 0x11, 0x03, 0x11, 0x03, 0x11, 0x03, 0x11, 0x03, 0x11, 0x03, 0x11, 0x03, 0x11, 0x03, 0x11, 0x03, 0x11, 0x03, 0x11, 0x03, 0x11, 0x03, 0x11,
    0x03, 0x11, 0x03, 0x11, 0x03, 0x11, 0x03, 0x11, 0x03, 0x11, 0x03, 0x11, 0x03, 0x11, 0x03, 0x11, 0x03, 0x11, 0x03, 0x11, 0x03, 0x11, 0x03, 0x11,
    0x03, 0x11, 0x03, 0x11, 0x03, 0x11, 0x03, 0x11, 0x03, 0x11, 0x03, 0x11, 0x03, 0x11, 0x03, 0x11, 0x03, 0x11, 0x03, 0x11, 0x03, 0x11, 0x03, 0x11,
    0x03, 0x11, 0x03, 0x11, 0x03, 0x11, 0x03, 0x11, 0x03, 0x11, 0x03, 0x11, 0x03, 0x11, 0x03, 0x11, 0x03, 0x11, 0x03, 0x11, 0x03, 0x11, 0x03, 0x11,
    0x03, 0x11, 0x03, 0x11, 0x03, 0x11, 0x03, 0x11, 0x03, 0x11, 0x03, 0x11, 0x03, 0x11, 0x03, 0x11, 0x03, 0x11, 0x03, 0x11, 0x03, 0x11, 0x03, 0x11,
    0x03, 0x11, 0x03, 0x11, 0x03, 0x11, 0x03, 0x11, 0x03, 0x11, 0x03, 0x11, 0x03, 0x11, 0x03, 0x11, 0x03, 0x11, 0x03, 0x11, 0x03, 0x11, 0x03, 0x11,
    0x03, 0x11, 0x03, 0x11, 0x03, 0x11, 0x03, 0x11, 0x03, 0x11, 0x03, 0x11, 0x03, 0x11, 0x03, 0x11, 0x03, 0x11, 0x03, 0x11, 0x03, 0x11, 0x03, 0x11,
    0x03, 0x11, 0x03, 0x11, 0x03, 0x11, 0x03, 0x11, 0x03, 0x11, 0x03, 0x11, 0x03, 0x11, 0x03, 0x11, 0x03, 0x11, 0x03, 0x11, 0x03, 0x11, 0x03, 0x11,
    0x03, 0x11, 0x03, 0x11, 0x03, 0x11, 0x03, 0x11, 0x03, 0x11, 0x03, 0x11, 0x03, 0x11, 0x03, 0x11, 0x03, 0x11, 0x03, 0x11, 0x03, 0x11, 0x03, 0x11,
    0x03, 0x11, 0x03, 0x11, 0x03, 0x11, 0x03, 0x11, 0x03, 0x11, 0x03, 0x11, 0x03, 0x11, 0x03, 0x11, 0x03, 0x11, 0x03, 0x11, 0x03, 0x11, 0x03, 0x11,
    0x03, 0x11, 0x03, 0x11, 0x03, 0x11, 0x03, 0x11, 0x03, 0x11, 0x03, 0x11, 0x03, 0x11, 0x03, 0x11, 0x03, 0x11, 0x03, 0x11, 0x03, 0x11, 0x03, 0x11,
    0x03, 0x11, 0x03, 0x11, 0x03, 0x11, 0x03, 0x11, 0x03, 0x11, 0x03, 0x11, 0x03, 0x11, 0x03, 0x11, 0x03, 0x11, 0x03, 0x11, 0x03, 0x11, 0x03, 0x11,
    0x03, 0x11, 0x03, 0x11, 0x03, 0x11, 0x03, 0x11, 0x03, 0x11, 0x03, 0x11, 0x03, 0x11, 0x03, 0x11, 0x03, 0x11, 0x03, 0x11, 0x03, 0x11, 0x03, 0x11,
    0x03, 0x11, 0x03, 0x11, 0x03, 0x11, 0x03, 0x11, 0x03, 0x11, 0x03, 0x11, 0x03, 0x11, 0x03, 0x11, 0x03, 0x11, 0x03, 0x11, 0x03, 0x11, 0x03, 0x11,
    0x03, 0x11, 0x03, 0x11, 0x03, 0x11, 0x03, 0x11, 0x03, 0x11, 0x03, 0x11, 0x03, 0x11, 0x03, 0x11, 0x03, 0x11, 0x03, 0x11, 0x03, 0x11, 0x03, 0x11,
    0x03, 0x11, 0x03, 0x11, 0x03, 0x11, 0x03, 0x11, 0x03, 0x11, 0x03, 0x11, 0x03, 0x11, 0x03, 0x11, 0x03, 0x11, 0x03, 0x11, 0x03, 0x11, 0x03, 0x11,
    0x03, 0x11, 0x03, 0x11, 0x03, 0x11, 0x03, 0x11, 0x03, 0x11, 0x03, 0x11, 0x03, 0x11, 0x03, 0x11, 0x03, 0x11, 0x03, 0x11, 0x03, 0x11, 0x03, 0x11,
    0x03, 0x11, 0x03, 0x11, 0x03, 0x11, 0x03, 0x11, 0x03, 0x11, 0x03, 0x11, 0x03, 0x11, 0x03, 0x11, 0x03, 0x11, 0x03, 0x11, 0x03, 0x11, 0x03, 0x11,
    0x03, 0x11, 0x03, 0x11, 0x03, 0x11, 0x03, 0x11, 0x03, 0x11, 0x03, 0x11, 0x03, 0x11, 0x03, 0x11, 0x03, 0x11, 0x03, 0x11, 0x03, 0x11, 0x03, 0x11,
    0x03, 0x11, 0x03, 0x11, 0x03, 0x11, 0x03, 0x11, 0x03, 0x11, 0x03, 0x11, 0x03, 0x11, 0x03, 0x11, 0x03, 0x11, 0x03, 0x11, 0x03, 0x11, 0x03, 0x11,
    0x03, 0x11, 0x03, 0x11, 0x03, 0x11, 0x03, 0x11, 0x03, 0x11, 0x03, 0x11, 0x03, 0x11, 0x03, 0x11, 0x03, 0x11, 0x03, 0x11, 0x03, 0x11, 0x03, 0x11,
    0x03, 0x11, 0x03, 0x11, 0x03, 0x11, 0x03, 0x11, 0x03, 0x11, 0x03, 0x11, 0x03, 0x11, 0x03, 0x11, 0x03, 0x11, 0x03, 0x11, 0x03, 0x11, 0x03, 0x11,
    0x03, 0x11, 0x03, 0x11, 0x03, 0x11, 0x03, 0x11, 0x03, 0x11, 0x03, 0x11, 0x03, 0x11, 0x03, 0x11, 0x03, 0x11, 0x03, 0x11, 0x03, 0x11, 0x03, 0x11,
    0x03, 0x11, 0x03, 0x11, 0x03, 0x11, 0x03, 0x11, 0x03, 0x11, 0x03, 0x11, 0x03, 0x11, 0x03, 0x11, 0x03, 0x11, 0x03, 0x11, 0x03, 0x11, 0x03, 0x11,
    0x03, 0x11, 0x03, 0x11, 0x03, 0x11, 0x03, 0x11, 0x03, 0x11, 0x03, 0x11, 0x03, 0x11, 0x03, 0x11, 0x03, 0x11, 0x03, 0x11, 0x03, 0x11, 0x03, 0x11,
    0x03, 0x11, 0x03, 0x11, 0x03, 0x11, 0x03, 0x11, 0x03, 0x11, 0x03, 0x11, 0x03, 0x11, 0x03, 0x11, 0x03, 0x11, 0x03, 0x11, 0x03, 0x11, 0x03, 0x11,
    0x03, 0x11, 0x03, 0x11, 0x03, 0x11, 0x03, 0x11, 0x03, 0x11, 0x03, 0x11, 0x03, 0x11, 0x03, 0x11, 0x03, 0x11, 0x03, 0x11, 0x03, 0x11, 0x03, 0x11,
    0x03, 0x11, 0x03, 0x11, 0x03, 0x11, 0x03, 0x11, 0x03, 0x11, 0x03, 0x11, 0x03, 0x11, 0x03, 0x11, 0x03, 0x11, 0x03, 0x11, 0x03, 0x11, 0x03, 0x11,
    0x03, 0x11, 0x03, 0x11, 0x03, 0x11, 0x03, 0x11, 0x03, 0x11, 0x03, 0x11, 0x03, 0x11, 0x03, 0x11, 0x03, 0x11, 0x03, 0x11, 0x03, 0x11, 0x03, 0x11,
    0x03, 0x11, 0x03, 0x11, 0x03, 0x11, 0x03, 0x11, 0x03, 0x11, 0x03, 0x11, 0x03, 0x11, 0x03, 0x11, 0x03, 0x11, 0x03, 0x11, 0x03, 0x11, 0x03, 0x11,
    0x03, 0x11, 0x03, 0x11, 0x03, 0x11, 0x03, 0x11, 0x03, 0x11, 0x03, 0x11, 0x03, 0x11, 0x03, 0x11, 0x03, 0x11, 0x03, 0x11, 0x03, 0x11, 0x03, 0x11,
    0x03, 0x11, 0x03, 0x11, 0x03, 0x11, 0x03, 0x11, 0x03, 0x11, 0x03, 0x11, 0x03, 0x11, 0x03, 0x11, 0x03, 0x11, 0x03, 0x11, 0x03, 0x11, 0x03, 0x11,
    0x03, 0x11, 0x03, 0x11, 0x03, 0x11, 0x03, 0x11, 0x03, 0x11, 0x03, 0x11, 0x03, 0x11, 0x03, 0x11, 0x03, 0x11, 0x03, 0x11, 0x03, 0x11, 0x03, 0x11,
    0x03, 0x11, 0x03, 0x11, 0x03, 0x11, 0x03, 0x11, 0x03, 0x11, 0x03, 0x11, 0x03, 0x11, 0x03, 0x11, 0x03, 0x11, 0x03, 0x11, 0x03, 0x11, 0x03, 0x11,
    0x03, 0x11, 0x03, 0x11, 0x03, 0x11, 0x03, 0x11, 0x03, 0x11, 0x03, 0x11, 0x03, 0x11, 0x03, 0x11, 0x03, 0x11, 0x03, 0x11, 0x03, 0x11, 0x03, 0x11,
    0x03, 0x11, 0x03, 0x11, 0x03, 0x11, 0x03, 0x11, 0x03, 0x11, 0x03, 0x11, 0x03, 0x11, 0x03, 0x11, 0x03, 0x11, 0x03, 0x11, 0x03, 0x11, 0x03, 0x11,
    0x03, 0x11, 0x03, 0x11, 0x03, 0x11, 0x03, 0x11, 0x03, 0x11, 0x03, 0x11, 0x03, 0x11, 0x03, 0x11, 0x03, 0x11, 0x03, 0x11, 0x03, 0x11, 0x03, 0x11,
    0x03, 0x11, 0x03, 0x11, 0x03, 0x11, 0x03, 0x11, 0x03, 0x11, 0x03, 0x11, 0x03, 0x11, 0x03, 0x11, 0x03, 0x11, 0x03, 0x11, 0x03, 0x11, 0x03, 0x11,
    0x03, 0x11, 0x03, 0x11, 0x03, 0x11, 0x03, 0x11, 0x03, 0x11, 0x03, 0x11, 0x03, 0x11, 0x03, 0x11, 0x03, 0x11, 0x03, 0x11, 0x03, 0x11, 0x03, 0x11,
    0x03, 0x11, 0x03, 0x11, 0x03, 0x11, 0x03, 0x11, 0x03, 0x11, 0x03, 0x11, 0x03, 0x11, 0x03, 0x11, 0x03, 0x11, 0x03, 0x11, 0x03, 0x11, 0x03, 0x11,
    0x03, 0x11, 0x03, 0x11, 0x03, 0x11, 0x03, 0x11, 0x03, 0x11, 0x03, 0x11, 0x03, 0x11, 0x03, 0x11, 0x03, 0x11, 0x03, 0x11, 0x03, 0x11, 0x03, 0x11,
    0x03, 0x11, 0x03, 0x11, 0x03, 0x11, 0x03, 0x11, 0x03, 0x11, 0x03, 0x11, 0x03, 0x11, 0x03, 0x11, 0x03, 0x11, 0x03, 0x11, 0x03, 0x11, 0x03, 0x11,
    0x03, 0x11, 0x03, 0x11, 0x03, 0x11, 0x03, 0x11, 0x03, 0x11, 0x03, 0x11, 0x03, 0x11, 0x03, 0x11, 0x03, 0x11, 0x03, 0x11, 0x03, 0x11, 0x03, 0x11,
    0x03, 0x11, 0x03, 0x11, 0x03, 0x11, 0x03, 0x11, 0x03, 0x11, 0x03, 0x11, 0x03, 0x11, 0x03, 0x11, 0x03, 0x11, 0x03, 0x11, 0x03, 0x11, 0x03, 0x11,
    0x03, 0x11, 0x03, 0x11, 0x03, 0x11, 0x03, 0x11, 0x03, 0x11, 0x03, 0x11, 0x03, 0x11, 0x03, 0x11, 0x03, 0x11, 0x03, 0x11, 0x03, 0x11, 0x03, 0x11,
    0x03, 0x11, 0x03, 0x11, 0x03, 0x11, 0x03, 0x11, 0x03, 0x11, 0x03, 0x11, 0x03, 0x11, 0x03, 0x11, 0x03, 0x11, 0x03, 0x11, 0x03, 0x11, 0x03, 0x11,
    0x03, 0x11, 0x03, 0x11, 0x03, 0x11, 0x03, 0x11, 0x03, 0x11, 0x03, 0x11, 0x03, 0x11, 0x03, 0x11, 0x03, 0x11, 0x03, 0x11, 0x03, 0x11, 0x03, 0x11,
    0x03, 0x11, 0x03, 0x11, 0x03, 0x11, 0x03, 0x11, 0x03, 0x11, 0x03, 0x11, 0x03, 0x11, 0x03, 0x11, 0x03, 0x11, 0x03, 0x11, 0x03, 0x11, 0x03, 0x11,
    0x03, 0x11, 0x03, 0x11, 0x03, 0x11, 0x03, 0x11, 0x03, 0x11, 0x03, 0x11, 0x03, 0x11, 0x03, 0x11, 0x03, 0x11, 0x03, 0x11, 0x03, 0x11, 0x03, 0x11,
    0x03, 0x11, 0x03, 0x11, 0x03, 0x11, 0x03, 0x11, 0x03, 0x11, 0x03, 0x11, 0x03, 0x11, 0x03, 0x11, 0x03, 0x11, 0x03, 0x11, 0x03, 0x11, 0x03, 0x11,
    0x03, 0x11, 0x03, 0x11, 0x03, 0x11, 0x03, 0x11, 0x03, 0x11, 0x03, 0x11, 0x03, 0x11, 0x03, 0x11, 0x03, 0x11, 0x03, 0x11, 0x03, 0x11, 0x03, 0x11,
    0x03, 0x11, 0x03, 0x11, 0x03, 0x11, 0x03, 0x11, 0x03, 0x11, 0x03, 0x11, 0x03, 0x11, 0x03, 0x11, 0x03, 0x11, 0x03, 0x11, 0x03, 0x11, 0x03, 0x11,
    0x03, 0x11, 0x03, 0x11, 0x03, 0x11, 0x03, 0x11, 0x03, 0x11, 0x03, 0x11, 0x03, 0x11, 0x03, 0x11, 0x03, 0x11, 0x03, 0x11, 0x03, 0x11, 0x03, 0x11,
    0x03, 0x11, 0x03, 0x11, 0x03, 0x11, 0x03, 0x11, 0x03, 0x11, 0x03, 0x11, 0x03, 0x11, 0x03, 0x11, 0x03, 0x11, 0x03, 0x11, 0x03, 0x11, 0x03, 0x11,
    0x03, 0x11, 0x03, 0x11, 0x03, 0x11, 0x03, 0x11, 0x03, 0x11, 0x03, 0x11, 0x03, 0x11, 0x03, 0x11, 0x03, 0x11, 0x03, 0x11, 0x03, 0x11, 0x03, 0x11,
    0x03, 0x11, 0x03, 0x11, 0x03, 0x11, 0x03, 0x11, 0x03, 0x11, 0x03, 0x11, 0x03, 0x11, 0x03, 0x11, 0x03, 0x11, 0x03, 0x11, 0x03, 0x11, 0x03, 0x11,
    0x03, 0x11, 0x03, 0x11, 0x03, 0x11, 0x03, 0x11, 0x03, 0x11, 0x03, 0x11, 0x03, 0x11, 0x03, 0x11, 0x03, 0x11, 0x03, 0x11, 0x03, 0x11, 0x03, 0x11,
    0x03, 0x11, 0x03, 0x11, 0x03, 0x11, 0x03, 0x11, 0x03, 0x11, 0x03, 0x11, 0x03, 0x11, 0x03, 0x11, 0x03, 0x11, 0x03, 0x11, 0x03, 0x11, 0x03, 0x11,
    0x03, 0x11, 0x03, 0x11, 0x03, 0x11, 0x03, 0x11, 0x03, 0x11, 0x03, 0x11, 0x03, 0x11, 0x03, 0x11, 0x03, 0x11, 0x03, 0x11, 0x03, 0x11, 0x03, 0x11,
    0x03, 0x11, 0x03, 0x11, 0x03, 0x11, 0x03, 0x11, 0x03, 0x11, 0x03, 0x11, 0x03, 0x11, 0x03, 0x11, 0x03, 0x11, 0x03, 0x11, 0x03, 0x11, 0x03, 0x11,
    0x03, 0x11, 0x03, 0x11, 0x03, 0x11, 0x03, 0x11, 0x03, 0x11, 0x03, 0x11, 0x03, 0x11, 0x03, 0x11, 0x03, 0x11, 0x03, 0x11, 0x03, 0x11, 0x03, 0x11,
    0x03, 0x11, 0x03, 0x11, 0x03, 0x11, 0x03, 0x11, 0x03, 0x11, 0x03, 0x11, 0x03, 0x11, 0x03, 0x11, 0x03, 0x11, 0x03, 0x11, 0x03, 0x11, 0x03, 0x11,
    0x03, 0x11, 0x03, 0x11, 0x03, 0x11, 0x03, 0x11, 0x03, 0x11, 0x03, 0x11, 0x03, 0x11, 0x03, 0x11, 0x03, 0x11, 0x03, 0x11, 0x03, 0x11, 0x03, 0x11,
    0x03, 0x11, 0x03, 0x11, 0x03, 0x11, 0x03, 0x11, 0x03, 0x11, 0x03, 0x11, 0x03, 0x11, 0x03, 0x11, 0x03, 0x11, 0x03, 0x11, 0x03, 0x11, 0x03, 0x11,
    0x03, 0x11, 0x03, 0x11, 0x03, 0x11, 0x03, 0x11, 0x03, 0x11, 0x03, 0x11, 0x03, 0x11, 0x03, 0x11, 0x03, 0x11, 0x03, 0x11, 0x03, 0x11, 0x03, 0x11,
    0x03, 0x11, 0x03, 0x11, 0x03, 0x11, 0x03, 0x11, 0x03, 0x11, 0x03, 0x11, 0x03, 0x11, 0x03, 0x11, 0x03, 0x11, 0x03, 0x11, 0x03, 0x11, 0x03, 0x11,
    0x03, 0x11, 0x03, 0x11, 0x03, 0x11, 0x03, 0x11, 0x03, 0x11, 0x03, 0x11, 0x03, 0x11, 0x03, 0x11, 0x03, 0x11, 0x03, 0x11, 0x03, 0x11, 0x03, 0x11,
    0x03, 0x11, 0x03, 0x11, 0x03, 0x11, 0x03, 0x11, 0x03, 0x11, 0x03, 0x11, 0x03, 0x11, 0x03, 0x11, 0x03, 0x11, 0x03, 0x11, 0x03, 0x11, 0x03, 0x11,
    0x03, 0x11, 0x03, 0x11, 0x03, 0x11, 0x03, 0x11, 0x03, 0x11, 0x03, 0x11, 0x03, 0x11, 0x03, 0x11, 0x03, 0x11, 0x03, 0x11, 0x03, 0x11, 0x03, 0x11,
    0x03, 0x11, 0x03, 0x11, 0x03, 0x11, 0x03, 0x11, 0x03, 0x11, 0x03, 0x11, 0x03, 0x11, 0x03, 0x11, 0x03, 0x11, 0x03, 0x11, 0x03, 0x11, 0x03, 0x11,
    0x03, 0x11, 0x03, 0x11, 0x03, 0x11, 0x03, 0x11, 0x03, 0x11, 0x03, 0x11, 0x03, 0x11, 0x03, 0x11, 0x03, 0x11, 0x03, 0x11, 0x03, 0x11, 0x03, 0x11,
    0x03, 0x11, 0x03, 0x11, 0x03, 0x11, 0x03, 0x11, 0x03, 0x11, 0x03, 0x11, 0x03, 0x11, 0x03, 0x11, 0x03, 0x11, 0x03, 0x11, 0x03, 0x11, 0x03, 0x11,
    0x03, 0x11, 0x03, 0x11, 0x03, 0x11, 0x03, 0x11, 0x03, 0x11, 0x03, 0x11, 0x03, 0x11, 0x03, 0x11, 0x03, 0x11, 0x03, 0x11, 0x03, 0x11, 0x03, 0x11,
    0x03, 0x11, 0x03, 0x11, 0x03, 0x11, 0x03, 0x11, 0x03, 0x11, 0x03, 0x11, 0x03, 0x11, 0x03, 0x11, 0x03, 0x11, 0x03, 0x11, 0x03, 0x11, 0x03, 0x11,
    0x03, 0x11, 0x03, 0x11, 0x03, 0x11, 0x03, 0x11, 0x03, 0x11, 0x03, 0x11, 0x03, 0x11, 0x03, 0x11, 0x03, 0x11, 0x03, 0x11, 0x03, 0x11, 0x03, 0x11,
    0x03, 0x11, 0x03, 0x11, 0x03, 0x11, 0x03, 0x11, 0x03, 0x11, 0x03, 0x11, 0x03, 0x11, 0x03, 0x11, 0x03, 0x11, 0x03, 0x11, 0x03, 0x11, 0x03, 0x11,
    0x03, 0x11, 0x03, 0x11, 0x03, 0x11, 0x03, 0x11, 0x03, 0x11, 0x03, 0x11, 0x03, 0x11, 0x03, 0x11, 0x03, 0x11, 0x03, 0x11, 0x03, 0x11, 0x03, 0x11,
    0x03, 0x11, 0x03, 0x11, 0x03, 0x11, 0x03, 0x11, 0x03, 0x11, 0x03, 0x11, 0x03, 0x11, 0x03, 0x11, 0x03, 0x11, 0x03, 0x11, 0x03, 0x11, 0x03, 0x11,
    0x03, 0x11, 0x03, 0x11, 0x03, 0x11, 0x03, 0x11, 0x03, 0x11, 0x03, 0x11, 0x03, 0x11, 0x03, 0x11, 0x03, 0x11, 0x03, 0x11, 0x03, 0x11, 0x03, 0x11,
    0x03, 0x11, 0x03, 0x11, 0x03, 0x11, 0x03, 0x11, 0x03, 0x11, 0x03, 0x11, 0x03, 0x11, 0x03, 0x11, 0x03, 0x11, 0x03, 0x11, 0x03, 0x11, 0x03, 0x11,
    0x03, 0x11, 0x03, 0x11, 0x03, 0x11, 0x03, 0x11, 0x03, 0x11, 0x03, 0x11, 0x03, 0x11, 0x03, 0x11, 0x03, 0x11, 0x03, 0x11, 0x03, 0x11, 0x03, 0x11,
    0x03, 0x11, 0x03, 0x11, 0x4b, 0xee, 0x4b, 0xee, 0x4b, 0xee, 0x4b, 0xee, 0x4b, 0xee, 0x4b, 0xee, 0x4b, 0xee, 0x4b, 0xee, 0x4b, 0xee, 0x4b, 0xee,
    0x4b, 0xee, 0x4b, 0xee, 0x03, 0x11, 0x03, 0x11, 0x03, 0x11, 0x03, 0x11, 0x03, 0x11, 0x03, 0x11, 0x03, 0x11, 0x03, 0x11, 0x03, 0x11, 0x03, 0x11,
    0x03, 0x11, 0x03, 0x11, 0x03, 0x11, 0x03, 0x11, 0x03, 0x11, 0x03, 0x11, 0x03, 0x11, 0x03, 0x11, 0x03, 0x11, 0x03, 0x11, 0x03, 0x11, 0x03, 0x11,
    0x03, 0x11, 0x03, 0x11, 0x03, 0x11, 0x03, 0x11, 0x03, 0x11, 0x03, 0x11, 0x03, 0x11, 0x03, 0x11, 0x03, 0x11, 0x03, 0x11, 0x03, 0x11, 0x03, 0x11,
    0x03, 0x11, 0x03, 0x11, 0x03, 0x11, 0x03, 0x11, 0x03, 0x11, 0x03, 0x11, 0x03, 0x11, 0x03, 0x11, 0x03, 0x11, 0x03, 0x11, 0x03, 0x11, 0x03, 0x11,
    0x03, 0x11, 0x03, 0x11, 0x03, 0x11, 0x03, 0x11, 0x03, 0x11, 0x03, 0x11, 0x03, 0x11, 0x03, 0x11, 0x03, 0x11, 0x03, 0x11, 0x03, 0x11, 0x03, 0x11,
    0x03, 0x11, 0x03, 0x11, 0x03, 0x11, 0x03, 0x11, 0x03, 0x11, 0x03, 0x11, 0x03, 0x11, 0x03, 0x11, 0x03, 0x11, 0x03, 0x11, 0x4b, 0xee, 0x4b, 0xee,
    0x4b, 0xee, 0x4b, 0xee, 0x4b, 0xee, 0x4b, 0xee, 0x4b, 0xee, 0x4b, 0xee, 0x4b, 0xee, 0x4b, 0xee, 0x4b, 0xee, 0x4b, 0xee, 0x03, 0x11, 0x03, 0x11,
    0x03, 0x11, 0x03, 0x11, 0x03, 0x11, 0x03, 0x11, 0x03, 0x11, 0x03, 0x11, 0x03, 0x11, 0x03, 0x11, 0x03, 0x11, 0x03, 0x11, 0x03, 0x11, 0x03, 0x11,
    0x03, 0x11, 0x03, 0x11, 0x03, 0x11, 0x03, 0x11, 0x03, 0x11, 0x03, 0x11, 0x03, 0x11, 0x03, 0x11, 0x03, 0x11, 0x03, 0x11, 0x03, 0x11, 0x03, 0x11,
    0x03, 0x11, 0x03, 0x11, 0x03, 0x11, 0x03, 0x11, 0x03, 0x11, 0x03, 0x11, 0x03, 0x11, 0x03, 0x11, 0x03, 0x11, 0x03, 0x11, 0x03, 0x11, 0x03, 0x11,
    0x03, 0x11, 0x03, 0x11, 0x03, 0x11, 0x03, 0x11, 0x03, 0x11, 0x03, 0x11, 0x03, 0x11, 0x03, 0x11, 0x03, 0x11, 0x03, 0x11, 0x03, 0x11, 0x03, 0x11,
    0x03, 0x11, 0x03, 0x11, 0x03, 0x11, 0x03, 0x11, 0x03, 0x11, 0x03, 0x11, 0x03, 0x11, 0x03, 0x11, 0x03, 0x11, 0x03, 0x11, 0x03, 0x11, 0x03, 0x11,
    0x03, 0x11, 0x03, 0x11, 0x03, 0x11, 0x03, 0x11, 0x03, 0x11, 0x03, 0x11, 0x4b, 0xee, 0x4b, 0xee, 0x4b, 0xee, 0x4b, 0xee, 0x4b, 0xee, 0x4b, 0xee,
    0x4b, 0xee, 0x4b, 0xee, 0x4b, 0xee, 0x4b, 0xee, 0x4b, 0xee, 0x4b, 0xee, 0x03, 0x11, 0x03, 0x11, 0x03, 0x11, 0x03, 0x11, 0x03, 0x11, 0x03, 0x11,
    0x03, 0x11, 0x03, 0x11, 0x03, 0x11, 0x03, 0x11, 0x03, 0x11, 0x03, 0x11, 0x03, 0x11, 0x03, 0x11, 0x03, 0x11, 0x03, 0x11, 0x03, 0x11, 0x03, 0x11,
    0x03, 0x11, 0x03, 0x11, 0x03, 0x11, 0x03, 0x11, 0x03, 0x11, 0x03, 0x11, 0x03, 0x11, 0x03, 0x11, 0x03, 0x11, 0x03, 0x11, 0x03, 0x11, 0x03, 0x11,
    0x03, 0x11, 0x03, 0x11, 0x03, 0x11, 0x03, 0x11, 0x03, 0x11, 0x03, 0x11, 0x03, 0x11, 0x03, 0x11, 0x03, 0x11, 0x03, 0x11, 0x03, 0x11, 0x03, 0x11,
    0x03, 0x11, 0x03, 0x11, 0x03, 0x11, 0x03, 0x11, 0x03, 0x11, 0x03, 0x11, 0x03, 0x11, 0x03, 0x11, 0x03, 0x11, 0x03, 0x11, 0x03, 0x11, 0x03, 0x11,
    0x03, 0x11, 0x03, 0x11, 0x03, 0x11, 0x03, 0x11, 0x03, 0x11, 0x03, 0x11, 0x03, 0x11, 0x03, 0x11, 0x03, 0x11, 0x03, 0x11, 0x03, 0x11, 0x03, 0x11,
    0x03, 0x11, 0x03, 0x11, 0x4b, 0xee, 0x4b, 0xee, 0x4b, 0xee, 0x4b, 0xee, 0x4b, 0xee, 0x4b, 0xee, 0x4b, 0xee, 0x4b, 0xee, 0x4b, 0xee, 0x4b, 0xee,
    0x4b, 0xee, 0x4b, 0xee, 0x03, 0x11, 0x03, 0x11, 0x03, 0x11, 0x03, 0x11, 0x03, 0x11, 0x03, 0x11, 0x03, 0x11, 0x03, 0x11, 0x03, 0x11, 0x03, 0x11,
    0x03, 0x11, 0x03, 0x11, 0x03, 0x11, 0x03, 0x11, 0x03, 0x11, 0x03, 0x11, 0x03, 0x11, 0x03, 0x11, 0x03, 0x11, 0x03, 0x11, 0x03, 0x11, 0x03, 0x11,
    0x03, 0x11, 0x03, 0x11, 0x03, 0x11, 0x03, 0x11, 0x03, 0x11, 0x03, 0x11, 0x03, 0x11, 0x03, 0x11, 0x03, 0x11, 0x03, 0x11, 0x03, 0x11, 0x03, 0x11,
    0x03, 0x11, 0x03, 0x11, 0x03, 0x11, 0x03, 0x11, 0x03, 0x11, 0x03, 0x11, 0x03, 0x11, 0x03, 0x11, 0x03, 0x11, 0x03, 0x11, 0x03, 0x11, 0x03, 0x11,
    0x03, 0x11, 0x03, 0x11, 0x03, 0x11, 0x03, 0x11, 0x03, 0x11, 0x03, 0x11, 0x03, 0x11, 0x03, 0x11, 0x03, 0x11, 0x03, 0x11, 0x03, 0x11, 0x03, 0x11,
    0x03, 0x11, 0x03, 0x11, 0x03, 0x11, 0x03, 0x11, 0x03, 0x11, 0x03, 0x11, 0x03, 0x11, 0x03, 0x11, 0x03, 0x11, 0x03, 0x11, 0x03, 0x11, 0x03, 0x11,
    0x03, 0x11, 0x03, 0x11, 0x03, 0x11, 0x03, 0x11, 0x03, 0x11, 0x03, 0x11, 0x4b, 0xee, 0x4b, 0xee, 0x4b, 0xee, 0x4b, 0xee, 0x03, 0x11, 0x03, 0x11,
    0x03, 0x11, 0x03, 0x11, 0x03, 0x11, 0x03, 0x11, 0x03, 0x11, 0x03, 0x11, 0x03, 0x11, 0x03, 0x11, 0x03, 0x11, 0x03, 0x11, 0x03, 0x11, 0x03, 0x11,
    0x03, 0x11, 0x03, 0x11, 0x03, 0x11, 0x03, 0x11, 0x03, 0x11, 0x03, 0x11, 0x03, 0x11, 0x03, 0x11, 0x03, 0x11, 0x03, 0x11, 0x03, 0x11, 0x03, 0x11,
    0x03, 0x11, 0x03, 0x11, 0x03, 0x11, 0x03, 0x11, 0x03, 0x11, 0x03, 0x11, 0x03, 0x11, 0x03, 0x11, 0x03, 0x11, 0x03, 0x11, 0x03, 0x11, 0x03, 0x11,
    0x03, 0x11, 0x03, 0x11, 0x03, 0x11, 0x03, 0x11, 0x03, 0x11, 0x03, 0x11, 0x03, 0x11, 0x03, 0x11, 0x03, 0x11, 0x03, 0x11, 0x03, 0x11, 0x03, 0x11,
    0x03, 0x11, 0x03, 0x11, 0x03, 0x11, 0x03, 0x11, 0x03, 0x11, 0x03, 0x11, 0x03, 0x11, 0x03, 0x11, 0x03, 0x11, 0x03, 0x11, 0x03, 0x11, 0x03, 0x11,
    0x03, 0x11, 0x03, 0x11, 0x03, 0x11, 0x03, 0x11, 0x03, 0x11, 0x03, 0x11, 0x03, 0x11, 0x03, 0x11, 0x03, 0x11, 0x03, 0x11, 0x03, 0x11, 0x03, 0x11,
    0x03, 0x11, 0x03, 0x11, 0x4b, 0xee, 0x4b, 0xee, 0x4b, 0xee, 0x4b, 0xee, 0x03, 0x11, 0x03, 0x11, 0x03, 0x11, 0x03, 0x11, 0x03, 0x11, 0x03, 0x11,
    0x03, 0x11, 0x03, 0x11, 0x03, 0x11, 0x03, 0x11, 0x03, 0x11, 0x03, 0x11, 0x03, 0x11, 0x03, 0x11, 0x03, 0x11, 0x03, 0x11, 0x03, 0x11, 0x03, 0x11,
    0x03, 0x11, 0x03, 0x11, 0x03, 0x11, 0x03, 0x11, 0x03, 0x11, 0x03, 0x11, 0x03, 0x11, 0x03, 0x11, 0x03, 0x11, 0x03, 0x11, 0x03, 0x11, 0x03, 0x11,
    0x03, 0x11, 0x03, 0x11, 0x03, 0x11, 0x03, 0x11, 0x03, 0x11, 0x03, 0x11, 0x03, 0x11, 0x03, 0x11, 0x03, 0x11, 0x03, 0x11, 0x03, 0x11, 0x03, 0x11,
    0x03, 0x11, 0x03, 0x11, 0x03, 0x11, 0x03, 0x11, 0x03, 0x11, 0x03, 0x11, 0x03, 0x11, 0x03, 0x11, 0x03, 0x11, 0x03, 0x11, 0x03, 0x11, 0x03, 0x11,
    0x03, 0x11, 0x03, 0x11, 0x03, 0x11, 0x03, 0x11, 0x03, 0x11, 0x03, 0x11, 0x03, 0x11, 0x03, 0x11, 0x03, 0x11, 0x03, 0x11, 0x03, 0x11, 0x03, 0x11,
    0x03, 0x11, 0x03, 0x11, 0x4b, 0xee, 0x4b, 0xee, 0x4b, 0xee, 0x4b, 0xee, 0x4b, 0xee, 0x4b, 0xee, 0x4b, 0xee, 0x4b, 0xee, 0x4b, 0xee, 0x4b, 0xee,
    0x4b, 0xee, 0x4b, 0xee, 0x03, 0x11, 0x03, 0x11, 0x03, 0x11, 0x03, 0x11, 0x03, 0x11, 0x03, 0x11, 0x03, 0x11, 0x03, 0x11, 0x03, 0x11, 0x03, 0x11,
    0x03, 0x11, 0x03, 0x11, 0x03, 0x11, 0x03, 0x11, 0x03, 0x11, 0x03, 0x11, 0x03, 0x11, 0x03, 0x11, 0x03, 0x11, 0x03, 0x11, 0x03, 0x11, 0x03, 0x11,
    0x03, 0x11, 0x03, 0x11, 0x03, 0x11, 0x03, 0x11, 0x03, 0x11, 0x03, 0x11, 0x03, 0x11, 0x03, 0x11, 0x03, 0x11, 0x03, 0x11, 0x03, 0x11, 0x03, 0x11,
    0x03, 0x11, 0x03, 0x11, 0x03, 0x11, 0x03, 0x11, 0x03, 0x11, 0x03, 0x11, 0x03, 0x11, 0x03, 0x11, 0x03, 0x11, 0x03, 0x11, 0x03, 0x11, 0x03, 0x11,
    0x03, 0x11, 0x03, 0x11, 0x03, 0x11, 0x03, 0x11, 0x03, 0x11, 0x03, 0x11, 0x03, 0x11, 0x03, 0x11, 0x03, 0x11, 0x03, 0x11, 0x03, 0x11, 0x03, 0x11,
    0x03, 0x11, 0x03, 0x11, 0x03, 0x11, 0x03, 0x11, 0x03, 0x11, 0x03, 0x11, 0x03, 0x11, 0x03, 0x11, 0x03, 0x11, 0x03, 0x11, 0x4b, 0xee, 0x4b, 0xee,
    0x4b, 0xee, 0x4b, 0xee, 0x4b, 0xee, 0x4b, 0xee, 0x4b, 0xee, 0x4b, 0xee, 0x4b, 0xee, 0x4b, 0xee, 0x4b, 0xee, 0x4b, 0xee, 0x03, 0x11, 0x03, 0x11,
    0x03, 0x11, 0x03, 0x11, 0x03, 0x11, 0x03, 0x11, 0x03, 0x11, 0x03, 0x11, 0x03, 0x11, 0x03, 0x11, 0x03, 0x11, 0x03, 0x11, 0x03, 0x11, 0x03, 0x11,
    0x03, 0x11, 0x03, 0x11, 0x03, 0x11, 0x03, 0x11, 0x03, 0x11, 0x03, 0x11, 0x03, 0x11, 0x03, 0x11, 0x03, 0x11, 0x03, 0x11, 0x03, 0x11, 0x03, 0x11,
    0x03, 0x11, 0x03, 0x11, 0x03, 0x11, 0x03, 0x11, 0x03, 0x11, 0x03, 0x11, 0x03, 0x11, 0x03, 0x11, 0x03, 0x11, 0x03, 0x11, 0x03, 0x11, 0x03, 0x11,
    0x03, 0x11, 0x03, 0x11, 0x03, 0x11, 0x03, 0x11, 0x03, 0x11, 0x03, 0x11, 0x03, 0x11, 0x03, 0x11, 0x03, 0x11, 0x03, 0x11, 0x03, 0x11, 0x03, 0x11,
    0x03, 0x11, 0x03, 0x11, 0x03, 0x11, 0x03, 0x11, 0x03, 0x11, 0x03, 0x11, 0x03, 0x11, 0x03, 0x11, 0x03, 0x11, 0x03, 0x11, 0x03, 0x11, 0x03, 0x11,
    0x03, 0x11, 0x03, 0x11, 0x03, 0x11, 0x03, 0x11, 0x03, 0x11, 0x03, 0x11, 0x4b, 0xee, 0x4b, 0xee, 0x4b, 0xee, 0x4b, 0xee, 0x4b, 0xee, 0x4b, 0xee,
    0x4b, 0xee, 0x4b, 0xee, 0x4b, 0xee, 0x4b, 0xee, 0x4b, 0xee, 0x4b, 0xee, 0x03, 0x11, 0x03, 0x11, 0x03, 0x11, 0x03, 0x11, 0x03, 0x11, 0x03, 0x11,
    0x03, 0x11, 0x03, 0x11, 0x03, 0x11, 0x03, 0x11, 0x03, 0x11, 0x03, 0x11, 0x03, 0x11, 0x03, 0x11, 0x03, 0x11, 0x03, 0x11, 0x03, 0x11, 0x03, 0x11,
    0x03, 0x11, 0x03, 0x11, 0x03, 0x11, 0x03, 0x11, 0x03, 0x11, 0x03, 0x11, 0x03, 0x11, 0x03, 0x11, 0x03, 0x11, 0x03, 0x11, 0x03, 0x11, 0x03, 0x11,
    0x03, 0x11, 0x03, 0x11, 0x03, 0x11, 0x03, 0x11, 0x03, 0x11, 0x03, 0x11, 0x03, 0x11, 0x03, 0x11, 0x03, 0x11, 0x03, 0x11, 0x03, 0x11, 0x03, 0x11,
    0x03, 0x11, 0x03, 0x11, 0x03, 0x11, 0x03, 0x11, 0x03, 0x11, 0x03, 0x11, 0x03, 0x11, 0x03, 0x11, 0x03, 0x11, 0x03, 0x11, 0x03, 0x11, 0x03, 0x11,
    0x03, 0x11, 0x03, 0x11, 0x03, 0x11, 0x03, 0x11, 0x03, 0x11, 0x03, 0x11, 0x03, 0x11, 0x03, 0x11, 0x03, 0x11, 0x03, 0x11, 0x03, 0x11, 0x03, 0x11,
    0x03, 0x11, 0x03, 0x11, 0x4b, 0xee, 0x4b, 0xee, 0x4b, 0xee, 0x4b, 0xee, 0x4b, 0xee, 0x4b, 0xee, 0x4b, 0xee, 0x4b, 0xee, 0x4b, 0xee, 0x4b, 0xee,
    0x4b, 0xee, 0x4b, 0xee, 0x03, 0x11, 0x03, 0x11, 0x03, 0x11, 0x03, 0x11, 0x03, 0x11, 0x03, 0x11, 0x03, 0x11, 0x03, 0x11, 0x03, 0x11, 0x03, 0x11,
    0x03, 0x11, 0x03, 0x11, 0x03, 0x11, 0x03, 0x11, 0x03, 0x11, 0x03, 0x11, 0x03, 0x11, 0x03, 0x11, 0x03, 0x11, 0x03, 0x11, 0x03, 0x11, 0x03, 0x11,
    0x03, 0x11, 0x03, 0x11, 0x03, 0x11, 0x03, 0x11, 0x03, 0x11, 0x03, 0x11, 0x03, 0x11, 0x03, 0x11, 0x03, 0x11, 0x03, 0x11, 0x03, 0x11, 0x03, 0x11,
    0x03, 0x11, 0x03, 0x11, 0x03, 0x11, 0x03, 0x11, 0x03, 0x11, 0x03, 0x11, 0x03, 0x11, 0x03, 0x11, 0x03, 0x11, 0x03, 0x11, 0x03, 0x11, 0x03, 0x11,
    0x03, 0x11, 0x03, 0x11, 0x03, 0x11, 0x03, 0x11, 0x03, 0x11, 0x03, 0x11, 0x03, 0x11, 0x03, 0x11, 0x03, 0x11, 0x03, 0x11, 0x03, 0x11, 0x03, 0x11,
    0x03, 0x11, 0x03, 0x11, 0x03, 0x11, 0x03, 0x11, 0x03, 0x11, 0x03, 0x11, 0x03, 0x11, 0x03, 0x11, 0x03, 0x11, 0x03, 0x11, 0x03, 0x11, 0x03, 0x11,
    0x03, 0x11, 0x03, 0x11, 0x03, 0x11, 0x03, 0x11, 0x03, 0x11, 0x03, 0x11, 0x03, 0x11, 0x03, 0x11, 0x03, 0x11, 0x03, 0x11, 0x03, 0x11, 0x03, 0x11,
    0x03, 0x11, 0x03, 0x11, 0x03, 0x11, 0x03, 0x11, 0x03, 0x11, 0x03, 0x11, 0x03, 0x11, 0x03, 0x11, 0x03, 0x11, 0x03, 0x11, 0x03, 0x11, 0x03, 0x11,
    0x03, 0x11, 0x03, 0x11, 0x03, 0x11, 0x03, 0x11, 0x03, 0x11, 0x03, 0x11, 0x03, 0x11, 0x03, 0x11, 0x03, 0x11, 0x03, 0x11, 0x03, 0x11, 0x03, 0x11,
    0x03, 0x11, 0x03, 0x11, 0x03, 0x11, 0x03, 0x11, 0x03, 0x11, 0x03, 0x11, 0x03, 0x11, 0x03, 0x11, 0x03, 0x11, 0x03, 0x11, 0x03, 0x11, 0x03, 0x11,
    0x03, 0x11, 0x03, 0x11, 0x03, 0x11, 0x03, 0x11, 0x03, 0x11, 0x03, 0x11, 0x03, 0x11, 0x03, 0x11, 0x03, 0x11, 0x03, 0x11, 0x03, 0x11, 0x03, 0x11,
    0x03, 0x11, 0x03, 0x11, 0x03, 0x11, 0x03, 0x11, 0x03, 0x11, 0x03, 0x11, 0x03, 0x11, 0x03, 0x11, 0x03, 0x11, 0x03, 0x11, 0x03, 0x11, 0x03, 0x11,
    0x03, 0x11, 0x03, 0x11, 0x03, 0x11, 0x03, 0x11, 0x03, 0x11, 0x03, 0x11, 0x03, 0x11, 0x03, 0x11, 0x03, 0x11, 0x03, 0x11, 0x03, 0x11, 0x03, 0x11,
    0x03, 0x11, 0x03, 0x11, 0x03, 0x11, 0x03, 0x11, 0x03, 0x11, 0x03, 0x11, 0x03, 0x11, 0x03, 0x11, 0x03, 0x11, 0x03, 0x11, 0x03, 0x11, 0x03, 0x11,
    0x03, 0x11, 0x03, 0x11, 0x03, 0x11, 0x03, 0x11, 0x03, 0x11, 0x03, 0x11, 0x03, 0x11, 0x03, 0x11, 0x03, 0x11, 0x03, 0x11, 0x03, 0x11, 0x03, 0x11,
    0x03, 0x11, 0x03, 0x11, 0x03, 0x11, 0x03, 0x11, 0x03, 0x11, 0x03, 0x11, 0x03, 0x11, 0x03, 0x11, 0x03, 0x11, 0x03, 0x11, 0x03, 0x11, 0x03, 0x11,
    0x03, 0x11, 0x03, 0x11, 0x03, 0x11, 0x03, 0x11, 0x03, 0x11, 0x03, 0x11, 0x03, 0x11, 0x03, 0x11, 0x03, 0x11, 0x03, 0x11, 0x03, 0x11, 0x03, 0x11,
    0x03, 0x11, 0x03, 0x11, 0x03, 0x11, 0x03, 0x11, 0x03, 0x11, 0x03, 0x11, 0x03, 0x11, 0x03, 0x11, 0x03, 0x11, 0x03, 0x11, 0x03, 0x11, 0x03, 0x11,
    0x03, 0x11, 0x03, 0x11, 0x03, 0x11, 0x03, 0x11, 0x03, 0x11, 0x03, 0x11, 0x03, 0x11, 0x03, 0x11, 0x03, 0x11, 0x03, 0x11, 0x03, 0x11, 0x03, 0x11,
    0x03, 0x11, 0x03, 0x11, 0x03, 0x11, 0x03, 0x11, 0x03, 0x11, 0x03, 0x11, 0x03, 0x11, 0x03, 0x11, 0x03, 0x11, 0x03, 0x11, 0x03, 0x11, 0x03, 0x11,
    0x03, 0x11, 0x03, 0x11, 0x03, 0x11, 0x03, 0x11, 0x03, 0x11, 0x03, 0x11, 0x03, 0x11, 0x03, 0x11, 0x03, 0x11, 0x03, 0x11, 0x03, 0x11, 0x03, 0x11,
    0x03, 0x11, 0x03, 0x11, 0x03, 0x11, 0x03, 0x11, 0x03, 0x11, 0x03, 0x11, 0x03, 0x11, 0x03, 0x11, 0x03, 0x11, 0x03, 0x11, 0x03, 0x11, 0x03, 0x11,
    0x03, 0x11, 0x03, 0x11, 0x03, 0x11, 0x03, 0x11, 0x03, 0x11, 0x03, 0x11, 0x03, 0x11, 0x03, 0x11, 0x03, 0x11, 0x03, 0x11, 0x03, 0x11, 0x03, 0x11,
    0x03, 0x11, 0x03, 0x11, 0x03, 0x11, 0x03, 0x11, 0x03, 0x11, 0x03, 0x11, 0x03, 0x11, 0x03, 0x11, 0x03, 0x11, 0x03, 0x11, 0x03, 0x11, 0x03, 0x11,
    0x03, 0x11, 0x03, 0x11, 0x03, 0x11, 0x03, 0x11, 0x03, 0x11, 0x03, 0x11, 0x03, 0x11, 0x03, 0x11, 0x03, 0x11, 0x03, 0x11, 0x03, 0x11, 0x03, 0x11,
    0x03, 0x11, 0x03, 0x11, 0x03, 0x11, 0x03, 0x11, 0x03, 0x11, 0x03, 0x11, 0x03, 0x11, 0x03, 0x11, 0x03, 0x11, 0x03, 0x11, 0x03, 0x11, 0x03, 0x11,
    0x03, 0x11, 0x03, 0x11, 0x03, 0x11, 0x03, 0x11, 0x03, 0x11, 0x03, 0x11, 0x03, 0x11, 0x03, 0x11, 0x03, 0x11, 0x03, 0x11, 0x03, 0x11, 0x03, 0x11,
    0x03, 0x11, 0x03, 0x11, 0x03, 0x11, 0x03, 0x11, 0x03, 0x11, 0x03, 0x11, 0x03, 0x11, 0x03, 0x11, 0x03, 0x11, 0x03, 0x11, 0x03, 0x11, 0x03, 0x11,
    0x03, 0x11, 0x03, 0x11, 0x03, 0x11, 0x03, 0x11, 0x03, 0x11, 0x03, 0x11, 0x03, 0x11, 0x03, 0x11, 0x03, 0x11, 0x03, 0x11, 0x03, 0x11, 0x03, 0x11,
    0x03, 0x11, 0x03, 0x11, 0x03, 0x11, 0x03, 0x11, 0x03, 0x11, 0x03, 0x11, 0x03, 0x11, 0x03, 0x11, 0x03, 0x11, 0x03, 0x11, 0x03, 0x11, 0x03, 0x11,
    0x03, 0x11, 0x03, 0x11, 0x03, 0x11, 0x03, 0x11, 0x03, 0x11, 0x03, 0x11, 0x03, 0x11, 0x03, 0x11, 0x03, 0x11, 0x03, 0x11, 0x03, 0x11, 0x03, 0x11,
    0x03, 0x11, 0x03, 0x11, 0x03, 0x11, 0x03, 0x11, 0x03, 0x11, 0x03, 0x11, 0x03, 0x11, 0x03, 0x11, 0x03, 0x11, 0x03, 0x11, 0x03, 0x11, 0x03, 0x11,
    0x03, 0x11, 0x03, 0x11, 0x03, 0x11, 0x03, 0x11, 0x03, 0x11, 0x03, 0x11, 0x03, 0x11, 0x03, 0x11, 0x03, 0x11, 0x03, 0x11, 0x03, 0x11, 0x03, 0x11,
    0x03, 0x11, 0x03, 0x11, 0x03, 0x11, 0x03, 0x11, 0x03, 0x11, 0x03, 0x11, 0x03, 0x11, 0x03, 0x11, 0x03, 0x11, 0x03, 0x11, 0x03, 0x11, 0x03, 0x11,
    0x03, 0x11, 0x03, 0x11, 0x03, 0x11, 0x03, 0x11, 0x03, 0x11, 0x03, 0x11, 0x03, 0x11, 0x03, 0x11, 0x03, 0x11, 0x03, 0x11, 0x03, 0x11, 0x03, 0x11,
    0x03, 0x11, 0x03, 0x11, 0x03, 0x11, 0x03, 0x11, 0x03, 0x11, 0x03, 0x11, 0x03, 0x11, 0x03, 0x11, 0x03, 0x11, 0x03, 0x11, 0x03, 0x11, 0x03, 0x11,
    0x03, 0x11, 0x03, 0x11, 0x03, 0x11, 0x03, 0x11, 0x03, 0x11, 0x03, 0x11, 0x03, 0x11, 0x03, 0x11, 0x03, 0x11, 0x03, 0x11, 0x03, 0x11, 0x03, 0x11,
    0x03, 0x11, 0x03, 0x11, 0x03, 0x11, 0x03, 0x11, 0x03, 0x11, 0x03, 0x11, 0x03, 0x11, 0x03, 0x11, 0x03, 0x11, 0x03, 0x11, 0x03, 0x11, 0x03, 0x11,
    0x03, 0x11, 0x03, 0x11, 0x03, 0x11, 0x03, 0x11, 0x03, 0x11, 0x03, 0x11, 0x03, 0x11, 0x03, 0x11, 0x03, 0x11, 0x03, 0x11, 0x03, 0x11, 0x03, 0x11,
    0x03, 0x11, 0x03, 0x11, 0x03, 0x11, 0x03, 0x11, 0x03, 0x11, 0x03, 0x11, 0x03, 0x11, 0x03, 0x11, 0x03, 0x11, 0x03, 0x11, 0x03, 0x11, 0x03, 0x11,
    0x03, 0x11, 0x03, 0x11, 0x03, 0x11, 0x03, 0x11, 0x03, 0x11, 0x03, 0x11, 0x03, 0x11, 0x03, 0x11, 0x03, 0x11, 0x03, 0x11, 0x03, 0x11, 0x03, 0x11,
    0x03, 0x11, 0x03, 0x11, 0x03, 0x11, 0x03, 0x11, 0x03, 0x11, 0x03, 0x11, 0x03, 0x11, 0x03, 0x11, 0x03, 0x11, 0x03, 0x11, 0x03, 0x11, 0x03, 0x11,
    0x03, 0x11, 0x03, 0x11, 0x03, 0x11, 0x03, 0x11, 0x03, 0x11, 0x03, 0x11, 0x03, 0x11, 0x03, 0x11, 0x03, 0x11, 0x03, 0x11, 0x03, 0x11, 0x03, 0x11,
    0x03, 0x11, 0x03, 0x11, 0x03, 0x11, 0x03, 0x11, 0x03, 0x11, 0x03, 0x11, 0x03, 0x11, 0x03, 0x11, 0x03, 0x11, 0x03, 0x11, 0x03, 0x11, 0x03, 0x11,
    0x03, 0x11, 0x03, 0x11, 0x03, 0x11, 0x03, 0x11, 0x03, 0x11, 0x03, 0x11, 0x03, 0x11, 0x03, 0x11, 0x6b, 0x55, 0x6b, 0x55, 0x6b, 0x55, 0x6b, 0x55,
    0x6b, 0x55, 0x6b, 0x55, 0x6b, 0x55, 0x6b, 0x55, 0x6b, 0x55, 0x6b, 0x55, 0x6b, 0x55, 0x6b, 0x55, 0x6b, 0x55, 0x6b, 0x55, 0x6b, 0x55, 0x6b, 0x55,
    0x6b, 0x55, 0x6b, 0x55, 0x6b, 0x55, 0x6b, 0x55, 0x6b, 0x55, 0x6b, 0x55, 0x6b, 0x55, 0x6b, 0x55, 0x6b, 0x55, 0x6b, 0x55, 0x6b, 0x55, 0x6b, 0x55,
    0x03, 0x11, 0x03, 0x11, 0x03, 0x11, 0x03, 0x11, 0x03, 0x11, 0x03, 0x11, 0x03, 0x11, 0x03, 0x11, 0x03, 0x11, 0x03, 0x11, 0x03, 0x11, 0x03, 0x11,
    0x03, 0x11, 0x03, 0x11, 0x03, 0x11, 0x03, 0x11, 0x03, 0x11, 0x03, 0x11, 0x03, 0x11, 0x03, 0x11, 0x03, 0x11, 0x03, 0x11, 0x03, 0x11, 0x03, 0x11,
    0x03, 0x11, 0x03, 0x11, 0x03, 0x11, 0x03, 0x11, 0x03, 0x11, 0x03, 0x11, 0x03, 0x11, 0x03, 0x11, 0x03, 0x11, 0x03, 0x11, 0x03, 0x11, 0x03, 0x11,
    0x03, 0x11, 0x03, 0x11, 0x03, 0x11, 0x03, 0x11, 0x03, 0x11, 0x03, 0x11, 0x03, 0x11, 0x03, 0x11, 0x03, 0x11, 0x03, 0x11, 0x03, 0x11, 0x03, 0x11,
    0x03, 0x11, 0x03, 0x11, 0x03, 0x11, 0x03, 0x11, 0x6b, 0x55, 0x6b, 0x55, 0x6b, 0x55, 0x6b, 0x55, 0x6b, 0x55, 0x6b, 0x55, 0x6b, 0x55, 0x6b, 0x55,
    0x6b, 0x55, 0x6b, 0x55, 0x6b, 0x55, 0x6b, 0x55, 0x6b, 0x55, 0x6b, 0x55, 0x6b, 0x55, 0x6b, 0x55, 0x6b, 0x55, 0x6b, 0x55, 0x6b, 0x55, 0x6b, 0x55,
    0x6b, 0x55, 0x6b, 0x55, 0x6b, 0x55, 0x6b, 0x55, 0x6b, 0x55, 0x6b, 0x55, 0x6b, 0x55, 0x6b, 0x55, 0x03, 0x11, 0x03, 0x11, 0x03, 0x11, 0x03, 0x11,
    0x03, 0x11, 0x03, 0x11, 0x03, 0x11, 0x03, 0x11, 0x03, 0x11, 0x03, 0x11, 0x03, 0x11, 0x03, 0x11, 0x03, 0x11, 0x03, 0x11, 0x03, 0x11, 0x03, 0x11,
    0x03, 0x11, 0x03, 0x11, 0x03, 0x11, 0x03, 0x11, 0x03, 0x11, 0x03, 0x11, 0x03, 0x11, 0x03, 0x11, 0x03, 0x11, 0x03, 0x11, 0x03, 0x11, 0x03, 0x11,
    0x03, 0x11, 0x03, 0x11, 0x03, 0x11, 0x03, 0x11, 0x03, 0x11, 0x03, 0x11, 0x03, 0x11, 0x03, 0x11, 0x03, 0x11, 0x03, 0x11, 0x03, 0x11, 0x03, 0x11,
    0x03, 0x11, 0x03, 0x11, 0x03, 0x11, 0x03, 0x11, 0x03, 0x11, 0x03, 0x11, 0x03, 0x11, 0x03, 0x11, 0x03, 0x11, 0x03, 0x11, 0x03, 0x11, 0x03, 0x11,
    0x6b, 0x55, 0x6b, 0x55, 0x6b, 0x55, 0x6b, 0x55, 0x6b, 0x55, 0x6b, 0x55, 0x6b, 0x55, 0x6b, 0x55, 0x6b, 0x55, 0x6b, 0x55, 0x6b, 0x55, 0x6b, 0x55,
    0x6b, 0x55, 0x6b, 0x55, 0x6b, 0x55, 0x6b, 0x55, 0x6b, 0x55, 0x6b, 0x55, 0x6b, 0x55, 0x6b, 0x55, 0x6b, 0x55, 0x6b, 0x55, 0x6b, 0x55, 0x6b, 0x55,
    0x6b, 0x55, 0x6b, 0x55, 0x6b, 0x55, 0x6b, 0x55, 0x03, 0x11, 0x03, 0x11, 0x03, 0x11, 0x03, 0x11, 0x03, 0x11, 0x03, 0x11, 0x03, 0x11, 0x03, 0x11,
    0x03, 0x11, 0x03, 0x11, 0x03, 0x11, 0x03, 0x11, 0x03, 0x11, 0x03, 0x11, 0x03, 0x11, 0x03, 0x11, 0x03, 0x11, 0x03, 0x11, 0x03, 0x11, 0x03, 0x11,
    0x03, 0x11, 0x03, 0x11, 0x03, 0x11, 0x03, 0x11, 0x03, 0x11, 0x03, 0x11, 0x03, 0x11, 0x03, 0x11, 0x03, 0x11, 0x03, 0x11, 0x03, 0x11, 0x03, 0x11,
    0x03, 0x11, 0x03, 0x11, 0x03, 0x11, 0x03, 0x11, 0x03, 0x11, 0x03, 0x11, 0x03, 0x11, 0x03, 0x11, 0x03, 0x11, 0x03, 0x11, 0x03, 0x11, 0x03, 0x11,
    0x03, 0x11, 0x03, 0x11, 0x03, 0x11, 0x03, 0x11, 0x03, 0x11, 0x03, 0x11, 0x03, 0x11, 0x03, 0x11, 0x6b, 0x55, 0x6b, 0x55, 0x6b, 0x55, 0x6b, 0x55,
    0x6b, 0x55, 0x6b, 0x55, 0x6b, 0x55, 0x6b, 0x55, 0x6b, 0x55, 0x6b, 0x55, 0x6b, 0x55, 0x6b, 0x55, 0x6b, 0x55, 0x6b, 0x55, 0x6b, 0x55, 0x6b, 0x55,
    0x6b, 0x55, 0x6b, 0x55, 0x6b, 0x55, 0x6b, 0x55, 0x6b, 0x55, 0x6b, 0x55, 0x6b, 0x55, 0x6b, 0x55, 0x6b, 0x55, 0x6b, 0x55, 0x6b, 0x55, 0x6b, 0x55,
    0x03, 0x11, 0x03, 0x11, 0x03, 0x11, 0x03, 0x11, 0x03, 0x11, 0x03, 0x11, 0x03, 0x11, 0x03, 0x11, 0x03, 0x11, 0x03, 0x11, 0x03, 0x11, 0x03, 0x11,
    0x03, 0x11, 0x03, 0x11, 0x03, 0x11, 0x03, 0x11, 0x03, 0x11, 0x03, 0x11, 0x03, 0x11, 0x03, 0x11, 0x03, 0x11, 0x03, 0x11, 0x03, 0x11, 0x03, 0x11,
    0x03, 0x11, 0x03, 0x11, 0x03, 0x11, 0x03, 0x11, 0x03, 0x11, 0x03, 0x11, 0x03, 0x11, 0x03, 0x11, 0x03, 0x11, 0x03, 0x11, 0x03, 0x11, 0x03, 0x11,
    0x03, 0x11, 0x03, 0x11, 0x03, 0x11, 0x03, 0x11, 0x03, 0x11, 0x03, 0x11, 0x03, 0x11, 0x03, 0x11, 0x03, 0x11, 0x03, 0x11, 0x03, 0x11, 0x03, 0x11,
    0x03, 0x11, 0x03, 0x11, 0x03, 0x11, 0x03, 0x11, 0x6b, 0x55, 0x6b, 0x55, 0x6b, 0x55, 0x6b, 0x55, 0x6b, 0x55, 0x6b, 0x55, 0x6b, 0x55, 0x6b, 0x55,
    0x6b, 0x55, 0x6b, 0x55, 0x6b, 0x55, 0x6b, 0x55, 0x6b, 0x55, 0x6b, 0x55, 0x6b, 0x55, 0x6b, 0x55, 0x6b, 0x55, 0x6b, 0x55, 0x6b, 0x55, 0x6b, 0x55,
    0x6b, 0x55, 0x6b, 0x55, 0x6b, 0x55, 0x6b, 0x55, 0x6b, 0x55, 0x6b, 0x55, 0x6b, 0x55, 0x6b, 0x55, 0x03, 0x11, 0x03, 0x11, 0x03, 0x11, 0x03, 0x11,
    0x03, 0x11, 0x03, 0x11, 0x03, 0x11, 0x03, 0x11, 0x03, 0x11, 0x03, 0x11, 0x03, 0x11, 0x03, 0x11, 0x03, 0x11, 0x03, 0x11, 0x03, 0x11, 0x03, 0x11,
    0x03, 0x11, 0x03, 0x11, 0x03, 0x11, 0x03, 0x11, 0x03, 0x11, 0x03, 0x11, 0x03, 0x11, 0x03, 0x11, 0x03, 0x11, 0x03, 0x11, 0x03, 0x11, 0x03, 0x11,
    0x03, 0x11, 0x03, 0x11, 0x03, 0x11, 0x03, 0x11, 0x03, 0x11, 0x03, 0x11, 0x03, 0x11, 0x03, 0x11, 0x03, 0x11, 0x03, 0x11, 0x03, 0x11, 0x03, 0x11,
    0x03, 0x11, 0x03, 0x11, 0x03, 0x11, 0x03, 0x11, 0x03, 0x11, 0x03, 0x11, 0x03, 0x11, 0x03, 0x11, 0x03, 0x11, 0x03, 0x11, 0x03, 0x11, 0x03, 0x11,
    0x6b, 0x55, 0x6b, 0x55, 0x6b, 0x55, 0x6b, 0x55, 0x6b, 0x55, 0x6b, 0x55, 0x6b, 0x55, 0x6b, 0x55, 0x6b, 0x55, 0x6b, 0x55, 0x6b, 0x55, 0x6b, 0x55,
    0x6b, 0x55, 0x6b, 0x55, 0x6b, 0x55, 0x6b, 0x55, 0x6b, 0x55, 0x6b, 0x55, 0x6b, 0x55, 0x6b, 0x55, 0x6b, 0x55, 0x6b, 0x55, 0x6b, 0x55, 0x6b, 0x55,
    0x6b, 0x55, 0x6b, 0x55, 0x6b, 0x55, 0x6b, 0x55, 0x03, 0x11, 0x03, 0x11, 0x03, 0x11, 0x03, 0x11, 0x03, 0x11, 0x03, 0x11, 0x03, 0x11, 0x03, 0x11,
    0x03, 0x11, 0x03, 0x11, 0x03, 0x11, 0x03, 0x11, 0x03, 0x11, 0x03, 0x11, 0x03, 0x11, 0x03, 0x11, 0x03, 0x11, 0x03, 0x11, 0x03, 0x11, 0x03, 0x11,
    0x03, 0x11, 0x03, 0x11, 0x03, 0x11, 0x03, 0x11, 0x03, 0x11, 0x03, 0x11, 0x03, 0x11, 0x03, 0x11, 0x03, 0x11, 0x03, 0x11, 0x03, 0x11, 0x03, 0x11,
    0x03, 0x11, 0x03, 0x11, 0x03, 0x11, 0x03, 0x11, 0x03, 0x11, 0x03, 0x11, 0x03, 0x11, 0x03, 0x11, 0x03, 0x11, 0x03, 0x11, 0x03, 0x11, 0x03, 0x11,
    0x03, 0x11, 0x03, 0x11, 0x03, 0x11, 0x03, 0x11, 0x03, 0x11, 0x03, 0x11, 0x03, 0x11, 0x03, 0x11, 0x6b, 0x55, 0x6b, 0x55, 0x6b, 0x55, 0x6b, 0x55,
    0x6b, 0x55, 0x6b, 0x55, 0x6b, 0x55, 0x6b, 0x55, 0x6b, 0x55, 0x6b, 0x55, 0x6b, 0x55, 0x6b, 0x55, 0x6b, 0x55, 0x6b, 0x55, 0x6b, 0x55, 0x6b, 0x55,
    0x6b, 0x55, 0x6b, 0x55, 0x6b, 0x55, 0x6b, 0x55, 0x6b, 0x55, 0x6b, 0x55, 0x6b, 0x55, 0x6b, 0x55, 0x6b, 0x55, 0x6b, 0x55, 0x6b, 0x55, 0x6b, 0x55,
    0x03, 0x11, 0x03, 0x11, 0x03, 0x11, 0x03, 0x11, 0x03, 0x11, 0x03, 0x11, 0x03, 0x11, 0x03, 0x11, 0x03, 0x11, 0x03, 0x11, 0x03, 0x11, 0x03, 0x11,
    0x03, 0x11, 0x03, 0x11, 0x03, 0x11, 0x03, 0x11, 0x03, 0x11, 0x03, 0x11, 0x03, 0x11, 0x03, 0x11, 0x03, 0x11, 0x03, 0x11, 0x03, 0x11, 0x03, 0x11,
    0x03, 0x11, 0x03, 0x11, 0x03, 0x11, 0x03, 0x11, 0x03, 0x11, 0x03, 0x11, 0x03, 0x11, 0x03, 0x11, 0x03, 0x11, 0x03, 0x11, 0x03, 0x11, 0x03, 0x11,
    0x03, 0x11, 0x03, 0x11, 0x03, 0x11, 0x03, 0x11, 0x03, 0x11, 0x03, 0x11, 0x03, 0x11, 0x03, 0x11, 0x03, 0x11, 0x03, 0x11, 0x03, 0x11, 0x03, 0x11,
    0x03, 0x11, 0x03, 0x11, 0x03, 0x11, 0x03, 0x11, 0x6b, 0x55, 0x6b, 0x55, 0x6b, 0x55, 0x6b, 0x55, 0x6b, 0x55, 0x6b, 0x55, 0x6b, 0x55, 0x6b, 0x55,
    0x6b, 0x55, 0x6b, 0x55, 0x6b, 0x55, 0x6b, 0x55, 0x6b, 0x55, 0x6b, 0x55, 0x6b, 0x55, 0x6b, 0x55, 0x6b, 0x55, 0x6b, 0x55, 0x6b, 0x55, 0x6b, 0x55,
    0x6b, 0x55, 0x6b, 0x55, 0x6b, 0x55, 0x6b, 0x55, 0x6b, 0x55, 0x6b, 0x55, 0x6b, 0x55, 0x6b, 0x55, 0x03, 0x11, 0x03, 0x11, 0x03, 0x11, 0x03, 0x11,
    0x03, 0x11, 0x03, 0x11, 0x03, 0x11, 0x03, 0x11, 0x03, 0x11, 0x03, 0x11, 0x03, 0x11, 0x03, 0x11, 0x03, 0x11, 0x03, 0x11, 0x03, 0x11, 0x03, 0x11,
    0x03, 0x11, 0x03, 0x11, 0x03, 0x11, 0x03, 0x11, 0x03, 0x11, 0x03, 0x11, 0x03, 0x11, 0x03, 0x11, 0x03, 0x11, 0x03, 0x11, 0x6b, 0x55, 0x6b, 0x55,
    0x6b, 0x55, 0x6b, 0x55, 0x6b, 0x55, 0x6b, 0x55, 0x6b, 0x55, 0x6b, 0x55, 0x6b, 0x55, 0x6b, 0x55, 0x6b, 0x55, 0x6b, 0x55, 0x6b, 0x55, 0x6b, 0x55,
    0x6b, 0x55, 0x6b, 0x55, 0x6b, 0x55, 0x6b, 0x55, 0x6b, 0x55, 0x6b, 0x55, 0x6b, 0x55, 0x6b, 0x55, 0x6b, 0x55, 0x6b, 0x55, 0x6b, 0x55, 0x6b, 0x55,
    0x6b, 0x55, 0x6b, 0x55, 0x6b, 0x55, 0x6b, 0x55, 0x6b, 0x55, 0x6b, 0x55, 0xc2, 0x10, 0xc2, 0x10, 0xc2, 0x10, 0xc2, 0x10, 0xc2, 0x10, 0xc2, 0x10,
    0xc2, 0x10, 0xc2, 0x10, 0x6b, 0x55, 0x6b, 0x55, 0x6b, 0x55, 0x6b, 0x55, 0xc2, 0x10, 0xc2, 0x10, 0xc2, 0x10, 0xc2, 0x10, 0xc2, 0x10, 0xc2, 0x10,
    0xc2, 0x10, 0xc2, 0x10, 0x6b, 0x55, 0x6b, 0x55, 0xc2, 0x10, 0xc2, 0x10, 0x03, 0x11, 0x03, 0x11, 0x03, 0x11, 0x03, 0x11, 0x03, 0x11, 0x03, 0x11,
    0x03, 0x11, 0x03, 0x11, 0x03, 0x11, 0x03, 0x11, 0x03, 0x11, 0x03, 0x11, 0x03, 0x11, 0x03, 0x11, 0x03, 0x11, 0x03, 0x11, 0x03, 0x11, 0x03, 0x11,
    0x03, 0x11, 0x03, 0x11, 0x03, 0x11, 0x03, 0x11, 0x03, 0x11, 0x03, 0x11, 0x6b, 0x55, 0x6b, 0x55, 0x6b, 0x55, 0x6b, 0x55, 0x6b, 0x55, 0x6b, 0x55,
    0x6b, 0x55, 0x6b, 0x55, 0x6b, 0x55, 0x6b, 0x55, 0x6b, 0x55, 0x6b, 0x55, 0x6b, 0x55, 0x6b, 0x55, 0x6b, 0x55, 0x6b, 0x55, 0x6b, 0x55, 0x6b, 0x55,
    0x6b, 0x55, 0x6b, 0x55, 0x6b, 0x55, 0x6b, 0x55, 0x6b, 0x55, 0x6b, 0x55, 0x6b, 0x55, 0x6b, 0x55, 0x6b, 0x55, 0x6b, 0x55, 0x6b, 0x55, 0x6b, 0x55,
    0x6b, 0x55, 0x6b, 0x55, 0xc2, 0x10, 0xc2, 0x10, 0xc2, 0x10, 0xc2, 0x10, 0xc2, 0x10, 0xc2, 0x10, 0xc2, 0x10, 0xc2, 0x10, 0x6b, 0x55, 0x6b, 0x55,
    0x6b, 0x55, 0x6b, 0x55, 0xc2, 0x10, 0xc2, 0x10, 0xc2, 0x10, 0xc2, 0x10, 0xc2, 0x10, 0xc2, 0x10, 0xc2, 0x10, 0xc2, 0x10, 0x6b, 0x55, 0x6b, 0x55,
    0xc2, 0x10, 0xc2, 0x10, 0x03, 0x11, 0x03, 0x11, 0x03, 0x11, 0x03, 0x11, 0x03, 0x11, 0x03, 0x11, 0x03, 0x11, 0x03, 0x11, 0x03, 0x11, 0x03, 0x11,
    0x03, 0x11, 0x03, 0x11, 0x03, 0x11, 0x03, 0x11, 0x03, 0x11, 0x03, 0x11, 0x03, 0x11, 0x03, 0x11, 0x03, 0x11, 0x03, 0x11, 0x03, 0x11, 0x03, 0x11,
    0x03, 0x11, 0x03, 0x11, 0x6b, 0x55, 0x6b, 0x55, 0x6b, 0x55, 0x6b, 0x55, 0x6b, 0x55, 0x6b, 0x55, 0x6b, 0x55, 0x6b, 0x55, 0x6b, 0x55, 0x6b, 0x55,
    0x6b, 0x55, 0x6b, 0x55, 0x6b, 0x55, 0x6b, 0x55, 0x6b, 0x55, 0x6b, 0x55, 0x6b, 0x55, 0x6b, 0x55, 0x6b, 0x55, 0x6b, 0x55, 0x6b, 0x55, 0x6b, 0x55,
    0x6b, 0x55, 0x6b, 0x55, 0x6b, 0x55, 0x6b, 0x55, 0x6b, 0x55, 0x6b, 0x55, 0x6b, 0x55, 0x6b, 0x55, 0x6b, 0x55, 0x6b, 0x55, 0xc2, 0x10, 0xc2, 0x10,
    0xc2, 0x10, 0xc2, 0x10, 0xc2, 0x10, 0xc2, 0x10, 0xc2, 0x10, 0xc2, 0x10, 0x6b, 0x55, 0x6b, 0x55, 0x6b, 0x55, 0x6b, 0x55, 0xc2, 0x10, 0xc2, 0x10,
    0xc2, 0x10, 0xc2, 0x10, 0xc2, 0x10, 0xc2, 0x10, 0xc2, 0x10, 0xc2, 0x10, 0xc2, 0x10, 0xc2, 0x10, 0xf5, 0xee, 0xf5, 0xee, 0xc2, 0x10, 0xc2, 0x10,
    0x03, 0x11, 0x03, 0x11, 0x03, 0x11, 0x03, 0x11, 0x03, 0x11, 0x03, 0x11, 0x03, 0x11, 0x03, 0x11, 0x03, 0x11, 0x03, 0x11, 0x03, 0x11, 0x03, 0x11,
    0x03, 0x11, 0x03, 0x11, 0x03, 0x11, 0x03, 0x11, 0x03, 0x11, 0x03, 0x11, 0x03, 0x11, 0x03, 0x11, 0x03, 0x11, 0x03, 0x11, 0x6b, 0x55, 0x6b, 0x55,
    0x6b, 0x55, 0x6b, 0x55, 0x6b, 0x55, 0x6b, 0x55, 0x6b, 0x55, 0x6b, 0x55, 0x6b, 0x55, 0x6b, 0x55, 0x6b, 0x55, 0x6b, 0x55, 0x6b, 0x55, 0x6b, 0x55,
    0x6b, 0x55, 0x6b, 0x55, 0x6b, 0x55, 0x6b, 0x55, 0x6b, 0x55, 0x6b, 0x55, 0x6b, 0x55, 0x6b, 0x55, 0x6b, 0x55, 0x6b, 0x55, 0x6b, 0x55, 0x6b, 0x55,
    0x6b, 0x55, 0x6b, 0x55, 0x6b, 0x55, 0x6b, 0x55, 0x6b, 0x55, 0x6b, 0x55, 0xc2, 0x10, 0xc2, 0x10, 0xc2, 0x10, 0xc2, 0x10, 0xc2, 0x10, 0xc2, 0x10,
    0xc2, 0x10, 0xc2, 0x10, 0x6b, 0x55, 0x6b, 0x55, 0x6b, 0x55, 0x6b, 0x55, 0xc2, 0x10, 0xc2, 0x10, 0xc2, 0x10, 0xc2, 0x10, 0xc2, 0x10, 0xc2, 0x10,
    0xc2, 0x10, 0xc2, 0x10, 0xc2, 0x10, 0xc2, 0x10, 0xf5, 0xee, 0xf5, 0xee, 0xc2, 0x10, 0xc2, 0x10, 0x03, 0x11, 0x03, 0x11, 0x03, 0x11, 0x03, 0x11,
    0x03, 0x11, 0x03, 0x11, 0x03, 0x11, 0x03, 0x11, 0x03, 0x11, 0x03, 0x11, 0x03, 0x11, 0x03, 0x11, 0x03, 0x11, 0x03, 0x11, 0x03, 0x11, 0x03, 0x11,
    0x27, 0x2b, 0x27, 0x2b, 0x27, 0x2b, 0x27, 0x2b, 0x27, 0x2b, 0x27, 0x2b, 0x6b, 0x55, 0x6b, 0x55, 0x6b, 0x55, 0x6b, 0x55, 0x6b, 0x55, 0x6b, 0x55,
    0x6b, 0x55, 0x6b, 0x55, 0x6b, 0x55, 0x6b, 0x55, 0x6b, 0x55, 0x6b, 0x55, 0x6b, 0x55, 0x6b, 0x55, 0x6b, 0x55, 0x6b, 0x55, 0x6b, 0x55, 0x6b, 0x55,
    0x6b, 0x55, 0x6b, 0x55, 0x6b, 0x55, 0x6b, 0x55, 0x6b, 0x55, 0x6b, 0x55, 0x6b, 0x55, 0x6b, 0x55, 0x6b, 0x55, 0x6b, 0x55, 0x6b, 0x55, 0x6b, 0x55,
    0x6b, 0x55, 0x6b, 0x55, 0x6b, 0x55, 0x6b, 0x55, 0x6b, 0x55, 0x6b, 0x55, 0x6b, 0x55, 0x6b, 0x55, 0x6b, 0x55, 0x6b, 0x55, 0x6b, 0x55, 0x6b, 0x55,
    0x6b, 0x55, 0x6b, 0x55, 0x6b, 0x55, 0x6b, 0x55, 0x6b, 0x55, 0x6b, 0x55, 0x6b, 0x55, 0x6b, 0x55, 0x6b, 0x55, 0x6b, 0x55, 0x6b, 0x55, 0x6b, 0x55,
    0xc2, 0x10, 0xc2, 0x10, 0x03, 0x11, 0x03, 0x11, 0x03, 0x11, 0x03, 0x11, 0x03, 0x11, 0x03, 0x11, 0x03, 0x11, 0x03, 0x11, 0x03, 0x11, 0x03, 0x11,
    0x03, 0x11, 0x03, 0x11, 0x03, 0x11, 0x03, 0x11, 0x03, 0x11, 0x03, 0x11, 0x03, 0x11, 0x03, 0x11, 0x27, 0x2b, 0x27, 0x2b, 0x27, 0x2b, 0x27, 0x2b,
    0x27, 0x2b, 0x27, 0x2b, 0x6b, 0x55, 0x6b, 0x55, 0x6b, 0x55, 0x6b, 0x55, 0x6b, 0x55, 0x6b, 0x55, 0x6b, 0x55, 0x6b, 0x55, 0x6b, 0x55, 0x6b, 0x55,
    0x6b, 0x55, 0x6b, 0x55, 0x6b, 0x55, 0x6b, 0x55, 0x6b, 0x55, 0x6b, 0x55, 0x6b, 0x55, 0x6b, 0x55, 0x6b, 0x55, 0x6b, 0x55, 0x6b, 0x55, 0x6b, 0x55,
    0x6b, 0x55, 0x6b, 0x55, 0x6b, 0x55, 0x6b, 0x55, 0x6b, 0x55, 0x6b, 0x55, 0x6b, 0x55, 0x6b, 0x55, 0x6b, 0x55, 0x6b, 0x55, 0x6b, 0x55, 0x6b, 0x55,
    0x6b, 0x55, 0x6b, 0x55, 0x6b, 0x55, 0x6b, 0x55, 0x6b, 0x55, 0x6b, 0x55, 0x6b, 0x55, 0x6b, 0x55, 0x6b, 0x55, 0x6b, 0x55, 0x6b, 0x55, 0x6b, 0x55,
    0x6b, 0x55, 0x6b, 0x55, 0x6b, 0x55, 0x6b, 0x55, 0x6b, 0x55, 0x6b, 0x55, 0x6b, 0x55, 0x6b, 0x55, 0xc2, 0x10, 0xc2, 0x10, 0x03, 0x11, 0x03, 0x11,
    0x03, 0x11, 0x03, 0x11, 0x03, 0x11, 0x03, 0x11, 0x03, 0x11, 0x03, 0x11, 0x03, 0x11, 0x03, 0x11, 0x03, 0x11, 0x03, 0x11, 0x03, 0x11, 0x03, 0x11,
    0x03, 0x11, 0x03, 0x11, 0x03, 0x11, 0x03, 0x11, 0x27, 0x2b, 0x27, 0x2b, 0x27, 0x2b, 0x27, 0x2b, 0x27, 0x2b, 0x27, 0x2b, 0x6b, 0x55, 0x6b, 0x55,
    0x6b, 0x55, 0x6b, 0x55, 0x6b, 0x55, 0x6b, 0x55, 0x6b, 0x55, 0x6b, 0x55, 0x6b, 0x55, 0x6b, 0x55, 0x6b, 0x55, 0x6b, 0x55, 0x6b, 0x55, 0x6b, 0x55,
    0x6b, 0x55, 0x6b, 0x55, 0x6b, 0x55, 0x6b, 0x55, 0x6b, 0x55, 0x6b, 0x55, 0x6b, 0x55, 0x6b, 0x55, 0x6b, 0x55, 0x6b, 0x55, 0x6b, 0x55, 0x6b, 0x55,
    0x6b, 0x55, 0x6b, 0x55, 0x6b, 0x55, 0x6b, 0x55, 0x6b, 0x55, 0x6b, 0x55, 0x6b, 0x55, 0x6b, 0x55, 0x6b, 0x55, 0x6b, 0x55, 0x6b, 0x55, 0x6b, 0x55,
    0x6b, 0x55, 0x6b, 0x55, 0x6b, 0x55, 0x6b, 0x55, 0x6b, 0x55, 0x6b, 0x55, 0x6b, 0x55, 0x6b, 0x55, 0x6b, 0x55, 0x6b, 0x55, 0x6b, 0x55, 0x6b, 0x55,
    0x6b, 0x55, 0x6b, 0x55, 0x6b, 0x55, 0x6b, 0x55, 0x03, 0x11, 0x03, 0x11, 0x03, 0x11, 0x03, 0x11, 0x03, 0x11, 0x03, 0x11, 0x03, 0x11, 0x03, 0x11,
    0x03, 0x11, 0x03, 0x11, 0x03, 0x11, 0x03, 0x11, 0x03, 0x11, 0x03, 0x11, 0x03, 0x11, 0x03, 0x11, 0x03, 0x11, 0x03, 0x11, 0x03, 0x11, 0x03, 0x11,
    0x27, 0x2b, 0x27, 0x2b, 0x27, 0x2b, 0x27, 0x2b, 0x27, 0x2b, 0x27, 0x2b, 0x6b, 0x55, 0x6b, 0x55, 0x6b, 0x55, 0x6b, 0x55, 0x6b, 0x55, 0x6b, 0x55,
    0x6b, 0x55, 0x6b, 0x55, 0x6b, 0x55, 0x6b, 0x55, 0x6b, 0x55, 0x6b, 0x55, 0x6b, 0x55, 0x6b, 0x55, 0x6b, 0x55, 0x6b, 0x55, 0x6b, 0x55, 0x6b, 0x55,
    0x6b, 0x55, 0x6b, 0x55, 0x6b, 0x55, 0x6b, 0x55, 0x6b, 0x55, 0x6b, 0x55, 0x6b, 0x55, 0x6b, 0x55, 0x6b, 0x55, 0x6b, 0x55, 0x6b, 0x55, 0x6b, 0x55,
    0x6b, 0x55, 0x6b, 0x55, 0x6b, 0x55, 0x6b, 0x55, 0x6b, 0x55, 0x6b, 0x55, 0x6b, 0x55, 0x6b, 0x55, 0x6b, 0x55, 0x6b, 0x55, 0x6b, 0x55, 0x6b, 0x55,
    0x6b, 0x55, 0x6b, 0x55, 0x6b, 0x55, 0x6b, 0x55, 0x6b, 0x55, 0x6b, 0x55, 0x6b, 0x55, 0x6b, 0x55, 0x6b, 0x55, 0x6b, 0x55, 0x6b, 0x55, 0x6b, 0x55,
    0x03, 0x11, 0x03, 0x11, 0x03, 0x11, 0x03, 0x11, 0x03, 0x11, 0x03, 0x11, 0x03, 0x11, 0x03, 0x11, 0x03, 0x11, 0x03, 0x11, 0x03, 0x11, 0x03, 0x11,
    0x03, 0x11, 0x03, 0x11, 0x03, 0x11, 0x03, 0x11, 0x03, 0x11, 0x03, 0x11, 0x03, 0x11, 0x03, 0x11, 0x27, 0x2b, 0x27, 0x2b, 0x27, 0x2b, 0x27, 0x2b,
    0x27, 0x2b, 0x27, 0x2b, 0x6b, 0x55, 0x6b, 0x55, 0x6b, 0x55, 0x6b, 0x55, 0x6b, 0x55, 0x6b, 0x55, 0x6b, 0x55, 0x6b, 0x55, 0x6b, 0x55, 0x6b, 0x55,
    0x6b, 0x55, 0x6b, 0x55, 0x6b, 0x55, 0x6b, 0x55, 0x6b, 0x55, 0x6b, 0x55, 0x6b, 0x55, 0x6b, 0x55, 0x6b, 0x55, 0x6b, 0x55, 0x6b, 0x55, 0x6b, 0x55,
    0x6b, 0x55, 0x6b, 0x55, 0x6b, 0x55, 0x6b, 0x55, 0x6b, 0x55, 0x6b, 0x55, 0x6b, 0x55, 0x6b, 0x55, 0x6b, 0x55, 0x6b, 0x55, 0x6b, 0x55, 0x6b, 0x55,
    0x6b, 0x55, 0x6b, 0x55, 0x6b, 0x55, 0x6b, 0x55, 0xce, 0x9e, 0xce, 0x9e, 0xce, 0x9e, 0xce, 0x9e, 0xce, 0x9e, 0xce, 0x9e, 0xce, 0x9e, 0xce, 0x9e,
    0xce, 0x9e, 0xce, 0x9e, 0xce, 0x9e, 0xce, 0x9e, 0xce, 0x9e, 0xce, 0x9e, 0xce, 0x9e, 0xce, 0x9e, 0xce, 0x9e, 0xce, 0x9e, 0xce, 0x9e, 0xce, 0x9e,
    0x03, 0x11, 0x03, 0x11, 0x03, 0x11, 0x03, 0x11, 0x03, 0x11, 0x03, 0x11, 0x03, 0x11, 0x03, 0x11, 0x03, 0x11, 0x03, 0x11, 0x03, 0x11, 0x03, 0x11,
    0x03, 0x11, 0x03, 0x11, 0x03, 0x11, 0x03, 0x11, 0x27, 0x2b, 0x27, 0x2b, 0x27, 0x2b, 0x27, 0x2b, 0x27, 0x2b, 0x27, 0x2b, 0x6b, 0x55, 0x6b, 0x55,
    0x6b, 0x55, 0x6b, 0x55, 0x6b, 0x55, 0x6b, 0x55, 0x6b, 0x55, 0x6b, 0x55, 0x6b, 0x55, 0x6b, 0x55, 0x6b, 0x55, 0x6b, 0x55, 0x6b, 0x55, 0x6b, 0x55,
    0x6b, 0x55, 0x6b, 0x55, 0x6b, 0x55, 0x6b, 0x55, 0x6b, 0x55, 0x6b, 0x55, 0x6b, 0x55, 0x6b, 0x55, 0x6b, 0x55, 0x6b, 0x55, 0x6b, 0x55, 0x6b, 0x55,
    0x6b, 0x55, 0x6b, 0x55, 0x6b, 0x55, 0x6b, 0x55, 0x6b, 0x55, 0x6b, 0x55, 0x6b, 0x55, 0x6b, 0x55, 0x6b, 0x55, 0x6b, 0x55, 0x6b, 0x55, 0x6b, 0x55,
    0xce, 0x9e, 0xce, 0x9e, 0xce, 0x9e, 0xce, 0x9e, 0xce, 0x9e, 0xce, 0x9e, 0xce, 0x9e, 0xce, 0x9e, 0xce, 0x9e, 0xce, 0x9e, 0xce, 0x9e, 0xce, 0x9e,
    0xce, 0x9e, 0xce, 0x9e, 0xce, 0x9e, 0xce, 0x9e, 0xce, 0x9e, 0xce, 0x9e, 0xce, 0x9e, 0xce, 0x9e, 0x03, 0x11, 0x03, 0x11, 0x03, 0x11, 0x03, 0x11,
    0x03, 0x11, 0x03, 0x11, 0x03, 0x11, 0x03, 0x11, 0x03, 0x11, 0x03, 0x11, 0x03, 0x11, 0x03, 0x11, 0x03, 0x11, 0x03, 0x11, 0x03, 0x11, 0x03, 0x11,
    0x27, 0x2b, 0x27, 0x2b, 0x27, 0x2b, 0x27, 0x2b, 0x27, 0x2b, 0x27, 0x2b, 0x6b, 0x55, 0x6b, 0x55, 0x6b, 0x55, 0x6b, 0x55, 0x6b, 0x55, 0x6b, 0x55,
    0x6b, 0x55, 0x6b, 0x55, 0x6b, 0x55, 0x6b, 0x55, 0x6b, 0x55, 0x6b, 0x55, 0x6b, 0x55, 0x6b, 0x55, 0x6b, 0x55, 0x6b, 0x55, 0x6b, 0x55, 0x6b, 0x55,
    0x6b, 0x55, 0x6b, 0x55, 0x6b, 0x55, 0x6b, 0x55, 0x6b, 0x55, 0x6b, 0x55, 0x6b, 0x55, 0x6b, 0x55, 0x6b, 0x55, 0x6b, 0x55, 0x6b, 0x55, 0x6b, 0x55,
    0x6b, 0x55, 0x6b, 0x55, 0x6b, 0x55, 0x6b, 0x55, 0x6b, 0x55, 0x6b, 0x55, 0x6b, 0x55, 0x6b, 0x55, 0xce, 0x9e, 0xce, 0x9e, 0xce, 0x9e, 0xce, 0x9e,
    0xce, 0x9e, 0xce, 0x9e, 0xce, 0x9e, 0xce, 0x9e, 0xce, 0x9e, 0xce, 0x9e, 0xce, 0x9e, 0xce, 0x9e, 0xce, 0x9e, 0xce, 0x9e, 0xce, 0x9e, 0xce, 0x9e,
    0xce, 0x9e, 0xce, 0x9e, 0xce, 0x9e, 0xce, 0x9e, 0x03, 0x11, 0x03, 0x11, 0x03, 0x11, 0x03, 0x11, 0x03, 0x11, 0x03, 0x11, 0x03, 0x11, 0x03, 0x11,
    0x03, 0x11, 0x03, 0x11, 0x03, 0x11, 0x03, 0x11, 0x03, 0x11, 0x03, 0x11, 0x03, 0x11, 0x03, 0x11, 0x27, 0x2b, 0x27, 0x2b, 0x27, 0x2b, 0x27, 0x2b,
    0x27, 0x2b, 0x27, 0x2b, 0x6b, 0x55, 0x6b, 0x55, 0x6b, 0x55, 0x6b, 0x55, 0x6b, 0x55, 0x6b, 0x55, 0x6b, 0x55, 0x6b, 0x55, 0x6b, 0x55, 0x6b, 0x55,
    0x6b, 0x55, 0x6b, 0x55, 0x6b, 0x55, 0x6b, 0x55, 0x6b, 0x55, 0x6b, 0x55, 0x6b, 0x55, 0x6b, 0x55, 0x6b, 0x55, 0x6b, 0x55, 0x6b, 0x55, 0x6b, 0x55,
    0x6b, 0x55, 0x6b, 0x55, 0x6b, 0x55, 0x6b, 0x55, 0x6b, 0x55, 0x6b, 0x55, 0x6b, 0x55, 0x6b, 0x55, 0x6b, 0x55, 0x6b, 0x55, 0x6b, 0x55, 0x6b, 0x55,
    0x6b, 0x55, 0x6b, 0x55, 0x6b, 0x55, 0x6b, 0x55, 0xce, 0x9e, 0xce, 0x9e, 0xce, 0x9e, 0xce, 0x9e, 0xce, 0x9e, 0xce, 0x9e, 0xce, 0x9e, 0xce, 0x9e,
    0xce, 0x9e, 0xce, 0x9e, 0xce, 0x9e, 0xce, 0x9e, 0xce, 0x9e, 0xce, 0x9e, 0xce, 0x9e, 0xce, 0x9e, 0xce, 0x9e, 0xce, 0x9e, 0xce, 0x9e, 0xce, 0x9e,
    0x03, 0x11, 0x03, 0x11, 0x03, 0x11, 0x03, 0x11, 0x03, 0x11, 0x03, 0x11, 0x03, 0x11, 0x03, 0x11, 0x03, 0x11, 0x03, 0x11, 0x03, 0x11, 0x03, 0x11,
    0x03, 0x11, 0x03, 0x11, 0x03, 0x11, 0x03, 0x11, 0x27, 0x2b, 0x27, 0x2b, 0x27, 0x2b, 0x27, 0x2b, 0x27, 0x2b, 0x27, 0x2b, 0x6b, 0x55, 0x6b, 0x55,
    0x6b, 0x55, 0x6b, 0x55, 0x6b, 0x55, 0x6b, 0x55, 0x6b, 0x55, 0x6b, 0x55, 0x6b, 0x55, 0x6b, 0x55, 0x6b, 0x55, 0x6b, 0x55, 0x6b, 0x55, 0x6b, 0x55,
    0x6b, 0x55, 0x6b, 0x55, 0x6b, 0x55, 0x6b, 0x55, 0x6b, 0x55, 0x6b, 0x55, 0x6b, 0x55, 0x6b, 0x55, 0x6b, 0x55, 0x6b, 0x55, 0x6b, 0x55, 0x6b, 0x55,
    0x6b, 0x55, 0x6b, 0x55, 0x6b, 0x55, 0x6b, 0x55, 0x6b, 0x55, 0x6b, 0x55, 0x6b, 0x55, 0x6b, 0x55, 0x6b, 0x55, 0x6b, 0x55, 0x6b, 0x55, 0x6b, 0x55,
    0xce, 0x9e, 0xce, 0x9e, 0xce, 0x9e, 0xce, 0x9e, 0xce, 0x9e, 0xce, 0x9e, 0xce, 0x9e, 0xce, 0x9e, 0xce, 0x9e, 0xce, 0x9e, 0xce, 0x9e, 0xce, 0x9e,
    0xce, 0x9e, 0xce, 0x9e, 0xce, 0x9e, 0xce, 0x9e, 0xce, 0x9e, 0xce, 0x9e, 0xce, 0x9e, 0xce, 0x9e, 0x03, 0x11, 0x03, 0x11, 0x03, 0x11, 0x03, 0x11,
    0x03, 0x11, 0x03, 0x11, 0x03, 0x11, 0x03, 0x11, 0x03, 0x11, 0x03, 0x11, 0x03, 0x11, 0x03, 0x11, 0x03, 0x11, 0x03, 0x11, 0x03, 0x11, 0x03, 0x11,
    0x27, 0x2b, 0x27, 0x2b, 0x27, 0x2b, 0x27, 0x2b, 0x27, 0x2b, 0x27, 0x2b, 0x6b, 0x55, 0x6b, 0x55, 0x6b, 0x55, 0x6b, 0x55, 0x6b, 0x55, 0x6b, 0x55,
    0x6b, 0x55, 0x6b, 0x55, 0x6b, 0x55, 0x6b, 0x55, 0x6b, 0x55, 0x6b, 0x55, 0x6b, 0x55, 0x6b, 0x55, 0x6b, 0x55, 0x6b, 0x55, 0x6b, 0x55, 0x6b, 0x55,
    0x6b, 0x55, 0x6b, 0x55, 0x6b, 0x55, 0x6b, 0x55, 0x6b, 0x55, 0x6b, 0x55, 0x6b, 0x55, 0x6b, 0x55, 0x6b, 0x55, 0x6b, 0x55, 0x6b, 0x55, 0x6b, 0x55,
    0x6b, 0x55, 0x6b, 0x55, 0x6b, 0x55, 0x6b, 0x55, 0x6b, 0x55, 0x6b, 0x55, 0x6b, 0x55, 0x6b, 0x55, 0xce, 0x9e, 0xce, 0x9e, 0xce, 0x9e, 0xce, 0x9e,
    0xce, 0x9e, 0xce, 0x9e, 0xce, 0x9e, 0xce, 0x9e, 0xce, 0x9e, 0xce, 0x9e, 0xce, 0x9e, 0xce, 0x9e, 0xce, 0x9e, 0xce, 0x9e, 0xce, 0x9e, 0xce, 0x9e,
    0xce, 0x9e, 0xce, 0x9e, 0xce, 0x9e, 0xce, 0x9e, 0x03, 0x11, 0x03, 0x11, 0x03, 0x11, 0x03, 0x11, 0x03, 0x11, 0x03, 0x11, 0x03, 0x11, 0x03, 0x11,
    0x03, 0x11, 0x03, 0x11, 0x03, 0x11, 0x03, 0x11, 0x03, 0x11, 0x03, 0x11, 0x03, 0x11, 0x03, 0x11, 0x27, 0x2b, 0x27, 0x2b, 0x27, 0x2b, 0x27, 0x2b,
    0x27, 0x2b, 0x27, 0x2b, 0x6b, 0x55, 0x6b, 0x55, 0x6b, 0x55, 0x6b, 0x55, 0x6b, 0x55, 0x6b, 0x55, 0x6b, 0x55, 0x6b, 0x55, 0x6b, 0x55, 0x6b, 0x55,
    0x6b, 0x55, 0x6b, 0x55, 0x6b, 0x55, 0x6b, 0x55, 0x6b, 0x55, 0x6b, 0x55, 0x6b, 0x55, 0x6b, 0x55, 0x6b, 0x55, 0x6b, 0x55, 0x6b, 0x55, 0x6b, 0x55,
    0x6b, 0x55, 0x6b, 0x55, 0x6b, 0x55, 0x6b, 0x55, 0x6b, 0x55, 0x6b, 0x55, 0x6b, 0x55, 0x6b, 0x55, 0x6b, 0x55, 0x6b, 0x55, 0x6b, 0x55, 0x6b, 0x55,
    0x6b, 0x55, 0x6b, 0x55, 0x6b, 0x55, 0x6b, 0x55, 0xce, 0x9e, 0xce, 0x9e, 0xce, 0x9e, 0xce, 0x9e, 0xce, 0x9e, 0xce, 0x9e, 0xc2, 0x10, 0xc2, 0x10,
    0xc2, 0x10, 0xc2, 0x10, 0xc2, 0x10, 0xc2, 0x10, 0xc2, 0x10, 0xc2, 0x10, 0xc2, 0x10, 0xc2, 0x10, 0xce, 0x9e, 0xce, 0x9e, 0xce, 0x9e, 0xce, 0x9e,
    0x03, 0x11, 0x03, 0x11, 0x03, 0x11, 0x03, 0x11, 0x03, 0x11, 0x03, 0x11, 0x03, 0x11, 0x03, 0x11, 0x03, 0x11, 0x03, 0x11, 0x03, 0x11, 0x03, 0x11,
    0x03, 0x11, 0x03, 0x11, 0x03, 0x11, 0x03, 0x11, 0x27, 0x2b, 0x27, 0x2b, 0x27, 0x2b, 0x27, 0x2b, 0x27, 0x2b, 0x27, 0x2b, 0x6b, 0x55, 0x6b, 0x55,
    0x6b, 0x55, 0x6b, 0x55, 0x6b, 0x55, 0x6b, 0x55, 0x6b, 0x55, 0x6b, 0x55, 0x6b, 0x55, 0x6b, 0x55, 0x6b, 0x55, 0x6b, 0x55, 0x6b, 0x55, 0x6b, 0x55,
    0x6b, 0x55, 0x6b, 0x55, 0x6b, 0x55, 0x6b, 0x55, 0x6b, 0x55, 0x6b, 0x55, 0x6b, 0x55, 0x6b, 0x55, 0x6b, 0x55, 0x6b, 0x55, 0x6b, 0x55, 0x6b, 0x55,
    0x6b, 0x55, 0x6b, 0x55, 0x6b, 0x55, 0x6b, 0x55, 0x6b, 0x55, 0x6b, 0x55, 0x6b, 0x55, 0x6b, 0x55, 0x6b, 0x55, 0x6b, 0x55, 0x6b, 0x55, 0x6b, 0x55,
    0xce, 0x9e, 0xce, 0x9e, 0xce, 0x9e, 0xce, 0x9e, 0xce, 0x9e, 0xce, 0x9e, 0xc2, 0x10, 0xc2, 0x10, 0xc2, 0x10, 0xc2, 0x10, 0xc2, 0x10, 0xc2, 0x10,
    0xc2, 0x10, 0xc2, 0x10, 0xc2, 0x10, 0xc2, 0x10, 0xce, 0x9e, 0xce, 0x9e, 0xce, 0x9e, 0xce, 0x9e, 0x03, 0x11, 0x03, 0x11, 0x03, 0x11, 0x03, 0x11,
    0x03, 0x11, 0x03, 0x11, 0x03, 0x11, 0x03, 0x11, 0x03, 0x11, 0x03, 0x11, 0x03, 0x11, 0x03, 0x11, 0x03, 0x11, 0x03, 0x11, 0x03, 0x11, 0x03, 0x11,
    0x27, 0x2b, 0x27, 0x2b, 0x27, 0x2b, 0x27, 0x2b, 0x27, 0x2b, 0x27, 0x2b, 0x6b, 0x55, 0x6b, 0x55, 0x6b, 0x55, 0x6b, 0x55, 0x6b, 0x55, 0x6b, 0x55,
    0x6b, 0x55, 0x6b, 0x55, 0x6b, 0x55, 0x6b, 0x55, 0x6b, 0x55, 0x6b, 0x55, 0x6b, 0x55, 0x6b, 0x55, 0x6b, 0x55, 0x6b, 0x55, 0x6b, 0x55, 0x6b, 0x55,
    0x6b, 0x55, 0x6b, 0x55, 0x6b, 0x55, 0x6b, 0x55, 0x6b, 0x55, 0x6b, 0x55, 0x6b, 0x55, 0x6b, 0x55, 0x6b, 0x55, 0x6b, 0x55, 0x6b, 0x55, 0x6b, 0x55,
    0x6b, 0x55, 0x6b, 0x55, 0x6b, 0x55, 0x6b, 0x55, 0x6b, 0x55, 0x6b, 0x55, 0x6b, 0x55, 0x6b, 0x55, 0xce, 0x9e, 0xce, 0x9e, 0xce, 0x9e, 0xce, 0x9e,
    0xce, 0x9e, 0xce, 0x9e, 0xc2, 0x10, 0xc2, 0x10, 0xc2, 0x10, 0xc2, 0x10, 0xc2, 0x10, 0xc2, 0x10, 0xc2, 0x10, 0xc2, 0x10, 0xc2, 0x10, 0xc2, 0x10,
    0xce, 0x9e, 0xce, 0x9e, 0xce, 0x9e, 0xce, 0x9e, 0x03, 0x11, 0x03, 0x11, 0x03, 0x11, 0x03, 0x11, 0x03, 0x11, 0x03, 0x11, 0x03, 0x11, 0x03, 0x11,
    0x03, 0x11, 0x03, 0x11, 0x03, 0x11, 0x03, 0x11, 0x03, 0x11, 0x03, 0x11, 0x03, 0x11, 0x03, 0x11, 0x27, 0x2b, 0x27, 0x2b, 0x27, 0x2b, 0x27, 0x2b,
    0x27, 0x2b, 0x27, 0x2b, 0x6b, 0x55, 0x6b, 0x55, 0x6b, 0x55, 0x6b, 0x55, 0x6b, 0x55, 0x6b, 0x55, 0x6b, 0x55, 0x6b, 0x55, 0x6b, 0x55, 0x6b, 0x55,
    0x6b, 0x55, 0x6b, 0x55, 0x6b, 0x55, 0x6b, 0x55, 0x6b, 0x55, 0x6b, 0x55, 0x6b, 0x55, 0x6b, 0x55, 0x6b, 0x55, 0x6b, 0x55, 0x6b, 0x55, 0x6b, 0x55,
    0x6b, 0x55, 0x6b, 0x55, 0x6b, 0x55, 0x6b, 0x55, 0x6b, 0x55, 0x6b, 0x55, 0x6b, 0x55, 0x6b, 0x55, 0x6b, 0x55, 0x6b, 0x55, 0x6b, 0x55, 0x6b, 0x55,
    0x6b, 0x55, 0x6b, 0x55, 0x6b, 0x55, 0x6b, 0x55, 0xce, 0x9e, 0xce, 0x9e, 0xce, 0x9e, 0xce, 0x9e, 0xce, 0x9e, 0xce, 0x9e, 0xc2, 0x10, 0xc2, 0x10,
    0xc2, 0x10, 0xc2, 0x10, 0xc2, 0x10, 0xc2, 0x10, 0xc2, 0x10, 0xc2, 0x10, 0xc2, 0x10, 0xc2, 0x10, 0xce, 0x9e, 0xce, 0x9e, 0xce, 0x9e, 0xce, 0x9e,
    0x03, 0x11, 0x03, 0x11, 0x03, 0x11, 0x03, 0x11, 0x03, 0x11, 0x03, 0x11, 0x03, 0x11, 0x03, 0x11, 0x03, 0x11, 0x03, 0x11, 0x03, 0x11, 0x03, 0x11,
    0x03, 0x11, 0x03, 0x11, 0x27, 0x2b, 0x27, 0x2b, 0x27, 0x2b, 0x27, 0x2b, 0x27, 0x2b, 0x27, 0x2b, 0x27, 0x2b, 0x27, 0x2b, 0x6b, 0x55, 0x6b, 0x55,
    0x6b, 0x55, 0x6b, 0x55, 0x6b, 0x55, 0x6b, 0x55, 0x6b, 0x55, 0x6b, 0x55, 0x6b, 0x55, 0x6b, 0x55, 0x6b, 0x55, 0x6b, 0x55, 0x6b, 0x55, 0x6b, 0x55,
    0x6b, 0x55, 0x6b, 0x55, 0x6b, 0x55, 0x6b, 0x55, 0x6b, 0x55, 0x6b, 0x55, 0x6b, 0x55, 0x6b, 0x55, 0x6b, 0x55, 0x6b, 0x55, 0x6b, 0x55, 0x6b, 0x55,
    0x6b, 0x55, 0x6b, 0x55, 0x6b, 0x55, 0x6b, 0x55, 0x6b, 0x55, 0x6b, 0x55, 0x6b, 0x55, 0x6b, 0x55, 0x6b, 0x55, 0x6b, 0x55, 0x6b, 0x55, 0x6b, 0x55,
    0xce, 0x9e, 0xce, 0x9e, 0xce, 0x9e, 0xce, 0x9e, 0xce, 0x9e, 0xce, 0x9e, 0xce, 0x9e, 0xce, 0x9e, 0xce, 0x9e, 0xce, 0x9e, 0xce, 0x9e, 0xce, 0x9e,
    0xce, 0x9e, 0xce, 0x9e, 0xce, 0x9e, 0xce, 0x9e, 0xce, 0x9e, 0xce, 0x9e, 0xce, 0x9e, 0xce, 0x9e, 0x03, 0x11, 0x03, 0x11, 0x03, 0x11, 0x03, 0x11,
    0x03, 0x11, 0x03, 0x11, 0x03, 0x11, 0x03, 0x11, 0x03, 0x11, 0x03, 0x11, 0x03, 0x11, 0x03, 0x11, 0x03, 0x11, 0x03, 0x11, 0x27, 0x2b, 0x27, 0x2b,
    0x27, 0x2b, 0x27, 0x2b, 0x27, 0x2b, 0x27, 0x2b, 0x27, 0x2b, 0x27, 0x2b, 0x6b, 0x55, 0x6b, 0x55, 0x6b, 0x55, 0x6b, 0x55, 0x6b, 0x55, 0x6b, 0x55,
    0x6b, 0x55, 0x6b, 0x55, 0x6b, 0x55, 0x6b, 0x55, 0x6b, 0x55, 0x6b, 0x55, 0x6b, 0x55, 0x6b, 0x55, 0x6b, 0x55, 0x6b, 0x55, 0x6b, 0x55, 0x6b, 0x55,
    0x6b, 0x55, 0x6b, 0x55, 0x6b, 0x55, 0x6b, 0x55, 0x6b, 0x55, 0x6b, 0x55, 0x6b, 0x55, 0x6b, 0x55, 0x6b, 0x55, 0x6b, 0x55, 0x6b, 0x55, 0x6b, 0x55,
    0x6b, 0x55, 0x6b, 0x55, 0x6b, 0x55, 0x6b, 0x55, 0x6b, 0x55, 0x6b, 0x55, 0x6b, 0x55, 0x6b, 0x55, 0xce, 0x9e, 0xce, 0x9e, 0xce, 0x9e, 0xce, 0x9e,
    0xce, 0x9e, 0xce, 0x9e, 0xce, 0x9e, 0xce, 0x9e, 0xce, 0x9e, 0xce, 0x9e, 0xce, 0x9e, 0xce, 0x9e, 0xce, 0x9e, 0xce, 0x9e, 0xce, 0x9e, 0xce, 0x9e,
    0xce, 0x9e, 0xce, 0x9e, 0xce, 0x9e, 0xce, 0x9e, 0x03, 0x11, 0x03, 0x11, 0x03, 0x11, 0x03, 0x11, 0x03, 0x11, 0x03, 0x11, 0x03, 0x11, 0x03, 0x11,
    0x27, 0x2b, 0x27, 0x2b, 0x27, 0x2b, 0x27, 0x2b, 0x27, 0x2b, 0x27, 0x2b, 0x27, 0x2b, 0x27, 0x2b, 0x27, 0x2b, 0x27, 0x2b, 0x27, 0x2b, 0x27, 0x2b,
    0x27, 0x2b, 0x27, 0x2b, 0x6b, 0x55, 0x6b, 0x55, 0x6b, 0x55, 0x6b, 0x55, 0xf5, 0xee, 0xf5, 0xee, 0xf5, 0xee, 0xf5, 0xee, 0xf5, 0xee, 0xf5, 0xee,
    0xf5, 0xee, 0xf5, 0xee, 0xf5, 0xee, 0xf5, 0xee, 0xf5, 0xee, 0xf5, 0xee, 0xf5, 0xee, 0xf5, 0xee, 0xf5, 0xee, 0xf5, 0xee, 0xf5, 0xee, 0xf5, 0xee,
    0xf5, 0xee, 0xf5, 0xee, 0x6b, 0x55, 0x6b, 0x55, 0x6b, 0x55, 0x6b, 0x55, 0x6b, 0x55, 0x6b, 0x55, 0x6b, 0x55, 0x6b, 0x55, 0x6b, 0x55, 0x6b, 0x55,
    0x6b, 0x55, 0x6b, 0x55, 0x6b, 0x55, 0x6b, 0x55, 0x6b, 0x55, 0x6b, 0x55, 0x6b, 0x55, 0x6b, 0x55, 0x27, 0x2b, 0x27, 0x2b, 0x27, 0x2b, 0x27, 0x2b,
    0x27, 0x2b, 0x27, 0x2b, 0x03, 0x11, 0x03, 0x11, 0x03, 0x11, 0x03, 0x11, 0x03, 0x11, 0x03, 0x11, 0x03, 0x11, 0x03, 0x11, 0x03, 0x11, 0x03, 0x11,
    0x03, 0x11, 0x03, 0x11, 0x03, 0x11, 0x03, 0x11, 0x03, 0x11, 0x03, 0x11, 0x03, 0x11, 0x03, 0x11, 0x27, 0x2b, 0x27, 0x2b, 0x27, 0x2b, 0x27, 0x2b,
    0x27, 0x2b, 0x27, 0x2b, 0x27, 0x2b, 0x27, 0x2b, 0x27, 0x2b, 0x27, 0x2b, 0x27, 0x2b, 0x27, 0x2b, 0x27, 0x2b, 0x27, 0x2b, 0x6b, 0x55, 0x6b, 0x55,
    0x6b, 0x55, 0x6b, 0x55, 0xf5, 0xee, 0xf5, 0xee, 0xf5, 0xee, 0xf5, 0xee, 0xf5, 0xee, 0xf5, 0xee, 0xf5, 0xee, 0xf5, 0xee, 0xf5, 0xee, 0xf5, 0xee,
    0xf5, 0xee, 0xf5, 0xee, 0xf5, 0xee, 0xf5, 0xee, 0xf5, 0xee, 0xf5, 0xee, 0xf5, 0xee, 0xf5, 0xee, 0xf5, 0xee, 0xf5, 0xee, 0x6b, 0x55, 0x6b, 0x55,
    0x6b, 0x55, 0x6b, 0x55, 0x6b, 0x55, 0x6b, 0x55, 0x6b, 0x55, 0x6b, 0x55, 0x6b, 0x55, 0x6b, 0x55, 0x6b, 0x55, 0x6b, 0x55, 0x6b, 0x55, 0x6b, 0x55,
    0x6b, 0x55, 0x6b, 0x55, 0x6b, 0x55, 0x6b, 0x55, 0x27, 0x2b, 0x27, 0x2b, 0x27, 0x2b, 0x27, 0x2b, 0x27, 0x2b, 0x27, 0x2b, 0x03, 0x11, 0x03, 0x11,
    0x03, 0x11, 0x03, 0x11, 0x03, 0x11, 0x03, 0x11, 0x03, 0x11, 0x03, 0x11, 0x03, 0x11, 0x03, 0x11, 0x03, 0x11, 0x03, 0x11, 0x03, 0x11, 0x03, 0x11,
    0x03, 0x11, 0x03, 0x11, 0x03, 0x11, 0x03, 0x11, 0x03, 0x11, 0x03, 0x11, 0x03, 0x11, 0x03, 0x11, 0x27, 0x2b, 0x27, 0x2b, 0x27, 0x2b, 0x27, 0x2b,
    0x27, 0x2b, 0x27, 0x2b, 0x27, 0x2b, 0x27, 0x2b, 0x27, 0x2b, 0x27, 0x2b, 0x6b, 0x55, 0x6b, 0x55, 0x6b, 0x55, 0x6b, 0x55, 0xf5, 0xee, 0xf5, 0xee,
    0xf5, 0xee, 0xf5, 0xee, 0xf5, 0xee, 0xf5, 0xee, 0xf5, 0xee, 0xf5, 0xee, 0xf5, 0xee, 0xf5, 0xee, 0xf5, 0xee, 0xf5, 0xee, 0xf5, 0xee, 0xf5, 0xee,
    0xf5, 0xee, 0xf5, 0xee, 0xf5, 0xee, 0xf5, 0xee, 0xf5, 0xee, 0xf5, 0xee, 0x6b, 0x55, 0x6b, 0x55, 0x6b, 0x55, 0x6b, 0x55, 0x6b, 0x55, 0x6b, 0x55,
    0x6b, 0x55, 0x6b, 0x55, 0x6b, 0x55, 0x6b, 0x55, 0x6b, 0x55, 0x6b, 0x55, 0x6b, 0x55, 0x6b, 0x55, 0x6b, 0x55, 0x6b, 0x55, 0x6b, 0x55, 0x6b, 0x55,
    0x27, 0x2b, 0x27, 0x2b, 0x27, 0x2b, 0x27, 0x2b, 0x27, 0x2b, 0x27, 0x2b, 0x03, 0x11, 0x03, 0x11, 0x03, 0x11, 0x03, 0x11, 0x03, 0x11, 0x03, 0x11,
    0x03, 0x11, 0x03, 0x11, 0x03, 0x11, 0x03, 0x11, 0x03, 0x11, 0x03, 0x11, 0x03, 0x11, 0x03, 0x11, 0x03, 0x11, 0x03, 0x11, 0x03, 0x11, 0x03, 0x11,
    0x03, 0x11, 0x03, 0x11, 0x03, 0x11, 0x03, 0x11, 0x27, 0x2b, 0x27, 0x2b, 0x27, 0x2b, 0x27, 0x2b, 0x27, 0x2b, 0x27, 0x2b, 0x27, 0x2b, 0x27, 0x2b,
    0x27, 0x2b, 0x27, 0x2b, 0x6b, 0x55, 0x6b, 0x55, 0x6b, 0x55, 0x6b, 0x55, 0xf5, 0xee, 0xf5, 0xee, 0xf5, 0xee, 0xf5, 0xee, 0xf5, 0xee, 0xf5, 0xee,
    0xf5, 0xee, 0xf5, 0xee, 0xf5, 0xee, 0xf5, 0xee, 0xf5, 0xee, 0xf5, 0xee, 0xf5, 0xee, 0xf5, 0xee, 0xf5, 0xee, 0xf5, 0xee, 0xf5, 0xee, 0xf5, 0xee,
    0xf5, 0xee, 0xf5, 0xee, 0x6b, 0x55, 0x6b, 0x55, 0x6b, 0x55, 0x6b, 0x55, 0x6b, 0x55, 0x6b, 0x55, 0x6b, 0x55, 0x6b, 0x55, 0x6b, 0x55, 0x6b, 0x55,
    0x6b, 0x55, 0x6b, 0x55, 0x6b, 0x55, 0x6b, 0x55, 0x6b, 0x55, 0x6b, 0x55, 0x6b, 0x55, 0x6b, 0x55, 0x27, 0x2b, 0x27, 0x2b, 0x27, 0x2b, 0x27, 0x2b,
    0x27, 0x2b, 0x27, 0x2b, 0x03, 0x11, 0x03, 0x11, 0x03, 0x11, 0x03, 0x11, 0x03, 0x11, 0x03, 0x11, 0x03, 0x11, 0x03, 0x11, 0x03, 0x11, 0x03, 0x11,
    0x03, 0x11, 0x03, 0x11, 0x03, 0x11, 0x03, 0x11, 0x03, 0x11, 0x03, 0x11, 0x03, 0x11, 0x03, 0x11, 0x03, 0x11, 0x03, 0x11, 0x03, 0x11, 0x03, 0x11,
    0x03, 0x11, 0x03, 0x11, 0x03, 0x11, 0x03, 0x11, 0x27, 0x2b, 0x27, 0x2b, 0x27, 0x2b, 0x27, 0x2b, 0x27, 0x2b, 0x27, 0x2b, 0x27, 0x2b, 0x27, 0x2b,
    0x27, 0x2b, 0x27, 0x2b, 0xf5, 0xee, 0xf5, 0xee, 0xf5, 0xee, 0xf5, 0xee, 0xf5, 0xee, 0xf5, 0xee, 0xf5, 0xee, 0xf5, 0xee, 0xf5, 0xee, 0xf5, 0xee,
    0xf5, 0xee, 0xf5, 0xee, 0xf5, 0xee, 0xf5, 0xee, 0xf5, 0xee, 0xf5, 0xee, 0xf5, 0xee, 0xf5, 0xee, 0xf5, 0xee, 0xf5, 0xee, 0x27, 0x2b, 0x27, 0x2b,
    0x27, 0x2b, 0x27, 0x2b, 0x27, 0x2b, 0x27, 0x2b, 0x27, 0x2b, 0x27, 0x2b, 0x27, 0x2b, 0x27, 0x2b, 0x27, 0x2b, 0x27, 0x2b, 0x27, 0x2b, 0x27, 0x2b,
    0x27, 0x2b, 0x27, 0x2b, 0x27, 0x2b, 0x27, 0x2b, 0x27, 0x2b, 0x27, 0x2b, 0x27, 0x2b, 0x27, 0x2b, 0x27, 0x2b, 0x27, 0x2b, 0x03, 0x11, 0x03, 0x11,
    0x03, 0x11, 0x03, 0x11, 0x03, 0x11, 0x03, 0x11, 0x03, 0x11, 0x03, 0x11, 0x03, 0x11, 0x03, 0x11, 0x03, 0x11, 0x03, 0x11, 0x03, 0x11, 0x03, 0x11,
    0x03, 0x11, 0x03, 0x11, 0x03, 0x11, 0x03, 0x11, 0x03, 0x11, 0x03, 0x11, 0x03, 0x11, 0x03, 0x11, 0x03, 0x11, 0x03, 0x11, 0x03, 0x11, 0x03, 0x11,
    0x27, 0x2b, 0x27, 0x2b, 0x27, 0x2b, 0x27, 0x2b, 0x27, 0x2b, 0x27, 0x2b, 0x27, 0x2b, 0x27, 0x2b, 0x27, 0x2b, 0x27, 0x2b, 0xf5, 0xee, 0xf5, 0xee,
    0xf5, 0xee, 0xf5, 0xee, 0xf5, 0xee, 0xf5, 0xee, 0xf5, 0xee, 0xf5, 0xee, 0xf5, 0xee, 0xf5, 0xee, 0xf5, 0xee, 0xf5, 0xee, 0xf5, 0xee, 0xf5, 0xee,
    0xf5, 0xee, 0xf5, 0xee, 0xf5, 0xee, 0xf5, 0xee, 0xf5, 0xee, 0xf5, 0xee, 0x27, 0x2b, 0x27, 0x2b, 0x27, 0x2b, 0x27, 0x2b, 0x27, 0x2b, 0x27, 0x2b,
    0x27, 0x2b, 0x27, 0x2b, 0x27, 0x2b, 0x27, 0x2b, 0x27, 0x2b, 0x27, 0x2b, 0x27, 0x2b, 0x27, 0x2b, 0x27, 0x2b, 0x27, 0x2b, 0x27, 0x2b, 0x27, 0x2b,
    0x27, 0x2b, 0x27, 0x2b, 0x27, 0x2b, 0x27, 0x2b, 0x27, 0x2b, 0x27, 0x2b, 0x03, 0x11, 0x03, 0x11, 0x03, 0x11, 0x03, 0x11, 0x03, 0x11, 0x03, 0x11,
    0x03, 0x11, 0x03, 0x11, 0x03, 0x11, 0x03, 0x11, 0x03, 0x11, 0x03, 0x11, 0x03, 0x11, 0x03, 0x11, 0x03, 0x11, 0x03, 0x11, 0x03, 0x11, 0x03, 0x11,
    0x03, 0x11, 0x03, 0x11, 0x03, 0x11, 0x03, 0x11, 0x03, 0x11, 0x03, 0x11, 0x03, 0x11, 0x03, 0x11, 0x27, 0x2b, 0x27, 0x2b, 0x27, 0x2b, 0x27, 0x2b,
    0x27, 0x2b, 0x27, 0x2b, 0x27, 0x2b, 0x27, 0x2b, 0x27, 0x2b, 0x27, 0x2b, 0xf5, 0xee, 0xf5, 0xee, 0xf5, 0xee, 0xf5, 0xee, 0xf5, 0xee, 0xf5, 0xee,
    0xf5, 0xee, 0xf5, 0xee, 0xf5, 0xee, 0xf5, 0xee, 0xf5, 0xee, 0xf5, 0xee, 0xf5, 0xee, 0xf5, 0xee, 0xf5, 0xee, 0xf5, 0xee, 0xf5, 0xee, 0xf5, 0xee,
    0xf5, 0xee, 0xf5, 0xee, 0x27, 0x2b, 0x27, 0x2b, 0x27, 0x2b, 0x27, 0x2b, 0x27, 0x2b, 0x27, 0x2b, 0x27, 0x2b, 0x27, 0x2b, 0x27, 0x2b, 0x27, 0x2b,
    0x27, 0x2b, 0x27, 0x2b, 0x27, 0x2b, 0x27, 0x2b, 0x27, 0x2b, 0x27, 0x2b, 0x27, 0x2b, 0x27, 0x2b, 0x27, 0x2b, 0x27, 0x2b, 0x27, 0x2b, 0x27, 0x2b,
    0x27, 0x2b, 0x27, 0x2b, 0x03, 0x11, 0x03, 0x11, 0x03, 0x11, 0x03, 0x11, 0x03, 0x11, 0x03, 0x11, 0x03, 0x11, 0x03, 0x11, 0x03, 0x11, 0x03, 0x11,
    0x03, 0x11, 0x03, 0x11, 0x03, 0x11, 0x03, 0x11, 0x03, 0x11, 0x03, 0x11, 0x03, 0x11, 0x03, 0x11, 0x03, 0x11, 0x03, 0x11, 0x03, 0x11, 0x03, 0x11,
    0x03, 0x11, 0x03, 0x11, 0x03, 0x11, 0x03, 0x11, 0x27, 0x2b, 0x27, 0x2b, 0x27, 0x2b, 0x27, 0x2b, 0x27, 0x2b, 0x27, 0x2b, 0x27, 0x2b, 0x27, 0x2b,
    0x27, 0x2b, 0x27, 0x2b, 0xf5, 0xee, 0xf5, 0xee, 0xf5, 0xee, 0xf5, 0xee, 0xf5, 0xee, 0xf5, 0xee, 0xf5, 0xee, 0xf5, 0xee, 0xf5, 0xee, 0xf5, 0xee,
    0xf5, 0xee, 0xf5, 0xee, 0xf5, 0xee, 0xf5, 0xee, 0xf5, 0xee, 0xf5, 0xee, 0xf5, 0xee, 0xf5, 0xee, 0xf5, 0xee, 0xf5, 0xee, 0x27, 0x2b, 0x27, 0x2b,
    0x27, 0x2b, 0x27, 0x2b, 0x27, 0x2b, 0x27, 0x2b, 0x27, 0x2b, 0x27, 0x2b, 0x27, 0x2b, 0x27, 0x2b, 0x27, 0x2b, 0x27, 0x2b, 0x27, 0x2b, 0x27, 0x2b,
    0x27, 0x2b, 0x27, 0x2b, 0x27, 0x2b, 0x27, 0x2b, 0x27, 0x2b, 0x27, 0x2b, 0x27, 0x2b, 0x27, 0x2b, 0x27, 0x2b, 0x27, 0x2b, 0x03, 0x11, 0x03, 0x11,
    0x03, 0x11, 0x03, 0x11, 0x03, 0x11, 0x03, 0x11, 0x03, 0x11, 0x03, 0x11, 0x03, 0x11, 0x03, 0x11, 0x03, 0x11, 0x03, 0x11, 0x03, 0x11, 0x03, 0x11,
    0x03, 0x11, 0x03, 0x11, 0x03, 0x11, 0x03, 0x11, 0x03, 0x11, 0x03, 0x11, 0x03, 0x11, 0x03, 0x11, 0x03, 0x11, 0x03, 0x11, 0x03, 0x11, 0x03, 0x11,
    0x03, 0x11, 0x03, 0x11, 0x03, 0x11, 0x03, 0x11, 0x03, 0x11, 0x03, 0x11, 0x03, 0x11, 0x03, 0x11, 0x03, 0x11, 0x03, 0x11, 0x03, 0x11, 0x03, 0x11,
    0x03, 0x11, 0x03, 0x11, 0x03, 0x11, 0x03, 0x11, 0x03, 0x11, 0x03, 0x11, 0x03, 0x11, 0x03, 0x11, 0x03, 0x11, 0x03, 0x11, 0x03, 0x11, 0x03, 0x11,
    0x03, 0x11, 0x03, 0x11, 0x03, 0x11, 0x03, 0x11, 0x03, 0x11, 0x03, 0x11, 0x03, 0x11, 0x03, 0x11, 0x03, 0x11, 0x03, 0x11, 0x03, 0x11, 0x03, 0x11,
    0x03, 0x11, 0x03, 0x11, 0x03, 0x11, 0x03, 0x11, 0x03, 0x11, 0x03, 0x11, 0x03, 0x11, 0x03, 0x11, 0x03, 0x11, 0x03, 0x11, 0x03, 0x11, 0x03, 0x11,
    0x03, 0x11, 0x03, 0x11, 0x03, 0x11, 0x03, 0x11, 0x03, 0x11, 0x03, 0x11, 0x03, 0x11, 0x03, 0x11, 0x03, 0x11, 0x03, 0x11, 0x03, 0x11, 0x03, 0x11,
    0x03, 0x11, 0x03, 0x11, 0x03, 0x11, 0x03, 0x11, 0x03, 0x11, 0x03, 0x11, 0x03, 0x11, 0x03, 0x11, 0x03, 0x11, 0x03, 0x11, 0x03, 0x11, 0x03, 0x11,
    0x03, 0x11, 0x03, 0x11, 0x03, 0x11, 0x03, 0x11, 0x03, 0x11, 0x03, 0x11, 0x03, 0x11, 0x03, 0x11, 0x03, 0x11, 0x03, 0x11, 0x03, 0x11, 0x03, 0x11,
    0x03, 0x11, 0x03, 0x11, 0x03, 0x11, 0x03, 0x11, 0x03, 0x11, 0x03, 0x11, 0x03, 0x11, 0x03, 0x11, 0x03, 0x11, 0x03, 0x11, 0x03, 0x11, 0x03, 0x11,
    0x03, 0x11, 0x03, 0x11, 0x03, 0x11, 0x03, 0x11, 0x03, 0x11, 0x03, 0x11, 0x03, 0x11, 0x03, 0x11, 0x03, 0x11, 0x03, 0x11, 0x03, 0x11, 0x03, 0x11,
    0x03, 0x11, 0x03, 0x11, 0x03, 0x11, 0x03, 0x11, 0x03, 0x11, 0x03, 0x11, 0x03, 0x11, 0x03, 0x11, 0x03, 0x11, 0x03, 0x11, 0x03, 0x11, 0x03, 0x11,
    0x03, 0x11, 0x03, 0x11, 0x03, 0x11, 0x03, 0x11, 0x03, 0x11, 0x03, 0x11, 0x03, 0x11, 0x03, 0x11, 0x03, 0x11, 0x03, 0x11, 0x03, 0x11, 0x03, 0x11,
    0x03, 0x11, 0x03, 0x11, 0x03, 0x11, 0x03, 0x11, 0x03, 0x11, 0x03, 0x11, 0x03, 0x11, 0x03, 0x11, 0x03, 0x11, 0x03, 0x11, 0x03, 0x11, 0x03, 0x11,
    0x03, 0x11, 0x03, 0x11, 0x03, 0x11, 0x03, 0x11, 0x03, 0x11, 0x03, 0x11, 0x03, 0x11, 0x03, 0x11, 0x03, 0x11, 0x03, 0x11, 0x03, 0x11, 0x03, 0x11,
    0x03, 0x11, 0x03, 0x11, 0x03, 0x11, 0x03, 0x11, 0x03, 0x11, 0x03, 0x11, 0x03, 0x11, 0x03, 0x11, 0x03, 0x11, 0x03, 0x11, 0x03, 0x11, 0x03, 0x11,
    0x03, 0x11, 0x03, 0x11, 0x03, 0x11, 0x03, 0x11, 0x03, 0x11, 0x03, 0x11, 0x03, 0x11, 0x03, 0x11, 0x03, 0x11, 0x03, 0x11, 0x03, 0x11, 0x03, 0x11,
    0x03, 0x11, 0x03, 0x11, 0x03, 0x11, 0x03, 0x11, 0x03, 0x11, 0x03, 0x11, 0x03, 0x11, 0x03, 0x11, 0x03, 0x11, 0x03, 0x11, 0x03, 0x11, 0x03, 0x11,
    0x03, 0x11, 0x03, 0x11, 0x03, 0x11, 0x03, 0x11, 0x03, 0x11, 0x03, 0x11, 0x03, 0x11, 0x03, 0x11, 0x03, 0x11, 0x03, 0x11, 0x03, 0x11, 0x03, 0x11,
    0x03, 0x11, 0x03, 0x11, 0x03, 0x11, 0x03, 0x11, 0x03, 0x11, 0x03, 0x11, 0x03, 0x11, 0x03, 0x11, 0x03, 0x11, 0x03, 0x11, 0x03, 0x11, 0x03, 0x11,
    0x03, 0x11, 0x03, 0x11, 0x03, 0x11, 0x03, 0x11, 0x03, 0x11, 0x03, 0x11, 0x03, 0x11, 0x03, 0x11, 0x03, 0x11, 0x03, 0x11, 0x03, 0x11, 0x03, 0x11,
    0x03, 0x11, 0x03, 0x11, 0x03, 0x11, 0x03, 0x11, 0x03, 0x11, 0x03, 0x11, 0x03, 0x11, 0x03, 0x11, 0x03, 0x11, 0x03, 0x11, 0x03, 0x11, 0x03, 0x11,
    0x03, 0x11, 0x03, 0x11, 0x03, 0x11, 0x03, 0x11, 0x03, 0x11, 0x03, 0x11, 0x03, 0x11, 0x03, 0x11, 0x03, 0x11, 0x03, 0x11, 0x03, 0x11, 0x03, 0x11,
    0x03, 0x11, 0x03, 0x11, 0x03, 0x11, 0x03, 0x11, 0x03, 0x11, 0x03, 0x11, 0x03, 0x11, 0x03, 0x11, 0x03, 0x11, 0x03, 0x11, 0x03, 0x11, 0x03, 0x11,
    0x03, 0x11, 0x03, 0x11, 0x03, 0x11, 0x03, 0x11, 0x03, 0x11, 0x03, 0x11, 0x03, 0x11, 0x03, 0x11, 0x03, 0x11, 0x03, 0x11, 0x03, 0x11, 0x03, 0x11,
    0x03, 0x11, 0x03, 0x11, 0x03, 0x11, 0x03, 0x11, 0x03, 0x11, 0x03, 0x11, 0x03, 0x11, 0x03, 0x11, 0x03, 0x11, 0x03, 0x11, 0x03, 0x11, 0x03, 0x11,
    0x03, 0x11, 0x03, 0x11, 0x03, 0x11, 0x03, 0x11, 0x03, 0x11, 0x03, 0x11, 0x03, 0x11, 0x03, 0x11, 0x03, 0x11, 0x03, 0x11, 0x03, 0x11, 0x03, 0x11,
    0x03, 0x11, 0x03, 0x11, 0x03, 0x11, 0x03, 0x11, 0x03, 0x11, 0x03, 0x11, 0x03, 0x11, 0x03, 0x11, 0x03, 0x11, 0x03, 0x11, 0x03, 0x11, 0x03, 0x11,
    0x03, 0x11, 0x03, 0x11, 0x03, 0x11, 0x03, 0x11, 0x03, 0x11, 0x03, 0x11, 0x03, 0x11, 0x03, 0x11, 0x03, 0x11, 0x03, 0x11, 0x03, 0x11, 0x03, 0x11,
    0x03, 0x11, 0x03, 0x11, 0x03, 0x11, 0x03, 0x11, 0x03, 0x11, 0x03, 0x11, 0x03, 0x11, 0x03, 0x11, 0x03, 0x11, 0x03, 0x11, 0x03, 0x11, 0x03, 0x11,
    0x03, 0x11, 0x03, 0x11, 0x03, 0x11, 0x03, 0x11, 0x03, 0x11, 0x03, 0x11, 0x03, 0x11, 0x03, 0x11, 0x03, 0x11, 0x03, 0x11, 0x03, 0x11, 0x03, 0x11,
    0x03, 0x11, 0x03, 0x11, 0x03, 0x11, 0x03, 0x11, 0x03, 0x11, 0x03, 0x11, 0x03, 0x11, 0x03, 0x11, 0x03, 0x11, 0x03, 0x11, 0x03, 0x11, 0x03, 0x11,
    0x03, 0x11, 0x03, 0x11, 0x03, 0x11, 0x03, 0x11, 0x03, 0x11, 0x03, 0x11, 0x03, 0x11, 0x03, 0x11, 0x03, 0x11, 0x03, 0x11, 0x03, 0x11, 0x03, 0x11,
    0x03, 0x11, 0x03, 0x11, 0x03, 0x11, 0x03, 0x11, 0x03, 0x11, 0x03, 0x11, 0x03, 0x11, 0x03, 0x11, 0x03, 0x11, 0x03, 0x11, 0x03, 0x11, 0x03, 0x11,
    0x03, 0x11, 0x03, 0x11, 0x03, 0x11, 0x03, 0x11, 0x03, 0x11, 0x03, 0x11, 0x03, 0x11, 0x03, 0x11, 0x03, 0x11, 0x03, 0x11, 0x03, 0x11, 0x03, 0x11,
    0x03, 0x11, 0x03, 0x11, 0x03, 0x11, 0x03, 0x11, 0x03, 0x11, 0x03, 0x11, 0x03, 0x11, 0x03, 0x11, 0x03, 0x11, 0x03, 0x11, 0x03, 0x11, 0x03, 0x11,
    0x03, 0x11, 0x03, 0x11, 0x03, 0x11, 0x03, 0x11, 0x03, 0x11, 0x03, 0x11, 0x03, 0x11, 0x03, 0x11, 0x03, 0x11, 0x03, 0x11, 0x03, 0x11, 0x03, 0x11,
    0x03, 0x11, 0x03, 0x11, 0x03, 0x11, 0x03, 0x11, 0x03, 0x11, 0x03, 0x11, 0x03, 0x11, 0x03, 0x11, 0x03, 0x11, 0x03, 0x11, 0x03, 0x11, 0x03, 0x11,
    0x03, 0x11, 0x03, 0x11, 0x03, 0x11, 0x03, 0x11, 0x03, 0x11, 0x03, 0x11, 0x03, 0x11, 0x03, 0x11, 0x03, 0x11, 0x03, 0x11, 0x03, 0x11, 0x03, 0x11,
    0x03, 0x11, 0x03, 0x11, 0x03, 0x11, 0x03, 0x11, 0x03, 0x11, 0x03, 0x11, 0x03, 0x11, 0x03, 0x11, 0x03, 0x11, 0x03, 0x11, 0x03, 0x11, 0x03, 0x11,
    0x03, 0x11, 0x03, 0x11, 0x03, 0x11, 0x03, 0x11, 0x03, 0x11, 0x03, 0x11, 0x03, 0x11, 0x03, 0x11, 0x03, 0x11, 0x03, 0x11, 0x03, 0x11, 0x03, 0x11,
    0x03, 0x11, 0x03, 0x11, 0x03, 0x11, 0x03, 0x11, 0x03, 0x11, 0x03, 0x11, 0x03, 0x11, 0x03, 0x11, 0x03, 0x11, 0x03, 0x11, 0x03, 0x11, 0x03, 0x11,
    0x03, 0x11, 0x03, 0x11, 0x03, 0x11, 0x03, 0x11, 0x03, 0x11, 0x03, 0x11, 0x03, 0x11, 0x03, 0x11, 0x03, 0x11, 0x03, 0x11, 0x03, 0x11, 0x03, 0x11,
    0x03, 0x11, 0x03, 0x11, 0x03, 0x11, 0x03, 0x11, 0x03, 0x11, 0x03, 0x11, 0x03, 0x11, 0x03, 0x11, 0x03, 0x11, 0x03, 0x11, 0x03, 0x11, 0x03, 0x11,
    0x03, 0x11, 0x03, 0x11, 0x03, 0x11, 0x03, 0x11, 0x03, 0x11, 0x03, 0x11, 0x03, 0x11, 0x03, 0x11, 0x03, 0x11, 0x03, 0x11, 0x03, 0x11, 0x03, 0x11,
    0x03, 0x11, 0x03, 0x11, 0x03, 0x11, 0x03, 0x11, 0x03, 0x11, 0x03, 0x11, 0x03, 0x11, 0x03, 0x11, 0x03, 0x11, 0x03, 0x11, 0x03, 0x11, 0x03, 0x11,
    0x03, 0x11, 0x03, 0x11, 0x03, 0x11, 0x03, 0x11, 0x03, 0x11, 0x03, 0x11, 0x03, 0x11, 0x03, 0x11, 0x03, 0x11, 0x03, 0x11, 0x03, 0x11, 0x03, 0x11,
    0x03, 0x11, 0x03, 0x11, 0x03, 0x11, 0x03, 0x11, 0x03, 0x11, 0x03, 0x11, 0x03, 0x11, 0x03, 0x11, 0x03, 0x11, 0x03, 0x11, 0x03, 0x11, 0x03, 0x11,
    0x03, 0x11, 0x03, 0x11, 0x03, 0x11, 0x03, 0x11, 0x03, 0x11, 0x03, 0x11, 0x03, 0x11, 0x03, 0x11, 0x03, 0x11, 0x03, 0x11, 0x03, 0x11, 0x03, 0x11,
    0x03, 0x11, 0x03, 0x11, 0x03, 0x11, 0x03, 0x11, 0x03, 0x11, 0x03, 0x11, 0x03, 0x11, 0x03, 0x11, 0x03, 0x11, 0x03, 0x11, 0x03, 0x11, 0x03, 0x11,
    0x03, 0x11, 0x03, 0x11, 0x03, 0x11, 0x03, 0x11, 0x03, 0x11, 0x03, 0x11, 0x03, 0x11, 0x03, 0x11, 0x03, 0x11, 0x03, 0x11, 0x03, 0x11, 0x03, 0x11,
    0x03, 0x11, 0x03, 0x11, 0x03, 0x11, 0x03, 0x11, 0x03, 0x11, 0x03, 0x11, 0x03, 0x11, 0x03, 0x11, 0x03, 0x11, 0x03, 0x11, 0x03, 0x11, 0x03, 0x11,
    0x03, 0x11, 0x03, 0x11, 0x03, 0x11, 0x03, 0x11, 0x03, 0x11, 0x03, 0x11, 0x03, 0x11, 0x03, 0x11, 0x03, 0x11, 0x03, 0x11, 0x03, 0x11, 0x03, 0x11,
    0x03, 0x11, 0x03, 0x11, 0x03, 0x11, 0x03, 0x11, 0x03, 0x11, 0x03, 0x11, 0x03, 0x11, 0x03, 0x11, 0x03, 0x11, 0x03, 0x11, 0x03, 0x11, 0x03, 0x11,
    0x03, 0x11, 0x03, 0x11, 0x03, 0x11, 0x03, 0x11,
};
const lv_img_dsc_t pet_sleep_0 = {
    .header.cf = LV_IMG_CF_TRUE_COLOR,
    .header.always_zero = 0,
    .header.reserved = 0,
    .header.w = 80,
    .header.h = 80,
    .data_size = 12800,
    .data = pet_sleep_0_map,
};

static const LV_ATTRIBUTE_MEM_ALIGN LV_ATTRIBUTE_LARGE_CONST uint8_t pet_sleep_1_map[] = {
    0x03, 0x11, 0x03, 0x11, 0x03, 0x11, 0x03, 0x11, 0x03, 0x11, 0x03, 0x11, 0x03, 0x11, 0x03, 0x11, 0x03, 0x11, 0x03, 0x11, 0x03, 0x11, 0x03, 0x11,
    0x03, 0x11, 0x03, 0x11, 0x03, 0x11, 0x03, 0x11, 0x03, 0x11, 0x03, 0x11, 0x03, 0x11, 0x03, 0x11, 0x03, 0x11, 0x03, 0x11, 0x03, 0x11, 0x03, 0x11,
    0x03, 0x11, 0x03, 0x11, 0x03, 0x11, 0x03, 0x11, 0x03, 0x11, 0x03, 0x11, 0x03, 0x11, 0x03, 0x11, 0x03, 0x11, 0x03, 0x11, 0x03, 0x11, 0x03, 0x11,
    0x03, 0x11, 0x03, 0x11, 0x03, 0x11, 0x03, 0x11, 0x03, 0x11, 0x03, 0x11, 0x03, 0x11, 0x03, 0x11, 0x03, 0x11, 0x03, 0x11, 0x03, 0x11, 0x03, 0x11,
    0x03, 0x11, 0x03, 0x11, 0x03, 0x11, 0x03, 0x11, 0x03, 0x11, 0x03, 0x11, 0x03, 0x11, 0x03, 0x11, 0x03, 0x11, 0x03, 0x11, 0x03, 0x11, 0x03, 0x11,
    0x03, 0x11, 0x03, 0x11, 0x03, 0x11, 0x03, 0x11, 0x03, 0x11, 0x03, 0x11, 0x03, 0x11, 0x03, 0x11, 0x03, 0x11, 0x03, 0x11, 0x03, 0x11, 0x03, 0x11,
    0x03, 0x11, 0x03, 0x11, 0x03, 0x11, 0x03, 0x11, 0x03, 0x11, 0x03, 0x11, 0x03, 0x11, 0x03, 0x11, 0x03, 0x11, 0x03, 0x11, 0x03, 0x11, 0x03, 0x11,
    0x03, 0x11, 0x03, 0x11, 0x03, 0x11, 0x03, 0x11, 0x03, 0x11, 0x03, 0x11, 0x03, 0x11, 0x03, 0x11, 0x03, 0x11, 0x03, 0x11, 0x03, 0x11, 0x03, 0x11,
    0x03, 0x11, 0x03, 0x11, 0x03, 0x11, 0x03, 0x11, 0x03, 0x11, 0x03, 0x11, 0x03, 0x11, 0x03, 0x11, 0x03, 0x11, 0x03, 0x11, 0x03, 0x11, 0x03, 0x11,
    0x03, 0x11, 0x03, 0x11, 0x03, 0x11, 0x03, 0x11, 0x03, 0x11, 0x03, 0x11, 0x03, 0x11, 0x03, 0x11, 0x03, 0x11, 0x03, 0x11, 0x03, 0x11, 0x03, 0x11,
    0x03, 0x11, 0x03, 0x11, 0x03, 0x11, 0x03, 0x11, 0x03, 0x11, 0x03, 0x11, 0x03, 0x11, 0x03, 0x11, 0x03, 0x11, 0x03, 0x11, 0x03, 0x11, 0x03, 0x11,
    0x03, 0x11, 0x03, 0x11, 0x03, 0x11, 0x03, 0x11, 0x03, 0x11, 0x03, 0x11, 0x03, 0x11, 0x03, 0x11, 0x03, 0x11, 0x03, 0x11, 0x03, 0x11, 0x03, 0x11,
    0x03, 0x11, 0x03, 0x11, 0x03, 0x11, 0x03, 0x11, 0x03, 0x11, 0x03, 0x11, 0x03, 0x11, 0x03, 0x11, 0x03, 0x11, 0x03, 0x11, 0x03, 0x11, 0x03, 0x11,
    0x03, 0x11, 0x03, 0x11, 0x03, 0x11, 0x03, 0x11, 0x03, 0x11, 0x03, 0x11, 0x03, 0x11, 0x03, 0x11, 0x03, 0x11, 0x03, 0x11, 0x03, 0x11, 0x03, 0x11,
    0x03, 0x11, 0x03, 0x11, 0x03, 0x11, 0x03, 0x11, 0x03, 0x11, 0x03, 0x11, 0x03, 0x11, 0x03, 0x11, 0x03, 0x11, 0x03, 0x11, 0x03, 0x11, 0x03, 0x11,
    0x03, 0x11, 0x03, 0x11, 0x03, 0x11, 0x03, 0x11, 0x03, 0x11, 0x03, 0x11, 0x03, 0x11, 0x03, 0x11, 0x03, 0x11, 0x03, 0x11, 0x03, 0x11, 0x03, 0x11,
    0x03, 0x11, 0x03, 0x11, 0x03, 0x11, 0x03, 0x11, 0x03, 0x11, 0x03, 0x11, 0x03, 0x11, 0x03, 0x11, 0x03, 0x11, 0x03, 0x11, 0x03, 0x11, 0x03, 0x11,
    0x03, 0x11, 0x03, 0x11, 0x03, 0x11, 0x03, 0x11, 0x03, 0x11, 0x03, 0x11, 0x03, 0x11, 0x03, 0x11, 0x03, 0x11, 0x03, 0x11, 0x03, 0x11, 0x03, 0x11,
    0x03, 0x11, 0x03, 0x11, 0x03, 0x11, 0x03, 0x11, 0x03, 0x11, 0x03, 0x11, 0x03, 0x11, 0x03, 0x11, 0x03, 0x11, 0x03, 0x11, 0x03, 0x11, 0x03, 0x11,
    0x03, 0x11, 0x03, 0x11, 0x03, 0x11, 0x03, 0x11, 0x03, 0x11, 0x03, 0x11, 0x03, 0x11, 0x03, 0x11, 0x03, 0x11, 0x03, 0x11, 0x03, 0x11, 0x03, 0x11,
    0x03, 0x11, 0x03, 0x11, 0x03, 0x11, 0x03, 0x11, 0x03, 0x11, 0x03, 0x11, 0x03, 0x11, 0x03, 0x11, 0x03, 0x11, 0x03, 0x11, 0x03, 0x11, 0x03, 0x11,
    0x03, 0x11, 0x03, 0x11, 0x03, 0x11, 0x03, 0x11, 0x03, 0x11, 0x03, 0x11, 0x03, 0x11, 0x03, 0x11, 0x03, 0x11, 0x03, 0x11, 0x03, 0x11, 0x03, 0x11,
    0x03, 0x11, 0x03, 0x11, 0x03, 0x11, 0x03, 0x11, 0x03, 0x11, 0x03, 0x11, 0x03, 0x11, 0x03, 0x11, 0x03, 0x11, 0x03, 0x11, 0x03, 0x11, 0x03, 0x11,
    0x03, 0x11, 0x03, 0x11, 0x03, 0x11, 0x03, 0x11, 0x03, 0x11, 0x03, 0x11, 0x03, 0x11, 0x03, 0x11, 0x03, 0x11, 0x03, 0x11, 0x03, 0x11, 0x03, 0x11,
    0x03, 0x11, 0x03, 0x11, 0x03, 0x11, 0x03, 0x11, 0x03, 0x11, 0x03, 0x11, 0x03, 0x11, 0x03, 0x11, 0x03, 0x11, 0x03, 0x11, 0x03, 0x11, 0x03, 0x11,
    0x03, 0x11, 0x03, 0x11, 0x03, 0x11, 0x03, 0x11, 0x03, 0x11, 0x03, 0x11, 0x03, 0x11, 0x03, 0x11, 0x03, 0x11, 0x03, 0x11, 0x03, 0x11, 0x03, 0x11,
    0x03, 0x11, 0x03, 0x11, 0x03, 0x11, 0x03, 0x11, 0x03, 0x11, 0x03, 0x11, 0x03, 0x11, 0x03, 0x11, 0x03, 0x11, 0x03, 0x11, 0x03, 0x11, 0x03, 0x11,
    0x03, 0x11, 0x03, 0x11, 0x03, 0x11, 0x03, 0x11, 0x03, 0x11, 0x03, 0x11, 0x03, 0x11, 0x03, 0x11, 0x03, 0x11, 0x03, 0x11, 0x03, 0x11, 0x03, 0x11,
    0x03, 0x11, 0x03, 0x11, 0x03, 0x11, 0x03, 0x11, 0x03, 0x11, 0x03, 0x11, 0x03, 0x11, 0x03, 0x11, 0x03, 0x11, 0x03, 0x11, 0x03, 0x11, 0x03, 0x11,
    0x03, 0x11, 0x03, 0x11, 0x03, 0x11, 0x03, 0x11, 0x03, 0x11, 0x03, 0x11, 0x03, 0x11, 0x03, 0x11, 0x03, 0x11, 0x03, 0x11, 0x03, 0x11, 0x03, 0x11,
    0x03, 0x11, 0x03, 0x11, 0x03, 0x11, 0x03, 0x11, 0x03, 0x11, 0x03, 0x11, 0x03, 0x11, 0x03, 0x11, 0x03, 0x11, 0x03, 0x11, 0x03, 0x11, 0x03, 0x11,
    0x03, 0x11, 0x03, 0x11, 0x03, 0x11, 0x03, 0x11, 0x03, 0x11, 0x03, 0x11, 0x03, 0x11, 0x03, 0x11, 0x03, 0x11, 0x03, 0x11, 0x03, 0x11, 0x03, 0x11,
    0x03, 0x11, 0x03, 0x11, 0x03, 0x11, 0x03, 0x11, 0x03, 0x11, 0x03, 0x11, 0x03, 0x11, 0x03, 0x11, 0x03, 0x11, 0x03, 0x11, 0x03, 0x11, 0x03, 0x11,
    0x03, 0x11, 0x03, 0x11, 0x03, 0x11, 0x03, 0x11, 0x03, 0x11, 0x03, 0x11, 0x03, 0x11, 0x03, 0x11, 0x03, 0x11, 0x03, 0x11, 0x03, 0x11, 0x03, 0x11,
    0x03, 0x11, 0x03, 0x11, 0x03, 0x11, 0x03, 0x11, 0x03, 0x11, 0x03, 0x11, 0x03, 0x11, 0x03, 0x11, 0x03, 0x11, 0x03, 0x11, 0x03, 0x11, 0x03, 0x11,
    0x03, 0x11, 0x03, 0x11, 0x03, 0x11, 0x03, 0x11, 0x03, 0x11, 0x03, 0x11, 0x03, 0x11, 0x03, 0x11, 0x03, 0x11, 0x03, 0x11, 0x03, 0x11, 0x03, 0x11,
    0x03, 0x11, 0x03, 0x11, 0x03, 0x11, 0x03, 0x11, 0x03, 0x11, 0x03, 0x11, 0x03, 0x11, 0x03, 0x11, 0x03, 0x11, 0x03, 0x11, 0x03, 0x11, 0x03, 0x11,
    0x03, 0x11, 0x03, 0x11, 0x03, 0x11, 0x03, 0x11, 0x03, 0x11, 0x03, 0x11, 0x03, 0x11, 0x03, 0x11, 0x03, 0x11, 0x03, 0x11, 0x03, 0x11, 0x03, 0x11,
    0x03, 0x11, 0x03, 0x11, 0x03, 0x11, 0x03, 0x11, 0x03, 0x11, 0x03, 0x11, 0x03, 0x11, 0x03, 0x11, 0x03, 0x11, 0x03, 0x11, 0x03, 0x11, 0x03, 0x11,
    0x03, 0x11, 0x03, 0x11, 0x03, 0x11, 0x03, 0x11, 0x03, 0x11, 0x03, 0x11, 0x03, 0x11, 0x03, 0x11, 0x03, 0x11, 0x03, 0x11, 0x03, 0x11, 0x03, 0x11,
    0x03, 0x11, 0x03, 0x11, 0x03, 0x11, 0x03, 0x11, 0x03, 0x11, 0x03, 0x11, 0x03, 0x11, 0x03, 0x11, 0x03, 0x11, 0x03, 0x11, 0x03, 0x11, 0x03, 0x11,
    0x03, 0x11, 0x03, 0x11, 0x03, 0x11, 0x03, 0x11, 0x03, 0x11, 0x03, 0x11, 0x03, 0x11, 0x03, 0x11, 0x03, 0x11, 0x03, 0x11, 0x03, 0x11, 0x03, 0x11,
    0x03, 0x11, 0x03, 0x11, 0x03, 0x11, 0x03, 0x11, 0x03, 0x11, 0x03, 0x11, 0x03, 0x11, 0x03, 0x11, 0x03, 0x11, 0x03, 0x11, 0x03, 0x11, 0x03, 0x11,
    0x03, 0x11, 0x03, 0x11, 0x03, 0x11, 0x03, 0x11, 0x03, 0x11, 0x03, 0x11, 0x03, 0x11, 0x03, 0x11, 0x03, 0x11, 0x03, 0x11, 0x03, 0x11, 0x03, 0x11,
    0x03, 0x11, 0x03, 0x11, 0x03, 0x11, 0x03, 0x11, 0x03, 0x11, 0x03, 0x11, 0x03, 0x11, 0x03, 0x11, 0x03, 0x11, 0x03, 0x11, 0x03, 0x11, 0x03, 0x11,
    0x03, 0x11, 0x03, 0x11, 0x03, 0x11, 0x03, 0x11, 0x03, 0x11, 0x03, 0x11, 0x03, 0x11, 0x03, 0x11, 0x03, 0x11, 0x03, 0x11, 0x03, 0x11, 0x03, 0x11,
    0x03, 0x11, 0x03, 0x11, 0x03, 0x11, 0x03, 0x11, 0x03, 0x11, 0x03, 0x11, 0x03, 0x11, 0x03, 0x11, 0x03, 0x11, 0x03, 0x11, 0x03, 0x11, 0x03, 0x11,
    0x03, 0x11, 0x03, 0x11, 0x03, 0x11, 0x03, 0x11, 0x03, 0x11, 0x03, 0x11, 0x03, 0x11, 0x03, 0x11, 0x03, 0x11, 0x03, 0x11, 0x03, 0x11, 0x03, 0x11,
    0x03, 0x11, 0x03, 0x11, 0x03, 0x11, 0x03, 0x11, 0x03, 0x11, 0x03, 0x11, 0x03, 0x11, 0x03, 0x11, 0x03, 0x11, 0x03, 0x11, 0x03, 0x11, 0x03, 0x11,
    0x03, 0x11, 0x03, 0x11, 0x03, 0x11, 0x03, 0x11, 0x03, 0x11, 0x03, 0x11, 0x03, 0x11, 0x03, 0x11, 0x03, 0x11, 0x03, 0x11, 0x03, 0x11, 0x03, 0x11,
    0x03, 0x11, 0x03, 0x11, 0x03, 0x11, 0x03, 0x11, 0x03, 0x11, 0x03, 0x11, 0x03, 0x11, 0x03, 0x11, 0x03, 0x11, 0x03, 0x11, 0x03, 0x11, 0x03, 0x11,
    0x03, 0x11, 0x03, 0x11, 0x03, 0x11, 0x03, 0x11, 0x03, 0x11, 0x03, 0x11, 0x03, 0x11, 0x03, 0x11, 0x03, 0x11, 0x03, 0x11, 0x03, 0x11, 0x03, 0x11,
    0x03, 0x11, 0x03, 0x11, 0x03, 0x11, 0x03, 0x11, 0x03, 0x11, 0x03, 0x11, 0x03, 0x11, 0x03, 0x11, 0x03, 0x11, 0x03, 0x11, 0x03, 0x11, 0x03, 0x11,
    0x03, 0x11, 0x03, 0x11, 0x03, 0x11, 0x03, 0x11, 0x03, 0x11, 0x03, 0x11, 0x03, 0x11, 0x03, 0x11, 0x03, 0x11, 0x03, 0x11, 0x03, 0x11, 0x03, 0x11,
    0x03, 0x11, 0x03, 0x11, 0x03, 0x11, 0x03, 0x11, 0x03, 0x11, 0x03, 0x11, 0x03, 0x11, 0x03, 0x11, 0x03, 0x11, 0x03, 0x11, 0x03, 0x11, 0x03, 0x11,
    0x03, 0x11, 0x03, 0x11, 0x03, 0x11, 0x03, 0x11, 0x03, 0x11, 0x03, 0x11, 0x03, 0x11, 0x03, 0x11, 0x03, 0x11, 0x03, 0x11, 0x03, 0x11, 0x03, 0x11,
    0x03, 0x11, 0x03, 0x11, 0x03, 0x11, 0x03, 0x11, 0x03, 0x11, 0x03, 0x11, 0x03, 0x11, 0x03, 0x11, 0x03, 0x11, 0x03, 0x11, 0x03, 0x11, 0x03, 0x11,
    0x03, 0x11, 0x03, 0x11, 0x03, 0x11, 0x03, 0x11, 0x03, 0x11, 0x03, 0x11, 0x03, 0x11, 0x03, 0x11, 0x03, 0x11, 0x03, 0x11, 0x03, 0x11, 0x03, 0x11,
    0x03, 0x11, 0x03, 0x11, 0x03, 0x11, 0x03, 0x11, 0x03, 0x11, 0x03, 0x11, 0x03, 0x11, 0x03, 0x11, 0x03, 0x11, 0x03, 0x11, 0x03, 0x11, 0x03, 0x11,
    0x03, 0x11, 0x03, 0x11, 0x03, 0x11, 0x03, 0x11, 0x03, 0x11, 0x03, 0x11, 0x03, 0x11, 0x03, 0x11, 0x03, 0x11, 0x03, 0x11, 0x03, 0x11, 0x03, 0x11,
    0x03, 0x11, 0x03, 0x11, 0x03, 0x11, 0x03, 0x11, 0x03, 0x11, 0x03, 0x11, 0x03, 0x11, 0x03, 0x11, 0x03, 0x11, 0x03, 0x11, 0x03, 0x11, 0x03, 0x11,
    0x03, 0x11, 0x03, 0x11, 0x03, 0x11, 0x03, 0x11, 0x03, 0x11, 0x03, 0x11, 0x03, 0x11, 0x03, 0x11, 0x03, 0x11, 0x03, 0x11, 0x03, 0x11, 0x03, 0x11,
    0x03, 0x11, 0x03, 0x11, 0x03, 0x11, 0x03, 0x11, 0x03, 0x11, 0x03, 0x11, 0x03, 0x11, 0x03, 0x11, 0x03, 0x11, 0x03, 0x11, 0x03, 0x11, 0x03, 0x11,
    0x03, 0x11, 0x03, 0x11, 0x03, 0x11, 0x03, 0x11, 0x03, 0x11, 0x03, 0x11, 0x03, 0x11, 0x03, 0x11, 0x03, 0x11, 0x03, 0x11, 0x03, 0x11, 0x03, 0x11,
    0x03, 0x11, 0x03, 0x11, 0x03, 0x11, 0x03, 0x11, 0x03, 0x11, 0x03, 0x11, 0x03, 0x11, 0x03, 0x11, 0x03, 0x11, 0x03, 0x11, 0x03, 0x11, 0x03, 0x11,
    0x03, 0x11, 0x03, 0x11, 0x03, 0x11, 0x03, 0x11, 0x03, 0x11, 0x03, 0x11, 0x03, 0x11, 0x03, 0x11, 0x03, 0x11, 0x03, 0x11, 0x03, 0x11, 0x03, 0x11,
    0x03, 0x11, 0x03, 0x11, 0x03, 0x11, 0x03, 0x11, 0x03, 0x11, 0x03, 0x11, 0x03, 0x11, 0x03, 0x11, 0x03, 0x11, 0x03, 0x11, 0x03, 0x11, 0x03, 0x11,
    0x03, 0x11, 0x03, 0x11, 0x03, 0x11, 0x03, 0x11, 0x03, 0x11, 0x03, 0x11, 0x03, 0x11, 0x03, 0x11, 0x03, 0x11, 0x03, 0x11, 0x03, 0x11, 0x03, 0x11,
    0x03, 0x11, 0x03, 0x11, 0x03, 0x11, 0x03, 0x11, 0x03, 0x11, 0x03, 0x11, 0x03, 0x11, 0x03, 0x11, 0x03, 0x11, 0x03, 0x11, 0x03, 0x11, 0x03, 0x11,
    0x03, 0x11, 0x03, 0x11, 0x03, 0x11, 0x03, 0x11, 0x03, 0x11, 0x03, 0x11, 0x03, 0x11, 0x03, 0x11, 0x03, 0x11, 0x03, 0x11, 0x03, 0x11, 0x03, 0x11,
    0x03, 0x11, 0x03, 0x11, 0x03, 0x11, 0x03, 0x11, 0x03, 0x11, 0x03, 0x11, 0x03, 0x11, 0x03, 0x11, 0x03, 0x11, 0x03, 0x11, 0x03, 0x11, 0x03, 0x11,
    0x03, 0x11, 0x03, 0x11, 0x03, 0x11, 0x03, 0x11, 0x03, 0x11, 0x03, 0x11, 0x03, 0x11, 0x03, 0x11, 0x03, 0x11, 0x03, 0x11, 0x03, 0x11, 0x03, 0x11,
    0x03, 0x11, 0x03, 0x11, 0x03, 0x11, 0x03, 0x11, 0x03, 0x11, 0x03, 0x11, 0x03, 0x11, 0x03, 0x11, 0x03, 0x11, 0x03, 0x11, 0x03, 0x11, 0x03, 0x11,
    0x03, 0x11, 0x03, 0x11, 0x03, 0x11, 0x03, 0x11, 0x03, 0x11, 0x03, 0x11, 0x03, 0x11, 0x03, 0x11, 0x03, 0x11, 0x03, 0x11, 0x03, 0x11, 0x03, 0x11,
    0x03, 0x11, 0x03, 0x11, 0x03, 0x11, 0x03, 0x11, 0x03, 0x11, 0x03, 0x11, 0x03, 0x11, 0x03, 0x11, 0x03, 0x11, 0x03, 0x11, 0x03, 0x11, 0x03, 0x11,
    0x03, 0x11, 0x03, 0x11, 0x03, 0x11, 0x03, 0x11, 0x03, 0x11, 0x03, 0x11, 0x03, 0x11, 0x03, 0x11, 0x03, 0x11, 0x03, 0x11, 0x03, 0x11, 0x03, 0x11,
    0x03, 0x11, 0x03, 0x11, 0x03, 0x11, 0x03, 0x11, 0x03, 0x11, 0x03, 0x11, 0x03, 0x11, 0x03, 0x11, 0x03, 0x11, 0x03, 0x11, 0x03, 0x11, 0x03, 0x11,
    0x03, 0x11, 0x03, 0x11, 0x03, 0x11, 0x03, 0x11, 0x03, 0x11, 0x03, 0x11, 0x03, 0x11, 0x03, 0x11, 0x03, 0x11, 0x03, 0x11, 0x03, 0x11, 0x03, 0x11,
    0x03, 0x11, 0x03, 0x11, 0x03, 0x11, 0x03, 0x11, 0x03, 0x11, 0x03, 0x11, 0x03, 0x11, 0x03, 0x11, 0x03, 0x11, 0x03, 0x11, 0x03, 0x11, 0x03, 0x11,
    0x03, 0x11, 0x03, 0x11, 0x03, 0x11, 0x03, 0x11, 0x03, 0x11, 0x03, 0x11, 0x03, 0x11, 0x03, 0x11, 0x03, 0x11, 0x03, 0x11, 0x03, 0x11, 0x03, 0x11,
    0x03, 0x11, 0x03, 0x11, 0x03, 0x11, 0x03, 0x11, 0x03, 0x11, 0x03, 0x11, 0x03, 0x11, 0x03, 0x11, 0x03, 0x11, 0x03, 0x11, 0x03, 0x11, 0x03, 0x11,
    0x03, 0x11, 0x03, 0x11, 0x03, 0x11, 0x03, 0x11, 0x03, 0x11, 0x03, 0x11, 0x03, 0x11, 0x03, 0x11, 0x03, 0x11, 0x03, 0x11, 0x03, 0x11, 0x03, 0x11,
    0x03, 0x11, 0x03, 0x11, 0x03, 0x11, 0x03, 0x11, 0x03, 0x11, 0x03, 0x11, 0x03, 0x11, 0x03, 0x11, 0x03, 0x11, 0x03, 0x11, 0x03, 0x11, 0x03, 0x11,
    0x03, 0x11, 0x03, 0x11, 0x03, 0x11, 0x03, 0x11, 0x03, 0x11, 0x03, 0x11, 0x03, 0x11, 0x03, 0x11, 0x03, 0x11, 0x03, 0x11, 0x03, 0x11, 0x03, 0x11,
    0x03, 0x11, 0x03, 0x11, 0x03, 0x11, 0x03, 0x11, 0x03, 0x11, 0x03, 0x11, 0x03, 0x11, 0x03, 0x11, 0x03, 0x11, 0x03, 0x11, 0x03, 0x11, 0x03, 0x11,
    0x03, 0x11, 0x03, 0x11, 0x03, 0x11, 0x03, 0x11, 0x03, 0x11, 0x03, 0x11, 0x03, 0x11, 0x03, 0x11, 0x03, 0x11, 0x03, 0x11, 0x03, 0x11, 0x03, 0x11,
    0x03, 0x11, 0x03, 0x11, 0x03, 0x11, 0x03, 0x11, 0x03, 0x11, 0x03, 0x11, 0x03, 0x11, 0x03, 0x11, 0x03, 0x11, 0x03, 0x11, 0x03, 0x11, 0x03, 0x11,
    0x03, 0x11, 0x03, 0x11, 0x03, 0x11, 0x03, 0x11, 0x03, 0x11, 0x03, 0x11, 0x03, 0x11, 0x03, 0x11, 0x03, 0x11, 0x03, 0x11, 0x03, 0x11, 0x03, 0x11,
    0x03, 0x11, 0x03, 0x11, 0x03, 0x11, 0x03, 0x11, 0x03, 0x11, 0x03, 0x11, 0x03, 0x11, 0x03, 0x11, 0x03, 0x11, 0x03, 0x11, 0x03, 0x11, 0x03, 0x11,
    0x03, 0x11, 0x03, 0x11, 0x03, 0x11, 0x03, 0x11, 0x03, 0x11, 0x03, 0x11, 0x03, 0x11, 0x03, 0x11, 0x03, 0x11, 0x03, 0x11, 0x03, 0x11, 0x03, 0x11,
    0x03, 0x11, 0x03, 0x11, 0x03, 0x11, 0x03, 0x11, 0x03, 0x11, 0x03, 0x11, 0x03, 0x11, 0x03, 0x11, 0x03, 0x11, 0x03, 0x11, 0x03, 0x11, 0x03, 0x11,
    0x03, 0x11, 0x03, 0x11, 0x03, 0x11, 0x03, 0x11, 0x03, 0x11, 0x03, 0x11, 0x03, 0x11, 0x03, 0x11, 0x03, 0x11, 0x03, 0x11, 0x03, 0x11, 0x03, 0x11,
    0x03, 0x11, 0x03, 0x11, 0x03, 0x11, 0x03, 0x11, 0x03, 0x11, 0x03, 0x11, 0x03, 0x11, 0x03, 0x11, 0x03, 0x11, 0x03, 0x11, 0x03, 0x11, 0x03, 0x11,
    0x03, 0x11, 0x03, 0x11, 0x03, 0x11, 0x03, 0x11, 0x03, 0x11, 0x03, 0x11, 0x03, 0x11, 0x03, 0x11, 0x03, 0x11, 0x03, 0x11, 0x03, 0x11, 0x03, 0x11,
    0x03, 0x11, 0x03, 0x11, 0x03, 0x11, 0x03, 0x11, 0x03, 0x11, 0x03, 0x11, 0x03, 0x11, 0x03, 0x11, 0x03, 0x11, 0x03, 0x11, 0x03, 0x11, 0x03, 0x11,
    0x03, 0x11, 0x03, 0x11, 0x03, 0x11, 0x03, 0x11, 0x03, 0x11, 0x03, 0x11, 0x03, 0x11, 0x03, 0x11, 0x03, 0x11, 0x03, 0x11, 0x03, 0x11, 0x03, 0x11,
    0x03, 0x11, 0x03, 0x11, 0x03, 0x11, 0x03, 0x11, 0x03, 0x11, 0x03, 0x11, 0x03, 0x11, 0x03, 0x11, 0x03, 0x11, 0x03, 0x11, 0x03, 0x11, 0x03, 0x11,
    0x03, 0x11, 0x03, 0x11, 0x03, 0x11, 0x03, 0x11, 0x03, 0x11, 0x03, 0x11, 0x03, 0x11, 0x03, 0x11, 0x03, 0x11, 0x03, 0x11, 0x03, 0x11, 0x03, 0x11,
    0x03, 0x11, 0x03, 0x11, 0x03, 0x11, 0x03, 0x11, 0x03, 0x11, 0x03, 0x11, 0x03, 0x11, 0x03, 0x11, 0x03, 0x11, 0x03, 0x11, 0x03, 0x11, 0x03, 0x11,
    0x03, 0x11, 0x03, 0x11, 0x03, 0x11, 0x03, 0x11, 0x03, 0x11, 0x03, 0x11, 0x03, 0x11, 0x03, 0x11, 0x03, 0x11, 0x03, 0x11, 0x03, 0x11, 0x03, 0x11,
    0x03, 0x11, 0x03, 0x11, 0x03, 0x11, 0x03, 0x11, 0x03, 0x11, 0x03, 0x11, 0x03, 0x11, 0x03, 0x11, 0x03, 0x11, 0x03, 0x11, 0x03, 0x11, 0x03, 0x11,
    0x03, 0x11, 0x03, 0x11, 0x03, 0x11, 0x03, 0x11, 0x03, 0x11, 0x03, 0x11, 0x03, 0x11, 0x03, 0x11, 0x03, 0x11, 0x03, 0x11, 0x03, 0x11, 0x03, 0x11,
    0x03, 0x11, 0x03, 0x11, 0x03, 0x11, 0x03, 0x11, 0x03, 0x11, 0x03, 0x11, 0x03, 0x11, 0x03, 0x11, 0x03, 0x11, 0x03, 0x11, 0x03, 0x11, 0x03, 0x11,
    0x03, 0x11, 0x03, 0x11, 0x03, 0x11, 0x03, 0x11, 0x03, 0x11, 0x03, 0x11, 0x03, 0x11, 0x03, 0x11, 0x03, 0x11, 0x03, 0x11, 0x03, 0x11, 0x03, 0x11,
    0x03, 0x11, 0x03, 0x11, 0x03, 0x11, 0x03, 0x11, 0x03, 0x11, 0x03, 0x11, 0x03, 0x11, 0x03, 0x11, 0x03, 0x11, 0x03, 0x11, 0x03, 0x11, 0x03, 0x11,
    0x03, 0x11, 0x03, 0x11, 0x03, 0x11, 0x03, 0x11, 0x03, 0x11, 0x03, 0x11, 0x03, 0x11, 0x03, 0x11, 0x03, 0x11, 0x03, 0x11, 0x03, 0x11, 0x03, 0x11,
    0x03, 0x11, 0x03, 0x11, 0x03, 0x11, 0x03, 0x11, 0x03, 0x11, 0x03, 0x11, 0x03, 0x11, 0x03, 0x11, 0x03, 0x11, 0x03, 0x11, 0x03, 0x11, 0x03, 0x11,
    0x03, 0x11, 0x03, 0x11, 0x03, 0x11, 0x03, 0x11, 0x03, 0x11, 0x03, 0x11, 0x03, 0x11, 0x03, 0x11, 0x03, 0x11, 0x03, 0x11, 0x03, 0x11, 0x03, 0x11,
    0x03, 0x11, 0x03, 0x11, 0x03, 0x11, 0x03, 0x11, 0x03, 0x11, 0x03, 0x11, 0x03, 0x11, 0x03, 0x11, 0x03, 0x11, 0x03, 0x11, 0x03, 0x11, 0x03, 0x11,
    0x03, 0x11, 0x03, 0x11, 0x03, 0x11, 0x03, 0x11, 0x03, 0x11, 0x03, 0x11, 0x03, 0x11, 0x03, 0x11, 0x03, 0x11, 0x03, 0x11, 0x03, 0x11, 0x03, 0x11,
    0x03, 0x11, 0x03, 0x11, 0x03, 0x11, 0x03, 0x11, 0x03, 0x11, 0x03, 0x11, 0x03, 0x11, 0x03, 0x11, 0x03, 0x11, 0x03, 0x11, 0x03, 0x11, 0x03, 0x11,
    0x03, 0x11, 0x03, 0x11, 0x03, 0x11, 0x03, 0x11, 0x03, 0x11, 0x03, 0x11, 0x03, 0x11, 0x03, 0x11, 0x03, 0x11, 0x03, 0x11, 0x03, 0x11, 0x03, 0x11,
    0x03, 0x11, 0x03, 0x11, 0x03, 0x11, 0x03, 0x11, 0x03, 0x11, 0x03, 0x11, 0x03, 0x11, 0x03, 0x11, 0x03, 0x11, 0x03, 0x11, 0x03, 0x11, 0x03, 0x11,
    0x03, 0x11, 0x03, 0x11, 0x03, 0x11, 0x03, 0x11, 0x03, 0x11, 0x03, 0x11, 0x03, 0x11, 0x03, 0x11, 0x03, 0x11, 0x03, 0x11, 0x03, 0x11, 0x03, 0x11,
    0x03, 0x11, 0x03, 0x11, 0x03, 0x11, 0x03, 0x11, 0x03, 0x11, 0x03, 0x11, 0x03, 0x11, 0x03, 0x11, 0x03, 0x11, 0x03, 0x11, 0x03, 0x11, 0x03, 0x11,
    0x03, 0x11, 0x03, 0x11, 0x03, 0x11, 0x03, 0x11, 0x03, 0x11, 0x03, 0x11, 0x03, 0x11, 0x03, 0x11, 0x03, 0x11, 0x03, 0x11, 0x03, 0x11, 0x03, 0x11,
    0x03, 0x11, 0x03, 0x11, 0x03, 0x11, 0x03, 0x11, 0x03, 0x11, 0x03, 0x11, 0x03, 0x11, 0x03, 0x11, 0x03, 0x11, 0x03, 0x11, 0x03, 0x11, 0x03, 0x11,
    0x03, 0x11, 0x03, 0x11, 0x03, 0x11, 0x03, 0x11, 0x03, 0x11, 0x03, 0x11, 0x03, 0x11, 0x03, 0x11, 0x03, 0x11, 0x03, 0x11, 0x03, 0x11, 0x03, 0x11,
    0x03, 0x11, 0x03, 0x11, 0x03, 0x11, 0x03, 0x11, 0x03, 0x11, 0x03, 0x11, 0x03, 0x11, 0x03, 0x11, 0x03, 0x11, 0x03, 0x11, 0x03, 0x11, 0x03, 0x11,
    0x03, 0x11, 0x03, 0x11, 0x03, 0x11, 0x03, 0x11, 0x03, 0x11, 0x03, 0x11, 0x03, 0x11, 0x03, 0x11, 0x03, 0x11, 0x03, 0x11, 0x03, 0x11, 0x03, 0x11,
    0x03, 0x11, 0x03, 0x11, 0x03, 0x11, 0x03, 0x11, 0x03, 0x11, 0x03, 0x11, 0x03, 0x11, 0x03, 0x11, 0x03, 0x11, 0x03, 0x11, 0x03, 0x11, 0x03, 0x11,
    0x03, 0x11, 0x03, 0x11, 0x03, 0x11, 0x03, 0x11, 0x03, 0x11, 0x03, 0x11, 0x03, 0x11, 0x03, 0x11, 0x03, 0x11, 0x03, 0x11, 0x03, 0x11, 0x03, 0x11,
    0x03, 0x11, 0x03, 0x11, 0x03, 0x11, 0x03, 0x11, 0x03, 0x11, 0x03, 0x11, 0x03, 0x11, 0x03, 0x11, 0x03, 0x11, 0x03, 0x11, 0x03, 0x11, 0x03, 0x11,
    0x03, 0x11, 0x03, 0x11, 0x03, 0x11, 0x03, 0x11, 0x03, 0x11, 0x03, 0x11, 0x03, 0x11, 0x03, 0x11, 0x03, 0x11, 0x03, 0x11, 0x03, 0x11, 0x03, 0x11,
    0x03, 0x11, 0x03, 0x11, 0x03, 0x11, 0x03, 0x11, 0x03, 0x11, 0x03, 0x11, 0x03, 0x11, 0x03, 0x11, 0x03, 0x11, 0x03, 0x11, 0x03, 0x11, 0x03, 0x11,
    0x03, 0x11, 0x03, 0x11, 0x03, 0x11, 0x03, 0x11, 0x03, 0x11, 0x03, 0x11, 0x03, 0x11, 0x03, 0x11, 0x03, 0x11, 0x03, 0x11, 0x03, 0x11, 0x03, 0x11,
    0x03, 0x11, 0x03, 0x11, 0x03, 0x11, 0x03, 0x11, 0x03, 0x11, 0x03, 0x11, 0x03, 0x11, 0x03, 0x11, 0x03, 0x11, 0x03, 0x11, 0x03, 0x11, 0x03, 0x11,
    0x03, 0x11, 0x03, 0x11, 0x03, 0x11, 0x03, 0x11, 0x03, 0x11, 0x03, 0x11, 0x03, 0x11, 0x03, 0x11, 0x03, 0x11, 0x03, 0x11, 0x03, 0x11, 0x03, 0x11,
    0x03, 0x11, 0x03, 0x11, 0x03, 0x11, 0x03, 0x11, 0x03, 0x11, 0x03, 0x11, 0x03, 0x11, 0x03, 0x11, 0x03, 0x11, 0x03, 0x11, 0x03, 0x11, 0x03, 0x11,
    0x03, 0x11, 0x03, 0x11, 0x03, 0x11, 0x03, 0x11, 0x03, 0x11, 0x03, 0x11, 0x03, 0x11, 0x03, 0x11, 0x03, 0x11, 0x03, 0x11, 0x03, 0x11, 0x03, 0x11,
    0x03, 0x11, 0x03, 0x11, 0x03, 0x11, 0x03, 0x11, 0x03, 0x11, 0x03, 0x11, 0x03, 0x11, 0x03, 0x11, 0x03, 0x11, 0x03, 0x11, 0x03, 0x11, 0x03, 0x11,
    0x03, 0x11, 0x03, 0x11, 0x03, 0x11, 0x03, 0x11, 0x03, 0x11, 0x03, 0x11, 0x03, 0x11, 0x03, 0x11, 0x03, 0x11, 0x03, 0x11, 0x03, 0x11, 0x03, 0x11,
    0x03, 0x11, 0x03, 0x11, 0x03, 0x11, 0x03, 0x11, 0x03, 0x11, 0x03, 0x11, 0x03, 0x11, 0x03, 0x11, 0x03, 0x11, 0x03, 0x11, 0x03, 0x11, 0x03, 0x11,
    0x03, 0x11, 0x03, 0x11, 0x03, 0x11, 0x03, 0x11, 0x03, 0x11, 0x03, 0x11, 0x03, 0x11, 0x03, 0x11, 0x03, 0x11, 0x03, 0x11, 0x03, 0x11, 0x03, 0x11,
    0x03, 0x11, 0x03, 0x11, 0x03, 0x11, 0x03, 0x11, 0x03, 0x11, 0x03, 0x11, 0x03, 0x11, 0x03, 0x11, 0x03, 0x11, 0x03, 0x11, 0x03, 0x11, 0x03, 0x11,
    0x03, 0x11, 0x03, 0x11, 0x03, 0x11, 0x03, 0x11, 0x03, 0x11, 0x03, 0x11, 0x03, 0x11, 0x03, 0x11, 0x03, 0x11, 0x03, 0x11, 0x03, 0x11, 0x03, 0x11,
    0x03, 0x11, 0x03, 0x11, 0x03, 0x11, 0x03, 0x11, 0x03, 0x11, 0x03, 0x11, 0x03, 0x11, 0x03, 0x11, 0x03, 0x11, 0x03, 0x11, 0x03, 0x11, 0x03, 0x11,
    0x03, 0x11, 0x03, 0x11, 0x03, 0x11, 0x03, 0x11, 0x03, 0x11, 0x03, 0x11, 0x03, 0x11, 0x03, 0x11, 0x03, 0x11, 0x03, 0x11, 0x03, 0x11, 0x03, 0x11,
    0x03, 0x11, 0x03, 0x11, 0x4b, 0xee, 0x4b, 0xee, 0x4b, 0xee, 0x4b, 0xee, 0x4b, 0xee, 0x4b, 0xee, 0x4b, 0xee, 0x4b, 0xee, 0x4b, 0xee, 0x4b, 0xee,
    0x4b, 0xee, 0x4b, 0xee, 0x03, 0x11, 0x03, 0x11, 0x03, 0x11, 0x03, 0x11, 0x03, 0x11, 0x03, 0x11, 0x03, 0x11, 0x03, 0x11, 0x03, 0x11, 0x03, 0x11,
    0x03, 0x11, 0x03, 0x11, 0x03, 0x11, 0x03, 0x11, 0x03, 0x11, 0x03, 0x11, 0x03, 0x11, 0x03, 0x11, 0x03, 0x11, 0x03, 0x11, 0x03, 0x11, 0x03, 0x11,
    0x03, 0x11, 0x03, 0x11, 0x03, 0x11, 0x03, 0x11, 0x03, 0x11, 0x03, 0x11, 0x03, 0x11, 0x03, 0x11, 0x03, 0x11, 0x03, 0x11, 0x03, 0x11, 0x03, 0x11,
    0x03, 0x11, 0x03, 0x11, 0x03, 0x11, 0x03, 0x11, 0x03, 0x11, 0x03, 0x11, 0x03, 0x11, 0x03, 0x11, 0x03, 0x11, 0x03, 0x11, 0x03, 0x11, 0x03, 0x11,
    0x03, 0x11, 0x03, 0x11, 0x03, 0x11, 0x03, 0x11, 0x03, 0x11, 0x03, 0x11, 0x03, 0x11, 0x03, 0x11, 0x03, 0x11, 0x03, 0x11, 0x03, 0x11, 0x03, 0x11,
    0x03, 0x11, 0x03, 0x11, 0x03, 0x11, 0x03, 0x11, 0x03, 0x11, 0x03, 0x11, 0x03, 0x11, 0x03, 0x11, 0x03, 0x11, 0x03, 0x11, 0x4b, 0xee, 0x4b, 0xee,
    0x4b, 0xee, 0x4b, 0xee, 0x4b, 0xee, 0x4b, 0xee, 0x4b, 0xee, 0x4b, 0xee, 0x4b, 0xee, 0x4b, 0xee, 0x4b, 0xee, 0x4b, 0xee, 0x03, 0x11, 0x03, 0x11,
    0x03, 0x11, 0x03, 0x11, 0x03, 0x11, 0x03, 0x11, 0x03, 0x11, 0x03, 0x11, 0x03, 0x11, 0x03, 0x11, 0x03, 0x11, 0x03, 0x11, 0x03, 0x11, 0x03, 0x11,
    0x03, 0x11, 0x03, 0x11, 0x03, 0x11, 0x03, 0x11, 0x03, 0x11, 0x03, 0x11, 0x03, 0x11, 0x03, 0x11, 0x03, 0x11, 0x03, 0x11, 0x03, 0x11, 0x03, 0x11,
    0x03, 0x11, 0x03, 0x11, 0x03, 0x11, 0x03, 0x11, 0x03, 0x11, 0x03, 0x11, 0x03, 0x11, 0x03, 0x11, 0x03, 0x11, 0x03, 0x11, 0x03, 0x11, 0x03, 0x11,
    0x03, 0x11, 0x03, 0x11, 0x03, 0x11, 0x03, 0x11, 0x03, 0x11, 0x03, 0x11, 0x03, 0x11, 0x03, 0x11, 0x03, 0x11, 0x03, 0x11, 0x03, 0x11, 0x03, 0x11,
    0x03, 0x11, 0x03, 0x11, 0x03, 0x11, 0x03, 0x11, 0x03, 0x11, 0x03, 0x11, 0x03, 0x11, 0x03, 0x11, 0x03, 0x11, 0x03, 0x11, 0x03, 0x11, 0x03, 0x11,
    0x03, 0x11, 0x03, 0x11, 0x03, 0x11, 0x03, 0x11, 0x03, 0x11, 0x03, 0x11, 0x4b, 0xee, 0x4b, 0xee, 0x4b, 0xee, 0x4b, 0xee, 0x4b, 0xee, 0x4b, 0xee,
    0x4b, 0xee, 0x4b, 0xee, 0x4b, 0xee, 0x4b, 0xee, 0x4b, 0xee, 0x4b, 0xee, 0x03, 0x11, 0x03, 0x11, 0x03, 0x11, 0x03, 0x11, 0x03, 0x11, 0x03, 0x11,
    0x03, 0x11, 0x03, 0x11, 0x03, 0x11, 0x03, 0x11, 0x03, 0x11, 0x03, 0x11, 0x03, 0x11, 0x03, 0x11, 0x03, 0x11, 0x03, 0x11, 0x03, 0x11, 0x03, 0x11,
    0x03, 0x11, 0x03, 0x11, 0x03, 0x11, 0x03, 0x11, 0x03, 0x11, 0x03, 0x11, 0x03, 0x11, 0x03, 0x11, 0x03, 0x11, 0x03, 0x11, 0x03, 0x11, 0x03, 0x11,
    0x03, 0x11, 0x03, 0x11, 0x03, 0x11, 0x03, 0x11, 0x03, 0x11, 0x03, 0x11, 0x03, 0x11, 0x03, 0x11, 0x03, 0x11, 0x03, 0x11, 0x03, 0x11, 0x03, 0x11,
    0x03, 0x11, 0x03, 0x11, 0x03, 0x11, 0x03, 0x11, 0x03, 0x11, 0x03, 0x11, 0x03, 0x11, 0x03, 0x11, 0x03, 0x11, 0x03, 0x11, 0x03, 0x11, 0x03, 0x11,
    0x03, 0x11, 0x03, 0x11, 0x03, 0x11, 0x03, 0x11, 0x03, 0x11, 0x03, 0x11, 0x03, 0x11, 0x03, 0x11, 0x03, 0x11, 0x03, 0x11, 0x03, 0x11, 0x03, 0x11,
    0x03, 0x11, 0x03, 0x11, 0x4b, 0xee, 0x4b, 0xee, 0x4b, 0xee, 0x4b, 0xee, 0x4b, 0xee, 0x4b, 0xee, 0x4b, 0xee, 0x4b, 0xee, 0x4b, 0xee, 0x4b, 0xee,
    0x4b, 0xee, 0x4b, 0xee, 0x03, 0x11, 0x03, 0x11, 0x03, 0x11, 0x03, 0x11, 0x03, 0x11, 0x03, 0x11, 0x03, 0x11, 0x03, 0x11, 0x03, 0x11, 0x03, 0x11,
    0x03, 0x11, 0x03, 0x11, 0x03, 0x11, 0x03, 0x11, 0x03, 0x11, 0x03, 0x11, 0x03, 0x11, 0x03, 0x11, 0x03, 0x11, 0x03, 0x11, 0x03, 0x11, 0x03, 0x11,
    0x03, 0x11, 0x03, 0x11, 0x03, 0x11, 0x03, 0x11, 0x03, 0x11, 0x03, 0x11, 0x03, 0x11, 0x03, 0x11, 0x03, 0x11, 0x03, 0x11, 0x03, 0x11, 0x03, 0x11,
    0x03, 0x11, 0x03, 0x11, 0x03, 0x11, 0x03, 0x11, 0x03, 0x11, 0x03, 0x11, 0x03, 0x11, 0x03, 0x11, 0x03, 0x11, 0x03, 0x11, 0x03, 0x11, 0x03, 0x11,
    0x03, 0x11, 0x03, 0x11, 0x03, 0x11, 0x03, 0x11, 0x03, 0x11, 0x03, 0x11, 0x03, 0x11, 0x03, 0x11, 0x03, 0x11, 0x03, 0x11, 0x03, 0x11, 0x03, 0x11,
    0x03, 0x11, 0x03, 0x11, 0x03, 0x11, 0x03, 0x11, 0x03, 0x11, 0x03, 0x11, 0x03, 0x11, 0x03, 0x11, 0x03, 0x11, 0x03, 0x11, 0x03, 0x11, 0x03, 0x11,
    0x03, 0x11, 0x03, 0x11, 0x03, 0x11, 0x03, 0x11, 0x03, 0x11, 0x03, 0x11, 0x4b, 0xee, 0x4b, 0xee, 0x4b, 0xee, 0x4b, 0xee, 0x03, 0x11, 0x03, 0x11,
    0x03, 0x11, 0x03, 0x11, 0x03, 0x11, 0x03, 0x11, 0x03, 0x11, 0x03, 0x11, 0x03, 0x11, 0x03, 0x11, 0x03, 0x11, 0x03, 0x11, 0x03, 0x11, 0x03, 0x11,
    0x03, 0x11, 0x03, 0x11, 0x03, 0x11, 0x03, 0x11, 0x03, 0x11, 0x03, 0x11, 0x03, 0x11, 0x03, 0x11, 0x03, 0x11, 0x03, 0x11, 0x03, 0x11, 0x03, 0x11,
    0x03, 0x11, 0x03, 0x11, 0x03, 0x11, 0x03, 0x11, 0x03, 0x11, 0x03, 0x11, 0x03, 0x11, 0x03, 0x11, 0x03, 0x11, 0x03, 0x11, 0x03, 0x11, 0x03, 0x11,
    0x03, 0x11, 0x03, 0x11, 0x03, 0x11, 0x03, 0x11, 0x03, 0x11, 0x03, 0x11, 0x03, 0x11, 0x03, 0x11, 0x03, 0x11, 0x03, 0x11, 0x03, 0x11, 0x03, 0x11,
    0x03, 0x11, 0x03, 0x11, 0x03, 0x11, 0x03, 0x11, 0x03, 0x11, 0x03, 0x11, 0x03, 0x11, 0x03, 0x11, 0x03, 0x11, 0x03, 0x11, 0x03, 0x11, 0x03, 0x11,
    0x03, 0x11, 0x03, 0x11, 0x03, 0x11, 0x03, 0x11, 0x03, 0x11, 0x03, 0x11, 0x03, 0x11, 0x03, 0x11, 0x03, 0x11, 0x03, 0x11, 0x03, 0x11, 0x03, 0x11,
    0x03, 0x11, 0x03, 0x11, 0x4b, 0xee, 0x4b, 0xee, 0x4b, 0xee, 0x4b, 0xee, 0x03, 0x11, 0x03, 0x11, 0x03, 0x11, 0x03, 0x11, 0x03, 0x11, 0x03, 0x11,
    0x03, 0x11, 0x03, 0x11, 0x03, 0x11, 0x03, 0x11, 0x03, 0x11, 0x03, 0x11, 0x03, 0x11, 0x03, 0x11, 0x03, 0x11, 0x03, 0x11, 0x03, 0x11, 0x03, 0x11,
    0x03, 0x11, 0x03, 0x11, 0x03, 0x11, 0x03, 0x11, 0x03, 0x11, 0x03, 0x11, 0x03, 0x11, 0x03, 0x11, 0x03, 0x11, 0x03, 0x11, 0x03, 0x11, 0x03, 0x11,
    0x03, 0x11, 0x03, 0x11, 0x03, 0x11, 0x03, 0x11, 0x03, 0x11, 0x03, 0x11, 0x03, 0x11, 0x03, 0x11, 0x03, 0x11, 0x03, 0x11, 0x03, 0x11, 0x03, 0x11,
    0x03, 0x11, 0x03, 0x11, 0x03, 0x11, 0x03, 0x11, 0x03, 0x11, 0x03, 0x11, 0x03, 0x11, 0x03, 0x11, 0x03, 0x11, 0x03, 0x11, 0x03, 0x11, 0x03, 0x11,
    0x03, 0x11, 0x03, 0x11, 0x03, 0x11, 0x03, 0x11, 0x03, 0x11, 0x03, 0x11, 0x03, 0x11, 0x03, 0x11, 0x03, 0x11, 0x03, 0x11, 0x03, 0x11, 0x03, 0x11,
    0x03, 0x11, 0x03, 0x11, 0x4b, 0xee, 0x4b, 0xee, 0x4b, 0xee, 0x4b, 0xee, 0x4b, 0xee, 0x4b, 0xee, 0x4b, 0xee, 0x4b, 0xee, 0x4b, 0xee, 0x4b, 0xee,
    0x4b, 0xee, 0x4b, 0xee, 0x03, 0x11, 0x03, 0x11, 0x03, 0x11, 0x03, 0x11, 0x03, 0x11, 0x03, 0x11, 0x03, 0x11, 0x03, 0x11, 0x03, 0x11, 0x03, 0x11,
    0x03, 0x11, 0x03, 0x11, 0x03, 0x11, 0x03, 0x11, 0x03, 0x11, 0x03, 0x11, 0x03, 0x11, 0x03, 0x11, 0x03, 0x11, 0x03, 0x11, 0x03, 0x11, 0x03, 0x11,
    0x03, 0x11, 0x03, 0x11, 0x03, 0x11, 0x03, 0x11, 0x03, 0x11, 0x03, 0x11, 0x03, 0x11, 0x03, 0x11, 0x03, 0x11, 0x03, 0x11, 0x03, 0x11, 0x03, 0x11,
    0x03, 0x11, 0x03, 0x11, 0x03, 0x11, 0x03, 0x11, 0x03, 0x11, 0x03, 0x11, 0x03, 0x11, 0x03, 0x11, 0x03, 0x11, 0x03, 0x11, 0x03, 0x11, 0x03, 0x11,
    0x03, 0x11, 0x03, 0x11, 0x03, 0x11, 0x03, 0x11, 0x03, 0x11, 0x03, 0x11, 0x03, 0x11, 0x03, 0x11, 0x03, 0x11, 0x03, 0x11, 0x03, 0x11, 0x03, 0x11,
    0x03, 0x11, 0x03, 0x11, 0x03, 0x11, 0x03, 0x11, 0x03, 0x11, 0x03, 0x11, 0x03, 0x11, 0x03, 0x11, 0x03, 0x11, 0x03, 0x11, 0x4b, 0xee, 0x4b, 0xee,
    0x4b, 0xee, 0x4b, 0xee, 0x4b, 0xee, 0x4b, 0xee, 0x4b, 0xee, 0x4b, 0xee, 0x4b, 0xee, 0x4b, 0xee, 0x4b, 0xee, 0x4b, 0xee, 0x03, 0x11, 0x03, 0x11,
    0x03, 0x11, 0x03, 0x11, 0x03, 0x11, 0x03, 0x11, 0x03, 0x11, 0x03, 0x11, 0x03, 0x11, 0x03, 0x11, 0x03, 0x11, 0x03, 0x11, 0x03, 0x11, 0x03, 0x11,
    0x03, 0x11, 0x03, 0x11, 0x03, 0x11, 0x03, 0x11, 0x03, 0x11, 0x03, 0x11, 0x03, 0x11, 0x03, 0x11, 0x03, 0x11, 0x03, 0x11, 0x03, 0x11, 0x03, 0x11,
    0x03, 0x11, 0x03, 0x11, 0x03, 0x11, 0x03, 0x11, 0x03, 0x11, 0x03, 0x11, 0x03, 0x11, 0x03, 0x11, 0x03, 0x11, 0x03, 0x11, 0x03, 0x11, 0x03, 0x11,
    0x03, 0x11, 0x03, 0x11, 0x03, 0x11, 0x03, 0x11, 0x03, 0x11, 0x03, 0x11, 0x03, 0x11, 0x03, 0x11, 0x03, 0x11, 0x03, 0x11, 0x03, 0x11, 0x03, 0x11,
    0x03, 0x11, 0x03, 0x11, 0x03, 0x11, 0x03, 0x11, 0x03, 0x11, 0x03, 0x11, 0x03, 0x11, 0x03, 0x11, 0x03, 0x11, 0x03, 0x11, 0x03, 0x11, 0x03, 0x11,
    0x03, 0x11, 0x03, 0x11, 0x03, 0x11, 0x03, 0x11, 0x03, 0x11, 0x03, 0x11, 0x4b, 0xee, 0x4b, 0xee, 0x4b, 0xee, 0x4b, 0xee, 0x4b, 0xee, 0x4b, 0xee,
    0x4b, 0xee, 0x4b, 0xee, 0x4b, 0xee, 0x4b, 0xee, 0x4b, 0xee, 0x4b, 0xee, 0x03, 0x11, 0x03, 0x11, 0x03, 0x11, 0x03, 0x11, 0x03, 0x11, 0x03, 0x11,
    0x03, 0x11, 0x03, 0x11, 0x03, 0x11, 0x03, 0x11, 0x03, 0x11, 0x03, 0x11, 0x03, 0x11, 0x03, 0x11, 0x03, 0x11, 0x03, 0x11, 0x03, 0x11, 0x03, 0x11,
    0x03, 0x11, 0x03, 0x11, 0x03, 0x11, 0x03, 0x11, 0x03, 0x11, 0x03, 0x11, 0x03, 0x11, 0x03, 0x11, 0x03, 0x11, 0x03, 0x11, 0x03, 0x11, 0x03, 0x11,
    0x03, 0x11, 0x03, 0x11, 0x03, 0x11, 0x03, 0x11, 0x03, 0x11, 0x03, 0x11, 0x03, 0x11, 0x03, 0x11, 0x03, 0x11, 0x03, 0x11, 0x03, 0x11, 0x03, 0x11,
    0x03, 0x11, 0x03, 0x11, 0x03, 0x11, 0x03, 0x11, 0x03, 0x11, 0x03, 0x11, 0x03, 0x11, 0x03, 0x11, 0x03, 0x11, 0x03, 0x11, 0x03, 0x11, 0x03, 0x11,
    0x03, 0x11, 0x03, 0x11, 0x03, 0x11, 0x03, 0x11, 0x03, 0x11, 0x03, 0x11, 0x03, 0x11, 0x03, 0x11, 0x03, 0x11, 0x03, 0x11, 0x03, 0x11, 0x03, 0x11,
    0x03, 0x11, 0x03, 0x11, 0x4b, 0xee, 0x4b, 0xee, 0x4b, 0xee, 0x4b, 0xee, 0x4b, 0xee, 0x4b, 0xee, 0x4b, 0xee, 0x4b, 0xee, 0x4b, 0xee, 0x4b, 0xee,
    0x4b, 0xee, 0x4b, 0xee, 0x03, 0x11, 0x03, 0x11, 0x03, 0x11, 0x03, 0x11, 0x03, 0x11, 0x03, 0x11, 0x03, 0x11, 0x03, 0x11, 0x03, 0x11, 0x03, 0x11,
    0x03, 0x11, 0x03, 0x11, 0x03, 0x11, 0x03, 0x11, 0x03, 0x11, 0x03, 0x11, 0x03, 0x11, 0x03, 0x11, 0x03, 0x11, 0x03, 0x11, 0x03, 0x11, 0x03, 0x11,
    0x03, 0x11, 0x03, 0x11, 0x03, 0x11, 0x03, 0x11, 0x03, 0x11, 0x03, 0x11, 0x03, 0x11, 0x03, 0x11, 0x03, 0x11, 0x03, 0x11, 0x03, 0x11, 0x03, 0x11,
    0x03, 0x11, 0x03, 0x11, 0x03, 0x11, 0x03, 0x11, 0x03, 0x11, 0x03, 0x11, 0x03, 0x11, 0x03, 0x11, 0x03, 0x11, 0x03, 0x11, 0x03, 0x11, 0x03, 0x11,
    0x03, 0x11, 0x03, 0x11, 0x03, 0x11, 0x03, 0x11, 0x03, 0x11, 0x03, 0x11, 0x03, 0x11, 0x03, 0x11, 0x03, 0x11, 0x03, 0x11, 0x03, 0x11, 0x03, 0x11,
    0x03, 0x11, 0x03, 0x11, 0x03, 0x11, 0x03, 0x11, 0x03, 0x11, 0x03, 0x11, 0x03, 0x11, 0x03, 0x11, 0x03, 0x11, 0x03, 0x11, 0x03, 0x11, 0x03, 0x11,
    0x03, 0x11, 0x03, 0x11, 0x03, 0x11, 0x03, 0x11, 0x03, 0x11, 0x03, 0x11, 0x03, 0x11, 0x03, 0x11, 0x03, 0x11, 0x03, 0x11, 0x03, 0x11, 0x03, 0x11,
    0x03, 0x11, 0x03, 0x11, 0x03, 0x11, 0x03, 0x11, 0x03, 0x11, 0x03, 0x11, 0x03, 0x11, 0x03, 0x11, 0x03, 0x11, 0x03, 0x11, 0x03, 0x11, 0x03, 0x11,
    0x03, 0x11, 0x03, 0x11, 0x03, 0x11, 0x03, 0x11, 0x03, 0x11, 0x03, 0x11, 0x03, 0x11, 0x03, 0x11, 0x03, 0x11, 0x03, 0x11, 0x03, 0x11, 0x03, 0x11,
    0x03, 0x11, 0x03, 0x11, 0x03, 0x11, 0x03, 0x11, 0x03, 0x11, 0x03, 0x11, 0x03, 0x11, 0x03, 0x11, 0x03, 0x11, 0x03, 0x11, 0x03, 0x11, 0x03, 0x11,
    0x03, 0x11, 0x03, 0x11, 0x03, 0x11, 0x03, 0x11, 0x03, 0x11, 0x03, 0x11, 0x03, 0x11, 0x03, 0x11, 0x03, 0x11, 0x03, 0x11, 0x03, 0x11, 0x03, 0x11,
    0x03, 0x11, 0x03, 0x11, 0x03, 0x11, 0x03, 0x11, 0x03, 0x11, 0x03, 0x11, 0x03, 0x11, 0x03, 0x11, 0x03, 0x11, 0x03, 0x11, 0x03, 0x11, 0x03, 0x11,
    0x03, 0x11, 0x03, 0x11, 0x03, 0x11, 0x03, 0x11, 0x03, 0x11, 0x03, 0x11, 0x03, 0x11, 0x03, 0x11, 0x03, 0x11, 0x03, 0x11, 0x03, 0x11, 0x03, 0x11,
    0x03, 0x11, 0x03, 0x11, 0x03, 0x11, 0x03, 0x11, 0x03, 0x11, 0x03, 0x11, 0x03, 0x11, 0x03, 0x11, 0x03, 0x11, 0x03, 0x11, 0x03, 0x11, 0x03, 0x11,
    0x03, 0x11, 0x03, 0x11, 0x03, 0x11, 0x03, 0x11, 0x03, 0x11, 0x03, 0x11, 0x03, 0x11, 0x03, 0x11, 0x03, 0x11, 0x03, 0x11, 0x03, 0x11, 0x03, 0x11,
    0x03, 0x11, 0x03, 0x11, 0x03, 0x11, 0x03, 0x11, 0x03, 0x11, 0x03, 0x11, 0x03, 0x11, 0x03, 0x11, 0x03, 0x11, 0x03, 0x11, 0x03, 0x11, 0x03, 0x11,
    0x03, 0x11, 0x03, 0x11, 0x03, 0x11, 0x03, 0x11, 0x03, 0x11, 0x03, 0x11, 0x03, 0x11, 0x03, 0x11, 0x03, 0x11, 0x03, 0x11, 0x03, 0x11, 0x03, 0x11,
    0x03, 0x11, 0x03, 0x11, 0x03, 0x11, 0x03, 0x11, 0x03, 0x11, 0x03, 0x11, 0x03, 0x11, 0x03, 0x11, 0x03, 0x11, 0x03, 0x11, 0x03, 0x11, 0x03, 0x11,
    0x03, 0x11, 0x03, 0x11, 0x03, 0x11, 0x03, 0x11, 0x03, 0x11, 0x03, 0x11, 0x03, 0x11, 0x03, 0x11, 0x03, 0x11, 0x03, 0x11, 0x03, 0x11, 0x03, 0x11,
    0x03, 0x11, 0x03, 0x11, 0x03, 0x11, 0x03, 0x11, 0x03, 0x11, 0x03, 0x11, 0x03, 0x11, 0x03, 0x11, 0x03, 0x11, 0x03, 0x11, 0x03, 0x11, 0x03, 0x11,
    0x03, 0x11, 0x03, 0x11, 0x03, 0x11, 0x03, 0x11, 0x03, 0x11, 0x03, 0x11, 0x03, 0x11, 0x03, 0x11, 0x03, 0x11, 0x03, 0x11, 0x03, 0x11, 0x03, 0x11,
    0x03, 0x11, 0x03, 0x11, 0x03, 0x11, 0x03, 0x11, 0x03, 0x11, 0x03, 0x11, 0x03, 0x11, 0x03, 0x11, 0x03, 0x11, 0x03, 0x11, 0x03, 0x11, 0x03, 0x11,
    0x03, 0x11, 0x03, 0x11, 0x03, 0x11, 0x03, 0x11, 0x03, 0x11, 0x03, 0x11, 0x03, 0x11, 0x03, 0x11, 0x03, 0x11, 0x03, 0x11, 0x03, 0x11, 0x03, 0x11,
    0x03, 0x11, 0x03, 0x11, 0x03, 0x11, 0x03, 0x11, 0x03, 0x11, 0x03, 0x11, 0x03, 0x11, 0x03, 0x11, 0x03, 0x11, 0x03, 0x11, 0x03, 0x11, 0x03, 0x11,
    0x03, 0x11, 0x03, 0x11, 0x03, 0x11, 0x03, 0x11, 0x03, 0x11, 0x03, 0x11, 0x03, 0x11, 0x03, 0x11, 0x03, 0x11, 0x03, 0x11, 0x03, 0x11, 0x03, 0x11,
    0x03, 0x11, 0x03, 0x11, 0x03, 0x11, 0x03, 0x11, 0x03, 0x11, 0x03, 0x11, 0x03, 0x11, 0x03, 0x11, 0x03, 0x11, 0x03, 0x11, 0x03, 0x11, 0x03, 0x11,
    0x03, 0x11, 0x03, 0x11, 0x03, 0x11, 0x03, 0x11, 0x03, 0x11, 0x03, 0x11, 0x03, 0x11, 0x03, 0x11, 0x03, 0x11, 0x03, 0x11, 0x03, 0x11, 0x03, 0x11,
    0x03, 0x11, 0x03, 0x11, 0x03, 0x11, 0x03, 0x11, 0x03, 0x11, 0x03, 0x11, 0x03, 0x11, 0x03, 0x11, 0x03, 0x11, 0x03, 0x11, 0x03, 0x11, 0x03, 0x11,
    0x03, 0x11, 0x03, 0x11, 0x03, 0x11, 0x03, 0x11, 0x03, 0x11, 0x03, 0x11, 0x03, 0x11, 0x03, 0x11, 0x03, 0x11, 0x03, 0x11, 0x03, 0x11, 0x03, 0x11,
    0x03, 0x11, 0x03, 0x11, 0x03, 0x11, 0x03, 0x11, 0x03, 0x11, 0x03, 0x11, 0x03, 0x11, 0x03, 0x11, 0x03, 0x11, 0x03, 0x11, 0x03, 0x11, 0x03, 0x11,
    0x03, 0x11, 0x03, 0x11, 0x03, 0x11, 0x03, 0x11, 0x03, 0x11, 0x03, 0x11, 0x03, 0x11, 0x03, 0x11, 0x03, 0x11, 0x03, 0x11, 0x03, 0x11, 0x03, 0x11,
    0x03, 0x11, 0x03, 0x11, 0x03, 0x11, 0x03, 0x11, 0x03, 0x11, 0x03, 0x11, 0x03, 0x11, 0x03, 0x11, 0x03, 0x11, 0x03, 0x11, 0x03, 0x11, 0x03, 0x11,
    0x03, 0x11, 0x03, 0x11, 0x03, 0x11, 0x03, 0x11, 0x03, 0x11, 0x03, 0x11, 0x03, 0x11, 0x03, 0x11, 0x03, 0x11, 0x03, 0x11, 0x03, 0x11, 0x03, 0x11,
    0x03, 0x11, 0x03, 0x11, 0x03, 0x11, 0x03, 0x11, 0x03, 0x11, 0x03, 0x11, 0x03, 0x11, 0x03, 0x11, 0x03, 0x11, 0x03, 0x11, 0x03, 0x11, 0x03, 0x11,
    0x03, 0x11, 0x03, 0x11, 0x03, 0x11, 0x03, 0x11, 0x03, 0x11, 0x03, 0x11, 0x03, 0x11, 0x03, 0x11, 0x03, 0x11, 0x03, 0x11, 0x03, 0x11, 0x03, 0x11,
    0x03, 0x11, 0x03, 0x11, 0x03, 0x11, 0x03, 0x11, 0x03, 0x11, 0x03, 0x11, 0x03, 0x11, 0x03, 0x11, 0x03, 0x11, 0x03, 0x11, 0x03, 0x11, 0x03, 0x11,
    0x03, 0x11, 0x03, 0x11, 0x03, 0x11, 0x03, 0x11, 0x03, 0x11, 0x03, 0x11, 0x03, 0x11, 0x03, 0x11, 0x03, 0x11, 0x03, 0x11, 0x03, 0x11, 0x03, 0x11,
    0x03, 0x11, 0x03, 0x11, 0x03, 0x11, 0x03, 0x11, 0x03, 0x11, 0x03, 0x11, 0x03, 0x11, 0x03, 0x11, 0x03, 0x11, 0x03, 0x11, 0x03, 0x11, 0x03, 0x11,
    0x03, 0x11, 0x03, 0x11, 0x03, 0x11, 0x03, 0x11, 0x03, 0x11, 0x03, 0x11, 0x03, 0x11, 0x03, 0x11, 0x03, 0x11, 0x03, 0x11, 0x03, 0x11, 0x03, 0x11,
    0x03, 0x11, 0x03, 0x11, 0x03, 0x11, 0x03, 0x11, 0x03, 0x11, 0x03, 0x11, 0x03, 0x11, 0x03, 0x11, 0x03, 0x11, 0x03, 0x11, 0x03, 0x11, 0x03, 0x11,
    0x03, 0x11, 0x03, 0x11, 0x03, 0x11, 0x03, 0x11, 0x03, 0x11, 0x03, 0x11, 0x03, 0x11, 0x03, 0x11, 0x03, 0x11, 0x03, 0x11, 0x03, 0x11, 0x03, 0x11,
    0x03, 0x11, 0x03, 0x11, 0x03, 0x11, 0x03, 0x11, 0x03, 0x11, 0x03, 0x11, 0x03, 0x11, 0x03, 0x11, 0x03, 0x11, 0x03, 0x11, 0x03, 0x11, 0x03, 0x11,
    0x03, 0x11, 0x03, 0x11, 0x03, 0x11, 0x03, 0x11, 0x03, 0x11, 0x03, 0x11, 0x03, 0x11, 0x03, 0x11, 0x03, 0x11, 0x03, 0x11, 0x03, 0x11, 0x03, 0x11,
    0x03, 0x11, 0x03, 0x11, 0x03, 0x11, 0x03, 0x11, 0x03, 0x11, 0x03, 0x11, 0x03, 0x11, 0x03, 0x11, 0x03, 0x11, 0x03, 0x11, 0x03, 0x11, 0x03, 0x11,
    0x03, 0x11, 0x03, 0x11, 0x03, 0x11, 0x03, 0x11, 0x03, 0x11, 0x03, 0x11, 0x03, 0x11, 0x03, 0x11, 0x6b, 0x55, 0x6b, 0x55, 0x6b, 0x55, 0x6b, 0x55,
    0x6b, 0x55, 0x6b, 0x55, 0x6b, 0x55, 0x6b, 0x55, 0x6b, 0x55, 0x6b, 0x55, 0x6b, 0x55, 0x6b, 0x55, 0x6b, 0x55, 0x6b, 0x55, 0x6b, 0x55, 0x6b, 0x55,
    0x6b, 0x55, 0x6b, 0x55, 0x6b, 0x55, 0x6b, 0x55, 0x6b, 0x55, 0x6b, 0x55, 0x6b, 0x55, 0x6b, 0x55, 0x6b, 0x55, 0x6b, 0x55, 0x6b, 0x55, 0x6b, 0x55,
    0x03, 0x11, 0x03, 0x11, 0x03, 0x11, 0x03, 0x11, 0x03, 0x11, 0x03, 0x11, 0x03, 0x11, 0x03, 0x11, 0x03, 0x11, 0x03, 0x11, 0x03, 0x11, 0x03, 0x11,
    0x03, 0x11, 0x03, 0x11, 0x03, 0x11, 0x03, 0x11, 0x03, 0x11, 0x03, 0x11, 0x03, 0x11, 0x03, 0x11, 0x03, 0x11, 0x03, 0x11, 0x03, 0x11, 0x03, 0x11,
    0x03, 0x11, 0x03, 0x11, 0x03, 0x11, 0x03, 0x11, 0x03, 0x11, 0x03, 0x11, 0x03, 0x11, 0x03, 0x11, 0x03, 0x11, 0x03, 0x11, 0x03, 0x11, 0x03, 0x11,
    0x03, 0x11, 0x03, 0x11, 0x03, 0x11, 0x03, 0x11, 0x03, 0x11, 0x03, 0x11, 0x03, 0x11, 0x03, 0x11, 0x03, 0x11, 0x03, 0x11, 0x03, 0x11, 0x03, 0x11,
    0x03, 0x11, 0x03, 0x11, 0x03, 0x11, 0x03, 0x11, 0x6b, 0x55, 0x6b, 0x55, 0x6b, 0x55, 0x6b, 0x55, 0x6b, 0x55, 0x6b, 0x55, 0x6b, 0x55, 0x6b, 0x55,
    0x6b, 0x55, 0x6b, 0x55, 0x6b, 0x55, 0x6b, 0x55, 0x6b, 0x55, 0x6b, 0x55, 0x6b, 0x55, 0x6b, 0x55, 0x6b, 0x55, 0x6b, 0x55, 0x6b, 0x55, 0x6b, 0x55,
    0x6b, 0x55, 0x6b, 0x55, 0x6b, 0x55, 0x6b, 0x55, 0x6b, 0x55, 0x6b, 0x55, 0x6b, 0x55, 0x6b, 0x55, 0x03, 0x11, 0x03, 0x11, 0x03, 0x11, 0x03, 0x11,
    0x03, 0x11, 0x03, 0x11, 0x03, 0x11, 0x03, 0x11, 0x03, 0x11, 0x03, 0x11, 0x03, 0x11, 0x03, 0x11, 0x03, 0x11, 0x03, 0x11, 0x03, 0x11, 0x03, 0x11,
    0x03, 0x11, 0x03, 0x11, 0x03, 0x11, 0x03, 0x11, 0x03, 0x11, 0x03, 0x11, 0x03, 0x11, 0x03, 0x11, 0x03, 0x11, 0x03, 0x11, 0x03, 0x11, 0x03, 0x11,
    0x03, 0x11, 0x03, 0x11, 0x03, 0x11, 0x03, 0x11, 0x03, 0x11, 0x03, 0x11, 0x03, 0x11, 0x03, 0x11, 0x03, 0x11, 0x03, 0x11, 0x03, 0x11, 0x03, 0x11,
    0x03, 0x11, 0x03, 0x11, 0x03, 0x11, 0x03, 0x11, 0x03, 0x11, 0x03, 0x11, 0x03, 0x11, 0x03, 0x11, 0x03, 0x11, 0x03, 0x11, 0x03, 0x11, 0x03, 0x11,
    0x6b, 0x55, 0x6b, 0x55, 0x6b, 0x55, 0x6b, 0x55, 0x6b, 0x55, 0x6b, 0x55, 0x6b, 0x55, 0x6b, 0x55, 0x6b, 0x55, 0x6b, 0x55, 0x6b, 0x55, 0x6b, 0x55,
    0x6b, 0x55, 0x6b, 0x55, 0x6b, 0x55, 0x6b, 0x55, 0x6b, 0x55, 0x6b, 0x55, 0x6b, 0x55, 0x6b, 0x55, 0x6b, 0x55, 0x6b, 0x55, 0x6b, 0x55, 0x6b, 0x55,
    0x6b, 0x55, 0x6b, 0x55, 0x6b, 0x55, 0x6b, 0x55, 0x03, 0x11, 0x03, 0x11, 0x03, 0x11, 0x03, 0x11, 0x03, 0x11, 0x03, 0x11, 0x03, 0x11, 0x03, 0x11,
    0x03, 0x11, 0x03, 0x11, 0x03, 0x11, 0x03, 0x11, 0x03, 0x11, 0x03, 0x11, 0x03, 0x11, 0x03, 0x11, 0x03, 0x11, 0x03, 0x11, 0x03, 0x11, 0x03, 0x11,
    0x03, 0x11, 0x03, 0x11, 0x03, 0x11, 0x03, 0x11, 0x03, 0x11, 0x03, 0x11, 0x03, 0x11, 0x03, 0x11, 0x03, 0x11, 0x03, 0x11, 0x03, 0x11, 0x03, 0x11,
    0x03, 0x11, 0x03, 0x11, 0x03, 0x11, 0x03, 0x11, 0x03, 0x11, 0x03, 0x11, 0x03, 0x11, 0x03, 0x11, 0x03, 0x11, 0x03, 0x11, 0x03, 0x11, 0x03, 0x11,
    0x03, 0x11, 0x03, 0x11, 0x03, 0x11, 0x03, 0x11, 0x03, 0x11, 0x03, 0x11, 0x03, 0x11, 0x03, 0x11, 0x6b, 0x55, 0x6b, 0x55, 0x6b, 0x55, 0x6b, 0x55,
    0x6b, 0x55, 0x6b, 0x55, 0x6b, 0x55, 0x6b, 0x55, 0x6b, 0x55, 0x6b, 0x55, 0x6b, 0x55, 0x6b, 0x55, 0x6b, 0x55, 0x6b, 0x55, 0x6b, 0x55, 0x6b, 0x55,
    0x6b, 0x55, 0x6b, 0x55, 0x6b, 0x55, 0x6b, 0x55, 0x6b, 0x55, 0x6b, 0x55, 0x6b, 0x55, 0x6b, 0x55, 0x6b, 0x55, 0x6b, 0x55, 0x6b, 0x55, 0x6b, 0x55,
    0x03, 0x11, 0x03, 0x11, 0x03, 0x11, 0x03, 0x11, 0x03, 0x11, 0x03, 0x11, 0x03, 0x11, 0x03, 0x11, 0x03, 0x11, 0x03, 0x11, 0x03, 0x11, 0x03, 0x11,
    0x03, 0x11, 0x03, 0x11, 0x03, 0x11, 0x03, 0x11, 0x03, 0x11, 0x03, 0x11, 0x03, 0x11, 0x03, 0x11, 0x03, 0x11, 0x03, 0x11, 0x03, 0x11, 0x03, 0x11,
    0x03, 0x11, 0x03, 0x11, 0x03, 0x11, 0x03, 0x11, 0x03, 0x11, 0x03, 0x11, 0x03, 0x11, 0x03, 0x11, 0x03, 0x11, 0x03, 0x11, 0x03, 0x11, 0x03, 0x11,
    0x03, 0x11, 0x03, 0x11, 0x03, 0x11, 0x03, 0x11, 0x03, 0x11, 0x03, 0x11, 0x03, 0x11, 0x03, 0x11, 0x03, 0x11, 0x03, 0x11, 0x03, 0x11, 0x03, 0x11,
    0x03, 0x11, 0x03, 0x11, 0x03, 0x11, 0x03, 0x11, 0x6b, 0x55, 0x6b, 0x55, 0x6b, 0x55, 0x6b, 0x55, 0x6b, 0x55, 0x6b, 0x55, 0x6b, 0x55, 0x6b, 0x55,
    0x6b, 0x55, 0x6b, 0x55, 0x6b, 0x55, 0x6b, 0x55, 0x6b, 0x55, 0x6b, 0x55, 0x6b, 0x55, 0x6b, 0x55, 0x6b, 0x55, 0x6b, 0x55, 0x6b, 0x55, 0x6b, 0x55,
    0x6b, 0x55, 0x6b, 0x55, 0x6b, 0x55, 0x6b, 0x55, 0x6b, 0x55, 0x6b, 0x55, 0x6b, 0x55, 0x6b, 0x55, 0x03, 0x11, 0x03, 0x11, 0x03, 0x11, 0x03, 0x11,
    0x03, 0x11, 0x03, 0x11, 0x03, 0x11, 0x03, 0x11, 0x03, 0x11, 0x03, 0x11, 0x03, 0x11, 0x03, 0x11, 0x03, 0x11, 0x03, 0x11, 0x03, 0x11, 0x03, 0x11,
    0x03, 0x11, 0x03, 0x11, 0x03, 0x11, 0x03, 0x11, 0x03, 0x11, 0x03, 0x11, 0x03, 0x11, 0x03, 0x11, 0x03, 0x11, 0x03, 0x11, 0x03, 0x11, 0x03, 0x11,
    0x03, 0x11, 0x03, 0x11, 0x03, 0x11, 0x03, 0x11, 0x03, 0x11, 0x03, 0x11, 0x03, 0x11, 0x03, 0x11, 0x03, 0x11, 0x03, 0x11, 0x03, 0x11, 0x03, 0x11,
    0x03, 0x11, 0x03, 0x11, 0x03, 0x11, 0x03, 0x11, 0x03, 0x11, 0x03, 0x11, 0x03, 0x11, 0x03, 0x11, 0x03, 0x11, 0x03, 0x11, 0x03, 0x11, 0x03, 0x11,
    0x6b, 0x55, 0x6b, 0x55, 0x6b, 0x55, 0x6b, 0x55, 0x6b, 0x55, 0x6b, 0x55, 0x6b, 0x55, 0x6b, 0x55, 0x6b, 0x55, 0x6b, 0x55, 0x6b, 0x55, 0x6b, 0x55,
    0x6b, 0x55, 0x6b, 0x55, 0x6b, 0x55, 0x6b, 0x55, 0x6b, 0x55, 0x6b, 0x55, 0x6b, 0x55, 0x6b, 0x55, 0x6b, 0x55, 0x6b, 0x55, 0x6b, 0x55, 0x6b, 0x55,
    0x6b, 0x55, 0x6b, 0x55, 0x6b, 0x55, 0x6b, 0x55, 0x03, 0x11, 0x03, 0x11, 0x03, 0x11, 0x03, 0x11, 0x03, 0x11, 0x03, 0x11, 0x03, 0x11, 0x03, 0x11,
    0x03, 0x11, 0x03, 0x11, 0x03, 0x11, 0x03, 0x11, 0x03, 0x11, 0x03, 0x11, 0x03, 0x11, 0x03, 0x11, 0x03, 0x11, 0x03, 0x11, 0x03, 0x11, 0x03, 0x11,
    0x03, 0x11, 0x03, 0x11, 0x03, 0x11, 0x03, 0x11, 0x03, 0x11, 0x03, 0x11, 0x03, 0x11, 0x03, 0x11, 0x03, 0x11, 0x03, 0x11, 0x03, 0x11, 0x03, 0x11,
    0x03, 0x11, 0x03, 0x11, 0x03, 0x11, 0x03, 0x11, 0x03, 0x11, 0x03, 0x11, 0x03, 0x11, 0x03, 0x11, 0x03, 0x11, 0x03, 0x11, 0x03, 0x11, 0x03, 0x11,
    0x03, 0x11, 0x03, 0x11, 0x03, 0x11, 0x03, 0x11, 0x03, 0x11, 0x03, 0x11, 0x03, 0x11, 0x03, 0x11, 0x6b, 0x55, 0x6b, 0x55, 0x6b, 0x55, 0x6b, 0x55,
    0x6b, 0x55, 0x6b, 0x55, 0x6b, 0x55, 0x6b, 0x55, 0x6b, 0x55, 0x6b, 0x55, 0x6b, 0x55, 0x6b, 0x55, 0x6b, 0x55, 0x6b, 0x55, 0x6b, 0x55, 0x6b, 0x55,
    0x6b, 0x55, 0x6b, 0x55, 0x6b, 0x55, 0x6b, 0x55, 0x6b, 0x55, 0x6b, 0x55, 0x6b, 0x55, 0x6b, 0x55, 0x6b, 0x55, 0x6b, 0x55, 0xc2, 0x10, 0xc2, 0x10,
    0xc2, 0x10, 0xc2, 0x10, 0xc2, 0x10, 0xc2, 0x10, 0x03, 0x11, 0x03, 0x11, 0x03, 0x11, 0x03, 0x11, 0x03, 0x11, 0x03, 0x11, 0x03, 0x11, 0x03, 0x11,
    0x03, 0x11, 0x03, 0x11, 0x03, 0x11, 0x03, 0x11, 0x03, 0x11, 0x03, 0x11, 0x03, 0x11, 0x03, 0x11, 0x03, 0x11, 0x03, 0x11, 0x03, 0x11, 0x03, 0x11,
    0x03, 0x11, 0x03, 0x11, 0x03, 0x11, 0x03, 0x11, 0x03, 0x11, 0x03, 0x11, 0x03, 0x11, 0x03, 0x11, 0x03, 0x11, 0x03, 0x11, 0x03, 0x11, 0x03, 0x11,
    0x03, 0x11, 0x03, 0x11, 0x03, 0x11, 0x03, 0x11, 0x03, 0x11, 0x03, 0x11, 0x03, 0x11, 0x03, 0x11, 0x03, 0x11, 0x03, 0x11, 0x03, 0x11, 0x03, 0x11,
    0x03, 0x11, 0x03, 0x11, 0x03, 0x11, 0x03, 0x11, 0x6b, 0x55, 0x6b, 0x55, 0x6b, 0x55, 0x6b, 0x55, 0x6b, 0x55, 0x6b, 0x55, 0x6b, 0x55, 0x6b, 0x55,
    0x6b, 0x55, 0x6b, 0x55, 0x6b, 0x55, 0x6b, 0x55, 0x6b, 0x55, 0x6b, 0x55, 0x6b, 0x55, 0x6b, 0x55, 0x6b, 0x55, 0x6b, 0x55, 0x6b, 0x55, 0x6b, 0x55,
    0x6b, 0x55, 0x6b, 0x55, 0x6b, 0x55, 0x6b, 0x55, 0x6b, 0x55, 0x6b, 0x55, 0xc2, 0x10, 0xc2, 0x10, 0xc2, 0x10, 0xc2, 0x10, 0xc2, 0x10, 0xc2, 0x10,
    0x03, 0x11, 0x03, 0x11, 0x03, 0x11, 0x03, 0x11, 0x03, 0x11, 0x03, 0x11, 0x03, 0x11, 0x03, 0x11, 0x03, 0x11, 0x03, 0x11, 0x03, 0x11, 0x03, 0x11,
    0x03, 0x11, 0x03, 0x11, 0x03, 0x11, 0x03, 0x11, 0x03, 0x11, 0x03, 0x11, 0x03, 0x11, 0x03, 0x11, 0x03, 0x11, 0x03, 0x11, 0x6b, 0x55, 0x6b, 0x55,
    0x6b, 0x55, 0x6b, 0x55, 0x6b, 0x55, 0x6b, 0x55, 0x6b, 0x55, 0x6b, 0x55, 0x6b, 0x55, 0x6b, 0x55, 0x6b, 0x55, 0x6b, 0x55, 0x6b, 0x55, 0x6b, 0x55,
    0x6b, 0x55, 0x6b, 0x55, 0x6b, 0x55, 0x6b, 0x55, 0x6b, 0x55, 0x6b, 0x55, 0x6b, 0x55, 0x6b, 0x55, 0x6b, 0x55, 0x6b, 0x55, 0x6b, 0x55, 0x6b, 0x55,
    0x6b, 0x55, 0x6b, 0x55, 0x6b, 0x55, 0x6b, 0x55, 0x6b, 0x55, 0x6b, 0x55, 0xc2, 0x10, 0xc2, 0x10, 0xc2, 0x10, 0xc2, 0x10, 0xc2, 0x10, 0xc2, 0x10,
    0xc2, 0x10, 0xc2, 0x10, 0x6b, 0x55, 0x6b, 0x55, 0x6b, 0x55, 0x6b, 0x55, 0xc2, 0x10, 0xc2, 0x10, 0xc2, 0x10, 0xc2, 0x10, 0xc2, 0x10, 0xc2, 0x10,
    0xc2, 0x10, 0xc2, 0x10, 0xf5, 0xee, 0xf5, 0xee, 0xf5, 0xee, 0xf5, 0xee, 0xf5, 0xee, 0xf5, 0xee, 0xc2, 0x10, 0xc2, 0x10, 0x03, 0x11, 0x03, 0x11,
    0x03, 0x11, 0x03, 0x11, 0x03, 0x11, 0x03, 0x11, 0x03, 0x11, 0x03, 0x11, 0x03, 0x11, 0x03, 0x11, 0x03, 0x11, 0x03, 0x11, 0x03, 0x11, 0x03, 0x11,
    0x03, 0x11, 0x03, 0x11, 0x03, 0x11, 0x03, 0x11, 0x03, 0x11, 0x03, 0x11, 0x6b, 0x55, 0x6b, 0x55, 0x6b, 0x55, 0x6b, 0x55, 0x6b, 0x55, 0x6b, 0x55,
    0x6b, 0x55, 0x6b, 0x55, 0x6b, 0x55, 0x6b, 0x55, 0x6b, 0x55, 0x6b, 0x55, 0x6b, 0x55, 0x6b, 0x55, 0x6b, 0x55, 0x6b, 0x55, 0x6b, 0x55, 0x6b, 0x55,
    0x6b, 0x55, 0x6b, 0x55, 0x6b, 0x55, 0x6b, 0x55, 0x6b, 0x55, 0x6b, 0x55, 0x6b, 0x55, 0x6b, 0x55, 0x6b, 0x55, 0x6b, 0x55, 0x6b, 0x55, 0x6b, 0x55,
    0x6b, 0x55, 0x6b, 0x55, 0xc2, 0x10, 0xc2, 0x10, 0xc2, 0x10, 0xc2, 0x10, 0xc2, 0x10, 0xc2, 0x10, 0xc2, 0x10, 0xc2, 0x10, 0x6b, 0x55, 0x6b, 0x55,
    0x6b, 0x55, 0x6b, 0x55, 0xc2, 0x10, 0xc2, 0x10, 0xc2, 0x10, 0xc2, 0x10, 0xc2, 0x10, 0xc2, 0x10, 0xc2, 0x10, 0xc2, 0x10, 0xf5, 0xee, 0xf5, 0xee,
    0xf5, 0xee, 0xf5, 0xee, 0xf5, 0xee, 0xf5, 0xee, 0xc2, 0x10, 0xc2, 0x10, 0x03, 0x11, 0x03, 0x11, 0x03, 0x11, 0x03, 0x11, 0x03, 0x11, 0x03, 0x11,
    0x03, 0x11, 0x03, 0x11, 0x03, 0x11, 0x03, 0x11, 0x03, 0x11, 0x03, 0x11, 0x03, 0x11, 0x03, 0x11, 0x03, 0x11, 0x03, 0x11, 0x03, 0x11, 0x03, 0x11,
    0x03, 0x11, 0x03, 0x11, 0x6b, 0x55, 0x6b, 0x55, 0x6b, 0x55, 0x6b, 0x55, 0x6b, 0x55, 0x6b, 0x55, 0x6b, 0x55, 0x6b, 0x55, 0x6b, 0x55, 0x6b, 0x55,
    0x6b, 0x55, 0x6b, 0x55, 0x6b, 0x55, 0x6b, 0x55, 0x6b, 0x55, 0x6b, 0x55, 0x6b, 0x55, 0x6b, 0x55, 0x6b, 0x55, 0x6b, 0x55, 0x6b, 0x55, 0x6b, 0x55,
    0x6b, 0x55, 0x6b, 0x55, 0x6b, 0x55, 0x6b, 0x55, 0x6b, 0x55, 0x6b, 0x55, 0x6b, 0x55, 0x6b, 0x55, 0x6b, 0x55, 0x6b, 0x55, 0xc2, 0x10, 0xc2, 0x10,
    0xc2, 0x10, 0xc2, 0x10, 0xc2, 0x10, 0xc2, 0x10, 0xc2, 0x10, 0xc2, 0x10, 0x6b, 0x55, 0x6b, 0x55, 0x6b, 0x55, 0x6b, 0x55, 0xc2, 0x10, 0xc2, 0x10,
    0xc2, 0x10, 0xc2, 0x10, 0xc2, 0x10, 0xc2, 0x10, 0xc2, 0x10, 0xc2, 0x10, 0xf5, 0xee, 0xf5, 0xee, 0xf5, 0xee, 0xf5, 0xee, 0xf5, 0xee, 0xf5, 0xee,
    0xc2, 0x10, 0xc2, 0x10, 0x03, 0x11, 0x03, 0x11, 0x03, 0x11, 0x03, 0x11, 0x03, 0x11, 0x03, 0x11, 0x03, 0x11, 0x03, 0x11, 0x03, 0x11, 0x03, 0x11,
    0x03, 0x11, 0x03, 0x11, 0x03, 0x11, 0x03, 0x11, 0x03, 0x11, 0x03, 0x11, 0x03, 0x11, 0x03, 0x11, 0x03, 0x11, 0x03, 0x11, 0x6b, 0x55, 0x6b, 0x55,
    0x6b, 0x55, 0x6b, 0x55, 0x6b, 0x55, 0x6b, 0x55, 0x6b, 0x55, 0x6b, 0x55, 0x6b, 0x55, 0x6b, 0x55, 0x6b, 0x55, 0x6b, 0x55, 0x6b, 0x55, 0x6b, 0x55,
    0x6b, 0x55, 0x6b, 0x55, 0x6b, 0x55, 0x6b, 0x55, 0x6b, 0x55, 0x6b, 0x55, 0x6b, 0x55, 0x6b, 0x55, 0x6b, 0x55, 0x6b, 0x55, 0x6b, 0x55, 0x6b, 0x55,
    0x6b, 0x55, 0x6b, 0x55, 0x6b, 0x55, 0x6b, 0x55, 0x6b, 0x55, 0x6b, 0x55, 0xc2, 0x10, 0xc2, 0x10, 0xc2, 0x10, 0xc2, 0x10, 0xc2, 0x10, 0xc2, 0x10,
    0xc2, 0x10, 0xc2, 0x10, 0x6b, 0x55, 0x6b, 0x55, 0x6b, 0x55, 0x6b, 0x55, 0xc2, 0x10, 0xc2, 0x10, 0xc2, 0x10, 0xc2, 0x10, 0xc2, 0x10, 0xc2, 0x10,
    0xc2, 0x10, 0xc2, 0x10, 0xf5, 0xee, 0xf5, 0xee, 0xf5, 0xee, 0xf5, 0xee, 0xf5, 0xee, 0xf5, 0xee, 0xc2, 0x10, 0xc2, 0x10, 0x03, 0x11, 0x03, 0x11,
    0x03, 0x11, 0x03, 0x11, 0x03, 0x11, 0x03, 0x11, 0x03, 0x11, 0x03, 0x11, 0x03, 0x11, 0x03, 0x11, 0x03, 0x11, 0x03, 0x11, 0x03, 0x11, 0x03, 0x11,
    0x27, 0x2b, 0x27, 0x2b, 0x27, 0x2b, 0x27, 0x2b, 0x27, 0x2b, 0x27, 0x2b, 0x6b, 0x55, 0x6b, 0x55, 0x6b, 0x55, 0x6b, 0x55, 0x6b, 0x55, 0x6b, 0x55,
    0x6b, 0x55, 0x6b, 0x55, 0x6b, 0x55, 0x6b, 0x55, 0x6b, 0x55, 0x6b, 0x55, 0x6b, 0x55, 0x6b, 0x55, 0x6b, 0x55, 0x6b, 0x55, 0x6b, 0x55, 0x6b, 0x55,
    0x6b, 0x55, 0x6b, 0x55, 0x6b, 0x55, 0x6b, 0x55, 0x6b, 0x55, 0x6b, 0x55, 0x6b, 0x55, 0x6b, 0x55, 0x6b, 0x55, 0x6b, 0x55, 0x6b, 0x55, 0x6b, 0x55,
    0x6b, 0x55, 0x6b, 0x55, 0x6b, 0x55, 0x6b, 0x55, 0x6b, 0x55, 0x6b, 0x55, 0x6b, 0x55, 0x6b, 0x55, 0x6b, 0x55, 0x6b, 0x55, 0x6b, 0x55, 0x6b, 0x55,
    0x6b, 0x55, 0x6b, 0x55, 0x6b, 0x55, 0x6b, 0x55, 0x6b, 0x55, 0x6b, 0x55, 0x6b, 0x55, 0x6b, 0x55, 0xc2, 0x10, 0xc2, 0x10, 0xf5, 0xee, 0xf5, 0xee,
    0xf5, 0xee, 0xf5, 0xee, 0xf5, 0xee, 0xf5, 0xee, 0xc2, 0x10, 0xc2, 0x10, 0x03, 0x11, 0x03, 0x11, 0x03, 0x11, 0x03, 0x11, 0x03, 0x11, 0x03, 0x11,
    0x03, 0x11, 0x03, 0x11, 0x03, 0x11, 0x03, 0x11, 0x03, 0x11, 0x03, 0x11, 0x03, 0x11, 0x03, 0x11, 0x27, 0x2b, 0x27, 0x2b, 0x27, 0x2b, 0x27, 0x2b,
    0x27, 0x2b, 0x27, 0x2b, 0x6b, 0x55, 0x6b, 0x55, 0x6b, 0x55, 0x6b, 0x55, 0x6b, 0x55, 0x6b, 0x55, 0x6b, 0x55, 0x6b, 0x55, 0x6b, 0x55, 0x6b, 0x55,
    0x6b, 0x55, 0x6b, 0x55, 0x6b, 0x55, 0x6b, 0x55, 0x6b, 0x55, 0x6b, 0x55, 0x6b, 0x55, 0x6b, 0x55, 0x6b, 0x55, 0x6b, 0x55, 0x6b, 0x55, 0x6b, 0x55,
    0x6b, 0x55, 0x6b, 0x55, 0x6b, 0x55, 0x6b, 0x55, 0x6b, 0x55, 0x6b, 0x55, 0x6b, 0x55, 0x6b, 0x55, 0x6b, 0x55, 0x6b, 0x55, 0x6b, 0x55, 0x6b, 0x55,
    0x6b, 0x55, 0x6b, 0x55, 0x6b, 0x55, 0x6b, 0x55, 0x6b, 0x55, 0x6b, 0x55, 0x6b, 0x55, 0x6b, 0x55, 0x6b, 0x55, 0x6b, 0x55, 0x6b, 0x55, 0x6b, 0x55,
    0x6b, 0x55, 0x6b, 0x55, 0x6b, 0x55, 0x6b, 0x55, 0xc2, 0x10, 0xc2, 0x10, 0xf5, 0xee, 0xf5, 0xee, 0xf5, 0xee, 0xf5, 0xee, 0xf5, 0xee, 0xf5, 0xee,
    0xc2, 0x10, 0xc2, 0x10, 0x03, 0x11, 0x03, 0x11, 0x03, 0x11, 0x03, 0x11, 0x03, 0x11, 0x03, 0x11, 0x03, 0x11, 0x03, 0x11, 0x03, 0x11, 0x03, 0x11,
    0x03, 0x11, 0x03, 0x11, 0x03, 0x11, 0x03, 0x11, 0x27, 0x2b, 0x27, 0x2b, 0x27, 0x2b, 0x27, 0x2b, 0x27, 0x2b, 0x27, 0x2b, 0x6b, 0x55, 0x6b, 0x55,
    0x6b, 0x55, 0x6b, 0x55, 0x6b, 0x55, 0x6b, 0x55, 0x6b, 0x55, 0x6b, 0x55, 0x6b, 0x55, 0x6b, 0x55, 0x6b, 0x55, 0x6b, 0x55, 0x6b, 0x55, 0x6b, 0x55,
    0x6b, 0x55, 0x6b, 0x55, 0x6b, 0x55, 0x6b, 0x55, 0x6b, 0x55, 0x6b, 0x55, 0x6b, 0x55, 0x6b, 0x55, 0x6b, 0x55, 0x6b, 0x55, 0x6b, 0x55, 0x6b, 0x55,
    0x6b, 0x55, 0x6b, 0x55, 0x6b, 0x55, 0x6b, 0x55, 0x6b, 0x55, 0x6b, 0x55, 0x6b, 0x55, 0x6b, 0x55, 0x6b, 0x55, 0x6b, 0x55, 0x6b, 0x55, 0x6b, 0x55,
    0x6b, 0x55, 0x6b, 0x55, 0x6b, 0x55, 0x6b, 0x55, 0x6b, 0x55, 0x6b, 0x55, 0x6b, 0x55, 0x6b, 0x55, 0x6b, 0x55, 0x6b, 0x55, 0x6b, 0x55, 0x6b, 0x55,
    0x6b, 0x55, 0x6b, 0x55, 0xc2, 0x10, 0xc2, 0x10, 0xc2, 0x10, 0xc2, 0x10, 0xc2, 0x10, 0xc2, 0x10, 0x03, 0x11, 0x03, 0x11, 0x03, 0x11, 0x03, 0x11,
    0x03, 0x11, 0x03, 0x11, 0x03, 0x11, 0x03, 0x11, 0x03, 0x11, 0x03, 0x11, 0x03, 0x11, 0x03, 0x11, 0x03, 0x11, 0x03, 0x11, 0x03, 0x11, 0x03, 0x11,
    0x27, 0x2b, 0x27, 0x2b, 0x27, 0x2b, 0x27, 0x2b, 0x27, 0x2b, 0x27, 0x2b, 0x6b, 0x55, 0x6b, 0x55, 0x6b, 0x55, 0x6b, 0x55, 0x6b, 0x55, 0x6b, 0x55,
    0x6b, 0x55, 0x6b, 0x55, 0x6b, 0x55, 0x6b, 0x55, 0x6b, 0x55, 0x6b, 0x55, 0x6b, 0x55, 0x6b, 0x55, 0x6b, 0x55, 0x6b, 0x55, 0x6b, 0x55, 0x6b, 0x55,
    0x6b, 0x55, 0x6b, 0x55, 0x6b, 0x55, 0x6b, 0x55, 0x6b, 0x55, 0x6b, 0x55, 0x6b, 0x55, 0x6b, 0x55, 0x6b, 0x55, 0x6b, 0x55, 0x6b, 0x55, 0x6b, 0x55,
    0x6b, 0x55, 0x6b, 0x55, 0x6b, 0x55, 0x6b, 0x55, 0x6b, 0x55, 0x6b, 0x55, 0x6b, 0x55, 0x6b, 0x55, 0x6b, 0x55, 0x6b, 0x55, 0x6b, 0x55, 0x6b, 0x55,
    0x6b, 0x55, 0x6b, 0x55, 0x6b, 0x55, 0x6b, 0x55, 0x6b, 0x55, 0x6b, 0x55, 0x6b, 0x55, 0x6b, 0x55, 0x6b, 0x55, 0x6b, 0x55, 0xc2, 0x10, 0xc2, 0x10,
    0xc2, 0x10, 0xc2, 0x10, 0xc2, 0x10, 0xc2, 0x10, 0x03, 0x11, 0x03, 0x11, 0x03, 0x11, 0x03, 0x11, 0x03, 0x11, 0x03, 0x11, 0x03, 0x11, 0x03, 0x11,
    0x03, 0x11, 0x03, 0x11, 0x03, 0x11, 0x03, 0x11, 0x03, 0x11, 0x03, 0x11, 0x03, 0x11, 0x03, 0x11, 0x27, 0x2b, 0x27, 0x2b, 0x27, 0x2b, 0x27, 0x2b,
    0x27, 0x2b, 0x27, 0x2b, 0x6b, 0x55, 0x6b, 0x55, 0x6b, 0x55, 0x6b, 0x55, 0x6b, 0x55, 0x6b, 0x55, 0x6b, 0x55, 0x6b, 0x55, 0x6b, 0x55, 0x6b, 0x55,
    0x6b, 0x55, 0x6b, 0x55, 0x6b, 0x55, 0x6b, 0x55, 0x6b, 0x55, 0x6b, 0x55, 0x6b, 0x55, 0x6b, 0x55, 0x6b, 0x55, 0x6b, 0x55, 0x6b, 0x55, 0x6b, 0x55,
    0x6b, 0x55, 0x6b, 0x55, 0x6b, 0x55, 0x6b, 0x55, 0x6b, 0x55, 0x6b, 0x55, 0x6b, 0x55, 0x6b, 0x55, 0x6b, 0x55, 0x6b, 0x55, 0x6b, 0x55, 0x6b, 0x55,
    0x6b, 0x55, 0x6b, 0x55, 0x6b, 0x55, 0x6b, 0x55, 0xce, 0x9e, 0xce, 0x9e, 0xce, 0x9e, 0xce, 0x9e, 0xce, 0x9e, 0xce, 0x9e, 0xce, 0x9e, 0xce, 0x9e,
    0xce, 0x9e, 0xce, 0x9e, 0xce, 0x9e, 0xce, 0x9e, 0xce, 0x9e, 0xce, 0x9e, 0xce, 0x9e, 0xce, 0x9e, 0xce, 0x9e, 0xce, 0x9e, 0xce, 0x9e, 0xce, 0x9e,
    0x03, 0x11, 0x03, 0x11, 0x03, 0x11, 0x03, 0x11, 0x03, 0x11, 0x03, 0x11, 0x03, 0x11, 0x03, 0x11, 0x03, 0x11, 0x03, 0x11, 0x03, 0x11, 0x03, 0x11,
    0x03, 0x11, 0x03, 0x11, 0x03, 0x11, 0x03, 0x11, 0x27, 0x2b, 0x27, 0x2b, 0x27, 0x2b, 0x27, 0x2b, 0x27, 0x2b, 0x27, 0x2b, 0x6b, 0x55, 0x6b, 0x55,
    0x6b, 0x55, 0x6b, 0x55, 0x6b, 0x55, 0x6b, 0x55, 0x6b, 0x55, 0x6b, 0x55, 0x6b, 0x55, 0x6b, 0x55, 0x6b, 0x55, 0x6b, 0x55, 0x6b, 0x55, 0x6b, 0x55,
    0x6b, 0x55, 0x6b, 0x55, 0x6b, 0x55, 0x6b, 0x55, 0x6b, 0x55, 0x6b, 0x55, 0x6b, 0x55, 0x6b, 0x55, 0x6b, 0x55, 0x6b, 0x55, 0x6b, 0x55, 0x6b, 0x55,
    0x6b, 0x55, 0x6b, 0x55, 0x6b, 0x55, 0x6b, 0x55, 0x6b, 0x55, 0x6b, 0x55, 0x6b, 0x55, 0x6b, 0x55, 0x6b, 0x55, 0x6b, 0x55, 0x6b, 0x55, 0x6b, 0x55,
    0xce, 0x9e, 0xce, 0x9e, 0xce, 0x9e, 0xce, 0x9e, 0xce, 0x9e, 0xce, 0x9e, 0xce, 0x9e, 0xce, 0x9e, 0xce, 0x9e, 0xce, 0x9e, 0xce, 0x9e, 0xce, 0x9e,
    0xce, 0x9e, 0xce, 0x9e, 0xce, 0x9e, 0xce, 0x9e, 0xce, 0x9e, 0xce, 0x9e, 0xce, 0x9e, 0xce, 0x9e, 0x03, 0x11, 0x03, 0x11, 0x03, 0x11, 0x03, 0x11,
    0x03, 0x11, 0x03, 0x11, 0x03, 0x11, 0x03, 0x11, 0x03, 0x11, 0x03, 0x11, 0x03, 0x11, 0x03, 0x11, 0x03, 0x11, 0x03, 0x11, 0x03, 0x11, 0x03, 0x11,
    0x27, 0x2b, 0x27, 0x2b, 0x27, 0x2b, 0x27, 0x2b, 0x27, 0x2b, 0x27, 0x2b, 0x6b, 0x55, 0x6b, 0x55, 0x6b, 0x55, 0x6b, 0x55, 0x6b, 0x55, 0x6b, 0x55,
    0x6b, 0x55, 0x6b, 0x55, 0x6b, 0x55, 0x6b, 0x55, 0x6b, 0x55, 0x6b, 0x55, 0x6b, 0x55, 0x6b, 0x55, 0x6b, 0x55, 0x6b, 0x55, 0x6b, 0x55, 0x6b, 0x55,
    0x6b, 0x55, 0x6b, 0x55, 0x6b, 0x55, 0x6b, 0x55, 0x6b, 0x55, 0x6b, 0x55, 0x6b, 0x55, 0x6b, 0x55, 0x6b, 0x55, 0x6b, 0x55, 0x6b, 0x55, 0x6b, 0x55,
    0x6b, 0x55, 0x6b, 0x55, 0x6b, 0x55, 0x6b, 0x55, 0x6b, 0x55, 0x6b, 0x55, 0x6b, 0x55, 0x6b, 0x55, 0xce, 0x9e, 0xce, 0x9e, 0xce, 0x9e, 0xce, 0x9e,
    0xce, 0x9e, 0xce, 0x9e, 0xce, 0x9e, 0xce, 0x9e, 0xce, 0x9e, 0xce, 0x9e, 0xce, 0x9e, 0xce, 0x9e, 0xce, 0x9e, 0xce, 0x9e, 0xce, 0x9e, 0xce, 0x9e,
    0xce, 0x9e, 0xce, 0x9e, 0xce, 0x9e, 0xce, 0x9e, 0x03, 0x11, 0x03, 0x11, 0x03, 0x11, 0x03, 0x11, 0x03, 0x11, 0x03, 0x11, 0x03, 0x11, 0x03, 0x11,
    0x03, 0x11, 0x03, 0x11, 0x03, 0x11, 0x03, 0x11, 0x03, 0x11, 0x03, 0x11, 0x03, 0x11, 0x03, 0x11, 0x27, 0x2b, 0x27, 0x2b, 0x27, 0x2b, 0x27, 0x2b,
    0x27, 0x2b, 0x27, 0x2b, 0x6b, 0x55, 0x6b, 0x55, 0x6b, 0x55, 0x6b, 0x55, 0x6b, 0x55, 0x6b, 0x55, 0x6b, 0x55, 0x6b, 0x55, 0x6b, 0x55, 0x6b, 0x55,
    0x6b, 0x55, 0x6b, 0x55, 0x6b, 0x55, 0x6b, 0x55, 0x6b, 0x55, 0x6b, 0x55, 0x6b, 0x55, 0x6b, 0x55, 0x6b, 0x55, 0x6b, 0x55, 0x6b, 0x55, 0x6b, 0x55,
    0x6b, 0x55, 0x6b, 0x55, 0x6b, 0x55, 0x6b, 0x55, 0x6b, 0x55, 0x6b, 0x55, 0x6b, 0x55, 0x6b, 0x55, 0x6b, 0x55, 0x6b, 0x55, 0x6b, 0x55, 0x6b, 0x55,
    0x6b, 0x55, 0x6b, 0x55, 0x6b, 0x55, 0x6b, 0x55, 0xce, 0x9e, 0xce, 0x9e, 0xce, 0x9e, 0xce, 0x9e, 0xce, 0x9e, 0xce, 0x9e, 0xce, 0x9e, 0xce, 0x9e,
    0xce, 0x9e, 0xce, 0x9e, 0xce, 0x9e, 0xce, 0x9e, 0xce, 0x9e, 0xce, 0x9e, 0xce, 0x9e, 0xce, 0x9e, 0xce, 0x9e, 0xce, 0x9e, 0xce, 0x9e, 0xce, 0x9e,
    0x03, 0x11, 0x03, 0x11, 0x03, 0x11, 0x03, 0x11, 0x03, 0x11, 0x03, 0x11, 0x03, 0x11, 0x03, 0x11, 0x03, 0x11, 0x03, 0x11, 0x03, 0x11, 0x03, 0x11,
    0x03, 0x11, 0x03, 0x11, 0x03, 0x11, 0x03, 0x11, 0x27, 0x2b, 0x27, 0x2b, 0x27, 0x2b, 0x27, 0x2b, 0x27, 0x2b, 0x27, 0x2b, 0x6b, 0x55, 0x6b, 0x55,
    0x6b, 0x55, 0x6b, 0x55, 0x6b, 0x55, 0x6b, 0x55, 0x6b, 0x55, 0x6b, 0x55, 0x6b, 0x55, 0x6b, 0x55, 0x6b, 0x55, 0x6b, 0x55, 0x6b, 0x55, 0x6b, 0x55,
    0x6b, 0x55, 0x6b, 0x55, 0x6b, 0x55, 0x6b, 0x55, 0x6b, 0x55, 0x6b, 0x55, 0x6b, 0x55, 0x6b, 0x55, 0x6b, 0x55, 0x6b, 0x55, 0x6b, 0x55, 0x6b, 0x55,
    0x6b, 0x55, 0x6b, 0x55, 0x6b, 0x55, 0x6b, 0x55, 0x6b, 0x55, 0x6b, 0x55, 0x6b, 0x55, 0x6b, 0x55, 0x6b, 0x55, 0x6b, 0x55, 0x6b, 0x55, 0x6b, 0x55,
    0xce, 0x9e, 0xce, 0x9e, 0xce, 0x9e, 0xce, 0x9e, 0xce, 0x9e, 0xce, 0x9e, 0xce, 0x9e, 0xce, 0x9e, 0xce, 0x9e, 0xce, 0x9e, 0xce, 0x9e, 0xce, 0x9e,
    0xce, 0x9e, 0xce, 0x9e, 0xce, 0x9e, 0xce, 0x9e, 0xce, 0x9e, 0xce, 0x9e, 0xce, 0x9e, 0xce, 0x9e, 0x03, 0x11, 0x03, 0x11, 0x03, 0x11, 0x03, 0x11,
    0x03, 0x11, 0x03, 0x11, 0x03, 0x11, 0x03, 0x11, 0x03, 0x11, 0x03, 0x11, 0x03, 0x11, 0x03, 0x11, 0x03, 0x11, 0x03, 0x11, 0x03, 0x11, 0x03, 0x11,
    0x27, 0x2b, 0x27, 0x2b, 0x27, 0x2b, 0x27, 0x2b, 0x27, 0x2b, 0x27, 0x2b, 0x6b, 0x55, 0x6b, 0x55, 0x6b, 0x55, 0x6b, 0x55, 0x6b, 0x55, 0x6b, 0x55,
    0x6b, 0x55, 0x6b, 0x55, 0x6b, 0x55, 0x6b, 0x55, 0x6b, 0x55, 0x6b, 0x55, 0x6b, 0x55, 0x6b, 0x55, 0x6b, 0x55, 0x6b, 0x55, 0x6b, 0x55, 0x6b, 0x55,
    0x6b, 0x55, 0x6b, 0x55, 0x6b, 0x55, 0x6b, 0x55, 0x6b, 0x55, 0x6b, 0x55, 0x6b, 0x55, 0x6b, 0x55, 0x6b, 0x55, 0x6b, 0x55, 0x6b, 0x55, 0x6b, 0x55,
    0x6b, 0x55, 0x6b, 0x55, 0x6b, 0x55, 0x6b, 0x55, 0x6b, 0x55, 0x6b, 0x55, 0x6b, 0x55, 0x6b, 0x55, 0xce, 0x9e, 0xce, 0x9e, 0xce, 0x9e, 0xce, 0x9e,
    0xce, 0x9e, 0xce, 0x9e, 0xce, 0x9e, 0xce, 0x9e, 0xce, 0x9e, 0xce, 0x9e, 0xce, 0x9e, 0xce, 0x9e, 0xce, 0x9e, 0xce, 0x9e, 0xce, 0x9e, 0xce, 0x9e,
    0xce, 0x9e, 0xce, 0x9e, 0xce, 0x9e, 0xce, 0x9e, 0x03, 0x11, 0x03, 0x11, 0x03, 0x11, 0x03, 0x11, 0x03, 0x11, 0x03, 0x11, 0x03, 0x11, 0x03, 0x11,
    0x03, 0x11, 0x03, 0x11, 0x03, 0x11, 0x03, 0x11, 0x03, 0x11, 0x03, 0x11, 0x03, 0x11, 0x03, 0x11, 0x27, 0x2b, 0x27, 0x2b, 0x27, 0x2b, 0x27, 0x2b,
    0x27, 0x2b, 0x27, 0x2b, 0x6b, 0x55, 0x6b, 0x55, 0x6b, 0x55, 0x6b, 0x55, 0x6b, 0x55, 0x6b, 0x55, 0x6b, 0x55, 0x6b, 0x55, 0x6b, 0x55, 0x6b, 0x55,
    0x6b, 0x55, 0x6b, 0x55, 0x6b, 0x55, 0x6b, 0x55, 0x6b, 0x55, 0x6b, 0x55, 0x6b, 0x55, 0x6b, 0x55, 0x6b, 0x55, 0x6b, 0x55, 0x6b, 0x55, 0x6b, 0x55,
    0x6b, 0x55, 0x6b, 0x55, 0x6b, 0x55, 0x6b, 0x55, 0x6b, 0x55, 0x6b, 0x55, 0x6b, 0x55, 0x6b, 0x55, 0x6b, 0x55, 0x6b, 0x55, 0x6b, 0x55, 0x6b, 0x55,
    0x6b, 0x55, 0x6b, 0x55, 0x6b, 0x55, 0x6b, 0x55, 0xce, 0x9e, 0xce, 0x9e, 0xce, 0x9e, 0xce, 0x9e, 0xce, 0x9e, 0xce, 0x9e, 0xc2, 0x10, 0xc2, 0x10,
    0xc2, 0x10, 0xc2, 0x10, 0xc2, 0x10, 0xc2, 0x10, 0xc2, 0x10, 0xc2, 0x10, 0xc2, 0x10, 0xc2, 0x10, 0xce, 0x9e, 0xce, 0x9e, 0xce, 0x9e, 0xce, 0x9e,
    0x03, 0x11, 0x03, 0x11, 0x03, 0x11, 0x03, 0x11, 0x03, 0x11, 0x03, 0x11, 0x03, 0x11, 0x03, 0x11, 0x03, 0x11, 0x03, 0x11, 0x03, 0x11, 0x03, 0x11,
    0x03, 0x11, 0x03, 0x11, 0x03, 0x11, 0x03, 0x11, 0x27, 0x2b, 0x27, 0x2b, 0x27, 0x2b, 0x27, 0x2b, 0x27, 0x2b, 0x27, 0x2b, 0x6b, 0x55, 0x6b, 0x55,
    0x6b, 0x55, 0x6b, 0x55, 0x6b, 0x55, 0x6b, 0x55, 0x6b, 0x55, 0x6b, 0x55, 0x6b, 0x55, 0x6b, 0x55, 0x6b, 0x55, 0x6b, 0x55, 0x6b, 0x55, 0x6b, 0x55,
    0x6b, 0x55, 0x6b, 0x55, 0x6b, 0x55, 0x6b, 0x55, 0x6b, 0x55, 0x6b, 0x55, 0x6b, 0x55, 0x6b, 0x55, 0x6b, 0x55, 0x6b, 0x55, 0x6b, 0x55, 0x6b, 0x55,
    0x6b, 0x55, 0x6b, 0x55, 0x6b, 0x55, 0x6b, 0x55, 0x6b, 0x55, 0x6b, 0x55, 0x6b, 0x55, 0x6b, 0x55, 0x6b, 0x55, 0x6b, 0x55, 0x6b, 0x55, 0x6b, 0x55,
    0xce, 0x9e, 0xce, 0x9e, 0xce, 0x9e, 0xce, 0x9e, 0xce, 0x9e, 0xce, 0x9e, 0xc2, 0x10, 0xc2, 0x10, 0xc2, 0x10, 0xc2, 0x10, 0xc2, 0x10, 0xc2, 0x10,
    0xc2, 0x10, 0xc2, 0x10, 0xc2, 0x10, 0xc2, 0x10, 0xce, 0x9e, 0xce, 0x9e, 0xce, 0x9e, 0xce, 0x9e, 0x03, 0x11, 0x03, 0x11, 0x03, 0x11, 0x03, 0x11,
    0x03, 0x11, 0x03, 0x11, 0x03, 0x11, 0x03, 0x11, 0x03, 0x11, 0x03, 0x11, 0x03, 0x11, 0x03, 0x11, 0x03, 0x11, 0x03, 0x11, 0x03, 0x11, 0x03, 0x11,
    0x27, 0x2b, 0x27, 0x2b, 0x27, 0x2b, 0x27, 0x2b, 0x27, 0x2b, 0x27, 0x2b, 0x6b, 0x55, 0x6b, 0x55, 0x6b, 0x55, 0x6b, 0x55, 0x6b, 0x55, 0x6b, 0x55,
    0x6b, 0x55, 0x6b, 0x55, 0x6b, 0x55, 0x6b, 0x55, 0x6b, 0x55, 0x6b, 0x55, 0x6b, 0x55, 0x6b, 0x55, 0x6b, 0x55, 0x6b, 0x55, 0x6b, 0x55, 0x6b, 0x55,
    0x6b, 0x55, 0x6b, 0x55, 0x6b, 0x55, 0x6b, 0x55, 0x6b, 0x55, 0x6b, 0x55, 0x6b, 0x55, 0x6b, 0x55, 0x6b, 0x55, 0x6b, 0x55, 0x6b, 0x55, 0x6b, 0x55,
    0x6b, 0x55, 0x6b, 0x55, 0x6b, 0x55, 0x6b, 0x55, 0x6b, 0x55, 0x6b, 0x55, 0x6b, 0x55, 0x6b, 0x55, 0xce, 0x9e, 0xce, 0x9e, 0xce, 0x9e, 0xce, 0x9e,
    0xce, 0x9e, 0xce, 0x9e, 0xc2, 0x10, 0xc2, 0x10, 0xc2, 0x10, 0xc2, 0x10, 0xc2, 0x10, 0xc2, 0x10, 0xc2, 0x10, 0xc2, 0x10, 0xc2, 0x10, 0xc2, 0x10,
    0xce, 0x9e, 0xce, 0x9e, 0xce, 0x9e, 0xce, 0x9e, 0x03, 0x11, 0x03, 0x11, 0x03, 0x11, 0x03, 0x11, 0x03, 0x11, 0x03, 0x11, 0x03, 0x11, 0x03, 0x11,
    0x03, 0x11, 0x03, 0x11, 0x03, 0x11, 0x03, 0x11, 0x03, 0x11, 0x03, 0x11, 0x03, 0x11, 0x03, 0x11, 0x27, 0x2b, 0x27, 0x2b, 0x27, 0x2b, 0x27, 0x2b,
    0x27, 0x2b, 0x27, 0x2b, 0x6b, 0x55, 0x6b, 0x55, 0x6b, 0x55, 0x6b, 0x55, 0x6b, 0x55, 0x6b, 0x55, 0x6b, 0x55, 0x6b, 0x55, 0x6b, 0x55, 0x6b, 0x55,
    0x6b, 0x55, 0x6b, 0x55, 0x6b, 0x55, 0x6b, 0x55, 0x6b, 0x55, 0x6b, 0x55, 0x6b, 0x55, 0x6b, 0x55, 0x6b, 0x55, 0x6b, 0x55, 0x6b, 0x55, 0x6b, 0x55,
    0x6b, 0x55, 0x6b, 0x55, 0x6b, 0x55, 0x6b, 0x55, 0x6b, 0x55, 0x6b, 0x55, 0x6b, 0x55, 0x6b, 0x55, 0x6b, 0x55, 0x6b, 0x55, 0x6b, 0x55, 0x6b, 0x55,
    0x6b, 0x55, 0x6b, 0x55, 0x6b, 0x55, 0x6b, 0x55, 0xce, 0x9e, 0xce, 0x9e, 0xce, 0x9e, 0xce, 0x9e, 0xce, 0x9e, 0xce, 0x9e, 0xc2, 0x10, 0xc2, 0x10,
    0xc2, 0x10, 0xc2, 0x10, 0xc2, 0x10, 0xc2, 0x10, 0xc2, 0x10, 0xc2, 0x10, 0xc2, 0x10, 0xc2, 0x10, 0xce, 0x9e, 0xce, 0x9e, 0xce, 0x9e, 0xce, 0x9e,
    0x03, 0x11, 0x03, 0x11, 0x03, 0x11, 0x03, 0x11, 0x03, 0x11, 0x03, 0x11, 0x03, 0x11, 0x03, 0x11, 0x03, 0x11, 0x03, 0x11, 0x03, 0x11, 0x03, 0x11,
    0x03, 0x11, 0x03, 0x11, 0x27, 0x2b, 0x27, 0x2b, 0x27, 0x2b, 0x27, 0x2b, 0x27, 0x2b, 0x27, 0x2b, 0x27, 0x2b, 0x27, 0x2b, 0x6b, 0x55, 0x6b, 0x55,
    0x6b, 0x55, 0x6b, 0x55, 0x6b, 0x55, 0x6b, 0x55, 0x6b, 0x55, 0x6b, 0x55, 0x6b, 0x55, 0x6b, 0x55, 0x6b, 0x55, 0x6b, 0x55, 0x6b, 0x55, 0x6b, 0x55,
    0x6b, 0x55, 0x6b, 0x55, 0x6b, 0x55, 0x6b, 0x55, 0x6b, 0x55, 0x6b, 0x55, 0x6b, 0x55, 0x6b, 0x55, 0x6b, 0x55, 0x6b, 0x55, 0x6b, 0x55, 0x6b, 0x55,
    0x6b, 0x55, 0x6b, 0x55, 0x6b, 0x55, 0x6b, 0x55, 0x6b, 0x55, 0x6b, 0x55, 0x6b, 0x55, 0x6b, 0x55, 0x6b, 0x55, 0x6b, 0x55, 0x6b, 0x55, 0x6b, 0x55,
    0xce, 0x9e, 0xce, 0x9e, 0xce, 0x9e, 0xce, 0x9e, 0xce, 0x9e, 0xce, 0x9e, 0xce, 0x9e, 0xce, 0x9e, 0xce, 0x9e, 0xce, 0x9e, 0xce, 0x9e, 0xce, 0x9e,
    0xce, 0x9e, 0xce, 0x9e, 0xce, 0x9e, 0xce, 0x9e, 0xce, 0x9e, 0xce, 0x9e, 0xce, 0x9e, 0xce, 0x9e, 0x03, 0x11, 0x03, 0x11, 0x03, 0x11, 0x03, 0x11,
    0x03, 0x11, 0x03, 0x11, 0x03, 0x11, 0x03, 0x11, 0x03, 0x11, 0x03, 0x11, 0x03, 0x11, 0x03, 0x11, 0x03, 0x11, 0x03, 0x11, 0x27, 0x2b, 0x27, 0x2b,
    0x27, 0x2b, 0x27, 0x2b, 0x27, 0x2b, 0x27, 0x2b, 0x27, 0x2b, 0x27, 0x2b, 0x6b, 0x55, 0x6b, 0x55, 0x6b, 0x55, 0x6b, 0x55, 0x6b, 0x55, 0x6b, 0x55,
    0x6b, 0x55, 0x6b, 0x55, 0x6b, 0x55, 0x6b, 0x55, 0x6b, 0x55, 0x6b, 0x55, 0x6b, 0x55, 0x6b, 0x55, 0x6b, 0x55, 0x6b, 0x55, 0x6b, 0x55, 0x6b, 0x55,
    0x6b, 0x55, 0x6b, 0x55, 0x6b, 0x55, 0x6b, 0x55, 0x6b, 0x55, 0x6b, 0x55, 0x6b, 0x55, 0x6b, 0x55, 0x6b, 0x55, 0x6b, 0x55, 0x6b, 0x55, 0x6b, 0x55,
    0x6b, 0x55, 0x6b, 0x55, 0x6b, 0x55, 0x6b, 0x55, 0x6b, 0x55, 0x6b, 0x55, 0x6b, 0x55, 0x6b, 0x55, 0xce, 0x9e, 0xce, 0x9e, 0xce, 0x9e, 0xce, 0x9e,
    0xce, 0x9e, 0xce, 0x9e, 0xce, 0x9e, 0xce, 0x9e, 0xce, 0x9e, 0xce, 0x9e, 0xce, 0x9e, 0xce, 0x9e, 0xce, 0x9e, 0xce, 0x9e, 0xce, 0x9e, 0xce, 0x9e,
    0xce, 0x9e, 0xce, 0x9e, 0xce, 0x9e, 0xce, 0x9e, 0x03, 0x11, 0x03, 0x11, 0x03, 0x11, 0x03, 0x11, 0x03, 0x11, 0x03, 0x11, 0x03, 0x11, 0x03, 0x11,
    0x27, 0x2b, 0x27, 0x2b, 0x27, 0x2b, 0x27, 0x2b, 0x27, 0x2b, 0x27, 0x2b, 0x27, 0x2b, 0x27, 0x2b, 0x27, 0x2b, 0x27, 0x2b, 0x27, 0x2b, 0x27, 0x2b,
    0x27, 0x2b, 0x27, 0x2b, 0x6b, 0x55, 0x6b, 0x55, 0x6b, 0x55, 0x6b, 0x55, 0xf5, 0xee, 0xf5, 0xee, 0xf5, 0xee, 0xf5, 0xee, 0xf5, 0xee, 0xf5, 0xee,
    0xf5, 0xee, 0xf5, 0xee, 0xf5, 0xee, 0xf5, 0xee, 0xf5, 0xee, 0xf5, 0xee, 0xf5, 0xee, 0xf5, 0xee, 0xf5, 0xee, 0xf5, 0xee, 0xf5, 0xee, 0xf5, 0xee,
    0xf5, 0xee, 0xf5, 0xee, 0x6b, 0x55, 0x6b, 0x55, 0x6b, 0x55, 0x6b, 0x55, 0x6b, 0x55, 0x6b, 0x55, 0x6b, 0x55, 0x6b, 0x55, 0x6b, 0x55, 0x6b, 0x55,
    0x6b, 0x55, 0x6b, 0x55, 0x6b, 0x55, 0x6b, 0x55, 0x6b, 0x55, 0x6b, 0x55, 0x6b, 0x55, 0x6b, 0x55, 0x27, 0x2b, 0x27, 0x2b, 0x27, 0x2b, 0x27, 0x2b,
    0x27, 0x2b, 0x27, 0x2b, 0x03, 0x11, 0x03, 0x11, 0x03, 0x11, 0x03, 0x11, 0x03, 0x11, 0x03, 0x11, 0x03, 0x11, 0x03, 0x11, 0x03, 0x11, 0x03, 0x11,
    0x03, 0x11, 0x03, 0x11, 0x03, 0x11, 0x03, 0x11, 0x03, 0x11, 0x03, 0x11, 0x03, 0x11, 0x03, 0x11, 0x27, 0x2b, 0x27, 0x2b, 0x27, 0x2b, 0x27, 0x2b,
    0x27, 0x2b, 0x27, 0x2b, 0x27, 0x2b, 0x27, 0x2b, 0x27, 0x2b, 0x27, 0x2b, 0x27, 0x2b, 0x27, 0x2b, 0x27, 0x2b, 0x27, 0x2b, 0x6b, 0x55, 0x6b, 0x55,
    0x6b, 0x55, 0x6b, 0x55, 0xf5, 0xee, 0xf5, 0xee, 0xf5, 0xee, 0xf5, 0xee, 0xf5, 0xee, 0xf5, 0xee, 0xf5, 0xee, 0xf5, 0xee, 0xf5, 0xee, 0xf5, 0xee,
    0xf5, 0xee, 0xf5, 0xee, 0xf5, 0xee, 0xf5, 0xee, 0xf5, 0xee, 0xf5, 0xee, 0xf5, 0xee, 0xf5, 0xee, 0xf5, 0xee, 0xf5, 0xee, 0x6b, 0x55, 0x6b, 0x55,
    0x6b, 0x55, 0x6b, 0x55, 0x6b, 0x55, 0x6b, 0x55, 0x6b, 0x55, 0x6b, 0x55, 0x6b, 0x55, 0x6b, 0x55, 0x6b, 0x55, 0x6b, 0x55, 0x6b, 0x55, 0x6b, 0x55,
    0x6b, 0x55, 0x6b, 0x55, 0x6b, 0x55, 0x6b, 0x55, 0x27, 0x2b, 0x27, 0x2b, 0x27, 0x2b, 0x27, 0x2b, 0x27, 0x2b, 0x27, 0x2b, 0x03, 0x11, 0x03, 0x11,
    0x03, 0x11, 0x03, 0x11, 0x03, 0x11, 0x03, 0x11, 0x03, 0x11, 0x03, 0x11, 0x03, 0x11, 0x03, 0x11, 0x03, 0x11, 0x03, 0x11, 0x03, 0x11, 0x03, 0x11,
    0x03, 0x11, 0x03, 0x11, 0x03, 0x11, 0x03, 0x11, 0x03, 0x11, 0x03, 0x11, 0x03, 0x11, 0x03, 0x11, 0x27, 0x2b, 0x27, 0x2b, 0x27, 0x2b, 0x27, 0x2b,
    0x27, 0x2b, 0x27, 0x2b, 0x27, 0x2b, 0x27, 0x2b, 0x27, 0x2b, 0x27, 0x2b, 0x6b, 0x55, 0x6b, 0x55, 0x6b, 0x55, 0x6b, 0x55, 0xf5, 0xee, 0xf5, 0xee,
    0xf5, 0xee, 0xf5, 0xee, 0xf5, 0xee, 0xf5, 0xee, 0xf5, 0xee, 0xf5, 0xee, 0xf5, 0xee, 0xf5, 0xee, 0xf5, 0xee, 0xf5, 0xee, 0xf5, 0xee, 0xf5, 0xee,
    0xf5, 0xee, 0xf5, 0xee, 0xf5, 0xee, 0xf5, 0xee, 0xf5, 0xee, 0xf5, 0xee, 0x6b, 0x55, 0x6b, 0x55, 0x6b, 0x55, 0x6b, 0x55, 0x6b, 0x55, 0x6b, 0x55,
    0x6b, 0x55, 0x6b, 0x55, 0x6b, 0x55, 0x6b, 0x55, 0x6b, 0x55, 0x6b, 0x55, 0x6b, 0x55, 0x6b, 0x55, 0x6b, 0x55, 0x6b, 0x55, 0x6b, 0x55, 0x6b, 0x55,
    0x27, 0x2b, 0x27, 0x2b, 0x27, 0x2b, 0x27, 0x2b, 0x27, 0x2b, 0x27, 0x2b, 0x03, 0x11, 0x03, 0x11, 0x03, 0x11, 0x03, 0x11, 0x03, 0x11, 0x03, 0x11,
    0x03, 0x11, 0x03, 0x11, 0x03, 0x11, 0x03, 0x11, 0x03, 0x11, 0x03, 0x11, 0x03, 0x11, 0x03, 0x11, 0x03, 0x11, 0x03, 0x11, 0x03, 0x11, 0x03, 0x11,
    0x03, 0x11, 0x03, 0x11, 0x03, 0x11, 0x03, 0x11, 0x27, 0x2b, 0x27, 0x2b, 0x27, 0x2b, 0x27, 0x2b, 0x27, 0x2b, 0x27, 0x2b, 0x27, 0x2b, 0x27, 0x2b,
    0x27, 0x2b, 0x27, 0x2b, 0x6b, 0x55, 0x6b, 0x55, 0x6b, 0x55, 0x6b, 0x55, 0xf5, 0xee, 0xf5, 0xee, 0xf5, 0xee, 0xf5, 0xee, 0xf5, 0xee, 0xf5, 0xee,
    0xf5, 0xee, 0xf5, 0xee, 0xf5, 0xee, 0xf5, 0xee, 0xf5, 0xee, 0xf5, 0xee, 0xf5, 0xee, 0xf5, 0xee, 0xf5, 0xee, 0xf5, 0xee, 0xf5, 0xee, 0xf5, 0xee,
    0xf5, 0xee, 0xf5, 0xee, 0x6b, 0x55, 0x6b, 0x55, 0x6b, 0x55, 0x6b, 0x55, 0x6b, 0x55, 0x6b, 0x55, 0x6b, 0x55, 0x6b, 0x55, 0x6b, 0x55, 0x6b, 0x55,
    0x6b, 0x55, 0x6b, 0x55, 0x6b, 0x55, 0x6b, 0x55, 0x6b, 0x55, 0x6b, 0x55, 0x6b, 0x55, 0x6b, 0x55, 0x27, 0x2b, 0x27, 0x2b, 0x27, 0x2b, 0x27, 0x2b,
    0x27, 0x2b, 0x27, 0x2b, 0x03, 0x11, 0x03, 0x11, 0x03, 0x11, 0x03, 0x11, 0x03, 0x11, 0x03, 0x11, 0x03, 0x11, 0x03, 0x11, 0x03, 0x11, 0x03, 0x11,
    0x03, 0x11, 0x03, 0x11, 0x03, 0x11, 0x03, 0x11, 0x03, 0x11, 0x03, 0x11, 0x03, 0x11, 0x03, 0x11, 0x03, 0x11, 0x03, 0x11, 0x03, 0x11, 0x03, 0x11,
    0x03, 0x11, 0x03, 0x11, 0x03, 0x11, 0x03, 0x11, 0x27, 0x2b, 0x27, 0x2b, 0x27, 0x2b, 0x27, 0x2b, 0x27, 0x2b, 0x27, 0x2b, 0x27, 0x2b, 0x27, 0x2b,
    0x27, 0x2b, 0x27, 0x2b, 0xf5, 0xee, 0xf5, 0xee, 0xf5, 0xee, 0xf5, 0xee, 0xf5, 0xee, 0xf5, 0xee, 0xf5, 0xee, 0xf5, 0xee, 0xf5, 0xee, 0xf5, 0xee,
    0xf5, 0xee, 0xf5, 0xee, 0xf5, 0xee, 0xf5, 0xee, 0xf5, 0xee, 0xf5, 0xee, 0xf5, 0xee, 0xf5, 0xee, 0xf5, 0xee, 0xf5, 0xee, 0x27, 0x2b, 0x27, 0x2b,
    0x27, 0x2b, 0x27, 0x2b, 0x27, 0x2b, 0x27, 0x2b, 0x27, 0x2b, 0x27, 0x2b, 0x27, 0x2b, 0x27, 0x2b, 0x27, 0x2b, 0x27, 0x2b, 0x27, 0x2b, 0x27, 0x2b,
    0x27, 0x2b, 0x27, 0x2b, 0x27, 0x2b, 0x27, 0x2b, 0x27, 0x2b, 0x27, 0x2b, 0x27, 0x2b, 0x27, 0x2b, 0x27, 0x2b, 0x27, 0x2b, 0x03, 0x11, 0x03, 0x11,
    0x03, 0x11, 0x03, 0x11, 0x03, 0x11, 0x03, 0x11, 0x03, 0x11, 0x03, 0x11, 0x03, 0x11, 0x03, 0x11, 0x03, 0x11, 0x03, 0x11, 0x03, 0x11, 0x03, 0x11,
    0x03, 0x11, 0x03, 0x11, 0x03, 0x11, 0x03, 0x11, 0x03, 0x11, 0x03, 0x11, 0x03, 0x11, 0x03, 0x11, 0x03, 0x11, 0x03, 0x11, 0x03, 0x11, 0x03, 0x11,
    0x27, 0x2b, 0x27, 0x2b, 0x27, 0x2b, 0x27, 0x2b, 0x27, 0x2b, 0x27, 0x2b, 0x27, 0x2b, 0x27, 0x2b, 0x27, 0x2b, 0x27, 0x2b, 0xf5, 0xee, 0xf5, 0xee,
    0xf5, 0xee, 0xf5, 0xee, 0xf5, 0xee, 0xf5, 0xee, 0xf5, 0xee, 0xf5, 0xee, 0xf5, 0xee, 0xf5, 0xee, 0xf5, 0xee, 0xf5, 0xee, 0xf5, 0xee, 0xf5, 0xee,
    0xf5, 0xee, 0xf5, 0xee, 0xf5, 0xee, 0xf5, 0xee, 0xf5, 0xee, 0xf5, 0xee, 0x27, 0x2b, 0x27, 0x2b, 0x27, 0x2b, 0x27, 0x2b, 0x27, 0x2b, 0x27, 0x2b,
    0x27, 0x2b, 0x27, 0x2b, 0x27, 0x2b, 0x27, 0x2b, 0x27, 0x2b, 0x27, 0x2b, 0x27, 0x2b, 0x27, 0x2b, 0x27, 0x2b, 0x27, 0x2b, 0x27, 0x2b, 0x27, 0x2b,
    0x27, 0x2b, 0x27, 0x2b, 0x27, 0x2b, 0x27, 0x2b, 0x27, 0x2b, 0x27, 0x2b, 0x03, 0x11, 0x03, 0x11, 0x03, 0x11, 0x03, 0x11, 0x03, 0x11, 0x03, 0x11,
    0x03, 0x11, 0x03, 0x11, 0x03, 0x11, 0x03, 0x11, 0x03, 0x11, 0x03, 0x11, 0x03, 0x11, 0x03, 0x11, 0x03, 0x11, 0x03, 0x11, 0x03, 0x11, 0x03, 0x11,
    0x03, 0x11, 0x03, 0x11, 0x03, 0x11, 0x03, 0x11, 0x03, 0x11, 0x03, 0x11, 0x03, 0x11, 0x03, 0x11, 0x27, 0x2b, 0x27, 0x2b, 0x27, 0x2b, 0x27, 0x2b,
    0x27, 0x2b, 0x27, 0x2b, 0x27, 0x2b, 0x27, 0x2b, 0x27, 0x2b, 0x27, 0x2b, 0xf5, 0xee, 0xf5, 0xee, 0xf5, 0xee, 0xf5, 0xee, 0xf5, 0xee, 0xf5, 0xee,
    0xf5, 0xee, 0xf5, 0xee, 0xf5, 0xee, 0xf5, 0xee, 0xf5, 0xee, 0xf5, 0xee, 0xf5, 0xee, 0xf5, 0xee, 0xf5, 0xee, 0xf5, 0xee, 0xf5, 0xee, 0xf5, 0xee,
    0xf5, 0xee, 0xf5, 0xee, 0x27, 0x2b, 0x27, 0x2b, 0x27, 0x2b, 0x27, 0x2b, 0x27, 0x2b, 0x27, 0x2b, 0x27, 0x2b, 0x27, 0x2b, 0x27, 0x2b, 0x27, 0x2b,
    0x27, 0x2b, 0x27, 0x2b, 0x27, 0x2b, 0x27, 0x2b, 0x27, 0x2b, 0x27, 0x2b, 0x27, 0x2b, 0x27, 0x2b, 0x27, 0x2b, 0x27, 0x2b, 0x27, 0x2b, 0x27, 0x2b,
    0x27, 0x2b, 0x27, 0x2b, 0x03, 0x11, 0x03, 0x11, 0x03, 0x11, 0x03, 0x11, 0x03, 0x11, 0x03, 0x11, 0x03, 0x11, 0x03, 0x11, 0x03, 0x11, 0x03, 0x11,
    0x03, 0x11, 0x03, 0x11, 0x03, 0x11, 0x03, 0x11, 0x03, 0x11, 0x03, 0x11, 0x03, 0x11, 0x03, 0x11, 0x03, 0x11, 0x03, 0x11, 0x03, 0x11, 0x03, 0x11,
    0x03, 0x11, 0x03, 0x11, 0x03, 0x11, 0x03, 0x11, 0x27, 0x2b, 0x27, 0x2b, 0x27, 0x2b, 0x27, 0x2b, 0x27, 0x2b, 0x27, 0x2b, 0x27, 0x2b, 0x27, 0x2b,
    0x27, 0x2b, 0x27, 0x2b, 0xf5, 0xee, 0xf5, 0xee, 0xf5, 0xee, 0xf5, 0xee, 0xf5, 0xee, 0xf5, 0xee, 0xf5, 0xee, 0xf5, 0xee, 0xf5, 0xee, 0xf5, 0xee,
    0xf5, 0xee, 0xf5, 0xee, 0xf5, 0xee, 0xf5, 0xee, 0xf5, 0xee, 0xf5, 0xee, 0xf5, 0xee, 0xf5, 0xee, 0xf5, 0xee, 0xf5, 0xee, 0x27, 0x2b, 0x27, 0x2b,
    0x27, 0x2b, 0x27, 0x2b, 0x27, 0x2b, 0x27, 0x2b, 0x27, 0x2b, 0x27, 0x2b, 0x27, 0x2b, 0x27, 0x2b, 0x27, 0x2b, 0x27, 0x2b, 0x27, 0x2b, 0x27, 0x2b,
    0x27, 0x2b, 0x27, 0x2b, 0x27, 0x2b, 0x27, 0x2b, 0x27, 0x2b, 0x27, 0x2b, 0x27, 0x2b, 0x27, 0x2b, 0x27, 0x2b, 0x27, 0x2b, 0x03, 0x11, 0x03, 0x11,
    0x03, 0x11, 0x03, 0x11, 0x03, 0x11, 0x03, 0x11, 0x03, 0x11, 0x03, 0x11, 0x03, 0x11, 0x03, 0x11, 0x03, 0x11, 0x03, 0x11, 0x03, 0x11, 0x03, 0x11,
    0x03, 0x11, 0x03, 0x11, 0x03, 0x11, 0x03, 0x11, 0x03, 0x11, 0x03, 0x11, 0x03, 0x11, 0x03, 0x11, 0x03, 0x11, 0x03, 0x11, 0x03, 0x11, 0x03, 0x11,
    0x03, 0x11, 0x03, 0x11, 0x03, 0x11, 0x03, 0x11, 0x03, 0x11, 0x03, 0x11, 0x03, 0x11, 0x03, 0x11, 0x03, 0x11, 0x03, 0x11, 0x03, 0x11, 0x03, 0x11,
    0x03, 0x11, 0x03, 0x11, 0x03, 0x11, 0x03, 0x11, 0x03, 0x11, 0x03, 0x11, 0x03, 0x11, 0x03, 0x11, 0x03, 0x11, 0x03, 0x11, 0x03, 0x11, 0x03, 0x11,
    0x03, 0x11, 0x03, 0x11, 0x03, 0x11, 0x03, 0x11, 0x03, 0x11, 0x03, 0x11, 0x03, 0x11, 0x03, 0x11, 0x03, 0x11, 0x03, 0x11, 0x03, 0x11, 0x03, 0x11,
    0x03, 0x11, 0x03, 0x11, 0x03, 0x11, 0x03, 0x11, 0x03, 0x11, 0x03, 0x11, 0x03, 0x11, 0x03, 0x11, 0x03, 0x11, 0x03, 0x11, 0x03, 0x11, 0x03, 0x11,
    0x03, 0x11, 0x03, 0x11, 0x03, 0x11, 0x03, 0x11, 0x03, 0x11, 0x03, 0x11, 0x03, 0x11, 0x03, 0x11, 0x03, 0x11, 0x03, 0x11, 0x03, 0x11, 0x03, 0x11,
    0x03, 0x11, 0x03, 0x11, 0x03, 0x11, 0x03, 0x11, 0x03, 0x11, 0x03, 0x11, 0x03, 0x11, 0x03, 0x11, 0x03, 0x11, 0x03, 0x11, 0x03, 0x11, 0x03, 0x11,
    0x03, 0x11, 0x03, 0x11, 0x03, 0x11, 0x03, 0x11, 0x03, 0x11, 0x03, 0x11, 0x03, 0x11, 0x03, 0x11, 0x03, 0x11, 0x03, 0x11, 0x03, 0x11, 0x03, 0x11,
    0x03, 0x11, 0x03, 0x11, 0x03, 0x11, 0x03, 0x11, 0x03, 0x11, 0x03, 0x11, 0x03, 0x11, 0x03, 0x11, 0x03, 0x11, 0x03, 0x11, 0x03, 0x11, 0x03, 0x11,
    0x03, 0x11, 0x03, 0x11, 0x03, 0x11, 0x03, 0x11, 0x03, 0x11, 0x03, 0x11, 0x03, 0x11, 0x03, 0x11, 0x03, 0x11, 0x03, 0x11, 0x03, 0x11, 0x03, 0x11,
    0x03, 0x11, 0x03, 0x11, 0x03, 0x11, 0x03, 0x11, 0x03, 0x11, 0x03, 0x11, 0x03, 0x11, 0x03, 0x11, 0x03, 0x11, 0x03, 0x11, 0x03, 0x11, 0x03, 0x11,
    0x03, 0x11, 0x03, 0x11, 0x03, 0x11, 0x03, 0x11, 0x03, 0x11, 0x03, 0x11, 0x03, 0x11, 0x03, 0x11, 0x03, 0x11, 0x03, 0x11, 0x03, 0x11, 0x03, 0x11,
    0x03, 0x11, 0x03, 0x11, 0x03, 0x11, 0x03, 0x11, 0x03, 0x11, 0x03, 0x11, 0x03, 0x11, 0x03, 0x11, 0x03, 0x11, 0x03, 0x11, 0x03, 0x11, 0x03, 0x11,
    0x03, 0x11, 0x03, 0x11, 0x03, 0x11, 0x03, 0x11, 0x03, 0x11, 0x03, 0x11, 0x03, 0x11, 0x03, 0x11, 0x03, 0x11, 0x03, 0x11, 0x03, 0x11, 0x03, 0x11,
    0x03, 0x11, 0x03, 0x11, 0x03, 0x11, 0x03, 0x11, 0x03, 0x11, 0x03, 0x11, 0x03, 0x11, 0x03, 0x11, 0x03, 0x11, 0x03, 0x11, 0x03, 0x11, 0x03, 0x11,
    0x03, 0x11, 0x03, 0x11, 0x03, 0x11, 0x03, 0x11, 0x03, 0x11, 0x03, 0x11, 0x03, 0x11, 0x03, 0x11, 0x03, 0x11, 0x03, 0x11, 0x03, 0x11, 0x03, 0x11,
    0x03, 0x11, 0x03, 0x11, 0x03, 0x11, 0x03, 0x11, 0x03, 0x11, 0x03, 0x11, 0x03, 0x11, 0x03, 0x11, 0x03, 0x11, 0x03, 0x11, 0x03, 0x11, 0x03, 0x11,
    0x03, 0x11, 0x03, 0x11, 0x03, 0x11, 0x03, 0x11, 0x03, 0x11, 0x03, 0x11, 0x03, 0x11, 0x03, 0x11, 0x03, 0x11, 0x03, 0x11, 0x03, 0x11, 0x03, 0x11,
    0x03, 0x11, 0x03, 0x11, 0x03, 0x11, 0x03, 0x11, 0x03, 0x11, 0x03, 0x11, 0x03, 0x11, 0x03, 0x11, 0x03, 0x11, 0x03, 0x11, 0x03, 0x11, 0x03, 0x11,
    0x03, 0x11, 0x03, 0x11, 0x03, 0x11, 0x03, 0x11, 0x03, 0x11, 0x03, 0x11, 0x03, 0x11, 0x03, 0x11, 0x03, 0x11, 0x03, 0x11, 0x03, 0x11, 0x03, 0x11,
    0x03, 0x11, 0x03, 0x11, 0x03, 0x11, 0x03, 0x11, 0x03, 0x11, 0x03, 0x11, 0x03, 0x11, 0x03, 0x11, 0x03, 0x11, 0x03, 0x11, 0x03, 0x11, 0x03, 0x11,
    0x03, 0x11, 0x03, 0x11, 0x03, 0x11, 0x03, 0x11, 0x03, 0x11, 0x03, 0x11, 0x03, 0x11, 0x03, 0x11, 0x03, 0x11, 0x03, 0x11, 0x03, 0x11, 0x03, 0x11,
    0x03, 0x11, 0x03, 0x11, 0x03, 0x11, 0x03, 0x11, 0x03, 0x11, 0x03, 0x11, 0x03, 0x11, 0x03, 0x11, 0x03, 0x11, 0x03, 0x11, 0x03, 0x11, 0x03, 0x11,
    0x03, 0x11, 0x03, 0x11, 0x03, 0x11, 0x03, 0x11, 0x03, 0x11, 0x03, 0x11, 0x03, 0x11, 0x03, 0x11, 0x03, 0x11, 0x03, 0x11, 0x03, 0x11, 0x03, 0x11,
    0x03, 0x11, 0x03, 0x11, 0x03, 0x11, 0x03, 0x11, 0x03, 0x11, 0x03, 0x11, 0x03, 0x11, 0x03, 0x11, 0x03, 0x11, 0x03, 0x11, 0x03, 0x11, 0x03, 0x11,
    0x03, 0x11, 0x03, 0x11, 0x03, 0x11, 0x03, 0x11, 0x03, 0x11, 0x03, 0x11, 0x03, 0x11, 0x03, 0x11, 0x03, 0x11, 0x03, 0x11, 0x03, 0x11, 0x03, 0x11,
    0x03, 0x11, 0x03, 0x11, 0x03, 0x11, 0x03, 0x11, 0x03, 0x11, 0x03, 0x11, 0x03, 0x11, 0x03, 0x11, 0x03, 0x11, 0x03, 0x11, 0x03, 0x11, 0x03, 0x11,
    0x03, 0x11, 0x03, 0x11, 0x03, 0x11, 0x03, 0x11, 0x03, 0x11, 0x03, 0x11, 0x03, 0x11, 0x03, 0x11, 0x03, 0x11, 0x03, 0x11, 0x03, 0x11, 0x03, 0x11,
    0x03, 0x11, 0x03, 0x11, 0x03, 0x11, 0x03, 0x11, 0x03, 0x11, 0x03, 0x11, 0x03, 0x11, 0x03, 0x11, 0x03, 0x11, 0x03, 0x11, 0x03, 0x11, 0x03, 0x11,
    0x03, 0x11, 0x03, 0x11, 0x03, 0x11, 0x03, 0x11, 0x03, 0x11, 0x03, 0x11, 0x03, 0x11, 0x03, 0x11, 0x03, 0x11, 0x03, 0x11, 0x03, 0x11, 0x03, 0x11,
    0x03, 0x11, 0x03, 0x11, 0x03, 0x11, 0x03, 0x11, 0x03, 0x11, 0x03, 0x11, 0x03, 0x11, 0x03, 0x11, 0x03, 0x11, 0x03, 0x11, 0x03, 0x11, 0x03, 0x11,
    0x03, 0x11, 0x03, 0x11, 0x03, 0x11, 0x03, 0x11, 0x03, 0x11, 0x03, 0x11, 0x03, 0x11, 0x03, 0x11, 0x03, 0x11, 0x03, 0x11, 0x03, 0x11, 0x03, 0x11,
    0x03, 0x11, 0x03, 0x11, 0x03, 0x11, 0x03, 0x11, 0x03, 0x11, 0x03, 0x11, 0x03, 0x11, 0x03, 0x11, 0x03, 0x11, 0x03, 0x11, 0x03, 0x11, 0x03, 0x11,
    0x03, 0x11, 0x03, 0x11, 0x03, 0x11, 0x03, 0x11, 0x03, 0x11, 0x03, 0x11, 0x03, 0x11, 0x03, 0x11, 0x03, 0x11, 0x03, 0x11, 0x03, 0x11, 0x03, 0x11,
    0x03, 0x11, 0x03, 0x11, 0x03, 0x11, 0x03, 0x11, 0x03, 0x11, 0x03, 0x11, 0x03, 0x11, 0x03, 0x11, 0x03, 0x11, 0x03, 0x11, 0x03, 0x11, 0x03, 0x11,
    0x03, 0x11, 0x03, 0x11, 0x03, 0x11, 0x03, 0x11, 0x03, 0x11, 0x03, 0x11, 0x03, 0x11, 0x03, 0x11, 0x03, 0x11, 0x03, 0x11, 0x03, 0x11, 0x03, 0x11,
    0x03, 0x11, 0x03, 0x11, 0x03, 0x11, 0x03, 0x11, 0x03, 0x11, 0x03, 0x11, 0x03, 0x11, 0x03, 0x11, 0x03, 0x11, 0x03, 0x11, 0x03, 0x11, 0x03, 0x11,
    0x03, 0x11, 0x03, 0x11, 0x03, 0x11, 0x03, 0x11, 0x03, 0x11, 0x03, 0x11, 0x03, 0x11, 0x03, 0x11, 0x03, 0x11, 0x03, 0x11, 0x03, 0x11, 0x03, 0x11,
    0x03, 0x11, 0x03, 0x11, 0x03, 0x11, 0x03, 0x11, 0x03, 0x11, 0x03, 0x11, 0x03, 0x11, 0x03, 0x11, 0x03, 0x11, 0x03, 0x11, 0x03, 0x11, 0x03, 0x11,
    0x03, 0x11, 0x03, 0x11, 0x03, 0x11, 0x03, 0x11, 0x03, 0x11, 0x03, 0x11, 0x03, 0x11, 0x03, 0x11, 0x03, 0x11, 0x03, 0x11, 0x03, 0x11, 0x03, 0x11,
    0x03, 0x11, 0x03, 0x11, 0x03, 0x11, 0x03, 0x11, 0x03, 0x11, 0x03, 0x11, 0x03, 0x11, 0x03, 0x11, 0x03, 0x11, 0x03, 0x11, 0x03, 0x11, 0x03, 0x11,
    0x03, 0x11, 0x03, 0x11, 0x03, 0x11, 0x03, 0x11, 0x03, 0x11, 0x03, 0x11, 0x03, 0x11, 0x03, 0x11, 0x03, 0x11, 0x03, 0x11, 0x03, 0x11, 0x03, 0x11,
    0x03, 0x11, 0x03, 0x11, 0x03, 0x11, 0x03, 0x11, 0x03, 0x11, 0x03, 0x11, 0x03, 0x11, 0x03, 0x11, 0x03, 0x11, 0x03, 0x11, 0x03, 0x11, 0x03, 0x11,
    0x03, 0x11, 0x03, 0x11, 0x03, 0x11, 0x03, 0x11, 0x03, 0x11, 0x03, 0x11, 0x03, 0x11, 0x03, 0x11, 0x03, 0x11, 0x03, 0x11, 0x03, 0x11, 0x03, 0x11,
    0x03, 0x11, 0x03, 0x11, 0x03, 0x11, 0x03, 0x11, 0x03, 0x11, 0x03, 0x11, 0x03, 0x11, 0x03, 0x11, 0x03, 0x11, 0x03, 0x11, 0x03, 0x11, 0x03, 0x11,
    0x03, 0x11, 0x03, 0x11, 0x03, 0x11, 0x03, 0x11, 0x03, 0x11, 0x03, 0x11, 0x03, 0x11, 0x03, 0x11, 0x03, 0x11, 0x03, 0x11, 0x03, 0x11, 0x03, 0x11,
    0x03, 0x11, 0x03, 0x11, 0x03, 0x11, 0x03, 0x11, 0x03, 0x11, 0x03, 0x11, 0x03, 0x11, 0x03, 0x11, 0x03, 0x11, 0x03, 0x11, 0x03, 0x11, 0x03, 0x11,
    0x03, 0x11, 0x03, 0x11, 0x03, 0x11, 0x03, 0x11, 0x03, 0x11, 0x03, 0x11, 0x03, 0x11, 0x03, 0x11, 0x03, 0x11, 0x03, 0x11, 0x03, 0x11, 0x03, 0x11,
    0x03, 0x11, 0x03, 0x11, 0x03, 0x11, 0x03, 0x11, 0x03, 0x11, 0x03, 0x11, 0x03, 0x11, 0x03, 0x11, 0x03, 0x11, 0x03, 0x11, 0x03, 0x11, 0x03, 0x11,
    0x03, 0x11, 0x03, 0x11, 0x03, 0x11, 0x03, 0x11, 0x03, 0x11, 0x03, 0x11, 0x03, 0x11, 0x03, 0x11, 0x03, 0x11, 0x03, 0x11, 0x03, 0x11, 0x03, 0x11,
    0x03, 0x11, 0x03, 0x11, 0x03, 0x11, 0x03, 0x11, 0x03, 0x11, 0x03, 0x11, 0x03, 0x11, 0x03, 0x11, 0x03, 0x11, 0x03, 0x11, 0x03, 0x11, 0x03, 0x11,
    0x03, 0x11, 0x03, 0x11, 0x03, 0x11, 0x03, 0x11, 0x03, 0x11, 0x03, 0x11, 0x03, 0x11, 0x03, 0x11, 0x03, 0x11, 0x03, 0x11, 0x03, 0x11, 0x03, 0x11,
    0x03, 0x11, 0x03, 0x11, 0x03, 0x11, 0x03, 0x11, 0x03, 0x11, 0x03, 0x11, 0x03, 0x11, 0x03, 0x11, 0x03, 0x11, 0x03, 0x11, 0x03, 0x11, 0x03, 0x11,
    0x03, 0x11, 0x03, 0x11, 0x03, 0x11, 0x03, 0x11,
};
const lv_img_dsc_t pet_sleep_1 = {
    .header.cf = LV_IMG_CF_TRUE_COLOR,
    .header.always_zero = 0,
    .header.reserved = 0,
    .header.w = 80,
    .header.h = 80,
    .data_size = 12800,
    .data = pet_sleep_1_map,
};

static const LV_ATTRIBUTE_MEM_ALIGN LV_ATTRIBUTE_LARGE_CONST uint8_t pet_sleep_2_map[] = {
    0x03, 0x11, 0x03, 0x11, 0x03, 0x11, 0x03, 0x11, 0x03, 0x11, 0x03, 0x11, 0x03, 0x11, 0x03, 0x11, 0x03, 0x11, 0x03, 0x11, 0x03, 0x11, 0x03, 0x11,
    0x03, 0x11, 0x03, 0x11, 0x03, 0x11, 0x03, 0x11, 0x03, 0x11, 0x03, 0x11, 0x03, 0x11, 0x03, 0x11, 0x03, 0x11, 0x03, 0x11, 0x03, 0x11, 0x03, 0x11,
    0x03, 0x11, 0x03, 0x11, 0x03, 0x11, 0x03, 0x11, 0x03, 0x11, 0x03, 0x11, 0x03, 0x11, 0x03, 0x11, 0x03, 0x11, 0x03, 0x11, 0x03, 0x11, 0x03, 0x11,
    0x03, 0x11, 0x03, 0x11, 0x03, 0x11, 0x03, 0x11, 0x03, 0x11, 0x03, 0x11, 0x03, 0x11, 0x03, 0x11, 0x03, 0x11, 0x03, 0x11, 0x03, 0x11, 0x03, 0x11,
    0x03, 0x11, 0x03, 0x11, 0x03, 0x11, 0x03, 0x11, 0x03, 0x11, 0x03, 0x11, 0x03, 0x11, 0x03, 0x11, 0x03, 0x11, 0x03, 0x11, 0x03, 0x11, 0x03, 0x11,
    0x03, 0x11, 0x03, 0x11, 0x03, 0x11, 0x03, 0x11, 0x03, 0x11, 0x03, 0x11, 0x03, 0x11, 0x03, 0x11, 0x03, 0x11, 0x03, 0x11, 0x03, 0x11, 0x03, 0x11,
    0x03, 0x11, 0x03, 0x11, 0x03, 0x11, 0x03, 0x11, 0x03, 0x11, 0x03, 0x11, 0x03, 0x11, 0x03, 0x11, 0x03, 0x11, 0x03, 0x11, 0x03, 0x11, 0x03, 0x11,
    0x03, 0x11, 0x03, 0x11, 0x03, 0x11, 0x03, 0x11, 0x03, 0x11, 0x03, 0x11, 0x03, 0x11, 0x03, 0x11, 0x03, 0x11, 0x03, 0x11, 0x03, 0x11, 0x03, 0x11,
    0x03, 0x11, 0x03, 0x11, 0x03, 0x11, 0x03, 0x11, 0x03, 0x11, 0x03, 0x11, 0x03, 0x11, 0x03, 0x11, 0x03, 0x11, 0x03, 0x11, 0x03, 0x11, 0x03, 0x11,
    0x03, 0x11, 0x03, 0x11, 0x03, 0x11, 0x03, 0x11, 0x03, 0x11, 0x03, 0x11, 0x03, 0x11, 0x03, 0x11, 0x03, 0x11, 0x03, 0x11, 0x03, 0x11, 0x03, 0x11,
    0x03, 0x11, 0x03, 0x11, 0x03, 0x11, 0x03, 0x11, 0x03, 0x11, 0x03, 0x11, 0x03, 0x11, 0x03, 0x11, 0x03, 0x11, 0x03, 0x11, 0x03, 0x11, 0x03, 0x11,
    0x03, 0x11, 0x03, 0x11, 0x03, 0x11, 0x03, 0x11, 0x03, 0x11, 0x03, 0x11, 0x03, 0x11, 0x03, 0x11, 0x03, 0x11, 0x03, 0x11, 0x03, 0x11, 0x03, 0x11,
    0x03, 0x11, 0x03, 0x11, 0x03, 0x11, 0x03, 0x11, 0x03, 0x11, 0x03, 0x11, 0x03, 0x11, 0x03, 0x11, 0x03, 0x11, 0x03, 0x11, 0x03, 0x11, 0x03, 0x11,
    0x03, 0x11, 0x03, 0x11, 0x03, 0x11, 0x03, 0x11, 0x03, 0x11, 0x03, 0x11, 0x03, 0x11, 0x03, 0x11, 0x03, 0x11, 0x03, 0x11, 0x03, 0x11, 0x03, 0x11,
    0x03, 0x11, 0x03, 0x11, 0x03, 0x11, 0x03, 0x11, 0x03, 0x11, 0x03, 0x11, 0x03, 0x11, 0x03, 0x11, 0x03, 0x11, 0x03, 0x11, 0x03, 0x11, 0x03, 0x11,
    0x03, 0x11, 0x03, 0x11, 0x03, 0x11, 0x03, 0x11, 0x03, 0x11, 0x03, 0x11, 0x03, 0x11, 0x03, 0x11, 0x03, 0x11, 0x03, 0x11, 0x03, 0x11, 0x03, 0x11,
    0x03, 0x11, 0x03, 0x11, 0x03, 0x11, 0x03, 0x11, 0x03, 0x11, 0x03, 0x11, 0x03, 0x11, 0x03, 0x11, 0x03, 0x11, 0x03, 0x11, 0x03, 0x11, 0x03, 0x11,
    0x03, 0x11, 0x03, 0x11, 0x03, 0x11, 0x03, 0x11, 0x03, 0x11, 0x03, 0x11, 0x03, 0x11, 0x03, 0x11, 0x03, 0x11, 0x03, 0x11, 0x03, 0x11, 0x03, 0x11,
    0x03, 0x11, 0x03, 0x11, 0x03, 0x11, 0x03, 0x11, 0x03, 0x11, 0x03, 0x11, 0x03, 0x11, 0x03, 0x11, 0x03, 0x11, 0x03, 0x11, 0x03, 0x11, 0x03, 0x11,
    0x03, 0x11, 0x03, 0x11, 0x03, 0x11, 0x03, 0x11, 0x03, 0x11, 0x03, 0x11, 0x03, 0x11, 0x03, 0x11, 0x03, 0x11, 0x03, 0x11, 0x03, 0x11, 0x03, 0x11,
    0x03, 0x11, 0x03, 0x11, 0x03, 0x11, 0x03, 0x11, 0x03, 0x11, 0x03, 0x11, 0x03, 0x11, 0x03, 0x11, 0x03, 0x11, 0x03, 0x11, 0x03, 0x11, 0x03, 0x11,
    0x03, 0x11, 0x03, 0x11, 0x03, 0x11, 0x03, 0x11, 0x03, 0x11, 0x03, 0x11, 0x03, 0x11, 0x03, 0x11, 0x03, 0x11, 0x03, 0x11, 0x03, 0x11, 0x03, 0x11,
    0x03, 0x11, 0x03, 0x11, 0x03, 0x11, 0x03, 0x11, 0x03, 0x11, 0x03, 0x11, 0x03, 0x11, 0x03, 0x11, 0x03, 0x11, 0x03, 0x11, 0x03, 0x11, 0x03, 0x11,
    0x03, 0x11, 0x03, 0x11, 0x03, 0x11, 0x03, 0x11, 0x03, 0x11, 0x03, 0x11, 0x03, 0x11, 0x03, 0x11, 0x03, 0x11, 0x03, 0x11, 0x03, 0x11, 0x03, 0x11,
    0x03, 0x11, 0x03, 0x11, 0x03, 0x11, 0x03, 0x11, 0x03, 0x11, 0x03, 0x11, 0x03, 0x11, 0x03, 0x11, 0x03, 0x11, 0x03, 0x11, 0x03, 0x11, 0x03, 0x11,
    0x03, 0x11, 0x03, 0x11, 0x03, 0x11, 0x03, 0x11, 0x03, 0x11, 0x03, 0x11, 0x03, 0x11, 0x03, 0x11, 0x03, 0x11, 0x03, 0x11, 0x03, 0x11, 0x03, 0x11,
    0x03, 0x11, 0x03, 0x11, 0x03, 0x11, 0x03, 0x11, 0x03, 0x11, 0x03, 0x11, 0x03, 0x11, 0x03, 0x11, 0x03, 0x11, 0x03, 0x11, 0x03, 0x11, 0x03, 0x11,
    0x03, 0x11, 0x03, 0x11, 0x03, 0x11, 0x03, 0x11, 0x03, 0x11, 0x03, 0x11, 0x03, 0x11, 0x03, 0x11, 0x03, 0x11, 0x03, 0x11, 0x03, 0x11, 0x03, 0x11,
    0x03, 0x11, 0x03, 0x11, 0x03, 0x11, 0x03, 0x11, 0x03, 0x11, 0x03, 0x11, 0x03, 0x11, 0x03, 0x11, 0x03, 0x11, 0x03, 0x11, 0x03, 0x11, 0x03, 0x11,
    0x03, 0x11, 0x03, 0x11, 0x03, 0x11, 0x03, 0x11, 0x03, 0x11, 0x03, 0x11, 0x03, 0x11, 0x03, 0x11, 0x03, 0x11, 0x03, 0x11, 0x03, 0x11, 0x03, 0x11,
    0x03, 0x11, 0x03, 0x11, 0x03, 0x11, 0x03, 0x11, 0x03, 0x11, 0x03, 0x11, 0x03, 0x11, 0x03, 0x11, 0x03, 0x11, 0x03, 0x11, 0x03, 0x11, 0x03, 0x11,
    0x03, 0x11, 0x03, 0x11, 0x03, 0x11, 0x03, 0x11, 0x03, 0x11, 0x03, 0x11, 0x03, 0x11, 0x03, 0x11, 0x03, 0x11, 0x03, 0x11, 0x03, 0x11, 0x03, 0x11,
    0x03, 0x11, 0x03, 0x11, 0x03, 0x11, 0x03, 0x11, 0x03, 0x11, 0x03, 0x11, 0x03, 0x11, 0x03, 0x11, 0x03, 0x11, 0x03, 0x11, 0x03, 0x11, 0x03, 0x11,
    0x03, 0x11, 0x03, 0x11, 0x03, 0x11, 0x03, 0x11, 0x03, 0x11, 0x03, 0x11, 0x03, 0x11, 0x03, 0x11, 0x03, 0x11, 0x03, 0x11, 0x03, 0x11, 0x03, 0x11,
    0x03, 0x11, 0x03, 0x11, 0x03, 0x11, 0x03, 0x11, 0x03, 0x11, 0x03, 0x11, 0x03, 0x11, 0x03, 0x11, 0x03, 0x11, 0x03, 0x11, 0x03, 0x11, 0x03, 0x11,
    0x03, 0x11, 0x03, 0x11, 0x03, 0x11, 0x03, 0x11, 0x03, 0x11, 0x03, 0x11, 0x03, 0x11, 0x03, 0x11, 0x03, 0x11, 0x03, 0x11, 0x03, 0x11, 0x03, 0x11,
    0x03, 0x11, 0x03, 0x11, 0x03, 0x11, 0x03, 0x11, 0x03, 0x11, 0x03, 0x11, 0x03, 0x11, 0x03, 0x11, 0x03, 0x11, 0x03, 0x11, 0x03, 0x11, 0x03, 0x11,
    0x03, 0x11, 0x03, 0x11, 0x03, 0x11, 0x03, 0x11, 0x03, 0x11, 0x03, 0x11, 0x03, 0x11, 0x03, 0x11, 0x03, 0x11, 0x03, 0x11, 0x03, 0x11, 0x03, 0x11,
    0x03, 0x11, 0x03, 0x11, 0x03, 0x11, 0x03, 0x11, 0x03, 0x11, 0x03, 0x11, 0x03, 0x11, 0x03, 0x11, 0x03, 0x11, 0x03, 0x11, 0x03, 0x11, 0x03, 0x11,
    0x03, 0x11, 0x03, 0x11, 0x03, 0x11, 0x03, 0x11, 0x03, 0x11, 0x03, 0x11, 0x03, 0x11, 0x03, 0x11, 0x03, 0x11, 0x03, 0x11, 0x03, 0x11, 0x03, 0x11,
    0x03, 0x11, 0x03, 0x11, 0x03, 0x11, 0x03, 0x11, 0x03, 0x11, 0x03, 0x11, 0x03, 0x11, 0x03, 0x11, 0x03, 0x11, 0x03, 0x11, 0x03, 0x11, 0x03, 0x11,
    0x03, 0x11, 0x03, 0x11, 0x03, 0x11, 0x03, 0x11, 0x03, 0x11, 0x03, 0x11, 0x03, 0x11, 0x03, 0x11, 0x03, 0x11, 0x03, 0x11, 0x03, 0x11, 0x03, 0x11,
    0x03, 0x11, 0x03, 0x11, 0x03, 0x11, 0x03, 0x11, 0x03, 0x11, 0x03, 0x11, 0x03, 0x11, 0x03, 0x11, 0x03, 0x11, 0x03, 0x11, 0x03, 0x11, 0x03, 0x11,
    0x03, 0x11, 0x03, 0x11, 0x03, 0x11, 0x03, 0x11, 0x03, 0x11, 0x03, 0x11, 0x03, 0x11, 0x03, 0x11, 0x03, 0x11, 0x03, 0x11, 0x03, 0x11, 0x03, 0x11,
    0x03, 0x11, 0x03, 0x11, 0x03, 0x11, 0x03, 0x11, 0x03, 0x11, 0x03, 0x11, 0x03, 0x11, 0x03, 0x11, 0x03, 0x11, 0x03, 0x11, 0x03, 0x11, 0x03, 0x11,
    0x03, 0x11, 0x03, 0x11, 0x03, 0x11, 0x03, 0x11, 0x03, 0x11, 0x03, 0x11, 0x03, 0x11, 0x03, 0x11, 0x03, 0x11, 0x03, 0x11, 0x03, 0x11, 0x03, 0x11,
    0x03, 0x11, 0x03, 0x11, 0x03, 0x11, 0x03, 0x11, 0x03, 0x11, 0x03, 0x11, 0x03, 0x11, 0x03, 0x11, 0x03, 0x11, 0x03, 0x11, 0x03, 0x11, 0x03, 0x11,
    0x03, 0x11, 0x03, 0x11, 0x03, 0x11, 0x03, 0x11, 0x03, 0x11, 0x03, 0x11, 0x03, 0x11, 0x03, 0x11, 0x03, 0x11, 0x03, 0x11, 0x03, 0x11, 0x03, 0x11,
    0x03, 0x11, 0x03, 0x11, 0x03, 0x11, 0x03, 0x11, 0x03, 0x11, 0x03, 0x11, 0x03, 0x11, 0x03, 0x11, 0x03, 0x11, 0x03, 0x11, 0x03, 0x11, 0x03, 0x11,
    0x03, 0x11, 0x03, 0x11, 0x03, 0x11, 0x03, 0x11, 0x03, 0x11, 0x03, 0x11, 0x03, 0x11, 0x03, 0x11, 0x03, 0x11, 0x03, 0x11, 0x03, 0x11, 0x03, 0x11,
    0x03, 0x11, 0x03, 0x11, 0x03, 0x11, 0x03, 0x11, 0x03, 0x11, 0x03, 0x11, 0x03, 0x11, 0x03, 0x11, 0x03, 0x11, 0x03, 0x11, 0x03, 0x11, 0x03, 0x11,
    0x03, 0x11, 0x03, 0x11, 0x03, 0x11, 0x03, 0x11, 0x03, 0x11, 0x03, 0x11, 0x03, 0x11, 0x03, 0x11, 0x03, 0x11, 0x03, 0x11, 0x03, 0x11, 0x03, 0x11,
    0x03, 0x11, 0x03, 0x11, 0x03, 0x11, 0x03, 0x11, 0x03, 0x11, 0x03, 0x11, 0x03, 0x11, 0x03, 0x11, 0x03, 0x11, 0x03, 0x11, 0x03, 0x11, 0x03, 0x11,
    0x03, 0x11, 0x03, 0x11, 0x03, 0x11, 0x03, 0x11, 0x03, 0x11, 0x03, 0x11, 0x03, 0x11, 0x03, 0x11, 0x03, 0x11, 0x03, 0x11, 0x03, 0x11, 0x03, 0x11,
    0x03, 0x11, 0x03, 0x11, 0x03, 0x11, 0x03, 0x11, 0x03, 0x11, 0x03, 0x11, 0x03, 0x11, 0x03, 0x11, 0x03, 0x11, 0x03, 0x11, 0x03, 0x11, 0x03, 0x11,
    0x03, 0x11, 0x03, 0x11, 0x03, 0x11, 0x03, 0x11, 0x03, 0x11, 0x03, 0x11, 0x03, 0x11, 0x03, 0x11, 0x03, 0x11, 0x03, 0x11, 0x03, 0x11, 0x03, 0x11,
    0x03, 0x11, 0x03, 0x11, 0x03, 0x11, 0x03, 0x11, 0x03, 0x11, 0x03, 0x11, 0x03, 0x11, 0x03, 0x11, 0x03, 0x11, 0x03, 0x11, 0x03, 0x11, 0x03, 0x11,
    0x03, 0x11, 0x03, 0x11, 0x03, 0x11, 0x03, 0x11, 0x03, 0x11, 0x03, 0x11, 0x03, 0x11, 0x03, 0x11, 0x03, 0x11, 0x03, 0x11, 0x03, 0x11, 0x03, 0x11,
    0x03, 0x11, 0x03, 0x11, 0x03, 0x11, 0x03, 0x11, 0x03, 0x11, 0x03, 0x11, 0x03, 0x11, 0x03, 0x11, 0x03, 0x11, 0x03, 0x11, 0x03, 0x11, 0x03, 0x11,
    0x03, 0x11, 0x03, 0x11, 0x03, 0x11, 0x03, 0x11, 0x03, 0x11, 0x03, 0x11, 0x03, 0x11, 0x03, 0x11, 0x03, 0x11, 0x03, 0x11, 0x03, 0x11, 0x03, 0x11,
    0x03, 0x11, 0x03, 0x11, 0x03, 0x11, 0x03, 0x11, 0x03, 0x11, 0x03, 0x11, 0x03, 0x11, 0x03, 0x11, 0x03, 0x11, 0x03, 0x11, 0x03, 0x11, 0x03, 0x11,
    0x03, 0x11, 0x03, 0x11, 0x03, 0x11, 0x03, 0x11, 0x03, 0x11, 0x03, 0x11, 0x03, 0x11, 0x03, 0x11, 0x03, 0x11, 0x03, 0x11, 0x03, 0x11, 0x03, 0x11,
    0x03, 0x11, 0x03, 0x11, 0x03, 0x11, 0x03, 0x11, 0x03, 0x11, 0x03, 0x11, 0x03, 0x11, 0x03, 0x11, 0x03, 0x11, 0x03, 0x11, 0x03, 0x11, 0x03, 0x11,
    0x03, 0x11, 0x03, 0x11, 0x03, 0x11, 0x03, 0x11, 0x03, 0x11, 0x03, 0x11, 0x03, 0x11, 0x03, 0x11, 0x03, 0x11, 0x03, 0x11, 0x03, 0x11, 0x03, 0x11,
    0x03, 0x11, 0x03, 0x11, 0x03, 0x11, 0x03, 0x11, 0x03, 0x11, 0x03, 0x11, 0x03, 0x11, 0x03, 0x11, 0x03, 0x11, 0x03, 0x11, 0x03, 0x11, 0x03, 0x11,
    0x03, 0x11, 0x03, 0x11, 0x03, 0x11, 0x03, 0x11, 0x03, 0x11, 0x03, 0x11, 0x03, 0x11, 0x03, 0x11, 0x03, 0x11, 0x03, 0x11, 0x03, 0x11, 0x03, 0x11,
    0x03, 0x11, 0x03, 0x11, 0x03, 0x11, 0x03, 0x11, 0x03, 0x11, 0x03, 0x11, 0x03, 0x11, 0x03, 0x11, 0x03, 0x11, 0x03, 0x11, 0x03, 0x11, 0x03, 0x11,
    0x03, 0x11, 0x03, 0x11, 0x03, 0x11, 0x03, 0x11, 0x03, 0x11, 0x03, 0x11, 0x03, 0x11, 0x03, 0x11, 0x03, 0x11, 0x03, 0x11, 0x03, 0x11, 0x03, 0x11,
    0x03, 0x11, 0x03, 0x11, 0x03, 0x11, 0x03, 0x11, 0x03, 0x11, 0x03, 0x11, 0x03, 0x11, 0x03, 0x11, 0x03, 0x11, 0x03, 0x11, 0x03, 0x11, 0x03, 0x11,
    0x03, 0x11, 0x03, 0x11, 0x03, 0x11, 0x03, 0x11, 0x03, 0x11, 0x03, 0x11, 0x03, 0x11, 0x03, 0x11, 0x03, 0x11, 0x03, 0x11, 0x03, 0x11, 0x03, 0x11,
    0x03, 0x11, 0x03, 0x11, 0x03, 0x11, 0x03, 0x11, 0x03, 0x11, 0x03, 0x11, 0x03, 0x11, 0x03, 0x11, 0x03, 0x11, 0x03, 0x11, 0x03, 0x11, 0x03, 0x11,
    0x03, 0x11, 0x03, 0x11, 0x03, 0x11, 0x03, 0x11, 0x03, 0x11, 0x03, 0x11, 0x03, 0x11, 0x03, 0x11, 0x03, 0x11, 0x03, 0x11, 0x03, 0x11, 0x03, 0x11,
    0x03, 0x11, 0x03, 0x11, 0x03, 0x11, 0x03, 0x11, 0x03, 0x11, 0x03, 0x11, 0x4b, 0xee, 0x4b, 0xee, 0x4b, 0xee, 0x4b, 0xee, 0x4b, 0xee, 0x4b, 0xee,
    0x4b, 0xee, 0x4b, 0xee, 0x4b, 0xee, 0x4b, 0xee, 0x03, 0x11, 0x03, 0x11, 0x03, 0x11, 0x03, 0x11, 0x03, 0x11, 0x03, 0x11, 0x03, 0x11, 0x03, 0x11,
    0x03, 0x11, 0x03, 0x11, 0x03, 0x11, 0x03, 0x11, 0x03, 0x11, 0x03, 0x11, 0x03, 0x11, 0x03, 0x11, 0x03, 0x11, 0x03, 0x11, 0x03, 0x11, 0x03, 0x11,
    0x03, 0x11, 0x03, 0x11, 0x03, 0x11, 0x03, 0x11, 0x03, 0x11, 0x03, 0x11, 0x03, 0x11, 0x03, 0x11, 0x03, 0x11, 0x03, 0x11, 0x03, 0x11, 0x03, 0x11,
    0x03, 0x11, 0x03, 0x11, 0x03, 0x11, 0x03, 0x11, 0x03, 0x11, 0x03, 0x11, 0x03, 0x11, 0x03, 0x11, 0x03, 0x11, 0x03, 0x11, 0x03, 0x11, 0x03, 0x11,
    0x03, 0x11, 0x03, 0x11, 0x03, 0x11, 0x03, 0x11, 0x03, 0x11, 0x03, 0x11, 0x03, 0x11, 0x03, 0x11, 0x03, 0x11, 0x03, 0x11, 0x03, 0x11, 0x03, 0x11,
    0x03, 0x11, 0x03, 0x11, 0x03, 0x11, 0x03, 0x11, 0x03, 0x11, 0x03, 0x11, 0x03, 0x11, 0x03, 0x11, 0x03, 0x11, 0x03, 0x11, 0x03, 0x11, 0x03, 0x11,
    0x03, 0x11, 0x03, 0x11, 0x4b, 0xee, 0x4b, 0xee, 0x4b, 0xee, 0x4b, 0xee, 0x4b, 0xee, 0x4b, 0xee, 0x4b, 0xee, 0x4b, 0xee, 0x4b, 0xee, 0x4b, 0xee,
    0x03, 0x11, 0x03, 0x11, 0x03, 0x11, 0x03, 0x11, 0x03, 0x11, 0x03, 0x11, 0x03, 0x11, 0x03, 0x11, 0x03, 0x11, 0x03, 0x11, 0x03, 0x11, 0x03, 0x11,
    0x03, 0x11, 0x03, 0x11, 0x03, 0x11, 0x03, 0x11, 0x03, 0x11, 0x03, 0x11, 0x03, 0x11, 0x03, 0x11, 0x03, 0x11, 0x03, 0x11, 0x03, 0x11, 0x03, 0x11,
    0x03, 0x11, 0x03, 0x11, 0x03, 0x11, 0x03, 0x11, 0x03, 0x11, 0x03, 0x11, 0x03, 0x11, 0x03, 0x11, 0x03, 0x11, 0x03, 0x11, 0x03, 0x11, 0x03, 0x11,
    0x03, 0x11, 0x03, 0x11, 0x03, 0x11, 0x03, 0x11, 0x03, 0x11, 0x03, 0x11, 0x03, 0x11, 0x03, 0x11, 0x03, 0x11, 0x03, 0x11, 0x03, 0x11, 0x03, 0x11,
    0x03, 0x11, 0x03, 0x11, 0x03, 0x11, 0x03, 0x11, 0x03, 0x11, 0x03, 0x11, 0x03, 0x11, 0x03, 0x11, 0x03, 0x11, 0x03, 0x11, 0x03, 0x11, 0x03, 0x11,
    0x03, 0x11, 0x03, 0x11, 0x03, 0x11, 0x03, 0x11, 0x03, 0x11, 0x03, 0x11, 0x03, 0x11, 0x03, 0x11, 0x03, 0x11, 0x03, 0x11, 0x4b, 0xee, 0x4b, 0xee,
    0x4b, 0xee, 0x4b, 0xee, 0x4b, 0xee, 0x4b, 0xee, 0x4b, 0xee, 0x4b, 0xee, 0x4b, 0xee, 0x4b, 0xee, 0x03, 0x11, 0x03, 0x11, 0x03, 0x11, 0x03, 0x11,
    0x03, 0x11, 0x03, 0x11, 0x03, 0x11, 0x03, 0x11, 0x03, 0x11, 0x03, 0x11, 0x03, 0x11, 0x03, 0x11, 0x03, 0x11, 0x03, 0x11, 0x03, 0x11, 0x03, 0x11,
    0x03, 0x11, 0x03, 0x11, 0x03, 0x11, 0x03, 0x11, 0x03, 0x11, 0x03, 0x11, 0x03, 0x11, 0x03, 0x11, 0x03, 0x11, 0x03, 0x11, 0x03, 0x11, 0x03, 0x11,
    0x03, 0x11, 0x03, 0x11, 0x03, 0x11, 0x03, 0x11, 0x03, 0x11, 0x03, 0x11, 0x03, 0x11, 0x03, 0x11, 0x03, 0x11, 0x03, 0x11, 0x03, 0x11, 0x03, 0x11,
    0x03, 0x11, 0x03, 0x11, 0x03, 0x11, 0x03, 0x11, 0x03, 0x11, 0x03, 0x11, 0x03, 0x11, 0x03, 0x11, 0x03, 0x11, 0x03, 0x11, 0x03, 0x11, 0x03, 0x11,
    0x03, 0x11, 0x03, 0x11, 0x03, 0x11, 0x03, 0x11, 0x03, 0x11, 0x03, 0x11, 0x03, 0x11, 0x03, 0x11, 0x03, 0x11, 0x03, 0x11, 0x03, 0x11, 0x03, 0x11,
    0x03, 0x11, 0x03, 0x11, 0x03, 0x11, 0x03, 0x11, 0x03, 0x11, 0x03, 0x11, 0x4b, 0xee, 0x4b, 0xee, 0x4b, 0xee, 0x4b, 0xee, 0x4b, 0xee, 0x4b, 0xee,
    0x4b, 0xee, 0x4b, 0xee, 0x4b, 0xee, 0x4b, 0xee, 0x03, 0x11, 0x03, 0x11, 0x03, 0x11, 0x03, 0x11, 0x03, 0x11, 0x03, 0x11, 0x03, 0x11, 0x03, 0x11,
    0x03, 0x11, 0x03, 0x11, 0x03, 0x11, 0x03, 0x11, 0x03, 0x11, 0x03, 0x11, 0x03, 0x11, 0x03, 0x11, 0x03, 0x11, 0x03, 0x11, 0x03, 0x11, 0x03, 0x11,
    0x03, 0x11, 0x03, 0x11, 0x03, 0x11, 0x03, 0x11, 0x03, 0x11, 0x03, 0x11, 0x03, 0x11, 0x03, 0x11, 0x03, 0x11, 0x03, 0x11, 0x03, 0x11, 0x03, 0x11,
    0x03, 0x11, 0x03, 0x11, 0x03, 0x11, 0x03, 0x11, 0x03, 0x11, 0x03, 0x11, 0x03, 0x11, 0x03, 0x11, 0x03, 0x11, 0x03, 0x11, 0x03, 0x11, 0x03, 0x11,
    0x03, 0x11, 0x03, 0x11, 0x03, 0x11, 0x03, 0x11, 0x03, 0x11, 0x03, 0x11, 0x03, 0x11, 0x03, 0x11, 0x03, 0x11, 0x03, 0x11, 0x03, 0x11, 0x03, 0x11,
    0x03, 0x11, 0x03, 0x11, 0x03, 0x11, 0x03, 0x11, 0x03, 0x11, 0x03, 0x11, 0x03, 0x11, 0x03, 0x11, 0x03, 0x11, 0x03, 0x11, 0x03, 0x11, 0x03, 0x11,
    0x03, 0x11, 0x03, 0x11, 0x03, 0x11, 0x03, 0x11, 0x03, 0x11, 0x03, 0x11, 0x03, 0x11, 0x03, 0x11, 0x4b, 0xee, 0x4b, 0xee, 0x4b, 0xee, 0x4b, 0xee,
    0x03, 0x11, 0x03, 0x11, 0x03, 0x11, 0x03, 0x11, 0x03, 0x11, 0x03, 0x11, 0x03, 0x11, 0x03, 0x11, 0x03, 0x11, 0x03, 0x11, 0x03, 0x11, 0x03, 0x11,
    0x03, 0x11, 0x03, 0x11, 0x03, 0x11, 0x03, 0x11, 0x03, 0x11, 0x03, 0x11, 0x03, 0x11, 0x03, 0x11, 0x03, 0x11, 0x03, 0x11, 0x03, 0x11, 0x03, 0x11,
    0x03, 0x11, 0x03, 0x11, 0x03, 0x11, 0x03, 0x11, 0x03, 0x11, 0x03, 0x11, 0x03, 0x11, 0x03, 0x11, 0x03, 0x11, 0x03, 0x11, 0x03, 0x11, 0x03, 0x11,
    0x03, 0x11, 0x03, 0x11, 0x03, 0x11, 0x03, 0x11, 0x03, 0x11, 0x03, 0x11, 0x03, 0x11, 0x03, 0x11, 0x03, 0x11, 0x03, 0x11, 0x03, 0x11, 0x03, 0x11,
    0x03, 0x11, 0x03, 0x11, 0x03, 0x11, 0x03, 0x11, 0x03, 0x11, 0x03, 0x11, 0x03, 0x11, 0x03, 0x11, 0x03, 0x11, 0x03, 0x11, 0x03, 0x11, 0x03, 0x11,
    0x03, 0x11, 0x03, 0x11, 0x03, 0x11, 0x03, 0x11, 0x03, 0x11, 0x03, 0x11, 0x03, 0x11, 0x03, 0x11, 0x03, 0x11, 0x03, 0x11, 0x03, 0x11, 0x03, 0x11,
    0x03, 0x11, 0x03, 0x11, 0x03, 0x11, 0x03, 0x11, 0x4b, 0xee, 0x4b, 0xee, 0x4b, 0xee, 0x4b, 0xee, 0x03, 0x11, 0x03, 0x11, 0x03, 0x11, 0x03, 0x11,
    0x03, 0x11, 0x03, 0x11, 0x03, 0x11, 0x03, 0x11, 0x03, 0x11, 0x03, 0x11, 0x03, 0x11, 0x03, 0x11, 0x03, 0x11, 0x03, 0x11, 0x03, 0x11, 0x03, 0x11,
    0x03, 0x11, 0x03, 0x11, 0x03, 0x11, 0x03, 0x11, 0x03, 0x11, 0x03, 0x11, 0x03, 0x11, 0x03, 0x11, 0x03, 0x11, 0x03, 0x11, 0x03, 0x11, 0x03, 0x11,
    0x03, 0x11, 0x03, 0x11, 0x03, 0x11, 0x03, 0x11, 0x03, 0x11, 0x03, 0x11, 0x03, 0x11, 0x03, 0x11, 0x03, 0x11, 0x03, 0x11, 0x03, 0x11, 0x03, 0x11,
    0x03, 0x11, 0x03, 0x11, 0x03, 0x11, 0x03, 0x11, 0x03, 0x11, 0x03, 0x11, 0x03, 0x11, 0x03, 0x11, 0x03, 0x11, 0x03, 0x11, 0x03, 0x11, 0x03, 0x11,
    0x03, 0x11, 0x03, 0x11, 0x03, 0x11, 0x03, 0x11, 0x03, 0x11, 0x03, 0x11, 0x03, 0x11, 0x03, 0x11, 0x03, 0x11, 0x03, 0x11, 0x03, 0x11, 0x03, 0x11,
    0x03, 0x11, 0x03, 0x11, 0x03, 0x11, 0x03, 0x11, 0x03, 0x11, 0x03, 0x11, 0x4b, 0xee, 0x4b, 0xee, 0x4b, 0xee, 0x4b, 0xee, 0x4b, 0xee, 0x4b, 0xee,
    0x4b, 0xee, 0x4b, 0xee, 0x4b, 0xee, 0x4b, 0xee, 0x03, 0x11, 0x03, 0x11, 0x03, 0x11, 0x03, 0x11, 0x03, 0x11, 0x03, 0x11, 0x03, 0x11, 0x03, 0x11,
    0x03, 0x11, 0x03, 0x11, 0x03, 0x11, 0x03, 0x11, 0x03, 0x11, 0x03, 0x11, 0x03, 0x11, 0x03, 0x11, 0x03, 0x11, 0x03, 0x11, 0x03, 0x11, 0x03, 0x11,
    0x03, 0x11, 0x03, 0x11, 0x03, 0x11, 0x03, 0x11, 0x03, 0x11, 0x03, 0x11, 0x03, 0x11, 0x03, 0x11, 0x03, 0x11, 0x03, 0x11, 0x03, 0x11, 0x03, 0x11,
    0x03, 0x11, 0x03, 0x11, 0x03, 0x11, 0x03, 0x11, 0x03, 0x11, 0x03, 0x11, 0x03, 0x11, 0x03, 0x11, 0x03, 0x11, 0x03, 0x11, 0x03, 0x11, 0x03, 0x11,
    0x03, 0x11, 0x03, 0x11, 0x03, 0x11, 0x03, 0x11, 0x03, 0x11, 0x03, 0x11, 0x03, 0x11, 0x03, 0x11, 0x03, 0x11, 0x03, 0x11, 0x03, 0x11, 0x03, 0x11,
    0x03, 0x11, 0x03, 0x11, 0x03, 0x11, 0x03, 0x11, 0x03, 0x11, 0x03, 0x11, 0x03, 0x11, 0x03, 0x11, 0x03, 0x11, 0x03, 0x11, 0x03, 0x11, 0x03, 0x11,
    0x03, 0x11, 0x03, 0x11, 0x4b, 0xee, 0x4b, 0xee, 0x4b, 0xee, 0x4b, 0xee, 0x4b, 0xee, 0x4b, 0xee, 0x4b, 0xee, 0x4b, 0xee, 0x4b, 0xee, 0x4b, 0xee,
    0x03, 0x11, 0x03, 0x11, 0x03, 0x11, 0x03, 0x11, 0x03, 0x11, 0x03, 0x11, 0x03, 0x11, 0x03, 0x11, 0x03, 0x11, 0x03, 0x11, 0x03, 0x11, 0x03, 0x11,
    0x03, 0x11, 0x03, 0x11, 0x03, 0x11, 0x03, 0x11, 0x03, 0x11, 0x03, 0x11, 0x03, 0x11, 0x03, 0x11, 0x03, 0x11, 0x03, 0x11, 0x03, 0x11, 0x03, 0x11,
    0x03, 0x11, 0x03, 0x11, 0x03, 0x11, 0x03, 0x11, 0x03, 0x11, 0x03, 0x11, 0x03, 0x11, 0x03, 0x11, 0x03, 0x11, 0x03, 0x11, 0x03, 0x11, 0x03, 0x11,
    0x03, 0x11, 0x03, 0x11, 0x03, 0x11, 0x03, 0x11, 0x03, 0x11, 0x03, 0x11, 0x03, 0x11, 0x03, 0x11, 0x03, 0x11, 0x03, 0x11, 0x03, 0x11, 0x03, 0x11,
    0x03, 0x11, 0x03, 0x11, 0x03, 0x11, 0x03, 0x11, 0x03, 0x11, 0x03, 0x11, 0x03, 0x11, 0x03, 0x11, 0x03, 0x11, 0x03, 0x11, 0x03, 0x11, 0x03, 0x11,
    0x03, 0x11, 0x03, 0x11, 0x03, 0x11, 0x03, 0x11, 0x03, 0x11, 0x03, 0x11, 0x03, 0x11, 0x03, 0x11, 0x03, 0x11, 0x03, 0x11, 0x4b, 0xee, 0x4b, 0xee,
    0x4b, 0xee, 0x4b, 0xee, 0x4b, 0xee, 0x4b, 0xee, 0x4b, 0xee, 0x4b, 0xee, 0x4b, 0xee, 0x4b, 0xee, 0x03, 0x11, 0x03, 0x11, 0x03, 0x11, 0x03, 0x11,
    0x03, 0x11, 0x03, 0x11, 0x03, 0x11, 0x03, 0x11, 0x03, 0x11, 0x03, 0x11, 0x03, 0x11, 0x03, 0x11, 0x03, 0x11, 0x03, 0x11, 0x03, 0x11, 0x03, 0x11,
    0x03, 0x11, 0x03, 0x11, 0x03, 0x11, 0x03, 0x11, 0x03, 0x11, 0x03, 0x11, 0x03, 0x11, 0x03, 0x11, 0x03, 0x11, 0x03, 0x11, 0x03, 0x11, 0x03, 0x11,
    0x03, 0x11, 0x03, 0x11, 0x03, 0x11, 0x03, 0x11, 0x03, 0x11, 0x03, 0x11, 0x03, 0x11, 0x03, 0x11, 0x03, 0x11, 0x03, 0x11, 0x03, 0x11, 0x03, 0x11,
    0x03, 0x11, 0x03, 0x11, 0x03, 0x11, 0x03, 0x11, 0x03, 0x11, 0x03, 0x11, 0x03, 0x11, 0x03, 0x11, 0x03, 0x11, 0x03, 0x11, 0x03, 0x11, 0x03, 0x11,
    0x03, 0x11, 0x03, 0x11, 0x03, 0x11, 0x03, 0x11, 0x03, 0x11, 0x03, 0x11, 0x03, 0x11, 0x03, 0x11, 0x03, 0x11, 0x03, 0x11, 0x03, 0x11, 0x03, 0x11,
    0x03, 0x11, 0x03, 0x11, 0x03, 0x11, 0x03, 0x11, 0x03, 0x11, 0x03, 0x11, 0x4b, 0xee, 0x4b, 0xee, 0x4b, 0xee, 0x4b, 0xee, 0x4b, 0xee, 0x4b, 0xee,
    0x4b, 0xee, 0x4b, 0xee, 0x4b, 0xee, 0x4b, 0xee, 0x03, 0x11, 0x03, 0x11, 0x03, 0x11, 0x03, 0x11, 0x03, 0x11, 0x03, 0x11, 0x03, 0x11, 0x03, 0x11,
    0x03, 0x11, 0x03, 0x11, 0x03, 0x11, 0x03, 0x11, 0x03, 0x11, 0x03, 0x11, 0x03, 0x11, 0x03, 0x11, 0x03, 0x11, 0x03, 0x11, 0x03, 0x11, 0x03, 0x11,
    0x03, 0x11, 0x03, 0x11, 0x03, 0x11, 0x03, 0x11, 0x03, 0x11, 0x03, 0x11, 0x03, 0x11, 0x03, 0x11, 0x03, 0x11, 0x03, 0x11, 0x03, 0x11, 0x03, 0x11,
    0x03, 0x11, 0x03, 0x11, 0x03, 0x11, 0x03, 0x11, 0x03, 0x11, 0x03, 0x11, 0x03, 0x11, 0x03, 0x11, 0x03, 0x11, 0x03, 0x11, 0x03, 0x11, 0x03, 0x11,
    0x03, 0x11, 0x03, 0x11, 0x03, 0x11, 0x03, 0x11, 0x03, 0x11, 0x03, 0x11, 0x03, 0x11, 0x03, 0x11, 0x03, 0x11, 0x03, 0x11, 0x03, 0x11, 0x03, 0x11,
    0x03, 0x11, 0x03, 0x11, 0x4b, 0xee, 0x4b, 0xee, 0x4b, 0xee, 0x4b, 0xee, 0x4b, 0xee, 0x4b, 0xee, 0x4b, 0xee, 0x4b, 0xee, 0x4b, 0xee, 0x4b, 0xee,
    0x4b, 0xee, 0x4b, 0xee, 0x03, 0x11, 0x03, 0x11, 0x03, 0x11, 0x03, 0x11, 0x03, 0x11, 0x03, 0x11, 0x03, 0x11, 0x03, 0x11, 0x03, 0x11, 0x03, 0x11,
    0x03, 0x11, 0x03, 0x11, 0x03, 0x11, 0x03, 0x11, 0x03, 0x11, 0x03, 0x11, 0x03, 0x11, 0x03, 0x11, 0x03, 0x11, 0x03, 0x11, 0x03, 0x11, 0x03, 0x11,
    0x03, 0x11, 0x03, 0x11, 0x03, 0x11, 0x03, 0x11, 0x03, 0x11, 0x03, 0x11, 0x03, 0x11, 0x03, 0x11, 0x03, 0x11, 0x03, 0x11, 0x03, 0x11, 0x03, 0x11,
    0x03, 0x11, 0x03, 0x11, 0x03, 0x11, 0x03, 0x11, 0x03, 0x11, 0x03, 0x11, 0x03, 0x11, 0x03, 0x11, 0x03, 0x11, 0x03, 0x11, 0x03, 0x11, 0x03, 0x11,
    0x03, 0x11, 0x03, 0x11, 0x03, 0x11, 0x03, 0x11, 0x03, 0x11, 0x03, 0x11, 0x03, 0x11, 0x03, 0x11, 0x03, 0x11, 0x03, 0x11, 0x03, 0x11, 0x03, 0x11,
    0x03, 0x11, 0x03, 0x11, 0x03, 0x11, 0x03, 0x11, 0x03, 0x11, 0x03, 0x11, 0x03, 0x11, 0x03, 0x11, 0x03, 0x11, 0x03, 0x11, 0x4b, 0xee, 0x4b, 0xee,
    0x4b, 0xee, 0x4b, 0xee, 0x4b, 0xee, 0x4b, 0xee, 0x4b, 0xee, 0x4b, 0xee, 0x4b, 0xee, 0x4b, 0xee, 0x4b, 0xee, 0x4b, 0xee, 0x03, 0x11, 0x03, 0x11,
    0x03, 0x11, 0x03, 0x11, 0x03, 0x11, 0x03, 0x11, 0x03, 0x11, 0x03, 0x11, 0x03, 0x11, 0x03, 0x11, 0x03, 0x11, 0x03, 0x11, 0x03, 0x11, 0x03, 0x11,
    0x03, 0x11, 0x03, 0x11, 0x03, 0x11, 0x03, 0x11, 0x03, 0x11, 0x03, 0x11, 0x03, 0x11, 0x03, 0x11, 0x03, 0x11, 0x03, 0x11, 0x03, 0x11, 0x03, 0x11,
    0x03, 0x11, 0x03, 0x11, 0x03, 0x11, 0x03, 0x11, 0x03, 0x11, 0x03, 0x11, 0x03, 0x11, 0x03, 0x11, 0x03, 0x11, 0x03, 0x11, 0x03, 0x11, 0x03, 0x11,
    0x03, 0x11, 0x03, 0x11, 0x03, 0x11, 0x03, 0x11, 0x03, 0x11, 0x03, 0x11, 0x03, 0x11, 0x03, 0x11, 0x03, 0x11, 0x03, 0x11, 0x03, 0x11, 0x03, 0x11,
    0x03, 0x11, 0x03, 0x11, 0x03, 0x11, 0x03, 0x11, 0x03, 0x11, 0x03, 0x11, 0x03, 0x11, 0x03, 0x11, 0x03, 0x11, 0x03, 0x11, 0x03, 0x11, 0x03, 0x11,
    0x03, 0x11, 0x03, 0x11, 0x03, 0x11, 0x03, 0x11, 0x03, 0x11, 0x03, 0x11, 0x4b, 0xee, 0x4b, 0xee, 0x4b, 0xee, 0x4b, 0xee, 0x4b, 0xee, 0x4b, 0xee,
    0x4b, 0xee, 0x4b, 0xee, 0x4b, 0xee, 0x4b, 0xee, 0x4b, 0xee, 0x4b, 0xee, 0x03, 0x11, 0x03, 0x11, 0x03, 0x11, 0x03, 0x11, 0x03, 0x11, 0x03, 0x11,
    0x03, 0x11, 0x03, 0x11, 0x03, 0x11, 0x03, 0x11, 0x03, 0x11, 0x03, 0x11, 0x03, 0x11, 0x03, 0x11, 0x03, 0x11, 0x03, 0x11, 0x03, 0x11, 0x03, 0x11,
    0x03, 0x11, 0x03, 0x11, 0x03, 0x11, 0x03, 0x11, 0x03, 0x11, 0x03, 0x11, 0x03, 0x11, 0x03, 0x11, 0x03, 0x11, 0x03, 0x11, 0x03, 0x11, 0x03, 0x11,
    0x03, 0x11, 0x03, 0x11, 0x03, 0x11, 0x03, 0x11, 0x03, 0x11, 0x03, 0x11, 0x03, 0x11, 0x03, 0x11, 0x03, 0x11, 0x03, 0x11, 0x03, 0x11, 0x03, 0x11,
    0x03, 0x11, 0x03, 0x11, 0x03, 0x11, 0x03, 0x11, 0x03, 0x11, 0x03, 0x11, 0x03, 0x11, 0x03, 0x11, 0x03, 0x11, 0x03, 0x11, 0x03, 0x11, 0x03, 0x11,
    0x03, 0x11, 0x03, 0x11, 0x03, 0x11, 0x03, 0x11, 0x03, 0x11, 0x03, 0x11, 0x03, 0x11, 0x03, 0x11, 0x03, 0x11, 0x03, 0x11, 0x03, 0x11, 0x03, 0x11,
    0x03, 0x11, 0x03, 0x11, 0x4b, 0xee, 0x4b, 0xee, 0x4b, 0xee, 0x4b, 0xee, 0x4b, 0xee, 0x4b, 0xee, 0x4b, 0xee, 0x4b, 0xee, 0x4b, 0xee, 0x4b, 0xee,
    0x4b, 0xee, 0x4b, 0xee, 0x03, 0x11, 0x03, 0x11, 0x03, 0x11, 0x03, 0x11, 0x03, 0x11, 0x03, 0x11, 0x03, 0x11, 0x03, 0x11, 0x03, 0x11, 0x03, 0x11,
    0x03, 0x11, 0x03, 0x11, 0x03, 0x11, 0x03, 0x11, 0x03, 0x11, 0x03, 0x11, 0x03, 0x11, 0x03, 0x11, 0x03, 0x11, 0x03, 0x11, 0x03, 0x11, 0x03, 0x11,
    0x03, 0x11, 0x03, 0x11, 0x03, 0x11, 0x03, 0x11, 0x03, 0x11, 0x03, 0x11, 0x03, 0x11, 0x03, 0x11, 0x03, 0x11, 0x03, 0x11, 0x03, 0x11, 0x03, 0x11,
    0x03, 0x11, 0x03, 0x11, 0x03, 0x11, 0x03, 0x11, 0x03, 0x11, 0x03, 0x11, 0x03, 0x11, 0x03, 0x11, 0x03, 0x11, 0x03, 0x11, 0x03, 0x11, 0x03, 0x11,
    0x03, 0x11, 0x03, 0x11, 0x03, 0x11, 0x03, 0x11, 0x03, 0x11, 0x03, 0x11, 0x03, 0x11, 0x03, 0x11, 0x03, 0x11, 0x03, 0x11, 0x03, 0x11, 0x03, 0x11,
    0x03, 0x11, 0x03, 0x11, 0x03, 0x11, 0x03, 0x11, 0x03, 0x11, 0x03, 0x11, 0x03, 0x11, 0x03, 0x11, 0x03, 0x11, 0x03, 0x11, 0x03, 0x11, 0x03, 0x11,
    0x03, 0x11, 0x03, 0x11, 0x03, 0x11, 0x03, 0x11, 0x03, 0x11, 0x03, 0x11, 0x4b, 0xee, 0x4b, 0xee, 0x4b, 0xee, 0x4b, 0xee, 0x03, 0x11, 0x03, 0x11,
    0x03, 0x11, 0x03, 0x11, 0x03, 0x11, 0x03, 0x11, 0x03, 0x11, 0x03, 0x11, 0x03, 0x11, 0x03, 0x11, 0x03, 0x11, 0x03, 0x11, 0x03, 0x11, 0x03, 0x11,
    0x03, 0x11, 0x03, 0x11, 0x03, 0x11, 0x03, 0x11, 0x03, 0x11, 0x03, 0x11, 0x03, 0x11, 0x03, 0x11, 0x03, 0x11, 0x03, 0x11, 0x03, 0x11, 0x03, 0x11,
    0x03, 0x11, 0x03, 0x11, 0x03, 0x11, 0x03, 0x11, 0x03, 0x11, 0x03, 0x11, 0x03, 0x11, 0x03, 0x11, 0x03, 0x11, 0x03, 0x11, 0x03, 0x11, 0x03, 0x11,
    0x03, 0x11, 0x03, 0x11, 0x03, 0x11, 0x03, 0x11, 0x03, 0x11, 0x03, 0x11, 0x03, 0x11, 0x03, 0x11, 0x03, 0x11, 0x03, 0x11, 0x03, 0x11, 0x03, 0x11,
    0x03, 0x11, 0x03, 0x11, 0x03, 0x11, 0x03, 0x11, 0x03, 0x11, 0x03, 0x11, 0x03, 0x11, 0x03, 0x11, 0x03, 0x11, 0x03, 0x11, 0x03, 0x11, 0x03, 0x11,
    0x03, 0x11, 0x03, 0x11, 0x03, 0x11, 0x03, 0x11, 0x03, 0x11, 0x03, 0x11, 0x03, 0x11, 0x03, 0x11, 0x03, 0x11, 0x03, 0x11, 0x03, 0x11, 0x03, 0x11,
    0x03, 0x11, 0x03, 0x11, 0x4b, 0xee, 0x4b, 0xee, 0x4b, 0xee, 0x4b, 0xee, 0x03, 0x11, 0x03, 0x11, 0x03, 0x11, 0x03, 0x11, 0x03, 0x11, 0x03, 0x11,
    0x03, 0x11, 0x03, 0x11, 0x03, 0x11, 0x03, 0x11, 0x03, 0x11, 0x03, 0x11, 0x03, 0x11, 0x03, 0x11, 0x03, 0x11, 0x03, 0x11, 0x03, 0x11, 0x03, 0x11,
    0x03, 0x11, 0x03, 0x11, 0x03, 0x11, 0x03, 0x11, 0x03, 0x11, 0x03, 0x11, 0x03, 0x11, 0x03, 0x11, 0x03, 0x11, 0x03, 0x11, 0x03, 0x11, 0x03, 0x11,
    0x03, 0x11, 0x03, 0x11, 0x03, 0x11, 0x03, 0x11, 0x03, 0x11, 0x03, 0x11, 0x03, 0x11, 0x03, 0x11, 0x03, 0x11, 0x03, 0x11, 0x03, 0x11, 0x03, 0x11,
    0x03, 0x11, 0x03, 0x11, 0x03, 0x11, 0x03, 0x11, 0x03, 0x11, 0x03, 0x11, 0x03, 0x11, 0x03, 0x11, 0x03, 0x11, 0x03, 0x11, 0x03, 0x11, 0x03, 0x11,
    0x03, 0x11, 0x03, 0x11, 0x03, 0x11, 0x03, 0x11, 0x03, 0x11, 0x03, 0x11, 0x03, 0x11, 0x03, 0x11, 0x03, 0x11, 0x03, 0x11, 0x03, 0x11, 0x03, 0x11,
    0x03, 0x11, 0x03, 0x11, 0x4b, 0xee, 0x4b, 0xee, 0x4b, 0xee, 0x4b, 0xee, 0x4b, 0xee, 0x4b, 0xee, 0x4b, 0xee, 0x4b, 0xee, 0x4b, 0xee, 0x4b, 0xee,
    0x4b, 0xee, 0x4b, 0xee, 0x03, 0x11, 0x03, 0x11, 0x03, 0x11, 0x03, 0x11, 0x03, 0x11, 0x03, 0x11, 0x03, 0x11, 0x03, 0x11, 0x03, 0x11, 0x03, 0x11,
    0x03, 0x11, 0x03, 0x11, 0x03, 0x11, 0x03, 0x11, 0x03, 0x11, 0x03, 0x11, 0x03, 0x11, 0x03, 0x11, 0x03, 0x11, 0x03, 0x11, 0x03, 0x11, 0x03, 0x11,
    0x03, 0x11, 0x03, 0x11, 0x03, 0x11, 0x03, 0x11, 0x03, 0x11, 0x03, 0x11, 0x03, 0x11, 0x03, 0x11, 0x03, 0x11, 0x03, 0x11, 0x03, 0x11, 0x03, 0x11,
    0x03, 0x11, 0x03, 0x11, 0x03, 0x11, 0x03, 0x11, 0x03, 0x11, 0x03, 0x11, 0x03, 0x11, 0x03, 0x11, 0x03, 0x11, 0x03, 0x11, 0x03, 0x11, 0x03, 0x11,
    0x03, 0x11, 0x03, 0x11, 0x03, 0x11, 0x03, 0x11, 0x03, 0x11, 0x03, 0x11, 0x03, 0x11, 0x03, 0x11, 0x03, 0x11, 0x03, 0x11, 0x03, 0x11, 0x03, 0x11,
    0x03, 0x11, 0x03, 0x11, 0x03, 0x11, 0x03, 0x11, 0x03, 0x11, 0x03, 0x11, 0x03, 0x11, 0x03, 0x11, 0x03, 0x11, 0x03, 0x11, 0x4b, 0xee, 0x4b, 0xee,
    0x4b, 0xee, 0x4b, 0xee, 0x4b, 0xee, 0x4b, 0xee, 0x4b, 0xee, 0x4b, 0xee, 0x4b, 0xee, 0x4b, 0xee, 0x4b, 0xee, 0x4b, 0xee, 0x03, 0x11, 0x03, 0x11,
    0x03, 0x11, 0x03, 0x11, 0x03, 0x11, 0x03, 0x11, 0x03, 0x11, 0x03, 0x11, 0x03, 0x11, 0x03, 0x11, 0x03, 0x11, 0x03, 0x11, 0x03, 0x11, 0x03, 0x11,
    0x03, 0x11, 0x03, 0x11, 0x03, 0x11, 0x03, 0x11, 0x03, 0x11, 0x03, 0x11, 0x03, 0x11, 0x03, 0x11, 0x03, 0x11, 0x03, 0x11, 0x03, 0x11, 0x03, 0x11,
    0x03, 0x11, 0x03, 0x11, 0x03, 0x11, 0x03, 0x11, 0x03, 0x11, 0x03, 0x11, 0x03, 0x11, 0x03, 0x11, 0x03, 0x11, 0x03, 0x11, 0x03, 0x11, 0x03, 0x11,
    0x03, 0x11, 0x03, 0x11, 0x03, 0x11, 0x03, 0x11, 0x03, 0x11, 0x03, 0x11, 0x03, 0x11, 0x03, 0x11, 0x03, 0x11, 0x03, 0x11, 0x03, 0x11, 0x03, 0x11,
    0x03, 0x11, 0x03, 0x11, 0x03, 0x11, 0x03, 0x11, 0x03, 0x11, 0x03, 0x11, 0x03, 0x11, 0x03, 0x11, 0x03, 0x11, 0x03, 0x11, 0x03, 0x11, 0x03, 0x11,
    0x03, 0x11, 0x03, 0x11, 0x03, 0x11, 0x03, 0x11, 0x03, 0x11, 0x03, 0x11, 0x4b, 0xee, 0x4b, 0xee, 0x4b, 0xee, 0x4b, 0xee, 0x4b, 0xee, 0x4b, 0xee,
    0x4b, 0xee, 0x4b, 0xee, 0x4b, 0xee, 0x4b, 0xee, 0x4b, 0xee, 0x4b, 0xee, 0x03, 0x11, 0x03, 0x11, 0x03, 0x11, 0x03, 0x11, 0x03, 0x11, 0x03, 0x11,
    0x03, 0x11, 0x03, 0x11, 0x03, 0x11, 0x03, 0x11, 0x03, 0x11, 0x03, 0x11, 0x03, 0x11, 0x03, 0x11, 0x03, 0x11, 0x03, 0x11, 0x03, 0x11, 0x03, 0x11,
    0x03, 0x11, 0x03, 0x11, 0x03, 0x11, 0x03, 0x11, 0x03, 0x11, 0x03, 0x11, 0x03, 0x11, 0x03, 0x11, 0x03, 0x11, 0x03, 0x11, 0x03, 0x11, 0x03, 0x11,
    0x03, 0x11, 0x03, 0x11, 0x03, 0x11, 0x03, 0x11, 0x03, 0x11, 0x03, 0x11, 0x03, 0x11, 0x03, 0x11, 0x03, 0x11, 0x03, 0x11, 0x03, 0x11, 0x03, 0x11,
    0x03, 0x11, 0x03, 0x11, 0x03, 0x11, 0x03, 0x11, 0x03, 0x11, 0x03, 0x11, 0x03, 0x11, 0x03, 0x11, 0x03, 0x11, 0x03, 0x11, 0x03, 0x11, 0x03, 0x11,
    0x03, 0x11, 0x03, 0x11, 0x03, 0x11, 0x03, 0x11, 0x03, 0x11, 0x03, 0x11, 0x03, 0x11, 0x03, 0x11, 0x03, 0x11, 0x03, 0x11, 0x03, 0x11, 0x03, 0x11,
    0x03, 0x11, 0x03, 0x11, 0x4b, 0xee, 0x4b, 0xee, 0x4b, 0xee, 0x4b, 0xee, 0x4b, 0xee, 0x4b, 0xee, 0x4b, 0xee, 0x4b, 0xee, 0x4b, 0xee, 0x4b, 0xee,
    0x4b, 0xee, 0x4b, 0xee, 0x03, 0x11, 0x03, 0x11, 0x03, 0x11, 0x03, 0x11, 0x03, 0x11, 0x03, 0x11, 0x03, 0x11, 0x03, 0x11, 0x03, 0x11, 0x03, 0x11,
    0x03, 0x11, 0x03, 0x11, 0x03, 0x11, 0x03, 0x11, 0x03, 0x11, 0x03, 0x11, 0x03, 0x11, 0x03, 0x11, 0x03, 0x11, 0x03, 0x11, 0x03, 0x11, 0x03, 0x11,
    0x03, 0x11, 0x03, 0x11, 0x03, 0x11, 0x03, 0x11, 0x03, 0x11, 0x03, 0x11, 0x03, 0x11, 0x03, 0x11, 0x03, 0x11, 0x03, 0x11, 0x03, 0x11, 0x03, 0x11,
    0x03, 0x11, 0x03, 0x11, 0x03, 0x11, 0x03, 0x11, 0x03, 0x11, 0x03, 0x11, 0x03, 0x11, 0x03, 0x11, 0x03, 0x11, 0x03, 0x11, 0x03, 0x11, 0x03, 0x11,
    0x03, 0x11, 0x03, 0x11, 0x03, 0x11, 0x03, 0x11, 0x03, 0x11, 0x03, 0x11, 0x03, 0x11, 0x03, 0x11, 0x03, 0x11, 0x03, 0x11, 0x03, 0x11, 0x03, 0x11,
    0x03, 0x11, 0x03, 0x11, 0x03, 0x11, 0x03, 0x11, 0x03, 0x11, 0x03, 0x11, 0x03, 0x11, 0x03, 0x11, 0x03, 0x11, 0x03, 0x11, 0x03, 0x11, 0x03, 0x11,
    0x03, 0x11, 0x03, 0x11, 0x03, 0x11, 0x03, 0x11, 0x03, 0x11, 0x03, 0x11, 0x03, 0x11, 0x03, 0x11, 0x03, 0x11, 0x03, 0x11, 0x03, 0x11, 0x03, 0x11,
    0x03, 0x11, 0x03, 0x11, 0x03, 0x11, 0x03, 0x11, 0x03, 0x11, 0x03, 0x11, 0x03, 0x11, 0x03, 0x11, 0x03, 0x11, 0x03, 0x11, 0x03, 0x11, 0x03, 0x11,
    0x03, 0x11, 0x03, 0x11, 0x03, 0x11, 0x03, 0x11, 0x03, 0x11, 0x03, 0x11, 0x03, 0x11, 0x03, 0x11, 0x03, 0x11, 0x03, 0x11, 0x03, 0x11, 0x03, 0x11,
    0x03, 0x11, 0x03, 0x11, 0x03, 0x11, 0x03, 0x11, 0x03, 0x11, 0x03, 0x11, 0x03, 0x11, 0x03, 0x11, 0x03, 0x11, 0x03, 0x11, 0x03, 0x11, 0x03, 0x11,
    0x03, 0x11, 0x03, 0x11, 0x03, 0x11, 0x03, 0x11, 0x03, 0x11, 0x03, 0x11, 0x03, 0x11, 0x03, 0x11, 0x03, 0x11, 0x03, 0x11, 0x03, 0x11, 0x03, 0x11,
    0x03, 0x11, 0x03, 0x11, 0x03, 0x11, 0x03, 0x11, 0x03, 0x11, 0x03, 0x11, 0x03, 0x11, 0x03, 0x11, 0x03, 0x11, 0x03, 0x11, 0x03, 0x11, 0x03, 0x11,
    0x03, 0x11, 0x03, 0x11, 0x03, 0x11, 0x03, 0x11, 0x03, 0x11, 0x03, 0x11, 0x03, 0x11, 0x03, 0x11, 0x03, 0x11, 0x03, 0x11, 0x03, 0x11, 0x03, 0x11,
    0x03, 0x11, 0x03, 0x11, 0x03, 0x11, 0x03, 0x11, 0x03, 0x11, 0x03, 0x11, 0x03, 0x11, 0x03, 0x11, 0x03, 0x11, 0x03, 0x11, 0x03, 0x11, 0x03, 0x11,
    0x03, 0x11, 0x03, 0x11, 0x03, 0x11, 0x03, 0x11, 0x03, 0x11, 0x03, 0x11, 0x03, 0x11, 0x03, 0x11, 0x03, 0x11, 0x03, 0x11, 0x03, 0x11, 0x03, 0x11,
    0x03, 0x11, 0x03, 0x11, 0x03, 0x11, 0x03, 0x11, 0x03, 0x11, 0x03, 0x11, 0x03, 0x11, 0x03, 0x11, 0x03, 0x11, 0x03, 0x11, 0x03, 0x11, 0x03, 0x11,
    0x03, 0x11, 0x03, 0x11, 0x03, 0x11, 0x03, 0x11, 0x03, 0x11, 0x03, 0x11, 0x03, 0x11, 0x03, 0x11, 0x03, 0x11, 0x03, 0x11, 0x03, 0x11, 0x03, 0x11,
    0x03, 0x11, 0x03, 0x11, 0x03, 0x11, 0x03, 0x11, 0x03, 0x11, 0x03, 0x11, 0x03, 0x11, 0x03, 0x11, 0x03, 0x11, 0x03, 0x11, 0x03, 0x11, 0x03, 0x11,
    0x03, 0x11, 0x03, 0x11, 0x03, 0x11, 0x03, 0x11, 0x03, 0x11, 0x03, 0x11, 0x03, 0x11, 0x03, 0x11, 0x03, 0x11, 0x03, 0x11, 0x03, 0x11, 0x03, 0x11,
    0x03, 0x11, 0x03, 0x11, 0x03, 0x11, 0x03, 0x11, 0x03, 0x11, 0x03, 0x11, 0x03, 0x11, 0x03, 0x11, 0x03, 0x11, 0x03, 0x11, 0x03, 0x11, 0x03, 0x11,
    0x03, 0x11, 0x03, 0x11, 0x03, 0x11, 0x03, 0x11, 0x03, 0x11, 0x03, 0x11, 0x03, 0x11, 0x03, 0x11, 0x03, 0x11, 0x03, 0x11, 0x03, 0x11, 0x03, 0x11,
    0x03, 0x11, 0x03, 0x11, 0x03, 0x11, 0x03, 0x11, 0x03, 0x11, 0x03, 0x11, 0x03, 0x11, 0x03, 0x11, 0x03, 0x11, 0x03, 0x11, 0x03, 0x11, 0x03, 0x11,
    0x03, 0x11, 0x03, 0x11, 0x03, 0x11, 0x03, 0x11, 0x03, 0x11, 0x03, 0x11, 0x03, 0x11, 0x03, 0x11, 0x03, 0x11, 0x03, 0x11, 0x03, 0x11, 0x03, 0x11,
    0x03, 0x11, 0x03, 0x11, 0x03, 0x11, 0x03, 0x11, 0x03, 0x11, 0x03, 0x11, 0x03, 0x11, 0x03, 0x11, 0x03, 0x11, 0x03, 0x11, 0x03, 0x11, 0x03, 0x11,
    0x03, 0x11, 0x03, 0x11, 0x03, 0x11, 0x03, 0x11, 0x03, 0x11, 0x03, 0x11, 0x03, 0x11, 0x03, 0x11, 0x03, 0x11, 0x03, 0x11, 0x03, 0x11, 0x03, 0x11,
    0x03, 0x11, 0x03, 0x11, 0x03, 0x11, 0x03, 0x11, 0x03, 0x11, 0x03, 0x11, 0x03, 0x11, 0x03, 0x11, 0x03, 0x11, 0x03, 0x11, 0x03, 0x11, 0x03, 0x11,
    0x03, 0x11, 0x03, 0x11, 0x03, 0x11, 0x03, 0x11, 0x03, 0x11, 0x03, 0x11, 0x03, 0x11, 0x03, 0x11, 0x03, 0x11, 0x03, 0x11, 0x03, 0x11, 0x03, 0x11,
    0x03, 0x11, 0x03, 0x11, 0x03, 0x11, 0x03, 0x11, 0x03, 0x11, 0x03, 0x11, 0x03, 0x11, 0x03, 0x11, 0x03, 0x11, 0x03, 0x11, 0x03, 0x11, 0x03, 0x11,
    0x03, 0x11, 0x03, 0x11, 0x03, 0x11, 0x03, 0x11, 0x03, 0x11, 0x03, 0x11, 0x03, 0x11, 0x03, 0x11, 0x03, 0x11, 0x03, 0x11, 0x03, 0x11, 0x03, 0x11,
    0x03, 0x11, 0x03, 0x11, 0x03, 0x11, 0x03, 0x11, 0x03, 0x11, 0x03, 0x11, 0x03, 0x11, 0x03, 0x11, 0x03, 0x11, 0x03, 0x11, 0x03, 0x11, 0x03, 0x11,
    0x03, 0x11, 0x03, 0x11, 0x03, 0x11, 0x03, 0x11, 0x03, 0x11, 0x03, 0x11, 0x03, 0x11, 0x03, 0x11, 0x03, 0x11, 0x03, 0x11, 0x03, 0x11, 0x03, 0x11,
    0x03, 0x11, 0x03, 0x11, 0x03, 0x11, 0x03, 0x11, 0x6b, 0x55, 0x6b, 0x55, 0x6b, 0x55, 0x6b, 0x55, 0x6b, 0x55, 0x6b, 0x55, 0x6b, 0x55, 0x6b, 0x55,
    0x6b, 0x55, 0x6b, 0x55, 0x6b, 0x55, 0x6b, 0x55, 0x6b, 0x55, 0x6b, 0x55, 0x6b, 0x55, 0x6b, 0x55, 0x6b, 0x55, 0x6b, 0x55, 0x6b, 0x55, 0x6b, 0x55,
    0x6b, 0x55, 0x6b, 0x55, 0x6b, 0x55, 0x6b, 0x55, 0x6b, 0x55, 0x6b, 0x55, 0x6b, 0x55, 0x6b, 0x55, 0x03, 0x11, 0x03, 0x11, 0x03, 0x11, 0x03, 0x11,
    0x03, 0x11, 0x03, 0x11, 0x03, 0x11, 0x03, 0x11, 0x03, 0x11, 0x03, 0x11, 0x03, 0x11, 0x03, 0x11, 0x03, 0x11, 0x03, 0x11, 0x03, 0x11, 0x03, 0x11,
    0x03, 0x11, 0x03, 0x11, 0x03, 0x11, 0x03, 0x11, 0x03, 0x11, 0x03, 0x11, 0x03, 0x11, 0x03, 0x11, 0x03, 0x11, 0x03, 0x11, 0x03, 0x11, 0x03, 0x11,
    0x03, 0x11, 0x03, 0x11, 0x03, 0x11, 0x03, 0x11, 0x03, 0x11, 0x03, 0x11, 0x03, 0x11, 0x03, 0x11, 0x03, 0x11, 0x03, 0x11, 0x03, 0x11, 0x03, 0x11,
    0x03, 0x11, 0x03, 0x11, 0x03, 0x11, 0x03, 0x11, 0x03, 0x11, 0x03, 0x11, 0x03, 0x11, 0x03, 0x11, 0x03, 0x11, 0x03, 0x11, 0x03, 0x11, 0x03, 0x11,
    0x6b, 0x55, 0x6b, 0x55, 0x6b, 0x55, 0x6b, 0x55, 0x6b, 0x55, 0x6b, 0x55, 0x6b, 0x55, 0x6b, 0x55, 0x6b, 0x55, 0x6b, 0x55, 0x6b, 0x55, 0x6b, 0x55,
    0x6b, 0x55, 0x6b, 0x55, 0x6b, 0x55, 0x6b, 0x55, 0x6b, 0x55, 0x6b, 0x55, 0x6b, 0x55, 0x6b, 0x55, 0x6b, 0x55, 0x6b, 0x55, 0x6b, 0x55, 0x6b, 0x55,
    0x6b, 0x55, 0x6b, 0x55, 0x6b, 0x55, 0x6b, 0x55, 0x03, 0x11, 0x03, 0x11, 0x03, 0x11, 0x03, 0x11, 0x03, 0x11, 0x03, 0x11, 0x03, 0x11, 0x03, 0x11,
    0x03, 0x11, 0x03, 0x11, 0x03, 0x11, 0x03, 0x11, 0x03, 0x11, 0x03, 0x11, 0x03, 0x11, 0x03, 0x11, 0x03, 0x11, 0x03, 0x11, 0x03, 0x11, 0x03, 0x11,
    0x03, 0x11, 0x03, 0x11, 0x03, 0x11, 0x03, 0x11, 0x03, 0x11, 0x03, 0x11, 0x03, 0x11, 0x03, 0x11, 0x03, 0x11, 0x03, 0x11, 0x03, 0x11, 0x03, 0x11,
    0x03, 0x11, 0x03, 0x11, 0x03, 0x11, 0x03, 0x11, 0x03, 0x11, 0x03, 0x11, 0x03, 0x11, 0x03, 0x11, 0x03, 0x11, 0x03, 0x11, 0x03, 0x11, 0x03, 0x11,
    0x03, 0x11, 0x03, 0x11, 0x03, 0x11, 0x03, 0x11, 0x03, 0x11, 0x03, 0x11, 0x03, 0x11, 0x03, 0x11, 0x6b, 0x55, 0x6b, 0x55, 0x6b, 0x55, 0x6b, 0x55,
    0x6b, 0x55, 0x6b, 0x55, 0x6b, 0x55, 0x6b, 0x55, 0x6b, 0x55, 0x6b, 0x55, 0x6b, 0x55, 0x6b, 0x55, 0x6b, 0x55, 0x6b, 0x55, 0x6b, 0x55, 0x6b, 0x55,
    0x6b, 0x55, 0x6b, 0x55, 0x6b, 0x55, 0x6b, 0x55, 0x6b, 0x55, 0x6b, 0x55, 0x6b, 0x55, 0x6b, 0x55, 0x6b, 0x55, 0x6b, 0x55, 0x6b, 0x55, 0x6b, 0x55,
    0x03, 0x11, 0x03, 0x11, 0x03, 0x11, 0x03, 0x11, 0x03, 0x11, 0x03, 0x11, 0x03, 0x11, 0x03, 0x11, 0x03, 0x11, 0x03, 0x11, 0x03, 0x11, 0x03, 0x11,
    0x03, 0x11, 0x03, 0x11, 0x03, 0x11, 0x03, 0x11, 0x03, 0x11, 0x03, 0x11, 0x03, 0x11, 0x03, 0x11, 0x03, 0x11, 0x03, 0x11, 0x03, 0x11, 0x03, 0x11,
    0x03, 0x11, 0x03, 0x11, 0x03, 0x11, 0x03, 0x11, 0x03, 0x11, 0x03, 0x11, 0x03, 0x11, 0x03, 0x11, 0x03, 0x11, 0x03, 0x11, 0x03, 0x11, 0x03, 0x11,
    0x03, 0x11, 0x03, 0x11, 0x03, 0x11, 0x03, 0x11, 0x03, 0x11, 0x03, 0x11, 0x03, 0x11, 0x03, 0x11, 0x03, 0x11, 0x03, 0x11, 0x03, 0x11, 0x03, 0x11,
    0x03, 0x11, 0x03, 0x11, 0x03, 0x11, 0x03, 0x11, 0x6b, 0x55, 0x6b, 0x55, 0x6b, 0x55, 0x6b, 0x55, 0x6b, 0x55, 0x6b, 0x55, 0x6b, 0x55, 0x6b, 0x55,
    0x6b, 0x55, 0x6b, 0x55, 0x6b, 0x55, 0x6b, 0x55, 0x6b, 0x55, 0x6b, 0x55, 0x6b, 0x55, 0x6b, 0x55, 0x6b, 0x55, 0x6b, 0x55, 0x6b, 0x55, 0x6b, 0x55,
    0x6b, 0x55, 0x6b, 0x55, 0x6b, 0x55, 0x6b, 0x55, 0x6b, 0x55, 0x6b, 0x55, 0x6b, 0x55, 0x6b, 0x55, 0x03, 0x11, 0x03, 0x11, 0x03, 0x11, 0x03, 0x11,
    0x03, 0x11, 0x03, 0x11, 0x03, 0x11, 0x03, 0x11, 0x03, 0x11, 0x03, 0x11, 0x03, 0x11, 0x03, 0x11, 0x03, 0x11, 0x03, 0x11, 0x03, 0x11, 0x03, 0x11,
    0x03, 0x11, 0x03, 0x11, 0x03, 0x11, 0x03, 0x11, 0x03, 0x11, 0x03, 0x11, 0x03, 0x11, 0x03, 0x11, 0x03, 0x11, 0x03, 0x11, 0x03, 0x11, 0x03, 0x11,
    0x03, 0x11, 0x03, 0x11, 0x03, 0x11, 0x03, 0x11, 0x03, 0x11, 0x03, 0x11, 0x03, 0x11, 0x03, 0x11, 0x03, 0x11, 0x03, 0x11, 0x03, 0x11, 0x03, 0x11,
    0x03, 0x11, 0x03, 0x11, 0x03, 0x11, 0x03, 0x11, 0x03, 0x11, 0x03, 0x11, 0x03, 0x11, 0x03, 0x11, 0x03, 0x11, 0x03, 0x11, 0x03, 0x11, 0x03, 0x11,
    0x6b, 0x55, 0x6b, 0x55, 0x6b, 0x55, 0x6b, 0x55, 0x6b, 0x55, 0x6b, 0x55, 0x6b, 0x55, 0x6b, 0x55, 0x6b, 0x55, 0x6b, 0x55, 0x6b, 0x55, 0x6b, 0x55,
    0x6b, 0x55, 0x6b, 0x55, 0x6b, 0x55, 0x6b, 0x55, 0x6b, 0x55, 0x6b, 0x55, 0x6b, 0x55, 0x6b, 0x55, 0x6b, 0x55, 0x6b, 0x55, 0x6b, 0x55, 0x6b, 0x55,
    0x6b, 0x55, 0x6b, 0x55, 0x6b, 0x55, 0x6b, 0x55, 0x03, 0x11, 0x03, 0x11, 0x03, 0x11, 0x03, 0x11, 0x03, 0x11, 0x03, 0x11, 0x03, 0x11, 0x03, 0x11,
    0x03, 0x11, 0x03, 0x11, 0x03, 0x11, 0x03, 0x11, 0x03, 0x11, 0x03, 0x11, 0x03, 0x11, 0x03, 0x11, 0x03, 0x11, 0x03, 0x11, 0x03, 0x11, 0x03, 0x11,
    0x03, 0x11, 0x03, 0x11, 0x03, 0x11, 0x03, 0x11, 0x03, 0x11, 0x03, 0x11, 0x03, 0x11, 0x03, 0x11, 0x03, 0x11, 0x03, 0x11, 0x03, 0x11, 0x03, 0x11,
    0x03, 0x11, 0x03, 0x11, 0x03, 0x11, 0x03, 0x11, 0x03, 0x11, 0x03, 0x11, 0x03, 0x11, 0x03, 0x11, 0x03, 0x11, 0x03, 0x11, 0x03, 0x11, 0x03, 0x11,
    0x03, 0x11, 0x03, 0x11, 0x03, 0x11, 0x03, 0x11, 0x03, 0x11, 0x03, 0x11, 0x03, 0x11, 0x03, 0x11, 0x6b, 0x55, 0x6b, 0x55, 0x6b, 0x55, 0x6b, 0x55,
    0x6b, 0x55, 0x6b, 0x55, 0x6b, 0x55, 0x6b, 0x55, 0x6b, 0x55, 0x6b, 0x55, 0x6b, 0x55, 0x6b, 0x55, 0x6b, 0x55, 0x6b, 0x55, 0x6b, 0x55, 0x6b, 0x55,
    0x6b, 0x55, 0x6b, 0x55, 0x6b, 0x55, 0x6b, 0x55, 0x6b, 0x55, 0x6b, 0x55, 0x6b, 0x55, 0x6b, 0x55, 0x6b, 0x55, 0x6b, 0x55, 0x6b, 0x55, 0x6b, 0x55,
    0x03, 0x11, 0x03, 0x11, 0x03, 0x11, 0x03, 0x11, 0x03, 0x11, 0x03, 0x11, 0x03, 0x11, 0x03, 0x11, 0x03, 0x11, 0x03, 0x11, 0x03, 0x11, 0x03, 0x11,
    0x03, 0x11, 0x03, 0x11, 0x03, 0x11, 0x03, 0x11, 0x03, 0x11, 0x03, 0x11, 0x03, 0x11, 0x03, 0x11, 0x03, 0x11, 0x03, 0x11, 0x03, 0x11, 0x03, 0x11,
    0x03, 0x11, 0x03, 0x11, 0x03, 0x11, 0x03, 0x11, 0x03, 0x11, 0x03, 0x11, 0x03, 0x11, 0x03, 0x11, 0x03, 0x11, 0x03, 0x11, 0x03, 0x11, 0x03, 0x11,
    0x03, 0x11, 0x03, 0x11, 0x03, 0x11, 0x03, 0x11, 0x03, 0x11, 0x03, 0x11, 0x03, 0x11, 0x03, 0x11, 0x03, 0x11, 0x03, 0x11, 0x03, 0x11, 0x03, 0x11,
    0x03, 0x11, 0x03, 0x11, 0x03, 0x11, 0x03, 0x11, 0x6b, 0x55, 0x6b, 0x55, 0x6b, 0x55, 0x6b, 0x55, 0x6b, 0x55, 0x6b, 0x55, 0x6b, 0x55, 0x6b, 0x55,
    0x6b, 0x55, 0x6b, 0x55, 0x6b, 0x55, 0x6b, 0x55, 0x6b, 0x55, 0x6b, 0x55, 0x6b, 0x55, 0x6b, 0x55, 0x6b, 0x55, 0x6b, 0x55, 0x6b, 0x55, 0x6b, 0x55,
    0x6b, 0x55, 0x6b, 0x55, 0x6b, 0x55, 0x6b, 0x55, 0x6b, 0x55, 0x6b, 0x55, 0xc2, 0x10, 0xc2, 0x10, 0xc2, 0x10, 0xc2, 0x10, 0xc2, 0x10, 0xc2, 0x10,
    0x03, 0x11, 0x03, 0x11, 0x03, 0x11, 0x03, 0x11, 0x03, 0x11, 0x03, 0x11, 0x03, 0x11, 0x03, 0x11, 0x03, 0x11, 0x03, 0x11, 0x03, 0x11, 0x03, 0x11,
    0x03, 0x11, 0x03, 0x11, 0x03, 0x11, 0x03, 0x11, 0x03, 0x11, 0x03, 0x11, 0x03, 0x11, 0x03, 0x11, 0x03, 0x11, 0x03, 0x11, 0x03, 0x11, 0x03, 0x11,
    0x03, 0x11, 0x03, 0x11, 0x03, 0x11, 0x03, 0x11, 0x03, 0x11, 0x03, 0x11, 0x03, 0x11, 0x03, 0x11, 0x03, 0x11, 0x03, 0x11, 0x03, 0x11, 0x03, 0x11,
    0x03, 0x11, 0x03, 0x11, 0x03, 0x11, 0x03, 0x11, 0x03, 0x11, 0x03, 0x11, 0x03, 0x11, 0x03, 0x11, 0x03, 0x11, 0x03, 0x11, 0x03, 0x11, 0x03, 0x11,
    0x6b, 0x55, 0x6b, 0x55, 0x6b, 0x55, 0x6b, 0x55, 0x6b, 0x55, 0x6b, 0x55, 0x6b, 0x55, 0x6b, 0x55, 0x6b, 0x55, 0x6b, 0x55, 0x6b, 0x55, 0x6b, 0x55,
    0x6b, 0x55, 0x6b, 0x55, 0x6b, 0x55, 0x6b, 0x55, 0x6b, 0x55, 0x6b, 0x55, 0x6b, 0x55, 0x6b, 0x55, 0x6b, 0x55, 0x6b, 0x55, 0x6b, 0x55, 0x6b, 0x55,
    0x6b, 0x55, 0x6b, 0x55, 0xc2, 0x10, 0xc2, 0x10, 0xc2, 0x10, 0xc2, 0x10, 0xc2, 0x10, 0xc2, 0x10, 0x03, 0x11, 0x03, 0x11, 0x03, 0x11, 0x03, 0x11,
    0x03, 0x11, 0x03, 0x11, 0x03, 0x11, 0x03, 0x11, 0x03, 0x11, 0x03, 0x11, 0x03, 0x11, 0x03, 0x11, 0x03, 0x11, 0x03, 0x11, 0x03, 0x11, 0x03, 0x11,
    0x03, 0x11, 0x03, 0x11, 0x03, 0x11, 0x03, 0x11, 0x03, 0x11, 0x03, 0x11, 0x6b, 0x55, 0x6b, 0x55, 0x6b, 0x55, 0x6b, 0x55, 0x6b, 0x55, 0x6b, 0x55,
    0x6b, 0x55, 0x6b, 0x55, 0x6b, 0x55, 0x6b, 0x55, 0x6b, 0x55, 0x6b, 0x55, 0x6b, 0x55, 0x6b, 0x55, 0x6b, 0x55, 0x6b, 0x55, 0x6b, 0x55, 0x6b, 0x55,
    0x6b, 0x55, 0x6b, 0x55, 0x6b, 0x55, 0x6b, 0x55, 0x6b, 0x55, 0x6b, 0x55, 0x6b, 0x55, 0x6b, 0x55, 0x6b, 0x55, 0x6b, 0x55, 0x6b, 0x55, 0x6b, 0x55,
    0x6b, 0x55, 0x6b, 0x55, 0xc2, 0x10, 0xc2, 0x10, 0xc2, 0x10, 0xc2, 0x10, 0xc2, 0x10, 0xc2, 0x10, 0xc2, 0x10, 0xc2, 0x10, 0x6b, 0x55, 0x6b, 0x55,
    0x6b, 0x55, 0x6b, 0x55, 0xc2, 0x10, 0xc2, 0x10, 0xc2, 0x10, 0xc2, 0x10, 0xc2, 0x10, 0xc2, 0x10, 0xc2, 0x10, 0xc2, 0x10, 0xf5, 0xee, 0xf5, 0xee,
    0xf5, 0xee, 0xf5, 0xee, 0xf5, 0xee, 0xf5, 0xee, 0xc2, 0x10, 0xc2, 0x10, 0x03, 0x11, 0x03, 0x11, 0x03, 0x11, 0x03, 0x11, 0x03, 0x11, 0x03, 0x11,
    0x03, 0x11, 0x03, 0x11, 0x03, 0x11, 0x03, 0x11, 0x03, 0x11, 0x03, 0x11, 0x03, 0x11, 0x03, 0x11, 0x03, 0x11, 0x03, 0x11, 0x03, 0x11, 0x03, 0x11,
    0x03, 0x11, 0x03, 0x11, 0x6b, 0x55, 0x6b, 0x55, 0x6b, 0x55, 0x6b, 0x55, 0x6b, 0x55, 0x6b, 0x55, 0x6b, 0x55, 0x6b, 0x55, 0x6b, 0x55, 0x6b, 0x55,
    0x6b, 0x55, 0x6b, 0x55, 0x6b, 0x55, 0x6b, 0x55, 0x6b, 0x55, 0x6b, 0x55, 0x6b, 0x55, 0x6b, 0x55, 0x6b, 0x55, 0x6b, 0x55, 0x6b, 0x55, 0x6b, 0x55,
    0x6b, 0x55, 0x6b, 0x55, 0x6b, 0x55, 0x6b, 0x55, 0x6b, 0x55, 0x6b, 0x55, 0x6b, 0x55, 0x6b, 0x55, 0x6b, 0x55, 0x6b, 0x55, 0xc2, 0x10, 0xc2, 0x10,
    0xc2, 0x10, 0xc2, 0x10, 0xc2, 0x10, 0xc2, 0x10, 0xc2, 0x10, 0xc2, 0x10, 0x6b, 0x55, 0x6b, 0x55, 0x6b, 0x55, 0x6b, 0x55, 0xc2, 0x10, 0xc2, 0x10,
    0xc2, 0x10, 0xc2, 0x10, 0xc2, 0x10, 0xc2, 0x10, 0xc2, 0x10, 0xc2, 0x10, 0xf5, 0xee, 0xf5, 0xee, 0xf5, 0xee, 0xf5, 0xee, 0xf5, 0xee, 0xf5, 0xee,
    0xc2, 0x10, 0xc2, 0x10, 0x03, 0x11, 0x03, 0x11, 0x03, 0x11, 0x03, 0x11, 0x03, 0x11, 0x03, 0x11, 0x03, 0x11, 0x03, 0x11, 0x03, 0x11, 0x03, 0x11,
    0x03, 0x11, 0x03, 0x11, 0x03, 0x11, 0x03, 0x11, 0x03, 0x11, 0x03, 0x11, 0x03, 0x11, 0x03, 0x11, 0x03, 0x11, 0x03, 0x11, 0x6b, 0x55, 0x6b, 0x55,
    0x6b, 0x55, 0x6b, 0x55, 0x6b, 0x55, 0x6b, 0x55, 0x6b, 0x55, 0x6b, 0x55, 0x6b, 0x55, 0x6b, 0x55, 0x6b, 0x55, 0x6b, 0x55, 0x6b, 0x55, 0x6b, 0x55,
    0x6b, 0x55, 0x6b, 0x55, 0x6b, 0x55, 0x6b, 0x55, 0x6b, 0x55, 0x6b, 0x55, 0x6b, 0x55, 0x6b, 0x55, 0x6b, 0x55, 0x6b, 0x55, 0x6b, 0x55, 0x6b, 0x55,
    0x6b, 0x55, 0x6b, 0x55, 0x6b, 0x55, 0x6b, 0x55, 0x6b, 0x55, 0x6b, 0x55, 0xc2, 0x10, 0xc2, 0x10, 0xc2, 0x10, 0xc2, 0x10, 0xc2, 0x10, 0xc2, 0x10,
    0xc2, 0x10, 0xc2, 0x10, 0x6b, 0x55, 0x6b, 0x55, 0x6b, 0x55, 0x6b, 0x55, 0xc2, 0x10, 0xc2, 0x10, 0xc2, 0x10, 0xc2, 0x10, 0xc2, 0x10, 0xc2, 0x10,
    0xf5, 0xee, 0xf5, 0xee, 0xf5, 0xee, 0xf5, 0xee, 0xf5, 0xee, 0xf5, 0xee, 0xf5, 0xee, 0xf5, 0xee, 0xf5, 0xee, 0xf5, 0xee, 0xc2, 0x10, 0xc2, 0x10,
    0x03, 0x11, 0x03, 0x11, 0x03, 0x11, 0x03, 0x11, 0x03, 0x11, 0x03, 0x11, 0x03, 0x11, 0x03, 0x11, 0x03, 0x11, 0x03, 0x11, 0x03, 0x11, 0x03, 0x11,
    0x03, 0x11, 0x03, 0x11, 0x03, 0x11, 0x03, 0x11, 0x03, 0x11, 0x03, 0x11, 0x6b, 0x55, 0x6b, 0x55, 0x6b, 0x55, 0x6b, 0x55, 0x6b, 0x55, 0x6b, 0x55,
    0x6b, 0x55, 0x6b, 0x55, 0x6b, 0x55, 0x6b, 0x55, 0x6b, 0x55, 0x6b, 0x55, 0x6b, 0x55, 0x6b, 0x55, 0x6b, 0x55, 0x6b, 0x55, 0x6b, 0x55, 0x6b, 0x55,
    0x6b, 0x55, 0x6b, 0x55, 0x6b, 0x55, 0x6b, 0x55, 0x6b, 0x55, 0x6b, 0x55, 0x6b, 0x55, 0x6b, 0x55, 0x6b, 0x55, 0x6b, 0x55, 0x6b, 0x55, 0x6b, 0x55,
    0x6b, 0x55, 0x6b, 0x55, 0xc2, 0x10, 0xc2, 0x10, 0xc2, 0x10, 0xc2, 0x10, 0xc2, 0x10, 0xc2, 0x10, 0xc2, 0x10, 0xc2, 0x10, 0x6b, 0x55, 0x6b, 0x55,
    0x6b, 0x55, 0x6b, 0x55, 0xc2, 0x10, 0xc2, 0x10, 0xc2, 0x10, 0xc2, 0x10, 0xc2, 0x10, 0xc2, 0x10, 0xf5, 0xee, 0xf5, 0xee, 0xf5, 0xee, 0xf5, 0xee,
    0xf5, 0xee, 0xf5, 0xee, 0xf5, 0xee, 0xf5, 0xee, 0xf5, 0xee, 0xf5, 0xee, 0xc2, 0x10, 0xc2, 0x10, 0x03, 0x11, 0x03, 0x11, 0x03, 0x11, 0x03, 0x11,
    0x03, 0x11, 0x03, 0x11, 0x03, 0x11, 0x03, 0x11, 0x03, 0x11, 0x03, 0x11, 0x03, 0x11, 0x03, 0x11, 0x27, 0x2b, 0x27, 0x2b, 0x27, 0x2b, 0x27, 0x2b,
    0x27, 0x2b, 0x27, 0x2b, 0x6b, 0x55, 0x6b, 0x55, 0x6b, 0x55, 0x6b, 0x55, 0x6b, 0x55, 0x6b, 0x55, 0x6b, 0x55, 0x6b, 0x55, 0x6b, 0x55, 0x6b, 0x55,
    0x6b, 0x55, 0x6b, 0x55, 0x6b, 0x55, 0x6b, 0x55, 0x6b, 0x55, 0x6b, 0x55, 0x6b, 0x55, 0x6b, 0x55, 0x6b, 0x55, 0x6b, 0x55, 0x6b, 0x55, 0x6b, 0x55,
    0x6b, 0x55, 0x6b, 0x55, 0x6b, 0x55, 0x6b, 0x55, 0x6b, 0x55, 0x6b, 0x55, 0x6b, 0x55, 0x6b, 0x55, 0x6b, 0x55, 0x6b, 0x55, 0x6b, 0x55, 0x6b, 0x55,
    0x6b, 0x55, 0x6b, 0x55, 0x6b, 0x55, 0x6b, 0x55, 0x6b, 0x55, 0x6b, 0x55, 0x6b, 0x55, 0x6b, 0x55, 0x6b, 0x55, 0x6b, 0x55, 0x6b, 0x55, 0x6b, 0x55,
    0x6b, 0x55, 0x6b, 0x55, 0xc2, 0x10, 0xc2, 0x10, 0xf5, 0xee, 0xf5, 0xee, 0xf5, 0xee, 0xf5, 0xee, 0xf5, 0xee, 0xf5, 0xee, 0xf5, 0xee, 0xf5, 0xee,
    0xf5, 0xee, 0xf5, 0xee, 0xc2, 0x10, 0xc2, 0x10, 0x03, 0x11, 0x03, 0x11, 0x03, 0x11, 0x03, 0x11, 0x03, 0x11, 0x03, 0x11, 0x03, 0x11, 0x03, 0x11,
    0x03, 0x11, 0x03, 0x11, 0x03, 0x11, 0x03, 0x11, 0x27, 0x2b, 0x27, 0x2b, 0x27, 0x2b, 0x27, 0x2b, 0x27, 0x2b, 0x27, 0x2b, 0x6b, 0x55, 0x6b, 0x55,
    0x6b, 0x55, 0x6b, 0x55, 0x6b, 0x55, 0x6b, 0x55, 0x6b, 0x55, 0x6b, 0x55, 0x6b, 0x55, 0x6b, 0x55, 0x6b, 0x55, 0x6b, 0x55, 0x6b, 0x55, 0x6b, 0x55,
    0x6b, 0x55, 0x6b, 0x55, 0x6b, 0x55, 0x6b, 0x55, 0x6b, 0x55, 0x6b, 0x55, 0x6b, 0x55, 0x6b, 0x55, 0x6b, 0x55, 0x6b, 0x55, 0x6b, 0x55, 0x6b, 0x55,
    0x6b, 0x55, 0x6b, 0x55, 0x6b, 0x55, 0x6b, 0x55, 0x6b, 0x55, 0x6b, 0x55, 0x6b, 0x55, 0x6b, 0x55, 0x6b, 0x55, 0x6b, 0x55, 0x6b, 0x55, 0x6b, 0x55,
    0x6b, 0x55, 0x6b, 0x55, 0x6b, 0x55, 0x6b, 0x55, 0x6b, 0x55, 0x6b, 0x55, 0x6b, 0x55, 0x6b, 0x55, 0x6b, 0x55, 0x6b, 0x55, 0xc2, 0x10, 0xc2, 0x10,
    0xf5, 0xee, 0xf5, 0xee, 0xf5, 0xee, 0xf5, 0xee, 0xf5, 0xee, 0xf5, 0xee, 0xf5, 0xee, 0xf5, 0xee, 0xf5, 0xee, 0xf5, 0xee, 0xc2, 0x10, 0xc2, 0x10,
    0x03, 0x11, 0x03, 0x11, 0x03, 0x11, 0x03, 0x11, 0x03, 0x11, 0x03, 0x11, 0x03, 0x11, 0x03, 0x11, 0x03, 0x11, 0x03, 0x11, 0x03, 0x11, 0x03, 0x11,
    0x27, 0x2b, 0x27, 0x2b, 0x27, 0x2b, 0x27, 0x2b, 0x27, 0x2b, 0x27, 0x2b, 0x6b, 0x55, 0x6b, 0x55, 0x6b, 0x55, 0x6b, 0x55, 0x6b, 0x55, 0x6b, 0x55,
    0x6b, 0x55, 0x6b, 0x55, 0x6b, 0x55, 0x6b, 0x55, 0x6b, 0x55, 0x6b, 0x55, 0x6b, 0x55, 0x6b, 0x55, 0x6b, 0x55, 0x6b, 0x55, 0x6b, 0x55, 0x6b, 0x55,
    0x6b, 0x55, 0x6b, 0x55, 0x6b, 0x55, 0x6b, 0x55, 0x6b, 0x55, 0x6b, 0x55, 0x6b, 0x55, 0x6b, 0x55, 0x6b, 0x55, 0x6b, 0x55, 0x6b, 0x55, 0x6b, 0x55,
    0x6b, 0x55, 0x6b, 0x55, 0x6b, 0x55, 0x6b, 0x55, 0x6b, 0x55, 0x6b, 0x55, 0x6b, 0x55, 0x6b, 0x55, 0x6b, 0x55, 0x6b, 0x55, 0x6b, 0x55, 0x6b, 0x55,
    0x6b, 0x55, 0x6b, 0x55, 0x6b, 0x55, 0x6b, 0x55, 0x6b, 0x55, 0x6b, 0x55, 0xc2, 0x10, 0xc2, 0x10, 0xf5, 0xee, 0xf5, 0xee, 0xf5, 0xee, 0xf5, 0xee,
    0xf5, 0xee, 0xf5, 0xee, 0xf5, 0xee, 0xf5, 0xee, 0xf5, 0xee, 0xf5, 0xee, 0xc2, 0x10, 0xc2, 0x10, 0x03, 0x11, 0x03, 0x11, 0x03, 0x11, 0x03, 0x11,
    0x03, 0x11, 0x03, 0x11, 0x03, 0x11, 0x03, 0x11, 0x03, 0x11, 0x03, 0x11, 0x03, 0x11, 0x03, 0x11, 0x27, 0x2b, 0x27, 0x2b, 0x27, 0x2b, 0x27, 0x2b,
    0x27, 0x2b, 0x27, 0x2b, 0x6b, 0x55, 0x6b, 0x55, 0x6b, 0x55, 0x6b, 0x55, 0x6b, 0x55, 0x6b, 0x55, 0x6b, 0x55, 0x6b, 0x55, 0x6b, 0x55, 0x6b, 0x55,
    0x6b, 0x55, 0x6b, 0x55, 0x6b, 0x55, 0x6b, 0x55, 0x6b, 0x55, 0x6b, 0x55, 0x6b, 0x55, 0x6b, 0x55, 0x6b, 0x55, 0x6b, 0x55, 0x6b, 0x55, 0x6b, 0x55,
    0x6b, 0x55, 0x6b, 0x55, 0x6b, 0x55, 0x6b, 0x55, 0x6b, 0x55, 0x6b, 0x55, 0x6b, 0x55, 0x6b, 0x55, 0x6b, 0x55, 0x6b, 0x55, 0x6b, 0x55, 0x6b, 0x55,
    0x6b, 0x55, 0x6b, 0x55, 0x6b, 0x55, 0x6b, 0x55, 0x6b, 0x55, 0x6b, 0x55, 0x6b, 0x55, 0x6b, 0x55, 0x6b, 0x55, 0x6b, 0x55, 0x6b, 0x55, 0x6b, 0x55,
    0x6b, 0x55, 0x6b, 0x55, 0xc2, 0x10, 0xc2, 0x10, 0xf5, 0xee, 0xf5, 0xee, 0xf5, 0xee, 0xf5, 0xee, 0xf5, 0xee, 0xf5, 0xee, 0xf5, 0xee, 0xf5, 0xee,
    0xf5, 0xee, 0xf5, 0xee, 0xc2, 0x10, 0xc2, 0x10, 0x03, 0x11, 0x03, 0x11, 0x03, 0x11, 0x03, 0x11, 0x03, 0x11, 0x03, 0x11, 0x03, 0x11, 0x03, 0x11,
    0x03, 0x11, 0x03, 0x11, 0x03, 0x11, 0x03, 0x11, 0x27, 0x2b, 0x27, 0x2b, 0x27, 0x2b, 0x27, 0x2b, 0x27, 0x2b, 0x27, 0x2b, 0x6b, 0x55, 0x6b, 0x55,
    0x6b, 0x55, 0x6b, 0x55, 0x6b, 0x55, 0x6b, 0x55, 0x6b, 0x55, 0x6b, 0x55, 0x6b, 0x55, 0x6b, 0x55, 0x6b, 0x55, 0x6b, 0x55, 0x6b, 0x55, 0x6b, 0x55,
    0x6b, 0x55, 0x6b, 0x55, 0x6b, 0x55, 0x6b, 0x55, 0x6b, 0x55, 0x6b, 0x55, 0x6b, 0x55, 0x6b, 0x55, 0x6b, 0x55, 0x6b, 0x55, 0x6b, 0x55, 0x6b, 0x55,
    0x6b, 0x55, 0x6b, 0x55, 0x6b, 0x55, 0x6b, 0x55, 0x6b, 0x55, 0x6b, 0x55, 0x6b, 0x55, 0x6b, 0x55, 0x6b, 0x55, 0x6b, 0x55, 0x6b, 0x55, 0x6b, 0x55,
    0xce, 0x9e, 0xce, 0x9e, 0xce, 0x9e, 0xce, 0x9e, 0xce, 0x9e, 0xce, 0x9e, 0xce, 0x9e, 0xce, 0x9e, 0xce, 0x9e, 0xce, 0x9e, 0xce, 0x9e, 0xce, 0x9e,
    0xc2, 0x10, 0xc2, 0x10, 0xf5, 0xee, 0xf5, 0xee, 0xf5, 0xee, 0xf5, 0xee, 0xf5, 0xee, 0xf5, 0xee, 0xc2, 0x10, 0xc2, 0x10, 0x03, 0x11, 0x03, 0x11,
    0x03, 0x11, 0x03, 0x11, 0x03, 0x11, 0x03, 0x11, 0x03, 0x11, 0x03, 0x11, 0x03, 0x11, 0x03, 0x11, 0x03, 0x11, 0x03, 0x11, 0x03, 0x11, 0x03, 0x11,
    0x27, 0x2b, 0x27, 0x2b, 0x27, 0x2b, 0x27, 0x2b, 0x27, 0x2b, 0x27, 0x2b, 0x6b, 0x55, 0x6b, 0x55, 0x6b, 0x55, 0x6b, 0x55, 0x6b, 0x55, 0x6b, 0x55,
    0x6b, 0x55, 0x6b, 0x55, 0x6b, 0x55, 0x6b, 0x55, 0x6b, 0x55, 0x6b, 0x55, 0x6b, 0x55, 0x6b, 0x55, 0x6b, 0x55, 0x6b, 0x55, 0x6b, 0x55, 0x6b, 0x55,
    0x6b, 0x55, 0x6b, 0x55, 0x6b, 0x55, 0x6b, 0x55, 0x6b, 0x55, 0x6b, 0x55, 0x6b, 0x55, 0x6b, 0x55, 0x6b, 0x55, 0x6b, 0x55, 0x6b, 0x55, 0x6b, 0x55,
    0x6b, 0x55, 0x6b, 0x55, 0x6b, 0x55, 0x6b, 0x55, 0x6b, 0x55, 0x6b, 0x55, 0x6b, 0x55, 0x6b, 0x55, 0xce, 0x9e, 0xce, 0x9e, 0xce, 0x9e, 0xce, 0x9e,
    0xce, 0x9e, 0xce, 0x9e, 0xce, 0x9e, 0xce, 0x9e, 0xce, 0x9e, 0xce, 0x9e, 0xce, 0x9e, 0xce, 0x9e, 0xc2, 0x10, 0xc2, 0x10, 0xf5, 0xee, 0xf5, 0xee,
    0xf5, 0xee, 0xf5, 0xee, 0xf5, 0xee, 0xf5, 0xee, 0xc2, 0x10, 0xc2, 0x10, 0x03, 0x11, 0x03, 0x11, 0x03, 0x11, 0x03, 0x11, 0x03, 0x11, 0x03, 0x11,
    0x03, 0x11, 0x03, 0x11, 0x03, 0x11, 0x03, 0x11, 0x03, 0x11, 0x03, 0x11, 0x03, 0x11, 0x03, 0x11, 0x27, 0x2b, 0x27, 0x2b, 0x27, 0x2b, 0x27, 0x2b,
    0x27, 0x2b, 0x27, 0x2b, 0x6b, 0x55, 0x6b, 0x55, 0x6b, 0x55, 0x6b, 0x55, 0x6b, 0x55, 0x6b, 0x55, 0x6b, 0x55, 0x6b, 0x55, 0x6b, 0x55, 0x6b, 0x55,
    0x6b, 0x55, 0x6b, 0x55, 0x6b, 0x55, 0x6b, 0x55, 0x6b, 0x55, 0x6b, 0x55, 0x6b, 0x55, 0x6b, 0x55, 0x6b, 0x55, 0x6b, 0x55, 0x6b, 0x55, 0x6b, 0x55,
    0x6b, 0x55, 0x6b, 0x55, 0x6b, 0x55, 0x6b, 0x55, 0x6b, 0x55, 0x6b, 0x55, 0x6b, 0x55, 0x6b, 0x55, 0x6b, 0x55, 0x6b, 0x55, 0x6b, 0x55, 0x6b, 0x55,
    0x6b, 0x55, 0x6b, 0x55, 0x6b, 0x55, 0x6b, 0x55, 0xce, 0x9e, 0xce, 0x9e, 0xce, 0x9e, 0xce, 0x9e, 0xce, 0x9e, 0xce, 0x9e, 0xce, 0x9e, 0xce, 0x9e,
    0xce, 0x9e, 0xce, 0x9e, 0xce, 0x9e, 0xce, 0x9e, 0xce, 0x9e, 0xce, 0x9e, 0xc2, 0x10, 0xc2, 0x10, 0xc2, 0x10, 0xc2, 0x10, 0xc2, 0x10, 0xc2, 0x10,
    0x03, 0x11, 0x03, 0x11, 0x03, 0x11, 0x03, 0x11, 0x03, 0x11, 0x03, 0x11, 0x03, 0x11, 0x03, 0x11, 0x03, 0x11, 0x03, 0x11, 0x03, 0x11, 0x03, 0x11,
    0x03, 0x11, 0x03, 0x11, 0x03, 0x11, 0x03, 0x11, 0x27, 0x2b, 0x27, 0x2b, 0x27, 0x2b, 0x27, 0x2b, 0x27, 0x2b, 0x27, 0x2b, 0x6b, 0x55, 0x6b, 0x55,
    0x6b, 0x55, 0x6b, 0x55, 0x6b, 0x55, 0x6b, 0x55, 0x6b, 0x55, 0x6b, 0x55, 0x6b, 0x55, 0x6b, 0x55, 0x6b, 0x55, 0x6b, 0x55, 0x6b, 0x55, 0x6b, 0x55,
    0x6b, 0x55, 0x6b, 0x55, 0x6b, 0x55, 0x6b, 0x55, 0x6b, 0x55, 0x6b, 0x55, 0x6b, 0x55, 0x6b, 0x55, 0x6b, 0x55, 0x6b, 0x55, 0x6b, 0x55, 0x6b, 0x55,
    0x6b, 0x55, 0x6b, 0x55, 0x6b, 0x55, 0x6b, 0x55, 0x6b, 0x55, 0x6b, 0x55, 0x6b, 0x55, 0x6b, 0x55, 0x6b, 0x55, 0x6b, 0x55, 0x6b, 0x55, 0x6b, 0x55,
    0xce, 0x9e, 0xce, 0x9e, 0xce, 0x9e, 0xce, 0x9e, 0xce, 0x9e, 0xce, 0x9e, 0xce, 0x9e, 0xce, 0x9e, 0xce, 0x9e, 0xce, 0x9e, 0xce, 0x9e, 0xce, 0x9e,
    0xce, 0x9e, 0xce, 0x9e, 0xc2, 0x10, 0xc2, 0x10, 0xc2, 0x10, 0xc2, 0x10, 0xc2, 0x10, 0xc2, 0x10, 0x03, 0x11, 0x03, 0x11, 0x03, 0x11, 0x03, 0x11,
    0x03, 0x11, 0x03, 0x11, 0x03, 0x11, 0x03, 0x11, 0x03, 0x11, 0x03, 0x11, 0x03, 0x11, 0x03, 0x11, 0x03, 0x11, 0x03, 0x11, 0x03, 0x11, 0x03, 0x11,
    0x27, 0x2b, 0x27, 0x2b, 0x27, 0x2b, 0x27, 0x2b, 0x27, 0x2b, 0x27, 0x2b, 0x6b, 0x55, 0x6b, 0x55, 0x6b, 0x55, 0x6b, 0x55, 0x6b, 0x55, 0x6b, 0x55,
    0x6b, 0x55, 0x6b, 0x55, 0x6b, 0x55, 0x6b, 0x55, 0x6b, 0x55, 0x6b, 0x55, 0x6b, 0x55, 0x6b, 0x55, 0x6b, 0x55, 0x6b, 0x55, 0x6b, 0x55, 0x6b, 0x55,
    0x6b, 0x55, 0x6b, 0x55, 0x6b, 0x55, 0x6b, 0x55, 0x6b, 0x55, 0x6b, 0x55, 0x6b, 0x55, 0x6b, 0x55, 0x6b, 0x55, 0x6b, 0x55, 0x6b, 0x55, 0x6b, 0x55,
    0x6b, 0x55, 0x6b, 0x55, 0x6b, 0x55, 0x6b, 0x55, 0x6b, 0x55, 0x6b, 0x55, 0x6b, 0x55, 0x6b, 0x55, 0xce, 0x9e, 0xce, 0x9e, 0xce, 0x9e, 0xce, 0x9e,
    0xce, 0x9e, 0xce, 0x9e, 0xce, 0x9e, 0xce, 0x9e, 0xce, 0x9e, 0xce, 0x9e, 0xce, 0x9e, 0xce, 0x9e, 0xce, 0x9e, 0xce, 0x9e, 0xce, 0x9e, 0xce, 0x9e,
    0xce, 0x9e, 0xce, 0x9e, 0xce, 0x9e, 0xce, 0x9e, 0x03, 0x11, 0x03, 0x11, 0x03, 0x11, 0x03, 0x11, 0x03, 0x11, 0x03, 0x11, 0x03, 0x11, 0x03, 0x11,
    0x03, 0x11, 0x03, 0x11, 0x03, 0x11, 0x03, 0x11, 0x03, 0x11, 0x03, 0x11, 0x03, 0x11, 0x03, 0x11, 0x27, 0x2b, 0x27, 0x2b, 0x27, 0x2b, 0x27, 0x2b,
    0x27, 0x2b, 0x27, 0x2b, 0x6b, 0x55, 0x6b, 0x55, 0x6b, 0x55, 0x6b, 0x55, 0x6b, 0x55, 0x6b, 0x55, 0x6b, 0x55, 0x6b, 0x55, 0x6b, 0x55, 0x6b, 0x55,
    0x6b, 0x55, 0x6b, 0x55, 0x6b, 0x55, 0x6b, 0x55, 0x6b, 0x55, 0x6b, 0x55, 0x6b, 0x55, 0x6b, 0x55, 0x6b, 0x55, 0x6b, 0x55, 0x6b, 0x55, 0x6b, 0x55,
    0x6b, 0x55, 0x6b, 0x55, 0x6b, 0x55, 0x6b, 0x55, 0x6b, 0x55, 0x6b, 0x55, 0x6b, 0x55, 0x6b, 0x55, 0x6b, 0x55, 0x6b, 0x55, 0x6b, 0x55, 0x6b, 0x55,
    0x6b, 0x55, 0x6b, 0x55, 0x6b, 0x55, 0x6b, 0x55, 0xce, 0x9e, 0xce, 0x9e, 0xce, 0x9e, 0xce, 0x9e, 0xce, 0x9e, 0xce, 0x9e, 0xce, 0x9e, 0xce, 0x9e,
    0xce, 0x9e, 0xce, 0x9e, 0xce, 0x9e, 0xce, 0x9e, 0xce, 0x9e, 0xce, 0x9e, 0xce, 0x9e, 0xce, 0x9e, 0xce, 0x9e, 0xce, 0x9e, 0xce, 0x9e, 0xce, 0x9e,
    0x03, 0x11, 0x03, 0x11, 0x03, 0x11, 0x03, 0x11, 0x03, 0x11, 0x03, 0x11, 0x03, 0x11, 0x03, 0x11, 0x03, 0x11, 0x03, 0x11, 0x03, 0x11, 0x03, 0x11,
    0x03, 0x11, 0x03, 0x11, 0x03, 0x11, 0x03, 0x11, 0x27, 0x2b, 0x27, 0x2b, 0x27, 0x2b, 0x27, 0x2b, 0x27, 0x2b, 0x27, 0x2b, 0x6b, 0x55, 0x6b, 0x55,
    0x6b, 0x55, 0x6b, 0x55, 0x6b, 0x55, 0x6b, 0x55, 0x6b, 0x55, 0x6b, 0x55, 0x6b, 0x55, 0x6b, 0x55, 0x6b, 0x55, 0x6b, 0x55, 0x6b, 0x55, 0x6b, 0x55,
    0x6b, 0x55, 0x6b, 0x55, 0x6b, 0x55, 0x6b, 0x55, 0x6b, 0x55, 0x6b, 0x55, 0x6b, 0x55, 0x6b, 0x55, 0x6b, 0x55, 0x6b, 0x55, 0x6b, 0x55, 0x6b, 0x55,
    0x6b, 0x55, 0x6b, 0x55, 0x6b, 0x55, 0x6b, 0x55, 0x6b, 0x55, 0x6b, 0x55, 0x6b, 0x55, 0x6b, 0x55, 0x6b, 0x55, 0x6b, 0x55, 0x6b, 0x55, 0x6b, 0x55,
    0xce, 0x9e, 0xce, 0x9e, 0xce, 0x9e, 0xce, 0x9e, 0xce, 0x9e, 0xce, 0x9e, 0xc2, 0x10, 0xc2, 0x10, 0xc2, 0x10, 0xc2, 0x10, 0xc2, 0x10, 0xc2, 0x10,
    0xc2, 0x10, 0xc2, 0x10, 0xc2, 0x10, 0xc2, 0x10, 0xce, 0x9e, 0xce, 0x9e, 0xce, 0x9e, 0xce, 0x9e, 0x03, 0x11, 0x03, 0x11, 0x03, 0x11, 0x03, 0x11,
    0x03, 0x11, 0x03, 0x11, 0x03, 0x11, 0x03, 0x11, 0x03, 0x11, 0x03, 0x11, 0x03, 0x11, 0x03, 0x11, 0x03, 0x11, 0x03, 0x11, 0x03, 0x11, 0x03, 0x11,
    0x27, 0x2b, 0x27, 0x2b, 0x27, 0x2b, 0x27, 0x2b, 0x27, 0x2b, 0x27, 0x2b, 0x6b, 0x55, 0x6b, 0x55, 0x6b, 0x55, 0x6b, 0x55, 0x6b, 0x55, 0x6b, 0x55,
    0x6b, 0x55, 0x6b, 0x55, 0x6b, 0x55, 0x6b, 0x55, 0x6b, 0x55, 0x6b, 0x55, 0x6b, 0x55, 0x6b, 0x55, 0x6b, 0x55, 0x6b, 0x55, 0x6b, 0x55, 0x6b, 0x55,
    0x6b, 0x55, 0x6b, 0x55, 0x6b, 0x55, 0x6b, 0x55, 0x6b, 0x55, 0x6b, 0x55, 0x6b, 0x55, 0x6b, 0x55, 0x6b, 0x55, 0x6b, 0x55, 0x6b, 0x55, 0x6b, 0x55,
    0x6b, 0x55, 0x6b, 0x55, 0x6b, 0x55, 0x6b, 0x55, 0x6b, 0x55, 0x6b, 0x55, 0x6b, 0x55, 0x6b, 0x55, 0xce, 0x9e, 0xce, 0x9e, 0xce, 0x9e, 0xce, 0x9e,
    0xce, 0x9e, 0xce, 0x9e, 0xc2, 0x10, 0xc2, 0x10, 0xc2, 0x10, 0xc2, 0x10, 0xc2, 0x10, 0xc2, 0x10, 0xc2, 0x10, 0xc2, 0x10, 0xc2, 0x10, 0xc2, 0x10,
    0xce, 0x9e, 0xce, 0x9e, 0xce, 0x9e, 0xce, 0x9e, 0x03, 0x11, 0x03, 0x11, 0x03, 0x11, 0x03, 0x11, 0x03, 0x11, 0x03, 0x11, 0x03, 0x11, 0x03, 0x11,
    0x03, 0x11, 0x03, 0x11, 0x03, 0x11, 0x03, 0x11, 0x03, 0x11, 0x03, 0x11, 0x03, 0x11, 0x03, 0x11, 0x27, 0x2b, 0x27, 0x2b, 0x27, 0x2b, 0x27, 0x2b,
    0x27, 0x2b, 0x27, 0x2b, 0x6b, 0x55, 0x6b, 0x55, 0x6b, 0x55, 0x6b, 0x55, 0x6b, 0x55, 0x6b, 0x55, 0x6b, 0x55, 0x6b, 0x55, 0x6b, 0x55, 0x6b, 0x55,
    0x6b, 0x55, 0x6b, 0x55, 0x6b, 0x55, 0x6b, 0x55, 0x6b, 0x55, 0x6b, 0x55, 0x6b, 0x55, 0x6b, 0x55, 0x6b, 0x55, 0x6b, 0x55, 0x6b, 0x55, 0x6b, 0x55,
    0x6b, 0x55, 0x6b, 0x55, 0x6b, 0x55, 0x6b, 0x55, 0x6b, 0x55, 0x6b, 0x55, 0x6b, 0x55, 0x6b, 0x55, 0x6b, 0x55, 0x6b, 0x55, 0x6b, 0x55, 0x6b, 0x55,
    0x6b, 0x55, 0x6b, 0x55, 0x6b, 0x55, 0x6b, 0x55, 0xce, 0x9e, 0xce, 0x9e, 0xce, 0x9e, 0xce, 0x9e, 0xce, 0x9e, 0xce, 0x9e, 0xc2, 0x10, 0xc2, 0x10,
    0xc2, 0x10, 0xc2, 0x10, 0xc2, 0x10, 0xc2, 0x10, 0xc2, 0x10, 0xc2, 0x10, 0xc2, 0x10, 0xc2, 0x10, 0xce, 0x9e, 0xce, 0x9e, 0xce, 0x9e, 0xce, 0x9e,
    0x03, 0x11, 0x03, 0x11, 0x03, 0x11, 0x03, 0x11, 0x03, 0x11, 0x03, 0x11, 0x03, 0x11, 0x03, 0x11, 0x03, 0x11, 0x03, 0x11, 0x03, 0x11, 0x03, 0x11,
    0x03, 0x11, 0x03, 0x11, 0x03, 0x11, 0x03, 0x11, 0x27, 0x2b, 0x27, 0x2b, 0x27, 0x2b, 0x27, 0x2b, 0x27, 0x2b, 0x27, 0x2b, 0x6b, 0x55, 0x6b, 0x55,
    0x6b, 0x55, 0x6b, 0x55, 0x6b, 0x55, 0x6b, 0x55, 0x6b, 0x55, 0x6b, 0x55, 0x6b, 0x55, 0x6b, 0x55, 0x6b, 0x55, 0x6b, 0x55, 0x6b, 0x55, 0x6b, 0x55,
    0x6b, 0x55, 0x6b, 0x55, 0x6b, 0x55, 0x6b, 0x55, 0x6b, 0x55, 0x6b, 0x55, 0x6b, 0x55, 0x6b, 0x55, 0x6b, 0x55, 0x6b, 0x55, 0x6b, 0x55, 0x6b, 0x55,
    0x6b, 0x55, 0x6b, 0x55, 0x6b, 0x55, 0x6b, 0x55, 0x6b, 0x55, 0x6b, 0x55, 0x6b, 0x55, 0x6b, 0x55, 0x6b, 0x55, 0x6b, 0x55, 0x6b, 0x55, 0x6b, 0x55,
    0xce, 0x9e, 0xce, 0x9e, 0xce, 0x9e, 0xce, 0x9e, 0xce, 0x9e, 0xce, 0x9e, 0xc2, 0x10, 0xc2, 0x10, 0xc2, 0x10, 0xc2, 0x10, 0xc2, 0x10, 0xc2, 0x10,
    0xc2, 0x10, 0xc2, 0x10, 0xc2, 0x10, 0xc2, 0x10, 0xce, 0x9e, 0xce, 0x9e, 0xce, 0x9e, 0xce, 0x9e, 0x03, 0x11, 0x03, 0x11, 0x03, 0x11, 0x03, 0x11,
    0x03, 0x11, 0x03, 0x11, 0x03, 0x11, 0x03, 0x11, 0x03, 0x11, 0x03, 0x11, 0x03, 0x11, 0x03, 0x11, 0x03, 0x11, 0x03, 0x11, 0x27, 0x2b, 0x27, 0x2b,
    0x27, 0x2b, 0x27, 0x2b, 0x27, 0x2b, 0x27, 0x2b, 0x27, 0x2b, 0x27, 0x2b, 0x6b, 0x55, 0x6b, 0x55, 0x6b, 0x55, 0x6b, 0x55, 0x6b, 0x55, 0x6b, 0x55,
    0x6b, 0x55, 0x6b, 0x55, 0x6b, 0x55, 0x6b, 0x55, 0x6b, 0x55, 0x6b, 0x55, 0x6b, 0x55, 0x6b, 0x55, 0x6b, 0x55, 0x6b, 0x55, 0x6b, 0x55, 0x6b, 0x55,
    0x6b, 0x55, 0x6b, 0x55, 0x6b, 0x55, 0x6b, 0x55, 0x6b, 0x55, 0x6b, 0x55, 0x6b, 0x55, 0x6b, 0x55, 0x6b, 0x55, 0x6b, 0x55, 0x6b, 0x55, 0x6b, 0x55,
    0x6b, 0x55, 0x6b, 0x55, 0x6b, 0x55, 0x6b, 0x55, 0x6b, 0x55, 0x6b, 0x55, 0x6b, 0x55, 0x6b, 0x55, 0xce, 0x9e, 0xce, 0x9e, 0xce, 0x9e, 0xce, 0x9e,
    0xce, 0x9e, 0xce, 0x9e, 0xce, 0x9e, 0xce, 0x9e, 0xce, 0x9e, 0xce, 0x9e, 0xce, 0x9e, 0xce, 0x9e, 0xce, 0x9e, 0xce, 0x9e, 0xce, 0x9e, 0xce, 0x9e,
    0xce, 0x9e, 0xce, 0x9e, 0xce, 0x9e, 0xce, 0x9e, 0x03, 0x11, 0x03, 0x11, 0x03, 0x11, 0x03, 0x11, 0x03, 0x11, 0x03, 0x11, 0x03, 0x11, 0x03, 0x11,
    0x03, 0x11, 0x03, 0x11, 0x03, 0x11, 0x03, 0x11, 0x03, 0x11, 0x03, 0x11, 0x27, 0x2b, 0x27, 0x2b, 0x27, 0x2b, 0x27, 0x2b, 0x27, 0x2b, 0x27, 0x2b,
    0x27, 0x2b, 0x27, 0x2b, 0x6b, 0x55, 0x6b, 0x55, 0x6b, 0x55, 0x6b, 0x55, 0x6b, 0x55, 0x6b, 0x55, 0x6b, 0x55, 0x6b, 0x55, 0x6b, 0x55, 0x6b, 0x55,
    0x6b, 0x55, 0x6b, 0x55, 0x6b, 0x55, 0x6b, 0x55, 0x6b, 0x55, 0x6b, 0x55, 0x6b, 0x55, 0x6b, 0x55, 0x6b, 0x55, 0x6b, 0x55, 0x6b, 0x55, 0x6b, 0x55,
    0x6b, 0x55, 0x6b, 0x55, 0x6b, 0x55, 0x6b, 0x55, 0x6b, 0x55, 0x6b, 0x55, 0x6b, 0x55, 0x6b, 0x55, 0x6b, 0x55, 0x6b, 0x55, 0x6b, 0x55, 0x6b, 0x55,
    0x6b, 0x55, 0x6b, 0x55, 0x6b, 0x55, 0x6b, 0x55, 0xce, 0x9e, 0xce, 0x9e, 0xce, 0x9e, 0xce, 0x9e, 0xce, 0x9e, 0xce, 0x9e, 0xce, 0x9e, 0xce, 0x9e,
    0xce, 0x9e, 0xce, 0x9e, 0xce, 0x9e, 0xce, 0x9e, 0xce, 0x9e, 0xce, 0x9e, 0xce, 0x9e, 0xce, 0x9e, 0xce, 0x9e, 0xce, 0x9e, 0xce, 0x9e, 0xce, 0x9e,
    0x03, 0x11, 0x03, 0x11, 0x03, 0x11, 0x03, 0x11, 0x03, 0x11, 0x03, 0x11, 0x03, 0x11, 0x03, 0x11, 0x27, 0x2b, 0x27, 0x2b, 0x27, 0x2b, 0x27, 0x2b,
    0x27, 0x2b, 0x27, 0x2b, 0x27, 0x2b, 0x27, 0x2b, 0x27, 0x2b, 0x27, 0x2b, 0x27, 0x2b, 0x27, 0x2b, 0x27, 0x2b, 0x27, 0x2b, 0x6b, 0x55, 0x6b, 0x55,
    0x6b, 0x55, 0x6b, 0x55, 0xf5, 0xee, 0xf5, 0xee, 0xf5, 0xee, 0xf5, 0xee, 0xf5, 0xee, 0xf5, 0xee, 0xf5, 0xee, 0xf5, 0xee, 0xf5, 0xee, 0xf5, 0xee,
    0xf5, 0xee, 0xf5, 0xee, 0xf5, 0xee, 0xf5, 0xee, 0xf5, 0xee, 0xf5, 0xee, 0xf5, 0xee, 0xf5, 0xee, 0xf5, 0xee, 0xf5, 0xee, 0x6b, 0x55, 0x6b, 0x55,
    0x6b, 0x55, 0x6b, 0x55, 0x6b, 0x55, 0x6b, 0x55, 0x6b, 0x55, 0x6b, 0x55, 0x6b, 0x55, 0x6b, 0x55, 0x6b, 0x55, 0x6b, 0x55, 0x6b, 0x55, 0x6b, 0x55,
    0x6b, 0x55, 0x6b, 0x55, 0x6b, 0x55, 0x6b, 0x55, 0x27, 0x2b, 0x27, 0x2b, 0x27, 0x2b, 0x27, 0x2b, 0x27, 0x2b, 0x27, 0x2b, 0x03, 0x11, 0x03, 0x11,
    0x03, 0x11, 0x03, 0x11, 0x03, 0x11, 0x03, 0x11, 0x03, 0x11, 0x03, 0x11, 0x03, 0x11, 0x03, 0x11, 0x03, 0x11, 0x03, 0x11, 0x03, 0x11, 0x03, 0x11,
    0x03, 0x11, 0x03, 0x11, 0x03, 0x11, 0x03, 0x11, 0x27, 0x2b, 0x27, 0x2b, 0x27, 0x2b, 0x27, 0x2b, 0x27, 0x2b, 0x27, 0x2b, 0x27, 0x2b, 0x27, 0x2b,
    0x27, 0x2b, 0x27, 0x2b, 0x27, 0x2b, 0x27, 0x2b, 0x27, 0x2b, 0x27, 0x2b, 0x6b, 0x55, 0x6b, 0x55, 0x6b, 0x55, 0x6b, 0x55, 0xf5, 0xee, 0xf5, 0xee,
    0xf5, 0xee, 0xf5, 0xee, 0xf5, 0xee, 0xf5, 0xee, 0xf5, 0xee, 0xf5, 0xee, 0xf5, 0xee, 0xf5, 0xee, 0xf5, 0xee, 0xf5, 0xee, 0xf5, 0xee, 0xf5, 0xee,
    0xf5, 0xee, 0xf5, 0xee, 0xf5, 0xee, 0xf5, 0xee, 0xf5, 0xee, 0xf5, 0xee, 0x6b, 0x55, 0x6b, 0x55, 0x6b, 0x55, 0x6b, 0x55, 0x6b, 0x55, 0x6b, 0x55,
    0x6b, 0x55, 0x6b, 0x55, 0x6b, 0x55, 0x6b, 0x55, 0x6b, 0x55, 0x6b, 0x55, 0x6b, 0x55, 0x6b, 0x55, 0x6b, 0x55, 0x6b, 0x55, 0x6b, 0x55, 0x6b, 0x55,
    0x27, 0x2b, 0x27, 0x2b, 0x27, 0x2b, 0x27, 0x2b, 0x27, 0x2b, 0x27, 0x2b, 0x03, 0x11, 0x03, 0x11, 0x03, 0x11, 0x03, 0x11, 0x03, 0x11, 0x03, 0x11,
    0x03, 0x11, 0x03, 0x11, 0x03, 0x11, 0x03, 0x11, 0x03, 0x11, 0x03, 0x11, 0x03, 0x11, 0x03, 0x11, 0x03, 0x11, 0x03, 0x11, 0x03, 0x11, 0x03, 0x11,
    0x03, 0x11, 0x03, 0x11, 0x03, 0x11, 0x03, 0x11, 0x27, 0x2b, 0x27, 0x2b, 0x27, 0x2b, 0x27, 0x2b, 0x27, 0x2b, 0x27, 0x2b, 0x27, 0x2b, 0x27, 0x2b,
    0x27, 0x2b, 0x27, 0x2b, 0x6b, 0x55, 0x6b, 0x55, 0x6b, 0x55, 0x6b, 0x55, 0xf5, 0xee, 0xf5, 0xee, 0xf5, 0xee, 0xf5, 0xee, 0xf5, 0xee, 0xf5, 0xee,
    0xf5, 0xee, 0xf5, 0xee, 0xf5, 0xee, 0xf5, 0xee, 0xf5, 0xee, 0xf5, 0xee, 0xf5, 0xee, 0xf5, 0xee, 0xf5, 0xee, 0xf5, 0xee, 0xf5, 0xee, 0xf5, 0xee,
    0xf5, 0xee, 0xf5, 0xee, 0x6b, 0x55, 0x6b, 0x55, 0x6b, 0x55, 0x6b, 0x55, 0x6b, 0x55, 0x6b, 0x55, 0x6b, 0x55, 0x6b, 0x55, 0x6b, 0x55, 0x6b, 0x55,
    0x6b, 0x55, 0x6b, 0x55, 0x6b, 0x55, 0x6b, 0x55, 0x6b, 0x55, 0x6b, 0x55, 0x6b, 0x55, 0x6b, 0x55, 0x27, 0x2b, 0x27, 0x2b, 0x27, 0x2b, 0x27, 0x2b,
    0x27, 0x2b, 0x27, 0x2b, 0x03, 0x11, 0x03, 0x11, 0x03, 0x11, 0x03, 0x11, 0x03, 0x11, 0x03, 0x11, 0x03, 0x11, 0x03, 0x11, 0x03, 0x11, 0x03, 0x11,
    0x03, 0x11, 0x03, 0x11, 0x03, 0x11, 0x03, 0x11, 0x03, 0x11, 0x03, 0x11, 0x03, 0x11, 0x03, 0x11, 0x03, 0x11, 0x03, 0x11, 0x03, 0x11, 0x03, 0x11,
    0x27, 0x2b, 0x27, 0x2b, 0x27, 0x2b, 0x27, 0x2b, 0x27, 0x2b, 0x27, 0x2b, 0x27, 0x2b, 0x27, 0x2b, 0x27, 0x2b, 0x27, 0x2b, 0x6b, 0x55, 0x6b, 0x55,
    0x6b, 0x55, 0x6b, 0x55, 0xf5, 0xee, 0xf5, 0xee, 0xf5, 0xee, 0xf5, 0xee, 0xf5, 0xee, 0xf5, 0xee, 0xf5, 0xee, 0xf5, 0xee, 0xf5, 0xee, 0xf5, 0xee,
    0xf5, 0xee, 0xf5, 0xee, 0xf5, 0xee, 0xf5, 0xee, 0xf5, 0xee, 0xf5, 0xee, 0xf5, 0xee, 0xf5, 0xee, 0xf5, 0xee, 0xf5, 0xee, 0x6b, 0x55, 0x6b, 0x55,
    0x6b, 0x55, 0x6b, 0x55, 0x6b, 0x55, 0x6b, 0x55, 0x6b, 0x55, 0x6b, 0x55, 0x6b, 0x55, 0x6b, 0x55, 0x6b, 0x55, 0x6b, 0x55, 0x6b, 0x55, 0x6b, 0x55,
    0x6b, 0x55, 0x6b, 0x55, 0x6b, 0x55, 0x6b, 0x55, 0x27, 0x2b, 0x27, 0x2b, 0x27, 0x2b, 0x27, 0x2b, 0x27, 0x2b, 0x27, 0x2b, 0x03, 0x11, 0x03, 0x11,
    0x03, 0x11, 0x03, 0x11, 0x03, 0x11, 0x03, 0x11, 0x03, 0x11, 0x03, 0x11, 0x03, 0x11, 0x03, 0x11, 0x03, 0x11, 0x03, 0x11, 0x03, 0x11, 0x03, 0x11,
    0x03, 0x11, 0x03, 0x11, 0x03, 0x11, 0x03, 0x11, 0x03, 0x11, 0x03, 0x11, 0x03, 0x11, 0x03, 0x11, 0x03, 0x11, 0x03, 0x11, 0x03, 0x11, 0x03, 0x11,
    0x27, 0x2b, 0x27, 0x2b, 0x27, 0x2b, 0x27, 0x2b, 0x27, 0x2b, 0x27, 0x2b, 0x27, 0x2b, 0x27, 0x2b, 0x27, 0x2b, 0x27, 0x2b, 0xf5, 0xee, 0xf5, 0xee,
    0xf5, 0xee, 0xf5, 0xee, 0xf5, 0xee, 0xf5, 0xee, 0xf5, 0xee, 0xf5, 0xee, 0xf5, 0xee, 0xf5, 0xee, 0xf5, 0xee, 0xf5, 0xee, 0xf5, 0xee, 0xf5, 0xee,
    0xf5, 0xee, 0xf5, 0xee, 0xf5, 0xee, 0xf5, 0xee, 0xf5, 0xee, 0xf5, 0xee, 0x27, 0x2b, 0x27, 0x2b, 0x27, 0x2b, 0x27, 0x2b, 0x27, 0x2b, 0x27, 0x2b,
    0x27, 0x2b, 0x27, 0x2b, 0x27, 0x2b, 0x27, 0x2b, 0x27, 0x2b, 0x27, 0x2b, 0x27, 0x2b, 0x27, 0x2b, 0x27, 0x2b, 0x27, 0x2b, 0x27, 0x2b, 0x27, 0x2b,
    0x27, 0x2b, 0x27, 0x2b, 0x27, 0x2b, 0x27, 0x2b, 0x27, 0x2b, 0x27, 0x2b, 0x03, 0x11, 0x03, 0x11, 0x03, 0x11, 0x03, 0x11, 0x03, 0x11, 0x03, 0x11,
    0x03, 0x11, 0x03, 0x11, 0x03, 0x11, 0x03, 0x11, 0x03, 0x11, 0x03, 0x11, 0x03, 0x11, 0x03, 0x11, 0x03, 0x11, 0x03, 0x11, 0x03, 0x11, 0x03, 0x11,
    0x03, 0x11, 0x03, 0x11, 0x03, 0x11, 0x03, 0x11, 0x03, 0x11, 0x03, 0x11, 0x03, 0x11, 0x03, 0x11, 0x27, 0x2b, 0x27, 0x2b, 0x27, 0x2b, 0x27, 0x2b,
    0x27, 0x2b, 0x27, 0x2b, 0x27, 0x2b, 0x27, 0x2b, 0x27, 0x2b, 0x27, 0x2b, 0xf5, 0xee, 0xf5, 0xee, 0xf5, 0xee, 0xf5, 0xee, 0xf5, 0xee, 0xf5, 0xee,
    0xf5, 0xee, 0xf5, 0xee, 0xf5, 0xee, 0xf5, 0xee, 0xf5, 0xee, 0xf5, 0xee, 0xf5, 0xee, 0xf5, 0xee, 0xf5, 0xee, 0xf5, 0xee, 0xf5, 0xee, 0xf5, 0xee,
    0xf5, 0xee, 0xf5, 0xee, 0x27, 0x2b, 0x27, 0x2b, 0x27, 0x2b, 0x27, 0x2b, 0x27, 0x2b, 0x27, 0x2b, 0x27, 0x2b, 0x27, 0x2b, 0x27, 0x2b, 0x27, 0x2b,
    0x27, 0x2b, 0x27, 0x2b, 0x27, 0x2b, 0x27, 0x2b, 0x27, 0x2b, 0x27, 0x2b, 0x27, 0x2b, 0x27, 0x2b, 0x27, 0x2b, 0x27, 0x2b, 0x27, 0x2b, 0x27, 0x2b,
    0x27, 0x2b, 0x27, 0x2b, 0x03, 0x11, 0x03, 0x11, 0x03, 0x11, 0x03, 0x11, 0x03, 0x11, 0x03, 0x11, 0x03, 0x11, 0x03, 0x11, 0x03, 0x11, 0x03, 0x11,
    0x03, 0x11, 0x03, 0x11, 0x03, 0x11, 0x03, 0x11, 0x03, 0x11, 0x03, 0x11, 0x03, 0x11, 0x03, 0x11, 0x03, 0x11, 0x03, 0x11, 0x03, 0x11, 0x03, 0x11,
    0x03, 0x11, 0x03, 0x11, 0x03, 0x11, 0x03, 0x11, 0x27, 0x2b, 0x27, 0x2b, 0x27, 0x2b, 0x27, 0x2b, 0x27, 0x2b, 0x27, 0x2b, 0x27, 0x2b, 0x27, 0x2b,
    0x27, 0x2b, 0x27, 0x2b, 0xf5, 0xee, 0xf5, 0xee, 0xf5, 0xee, 0xf5, 0xee, 0xf5, 0xee, 0xf5, 0xee, 0xf5, 0xee, 0xf5, 0xee, 0xf5, 0xee, 0xf5, 0xee,
    0xf5, 0xee, 0xf5, 0xee, 0xf5, 0xee, 0xf5, 0xee, 0xf5, 0xee, 0xf5, 0xee, 0xf5, 0xee, 0xf5, 0xee, 0xf5, 0xee, 0xf5, 0xee, 0x27, 0x2b, 0x27, 0x2b,
    0x27, 0x2b, 0x27, 0x2b, 0x27, 0x2b, 0x27, 0x2b, 0x27, 0x2b, 0x27, 0x2b, 0x27, 0x2b, 0x27, 0x2b, 0x27, 0x2b, 0x27, 0x2b, 0x27, 0x2b, 0x27, 0x2b,
    0x27, 0x2b, 0x27, 0x2b, 0x27, 0x2b, 0x27, 0x2b, 0x27, 0x2b, 0x27, 0x2b, 0x27, 0x2b, 0x27, 0x2b, 0x27, 0x2b, 0x27, 0x2b, 0x03, 0x11, 0x03, 0x11,
    0x03, 0x11, 0x03, 0x11, 0x03, 0x11, 0x03, 0x11, 0x03, 0x11, 0x03, 0x11, 0x03, 0x11, 0x03, 0x11, 0x03, 0x11, 0x03, 0x11, 0x03, 0x11, 0x03, 0x11,
    0x03, 0x11, 0x03, 0x11, 0x03, 0x11, 0x03, 0x11, 0x03, 0x11, 0x03, 0x11, 0x03, 0x11, 0x03, 0x11, 0x03, 0x11, 0x03, 0x11, 0x03, 0x11, 0x03, 0x11,
    0x27, 0x2b, 0x27, 0x2b, 0x27, 0x2b, 0x27, 0x2b, 0x27, 0x2b, 0x27, 0x2b, 0x27, 0x2b, 0x27, 0x2b, 0x27, 0x2b, 0x27, 0x2b, 0xf5, 0xee, 0xf5, 0xee,
    0xf5, 0xee, 0xf5, 0xee, 0xf5, 0xee, 0xf5, 0xee, 0xf5, 0xee, 0xf5, 0xee, 0xf5, 0xee, 0xf5, 0xee, 0xf5, 0xee, 0xf5, 0xee, 0xf5, 0xee, 0xf5, 0xee,
    0xf5, 0xee, 0xf5, 0xee, 0xf5, 0xee, 0xf5, 0xee, 0xf5, 0xee, 0xf5, 0xee, 0x27, 0x2b, 0x27, 0x2b, 0x27, 0x2b, 0x27, 0x2b, 0x27, 0x2b, 0x27, 0x2b,
    0x27, 0x2b, 0x27, 0x2b, 0x27, 0x2b, 0x27, 0x2b, 0x27, 0x2b, 0x27, 0x2b, 0x27, 0x2b, 0x27, 0x2b, 0x27, 0x2b, 0x27, 0x2b, 0x27, 0x2b, 0x27, 0x2b,
    0x27, 0x2b, 0x27, 0x2b, 0x27, 0x2b, 0x27, 0x2b, 0x27, 0x2b, 0x27, 0x2b, 0x03, 0x11, 0x03, 0x11, 0x03, 0x11, 0x03, 0x11, 0x03, 0x11, 0x03, 0x11,
    0x03, 0x11, 0x03, 0x11, 0x03, 0x11, 0x03, 0x11, 0x03, 0x11, 0x03, 0x11, 0x03, 0x11, 0x03, 0x11, 0x03, 0x11, 0x03, 0x11, 0x03, 0x11, 0x03, 0x11,
    0x03, 0x11, 0x03, 0x11, 0x03, 0x11, 0x03, 0x11, 0x03, 0x11, 0x03, 0x11, 0x03, 0x11, 0x03, 0x11, 0x03, 0x11, 0x03, 0x11, 0x03, 0x11, 0x03, 0x11,
    0x03, 0x11, 0x03, 0x11, 0x03, 0x11, 0x03, 0x11, 0x03, 0x11, 0x03, 0x11, 0x03, 0x11, 0x03, 0x11, 0x03, 0x11, 0x03, 0x11, 0x03, 0x11, 0x03, 0x11,
    0x03, 0x11, 0x03, 0x11, 0x03, 0x11, 0x03, 0x11, 0x03, 0x11, 0x03, 0x11, 0x03, 0x11, 0x03, 0x11, 0x03, 0x11, 0x03, 0x11, 0x03, 0x11, 0x03, 0x11,
    0x03, 0x11, 0x03, 0x11, 0x03, 0x11, 0x03, 0x11, 0x03, 0x11, 0x03, 0x11, 0x03, 0x11, 0x03, 0x11, 0x03, 0x11, 0x03, 0x11, 0x03, 0x11, 0x03, 0x11,
    0x03, 0x11, 0x03, 0x11, 0x03, 0x11, 0x03, 0x11, 0x03, 0x11, 0x03, 0x11, 0x03, 0x11, 0x03, 0x11, 0x03, 0x11, 0x03, 0x11, 0x03, 0x11, 0x03, 0x11,
    0x03, 0x11, 0x03, 0x11, 0x03, 0x11, 0x03, 0x11, 0x03, 0x11, 0x03, 0x11, 0x03, 0x11, 0x03, 0x11, 0x03, 0x11, 0x03, 0x11, 0x03, 0x11, 0x03, 0x11,
    0x03, 0x11, 0x03, 0x11, 0x03, 0x11, 0x03, 0x11, 0x03, 0x11, 0x03, 0x11, 0x03, 0x11, 0x03, 0x11, 0x03, 0x11, 0x03, 0x11, 0x03, 0x11, 0x03, 0x11,
    0x03, 0x11, 0x03, 0x11, 0x03, 0x11, 0x03, 0x11, 0x03, 0x11, 0x03, 0x11, 0x03, 0x11, 0x03, 0x11, 0x03, 0x11, 0x03, 0x11, 0x03, 0x11, 0x03, 0x11,
    0x03, 0x11, 0x03, 0x11, 0x03, 0x11, 0x03, 0x11, 0x03, 0x11, 0x03, 0x11, 0x03, 0x11, 0x03, 0x11, 0x03, 0x11, 0x03, 0x11, 0x03, 0x11, 0x03, 0x11,
    0x03, 0x11, 0x03, 0x11, 0x03, 0x11, 0x03, 0x11, 0x03, 0x11, 0x03, 0x11, 0x03, 0x11, 0x03, 0x11, 0x03, 0x11, 0x03, 0x11, 0x03, 0x11, 0x03, 0x11,
    0x03, 0x11, 0x03, 0x11, 0x03, 0x11, 0x03, 0x11, 0x03, 0x11, 0x03, 0x11, 0x03, 0x11, 0x03, 0x11, 0x03, 0x11, 0x03, 0x11, 0x03, 0x11, 0x03, 0x11,
    0x03, 0x11, 0x03, 0x11, 0x03, 0x11, 0x03, 0x11, 0x03, 0x11, 0x03, 0x11, 0x03, 0x11, 0x03, 0x11, 0x03, 0x11, 0x03, 0x11, 0x03, 0x11, 0x03, 0x11,
    0x03, 0x11, 0x03, 0x11, 0x03, 0x11, 0x03, 0x11, 0x03, 0x11, 0x03, 0x11, 0x03, 0x11, 0x03, 0x11, 0x03, 0x11, 0x03, 0x11, 0x03, 0x11, 0x03, 0x11,
    0x03, 0x11, 0x03, 0x11, 0x03, 0x11, 0x03, 0x11, 0x03, 0x11, 0x03, 0x11, 0x03, 0x11, 0x03, 0x11, 0x03, 0x11, 0x03, 0x11, 0x03, 0x11, 0x03, 0x11,
    0x03, 0x11, 0x03, 0x11, 0x03, 0x11, 0x03, 0x11, 0x03, 0x11, 0x03, 0x11, 0x03, 0x11, 0x03, 0x11, 0x03, 0x11, 0x03, 0x11, 0x03, 0x11, 0x03, 0x11,
    0x03, 0x11, 0x03, 0x11, 0x03, 0x11, 0x03, 0x11, 0x03, 0x11, 0x03, 0x11, 0x03, 0x11, 0x03, 0x11, 0x03, 0x11, 0x03, 0x11, 0x03, 0x11, 0x03, 0x11,
    0x03, 0x11, 0x03, 0x11, 0x03, 0x11, 0x03, 0x11, 0x03, 0x11, 0x03, 0x11, 0x03, 0x11, 0x03, 0x11, 0x03, 0x11, 0x03, 0x11, 0x03, 0x11, 0x03, 0x11,
    0x03, 0x11, 0x03, 0x11, 0x03, 0x11, 0x03, 0x11, 0x03, 0x11, 0x03, 0x11, 0x03, 0x11, 0x03, 0x11, 0x03, 0x11, 0x03, 0x11, 0x03, 0x11, 0x03, 0x11,
    0x03, 0x11, 0x03, 0x11, 0x03, 0x11, 0x03, 0x11, 0x03, 0x11, 0x03, 0x11, 0x03, 0x11, 0x03, 0x11, 0x03, 0x11, 0x03, 0x11, 0x03, 0x11, 0x03, 0x11,
    0x03, 0x11, 0x03, 0x11, 0x03, 0x11, 0x03, 0x11, 0x03, 0x11, 0x03, 0x11, 0x03, 0x11, 0x03, 0x11, 0x03, 0x11, 0x03, 0x11, 0x03, 0x11, 0x03, 0x11,
    0x03, 0x11, 0x03, 0x11, 0x03, 0x11, 0x03, 0x11, 0x03, 0x11, 0x03, 0x11, 0x03, 0x11, 0x03, 0x11, 0x03, 0x11, 0x03, 0x11, 0x03, 0x11, 0x03, 0x11,
    0x03, 0x11, 0x03, 0x11, 0x03, 0x11, 0x03, 0x11, 0x03, 0x11, 0x03, 0x11, 0x03, 0x11, 0x03, 0x11, 0x03, 0x11, 0x03, 0x11, 0x03, 0x11, 0x03, 0x11,
    0x03, 0x11, 0x03, 0x11, 0x03, 0x11, 0x03, 0x11, 0x03, 0x11, 0x03, 0x11, 0x03, 0x11, 0x03, 0x11, 0x03, 0x11, 0x03, 0x11, 0x03, 0x11, 0x03, 0x11,
    0x03, 0x11, 0x03, 0x11, 0x03, 0x11, 0x03, 0x11, 0x03, 0x11, 0x03, 0x11, 0x03, 0x11, 0x03, 0x11, 0x03, 0x11, 0x03, 0x11, 0x03, 0x11, 0x03, 0x11,
    0x03, 0x11, 0x03, 0x11, 0x03, 0x11, 0x03, 0x11, 0x03, 0x11, 0x03, 0x11, 0x03, 0x11, 0x03, 0x11, 0x03, 0x11, 0x03, 0x11, 0x03, 0x11, 0x03, 0x11,
    0x03, 0x11, 0x03, 0x11, 0x03, 0x11, 0x03, 0x11, 0x03, 0x11, 0x03, 0x11, 0x03, 0x11, 0x03, 0x11, 0x03, 0x11, 0x03, 0x11, 0x03, 0x11, 0x03, 0x11,
    0x03, 0x11, 0x03, 0x11, 0x03, 0x11, 0x03, 0x11, 0x03, 0x11, 0x03, 0x11, 0x03, 0x11, 0x03, 0x11, 0x03, 0x11, 0x03, 0x11, 0x03, 0x11, 0x03, 0x11,
    0x03, 0x11, 0x03, 0x11, 0x03, 0x11, 0x03, 0x11, 0x03, 0x11, 0x03, 0x11, 0x03, 0x11, 0x03, 0x11, 0x03, 0x11, 0x03, 0x11, 0x03, 0x11, 0x03, 0x11,
    0x03, 0x11, 0x03, 0x11, 0x03, 0x11, 0x03, 0x11, 0x03, 0x11, 0x03, 0x11, 0x03, 0x11, 0x03, 0x11, 0x03, 0x11, 0x03, 0x11, 0x03, 0x11, 0x03, 0x11,
    0x03, 0x11, 0x03, 0x11, 0x03, 0x11, 0x03, 0x11, 0x03, 0x11, 0x03, 0x11, 0x03, 0x11, 0x03, 0x11, 0x03, 0x11, 0x03, 0x11, 0x03, 0x11, 0x03, 0x11,
    0x03, 0x11, 0x03, 0x11, 0x03, 0x11, 0x03, 0x11, 0x03, 0x11, 0x03, 0x11, 0x03, 0x11, 0x03, 0x11, 0x03, 0x11, 0x03, 0x11, 0x03, 0x11, 0x03, 0x11,
    0x03, 0x11, 0x03, 0x11, 0x03, 0x11, 0x03, 0x11, 0x03, 0x11, 0x03, 0x11, 0x03, 0x11, 0x03, 0x11, 0x03, 0x11, 0x03, 0x11, 0x03, 0x11, 0x03, 0x11,
    0x03, 0x11, 0x03, 0x11, 0x03, 0x11, 0x03, 0x11, 0x03, 0x11, 0x03, 0x11, 0x03, 0x11, 0x03, 0x11, 0x03, 0x11, 0x03, 0x11, 0x03, 0x11, 0x03, 0x11,
    0x03, 0x11, 0x03, 0x11, 0x03, 0x11, 0x03, 0x11, 0x03, 0x11, 0x03, 0x11, 0x03, 0x11, 0x03, 0x11, 0x03, 0x11, 0x03, 0x11, 0x03, 0x11, 0x03, 0x11,
    0x03, 0x11, 0x03, 0x11, 0x03, 0x11, 0x03, 0x11, 0x03, 0x11, 0x03, 0x11, 0x03, 0x11, 0x03, 0x11, 0x03, 0x11, 0x03, 0x11, 0x03, 0x11, 0x03, 0x11,
    0x03, 0x11, 0x03, 0x11, 0x03, 0x11, 0x03, 0x11, 0x03, 0x11, 0x03, 0x11, 0x03, 0x11, 0x03, 0x11, 0x03, 0x11, 0x03, 0x11, 0x03, 0x11, 0x03, 0x11,
    0x03, 0x11, 0x03, 0x11, 0x03, 0x11, 0x03, 0x11, 0x03, 0x11, 0x03, 0x11, 0x03, 0x11, 0x03, 0x11, 0x03, 0x11, 0x03, 0x11, 0x03, 0x11, 0x03, 0x11,
    0x03, 0x11, 0x03, 0x11, 0x03, 0x11, 0x03, 0x11, 0x03, 0x11, 0x03, 0x11, 0x03, 0x11, 0x03, 0x11, 0x03, 0x11, 0x03, 0x11, 0x03, 0x11, 0x03, 0x11,
    0x03, 0x11, 0x03, 0x11, 0x03, 0x11, 0x03, 0x11, 0x03, 0x11, 0x03, 0x11, 0x03, 0x11, 0x03, 0x11, 0x03, 0x11, 0x03, 0x11, 0x03, 0x11, 0x03, 0x11,
    0x03, 0x11, 0x03, 0x11, 0x03, 0x11, 0x03, 0x11, 0x03, 0x11, 0x03, 0x11, 0x03, 0x11, 0x03, 0x11, 0x03, 0x11, 0x03, 0x11, 0x03, 0x11, 0x03, 0x11,
    0x03, 0x11, 0x03, 0x11, 0x03, 0x11, 0x03, 0x11, 0x03, 0x11, 0x03, 0x11, 0x03, 0x11, 0x03, 0x11, 0x03, 0x11, 0x03, 0x11, 0x03, 0x11, 0x03, 0x11,
    0x03, 0x11, 0x03, 0x11, 0x03, 0x11, 0x03, 0x11, 0x03, 0x11, 0x03, 0x11, 0x03, 0x11, 0x03, 0x11, 0x03, 0x11, 0x03, 0x11, 0x03, 0x11, 0x03, 0x11,
    0x03, 0x11, 0x03, 0x11, 0x03, 0x11, 0x03, 0x11, 0x03, 0x11, 0x03, 0x11, 0x03, 0x11, 0x03, 0x11, 0x03, 0x11, 0x03, 0x11, 0x03, 0x11, 0x03, 0x11,
    0x03, 0x11, 0x03, 0x11, 0x03, 0x11, 0x03, 0x11, 0x03, 0x11, 0x03, 0x11, 0x03, 0x11, 0x03, 0x11, 0x03, 0x11, 0x03, 0x11, 0x03, 0x11, 0x03, 0x11,
    0x03, 0x11, 0x03, 0x11, 0x03, 0x11, 0x03, 0x11, 0x03, 0x11, 0x03, 0x11, 0x03, 0x11, 0x03, 0x11, 0x03, 0x11, 0x03, 0x11, 0x03, 0x11, 0x03, 0x11,
    0x03, 0x11, 0x03, 0x11, 0x03, 0x11, 0x03, 0x11, 0x03, 0x11, 0x03, 0x11, 0x03, 0x11, 0x03, 0x11, 0x03, 0x11, 0x03, 0x11, 0x03, 0x11, 0x03, 0x11,
    0x03, 0x11, 0x03, 0x11, 0x03, 0x11, 0x03, 0x11, 0x03, 0x11, 0x03, 0x11, 0x03, 0x11, 0x03, 0x11, 0x03, 0x11, 0x03, 0x11, 0x03, 0x11, 0x03, 0x11,
    0x03, 0x11, 0x03, 0x11, 0x03, 0x11, 0x03, 0x11, 0x03, 0x11, 0x03, 0x11, 0x03, 0x11, 0x03, 0x11, 0x03, 0x11, 0x03, 0x11, 0x03, 0x11, 0x03, 0x11,
    0x03, 0x11, 0x03, 0x11, 0x03, 0x11, 0x03, 0x11, 0x03, 0x11, 0x03, 0x11, 0x03, 0x11, 0x03, 0x11, 0x03, 0x11, 0x03, 0x11, 0x03, 0x11, 0x03, 0x11,
    0x03, 0x11, 0x03, 0x11, 0x03, 0x11, 0x03, 0x11, 0x03, 0x11, 0x03, 0x11, 0x03, 0x11, 0x03, 0x11, 0x03, 0x11, 0x03, 0x11, 0x03, 0x11, 0x03, 0x11,
    0x03, 0x11, 0x03, 0x11, 0x03, 0x11, 0x03, 0x11, 0x03, 0x11, 0x03, 0x11, 0x03, 0x11, 0x03, 0x11, 0x03, 0x11, 0x03, 0x11, 0x03, 0x11, 0x03, 0x11,
    0x03, 0x11, 0x03, 0x11, 0x03, 0x11, 0x03, 0x11, 0x03, 0x11, 0x03, 0x11, 0x03, 0x11, 0x03, 0x11, 0x03, 0x11, 0x03, 0x11, 0x03, 0x11, 0x03, 0x11,
    0x03, 0x11, 0x03, 0x11, 0x03, 0x11, 0x03, 0x11, 0x03, 0x11, 0x03, 0x11, 0x03, 0x11, 0x03, 0x11, 0x03, 0x11, 0x03, 0x11, 0x03, 0x11, 0x03, 0x11,
    0x03, 0x11, 0x03, 0x11, 0x03, 0x11, 0x03, 0x11, 0x03, 0x11, 0x03, 0x11, 0x03, 0x11, 0x03, 0x11, 0x03, 0x11, 0x03, 0x11, 0x03, 0x11, 0x03, 0x11,
    0x03, 0x11, 0x03, 0x11, 0x03, 0x11, 0x03, 0x11, 0x03, 0x11, 0x03, 0x11, 0x03, 0x11, 0x03, 0x11, 0x03, 0x11, 0x03, 0x11, 0x03, 0x11, 0x03, 0x11,
    0x03, 0x11, 0x03, 0x11, 0x03, 0x11, 0x03, 0x11, 0x03, 0x11, 0x03, 0x11, 0x03, 0x11, 0x03, 0x11, 0x03, 0x11, 0x03, 0x11, 0x03, 0x11, 0x03, 0x11,
    0x03, 0x11, 0x03, 0x11, 0x03, 0x11, 0x03, 0x11, 0x03, 0x11, 0x03, 0x11, 0x03, 0x11, 0x03, 0x11, 0x03, 0x11, 0x03, 0x11, 0x03, 0x11, 0x03, 0x11,
    0x03, 0x11, 0x03, 0x11, 0x03, 0x11, 0x03, 0x11, 0x03, 0x11, 0x03, 0x11, 0x03, 0x11, 0x03, 0x11, 0x03, 0x11, 0x03, 0x11, 0x03, 0x11, 0x03, 0x11,
    0x03, 0x11, 0x03, 0x11, 0x03, 0x11, 0x03, 0x11, 0x03, 0x11, 0x03, 0x11, 0x03, 0x11, 0x03, 0x11, 0x03, 0x11, 0x03, 0x11, 0x03, 0x11, 0x03, 0x11,
    0x03, 0x11, 0x03, 0x11, 0x03, 0x11, 0x03, 0x11, 0x03, 0x11, 0x03, 0x11, 0x03, 0x11, 0x03, 0x11, 0x03, 0x11, 0x03, 0x11, 0x03, 0x11, 0x03, 0x11,
    0x03, 0x11, 0x03, 0x11, 0x03, 0x11, 0x03, 0x11, 0x03, 0x11, 0x03, 0x11, 0x03, 0x11, 0x03, 0x11, 0x03, 0x11, 0x03, 0x11, 0x03, 0x11, 0x03, 0x11,
    0x03, 0x11, 0x03, 0x11, 0x03, 0x11, 0x03, 0x11, 0x03, 0x11, 0x03, 0x11, 0x03, 0x11, 0x03, 0x11, 0x03, 0x11, 0x03, 0x11, 0x03, 0x11, 0x03, 0x11,
    0x03, 0x11, 0x03, 0x11, 0x03, 0x11, 0x03, 0x11, 0x03, 0x11, 0x03, 0x11, 0x03, 0x11, 0x03, 0x11, 0x03, 0x11, 0x03, 0x11, 0x03, 0x11, 0x03, 0x11,
    0x03, 0x11, 0x03, 0x11, 0x03, 0x11, 0x03, 0x11, 0x03, 0x11, 0x03, 0x11, 0x03, 0x11, 0x03, 0x11, 0x03, 0x11, 0x03, 0x11, 0x03, 0x11, 0x03, 0x11,
    0x03, 0x11, 0x03, 0x11, 0x03, 0x11, 0x03, 0x11, 0x03, 0x11, 0x03, 0x11, 0x03, 0x11, 0x03, 0x11, 0x03, 0x11, 0x03, 0x11, 0x03, 0x11, 0x03, 0x11,
    0x03, 0x11, 0x03, 0x11, 0x03, 0x11, 0x03, 0x11, 0x03, 0x11, 0x03, 0x11, 0x03, 0x11, 0x03, 0x11, 0x03, 0x11, 0x03, 0x11, 0x03, 0x11, 0x03, 0x11,
    0x03, 0x11, 0x03, 0x11, 0x03, 0x11, 0x03, 0x11,
};
const lv_img_dsc_t pet_sleep_2 = {
    .header.cf = LV_IMG_CF_TRUE_COLOR,
    .header.always_zero = 0,
    .header.reserved = 0,
    .header.w = 80,
    .header.h = 80,
    .data_size = 12800,
    .data = pet_sleep_2_map,
};

static const LV_ATTRIBUTE_MEM_ALIGN LV_ATTRIBUTE_LARGE_CONST uint8_t pet_sleep_3_map[] = {
    0x03, 0x11, 0x03, 0x11, 0x03, 0x11, 0x03, 0x11, 0x03, 0x11, 0x03, 0x11, 0x03, 0x11, 0x03, 0x11, 0x03, 0x11, 0x03, 0x11, 0x03, 0x11, 0x03, 0x11,
    0x03, 0x11, 0x03, 0x11, 0x03, 0x11, 0x03, 0x11, 0x03, 0x11, 0x03, 0x11, 0x03, 0x11, 0x03, 0x11, 0x03, 0x11, 0x03, 0x11, 0x03, 0x11, 0x03, 0x11,
    0x03, 0x11, 0x03, 0x11, 0x03, 0x11, 0x03, 0x11, 0x03, 0x11, 0x03, 0x11, 0x03, 0x11, 0x03, 0x11, 0x03, 0x11, 0x03, 0x11, 0x03, 0x11, 0x03, 0x11,
    0x03, 0x11, 0x03, 0x11, 0x03, 0x11, 0x03, 0x11, 0x03, 0x11, 0x03, 0x11, 0x03, 0x11, 0x03, 0x11, 0x03, 0x11, 0x03, 0x11, 0x03, 0x11, 0x03, 0x11,
    0x03, 0x11, 0x03, 0x11, 0x03, 0x11, 0x03, 0x11, 0x03, 0x11, 0x03, 0x11, 0x03, 0x11, 0x03, 0x11, 0x03, 0x11, 0x03, 0x11, 0x03, 0x11, 0x03, 0x11,
    0x03, 0x11, 0x03, 0x11, 0x03, 0x11, 0x03, 0x11, 0x03, 0x11, 0x03, 0x11, 0x03, 0x11, 0x03, 0x11, 0x03, 0x11, 0x03, 0x11, 0x03, 0x11, 0x03, 0x11,
    0x03, 0x11, 0x03, 0x11, 0x03, 0x11, 0x03, 0x11, 0x03, 0x11, 0x03, 0x11, 0x03, 0x11, 0x03, 0x11, 0x03, 0x11, 0x03, 0x11, 0x03, 0x11, 0x03, 0x11,
    0x03, 0x11, 0x03, 0x11, 0x03, 0x11, 0x03, 0x11, 0x03, 0x11, 0x03, 0x11, 0x03, 0x11, 0x03, 0x11, 0x03, 0x11, 0x03, 0x11, 0x03, 0x11, 0x03, 0x11,
    0x03, 0x11, 0x03, 0x11, 0x03, 0x11, 0x03, 0x11, 0x03, 0x11, 0x03, 0x11, 0x03, 0x11, 0x03, 0x11, 0x03, 0x11, 0x03, 0x11, 0x03, 0x11, 0x03, 0x11,
    0x03, 0x11, 0x03, 0x11, 0x03, 0x11, 0x03, 0x11, 0x03, 0x11, 0x03, 0x11, 0x03, 0x11, 0x03, 0x11, 0x03, 0x11, 0x03, 0x11, 0x03, 0x11, 0x03, 0x11,
    0x03, 0x11, 0x03, 0x11, 0x03, 0x11, 0x03, 0x11, 0x03, 0x11, 0x03, 0x11, 0x03, 0x11, 0x03, 0x11, 0x03, 0x11, 0x03, 0x11, 0x03, 0x11, 0x03, 0x11,
    0x03, 0x11, 0x03, 0x11, 0x03, 0x11, 0x03, 0x11, 0x03, 0x11, 0x03, 0x11, 0x03, 0x11, 0x03, 0x11, 0x03, 0x11, 0x03, 0x11, 0x03, 0x11, 0x03, 0x11,
    0x03, 0x11, 0x03, 0x11, 0x03, 0x11, 0x03, 0x11, 0x03, 0x11, 0x03, 0x11, 0x03, 0x11, 0x03, 0x11, 0x03, 0x11, 0x03, 0x11, 0x03, 0x11, 0x03, 0x11,
    0x03, 0x11, 0x03, 0x11, 0x03, 0x11, 0x03, 0x11, 0x03, 0x11, 0x03, 0x11, 0x03, 0x11, 0x03, 0x11, 0x03, 0x11, 0x03, 0x11, 0x03, 0x11, 0x03, 0x11,
    0x03, 0x11, 0x03, 0x11, 0x03, 0x11, 0x03, 0x11, 0x03, 0x11, 0x03, 0x11, 0x03, 0x11, 0x03, 0x11, 0x03, 0x11, 0x03, 0x11, 0x03, 0x11, 0x03, 0x11,
    0x03, 0x11, 0x03, 0x11, 0x03, 0x11, 0x03, 0x11, 0x03, 0x11, 0x03, 0x11, 0x03, 0x11, 0x03, 0x11, 0x03, 0x11, 0x03, 0x11, 0x03, 0x11, 0x03, 0x11,
    0x03, 0x11, 0x03, 0x11, 0x03, 0x11, 0x03, 0x11, 0x03, 0x11, 0x03, 0x11, 0x03, 0x11, 0x03, 0x11, 0x03, 0x11, 0x03, 0x11, 0x03, 0x11, 0x03, 0x11,
    0x03, 0x11, 0x03, 0x11, 0x03, 0x11, 0x03, 0x11, 0x03, 0x11, 0x03, 0x11, 0x03, 0x11, 0x03, 0x11, 0x03, 0x11, 0x03, 0x11, 0x03, 0x11, 0x03, 0x11,
    0x03, 0x11, 0x03, 0x11, 0x03, 0x11, 0x03, 0x11, 0x03, 0x11, 0x03, 0x11, 0x03, 0x11, 0x03, 0x11, 0x03, 0x11, 0x03, 0x11, 0x03, 0x11, 0x03, 0x11,
    0x03, 0x11, 0x03, 0x11, 0x03, 0x11, 0x03, 0x11, 0x03, 0x11, 0x03, 0x11, 0x03, 0x11, 0x03, 0x11, 0x03, 0x11, 0x03, 0x11, 0x03, 0x11, 0x03, 0x11,
    0x03, 0x11, 0x03, 0x11, 0x03, 0x11, 0x03, 0x11, 0x03, 0x11, 0x03, 0x11, 0x03, 0x11, 0x03, 0x11, 0x03, 0x11, 0x03, 0x11, 0x03, 0x11, 0x03, 0x11,
    0x03, 0x11, 0x03, 0x11, 0x03, 0x11, 0x03, 0x11, 0x03, 0x11, 0x03, 0x11, 0x03, 0x11, 0x03, 0x11, 0x03, 0x11, 0x03, 0x11, 0x03, 0x11, 0x03, 0x11,
    0x03, 0x11, 0x03, 0x11, 0x03, 0x11, 0x03, 0x11, 0x03, 0x11, 0x03, 0x11, 0x03, 0x11, 0x03, 0x11, 0x03, 0x11, 0x03, 0x11, 0x03, 0x11, 0x03, 0x11,
    0x03, 0x11, 0x03, 0x11, 0x03, 0x11, 0x03, 0x11, 0x03, 0x11, 0x03, 0x11, 0x03, 0x11, 0x03, 0x11, 0x03, 0x11, 0x03, 0x11, 0x03, 0x11, 0x03, 0x11,
    0x03, 0x11, 0x03, 0x11, 0x03, 0x11, 0x03, 0x11, 0x03, 0x11, 0x03, 0x11, 0x03, 0x11, 0x03, 0x11, 0x03, 0x11, 0x03, 0x11, 0x03, 0x11, 0x03, 0x11,
    0x03, 0x11, 0x03, 0x11, 0x03, 0x11, 0x03, 0x11, 0x03, 0x11, 0x03, 0x11, 0x03, 0x11, 0x03, 0x11, 0x03, 0x11, 0x03, 0x11, 0x03, 0x11, 0x03, 0x11,
    0x03, 0x11, 0x03, 0x11, 0x03, 0x11, 0x03, 0x11, 0x03, 0x11, 0x03, 0x11, 0x03, 0x11, 0x03, 0x11, 0x03, 0x11, 0x03, 0x11, 0x03, 0x11, 0x03, 0x11,
    0x03, 0x11, 0x03, 0x11, 0x03, 0x11, 0x03, 0x11, 0x03, 0x11, 0x03, 0x11, 0x03, 0x11, 0x03, 0x11, 0x03, 0x11, 0x03, 0x11, 0x03, 0x11, 0x03, 0x11,
    0x03, 0x11, 0x03, 0x11, 0x03, 0x11, 0x03, 0x11, 0x03, 0x11, 0x03, 0x11, 0x03, 0x11, 0x03, 0x11, 0x03, 0x11, 0x03, 0x11, 0x03, 0x11, 0x03, 0x11,
    0x03, 0x11, 0x03, 0x11, 0x03, 0x11, 0x03, 0x11, 0x03, 0x11, 0x03, 0x11, 0x03, 0x11, 0x03, 0x11, 0x03, 0x11, 0x03, 0x11, 0x03, 0x11, 0x03, 0x11,
    0x03, 0x11, 0x03, 0x11, 0x03, 0x11, 0x03, 0x11, 0x03, 0x11, 0x03, 0x11, 0x03, 0x11, 0x03, 0x11, 0x03, 0x11, 0x03, 0x11, 0x03, 0x11, 0x03, 0x11,
    0x03, 0x11, 0x03, 0x11, 0x03, 0x11, 0x03, 0x11, 0x03, 0x11, 0x03, 0x11, 0x03, 0x11, 0x03, 0x11, 0x03, 0x11, 0x03, 0x11, 0x03, 0x11, 0x03, 0x11,
    0x03, 0x11, 0x03, 0x11, 0x03, 0x11, 0x03, 0x11, 0x03, 0x11, 0x03, 0x11, 0x03, 0x11, 0x03, 0x11, 0x03, 0x11, 0x03, 0x11, 0x03, 0x11, 0x03, 0x11,
    0x03, 0x11, 0x03, 0x11, 0x03, 0x11, 0x03, 0x11, 0x03, 0x11, 0x03, 0x11, 0x03, 0x11, 0x03, 0x11, 0x03, 0x11, 0x03, 0x11, 0x03, 0x11, 0x03, 0x11,
    0x03, 0x11, 0x03, 0x11, 0x03, 0x11, 0x03, 0x11, 0x03, 0x11, 0x03, 0x11, 0x03, 0x11, 0x03, 0x11, 0x03, 0x11, 0x03, 0x11, 0x03, 0x11, 0x03, 0x11,
    0x03, 0x11, 0x03, 0x11, 0x03, 0x11, 0x03, 0x11, 0x03, 0x11, 0x03, 0x11, 0x03, 0x11, 0x03, 0x11, 0x03, 0x11, 0x03, 0x11, 0x03, 0x11, 0x03, 0x11,
    0x03, 0x11, 0x03, 0x11, 0x03, 0x11, 0x03, 0x11, 0x03, 0x11, 0x03, 0x11, 0x03, 0x11, 0x03, 0x11, 0x03, 0x11, 0x03, 0x11, 0x03, 0x11, 0x03, 0x11,
    0x03, 0x11, 0x03, 0x11, 0x03, 0x11, 0x03, 0x11, 0x03, 0x11, 0x03, 0x11, 0x03, 0x11, 0x03, 0x11, 0x03, 0x11, 0x03, 0x11, 0x03, 0x11, 0x03, 0x11,
    0x03, 0x11, 0x03, 0x11, 0x03, 0x11, 0x03, 0x11, 0x03, 0x11, 0x03, 0x11, 0x03, 0x11, 0x03, 0x11, 0x03, 0x11, 0x03, 0x11, 0x03, 0x11, 0x03, 0x11,
    0x03, 0x11, 0x03, 0x11, 0x03, 0x11, 0x03, 0x11, 0x03, 0x11, 0x03, 0x11, 0x03, 0x11, 0x03, 0x11, 0x03, 0x11, 0x03, 0x11, 0x03, 0x11, 0x03, 0x11,
    0x03, 0x11, 0x03, 0x11, 0x03, 0x11, 0x03, 0x11, 0x03, 0x11, 0x03, 0x11, 0x03, 0x11, 0x03, 0x11, 0x03, 0x11, 0x03, 0x11, 0x03, 0x11, 0x03, 0x11,
    0x03, 0x11, 0x03, 0x11, 0x03, 0x11, 0x03, 0x11, 0x03, 0x11, 0x03, 0x11, 0x03, 0x11, 0x03, 0x11, 0x03, 0x11, 0x03, 0x11, 0x03, 0x11, 0x03, 0x11,
    0x03, 0x11, 0x03, 0x11, 0x03, 0x11, 0x03, 0x11, 0x03, 0x11, 0x03, 0x11, 0x03, 0x11, 0x03, 0x11, 0x03, 0x11, 0x03, 0x11, 0x03, 0x11, 0x03, 0x11,
    0x03, 0x11, 0x03, 0x11, 0x03, 0x11, 0x03, 0x11, 0x03, 0x11, 0x03, 0x11, 0x03, 0x11, 0x03, 0x11, 0x03, 0x11, 0x03, 0x11, 0x03, 0x11, 0x03, 0x11,
    0x03, 0x11, 0x03, 0x11, 0x03, 0x11, 0x03, 0x11, 0x03, 0x11, 0x03, 0x11, 0x03, 0x11, 0x03, 0x11, 0x03, 0x11, 0x03, 0x11, 0x03, 0x11, 0x03, 0x11,
    0x03, 0x11, 0x03, 0x11, 0x03, 0x11, 0x03, 0x11, 0x03, 0x11, 0x03, 0x11, 0x03, 0x11, 0x03, 0x11, 0x03, 0x11, 0x03, 0x11, 0x03, 0x11, 0x03, 0x11,
    0x03, 0x11, 0x03, 0x11, 0x03, 0x11, 0x03, 0x11, 0x03, 0x11, 0x03, 0x11, 0x03, 0x11, 0x03, 0x11, 0x03, 0x11, 0x03, 0x11, 0x03, 0x11, 0x03, 0x11,
    0x03, 0x11, 0x03, 0x11, 0x03, 0x11, 0x03, 0x11, 0x03, 0x11, 0x03, 0x11, 0x03, 0x11, 0x03, 0x11, 0x03, 0x11, 0x03, 0x11, 0x03, 0x11, 0x03, 0x11,
    0x03, 0x11, 0x03, 0x11, 0x03, 0x11, 0x03, 0x11, 0x03, 0x11, 0x03, 0x11, 0x03, 0x11, 0x03, 0x11, 0x03, 0x11, 0x03, 0x11, 0x03, 0x11, 0x03, 0x11,
    0x03, 0x11, 0x03, 0x11, 0x03, 0x11, 0x03, 0x11, 0x03, 0x11, 0x03, 0x11, 0x03, 0x11, 0x03, 0x11, 0x03, 0x11, 0x03, 0x11, 0x03, 0x11, 0x03, 0x11,
    0x03, 0x11, 0x03, 0x11, 0x03, 0x11, 0x03, 0x11, 0x03, 0x11, 0x03, 0x11, 0x03, 0x11, 0x03, 0x11, 0x03, 0x11, 0x03, 0x11, 0x03, 0x11, 0x03, 0x11,
    0x03, 0x11, 0x03, 0x11, 0x03, 0x11, 0x03, 0x11, 0x03, 0x11, 0x03, 0x11, 0x03, 0x11, 0x03, 0x11, 0x03, 0x11, 0x03, 0x11, 0x03, 0x11, 0x03, 0x11,
    0x03, 0x11, 0x03, 0x11, 0x03, 0x11, 0x03, 0x11, 0x03, 0x11, 0x03, 0x11, 0x03, 0x11, 0x03, 0x11, 0x03, 0x11, 0x03, 0x11, 0x03, 0x11, 0x03, 0x11,
    0x03, 0x11, 0x03, 0x11, 0x03, 0x11, 0x03, 0x11, 0x03, 0x11, 0x03, 0x11, 0x03, 0x11, 0x03, 0x11, 0x03, 0x11, 0x03, 0x11, 0x03, 0x11, 0x03, 0x11,
    0x03, 0x11, 0x03, 0x11, 0x03, 0x11, 0x03, 0x11, 0x03, 0x11, 0x03, 0x11, 0x03, 0x11, 0x03, 0x11, 0x03, 0x11, 0x03, 0x11, 0x03, 0x11, 0x03, 0x11,
    0x03, 0x11, 0x03, 0x11, 0x03, 0x11, 0x03, 0x11, 0x03, 0x11, 0x03, 0x11, 0x03, 0x11, 0x03, 0x11, 0x03, 0x11, 0x03, 0x11, 0x03, 0x11, 0x03, 0x11,
    0x03, 0x11, 0x03, 0x11, 0x03, 0x11, 0x03, 0x11, 0x03, 0x11, 0x03, 0x11, 0x03, 0x11, 0x03, 0x11, 0x03, 0x11, 0x03, 0x11, 0x03, 0x11, 0x03, 0x11,
    0x03, 0x11, 0x03, 0x11, 0x03, 0x11, 0x03, 0x11, 0x03, 0x11, 0x03, 0x11, 0x03, 0x11, 0x03, 0x11, 0x03, 0x11, 0x03, 0x11, 0x03, 0x11, 0x03, 0x11,
    0x03, 0x11, 0x03, 0x11, 0x03, 0x11, 0x03, 0x11, 0x03, 0x11, 0x03, 0x11, 0x03, 0x11, 0x03, 0x11, 0x03, 0x11, 0x03, 0x11, 0x03, 0x11, 0x03, 0x11,
    0x03, 0x11, 0x03, 0x11, 0x03, 0x11, 0x03, 0x11, 0x03, 0x11, 0x03, 0x11, 0x03, 0x11, 0x03, 0x11, 0x03, 0x11, 0x03, 0x11, 0x03, 0x11, 0x03, 0x11,
    0x03, 0x11, 0x03, 0x11, 0x03, 0x11, 0x03, 0x11, 0x03, 0x11, 0x03, 0x11, 0x03, 0x11, 0x03, 0x11, 0x03, 0x11, 0x03, 0x11, 0x03, 0x11, 0x03, 0x11,
    0x03, 0x11, 0x03, 0x11, 0x03, 0x11, 0x03, 0x11, 0x03, 0x11, 0x03, 0x11, 0x03, 0x11, 0x03, 0x11, 0x03, 0x11, 0x03, 0x11, 0x03, 0x11, 0x03, 0x11,
    0x03, 0x11, 0x03, 0x11, 0x03, 0x11, 0x03, 0x11, 0x03, 0x11, 0x03, 0x11, 0x03, 0x11, 0x03, 0x11, 0x03, 0x11, 0x03, 0x11, 0x03, 0x11, 0x03, 0x11,
    0x03, 0x11, 0x03, 0x11, 0x03, 0x11, 0x03, 0x11, 0x03, 0x11, 0x03, 0x11, 0x03, 0x11, 0x03, 0x11, 0x03, 0x11, 0x03, 0x11, 0x03, 0x11, 0x03, 0x11,
    0x03, 0x11, 0x03, 0x11, 0x03, 0x11, 0x03, 0x11, 0x03, 0x11, 0x03, 0x11, 0x03, 0x11, 0x03, 0x11, 0x03, 0x11, 0x03, 0x11, 0x03, 0x11, 0x03, 0x11,
    0x03, 0x11, 0x03, 0x11, 0x03, 0x11, 0x03, 0x11, 0x03, 0x11, 0x03, 0x11, 0x03, 0x11, 0x03, 0x11, 0x03, 0x11, 0x03, 0x11, 0x03, 0x11, 0x03, 0x11,
    0x03, 0x11, 0x03, 0x11, 0x03, 0x11, 0x03, 0x11, 0x03, 0x11, 0x03, 0x11, 0x03, 0x11, 0x03, 0x11, 0x03, 0x11, 0x03, 0x11, 0x03, 0x11, 0x03, 0x11,
    0x03, 0x11, 0x03, 0x11, 0x03, 0x11, 0x03, 0x11, 0x03, 0x11, 0x03, 0x11, 0x03, 0x11, 0x03, 0x11, 0x03, 0x11, 0x03, 0x11, 0x03, 0x11, 0x03, 0x11,
    0x03, 0x11, 0x03, 0x11, 0x03, 0x11, 0x03, 0x11, 0x03, 0x11, 0x03, 0x11, 0x03, 0x11, 0x03, 0x11, 0x03, 0x11, 0x03, 0x11, 0x03, 0x11, 0x03, 0x11,
    0x03, 0x11, 0x03, 0x11, 0x03, 0x11, 0x03, 0x11, 0x03, 0x11, 0x03, 0x11, 0x03, 0x11, 0x03, 0x11, 0x03, 0x11, 0x03, 0x11, 0x03, 0x11, 0x03, 0x11,
    0x03, 0x11, 0x03, 0x11, 0x03, 0x11, 0x03, 0x11, 0x03, 0x11, 0x03, 0x11, 0x03, 0x11, 0x03, 0x11, 0x03, 0x11, 0x03, 0x11, 0x03, 0x11, 0x03, 0x11,
    0x03, 0x11, 0x03, 0x11, 0x03, 0x11, 0x03, 0x11, 0x03, 0x11, 0x03, 0x11, 0x03, 0x11, 0x03, 0x11, 0x03, 0x11, 0x03, 0x11, 0x03, 0x11, 0x03, 0x11,
    0x03, 0x11, 0x03, 0x11, 0x03, 0x11, 0x03, 0x11, 0x03, 0x11, 0x03, 0x11, 0x4b, 0xee, 0x4b, 0xee, 0x4b, 0xee, 0x4b, 0xee, 0x4b, 0xee, 0x4b, 0xee,
    0x4b, 0xee, 0x4b, 0xee, 0x4b, 0xee, 0x4b, 0xee, 0x03, 0x11, 0x03, 0x11, 0x03, 0x11, 0x03, 0x11, 0x03, 0x11, 0x03, 0x11, 0x03, 0x11, 0x03, 0x11,
    0x03, 0x11, 0x03, 0x11, 0x03, 0x11, 0x03, 0x11, 0x03, 0x11, 0x03, 0x11, 0x03, 0x11, 0x03, 0x11, 0x03, 0x11, 0x03, 0x11, 0x03, 0x11, 0x03, 0x11,
    0x03, 0x11, 0x03, 0x11, 0x03, 0x11, 0x03, 0x11, 0x03, 0x11, 0x03, 0x11, 0x03, 0x11, 0x03, 0x11, 0x03, 0x11, 0x03, 0x11, 0x03, 0x11, 0x03, 0x11,
    0x03, 0x11, 0x03, 0x11, 0x03, 0x11, 0x03, 0x11, 0x03, 0x11, 0x03, 0x11, 0x03, 0x11, 0x03, 0x11, 0x03, 0x11, 0x03, 0x11, 0x03, 0x11, 0x03, 0x11,
    0x03, 0x11, 0x03, 0x11, 0x03, 0x11, 0x03, 0x11, 0x03, 0x11, 0x03, 0x11, 0x03, 0x11, 0x03, 0x11, 0x03, 0x11, 0x03, 0x11, 0x03, 0x11, 0x03, 0x11,
    0x03, 0x11, 0x03, 0x11, 0x03, 0x11, 0x03, 0x11, 0x03, 0x11, 0x03, 0x11, 0x03, 0x11, 0x03, 0x11, 0x03, 0x11, 0x03, 0x11, 0x03, 0x11, 0x03, 0x11,
    0x03, 0x11, 0x03, 0x11, 0x4b, 0xee, 0x4b, 0xee, 0x4b, 0xee, 0x4b, 0xee, 0x4b, 0xee, 0x4b, 0xee, 0x4b, 0xee, 0x4b, 0xee, 0x4b, 0xee, 0x4b, 0xee,
    0x03, 0x11, 0x03, 0x11, 0x03, 0x11, 0x03, 0x11, 0x03, 0x11, 0x03, 0x11, 0x03, 0x11, 0x03, 0x11, 0x03, 0x11, 0x03, 0x11, 0x03, 0x11, 0x03, 0x11,
    0x03, 0x11, 0x03, 0x11, 0x03, 0x11, 0x03, 0x11, 0x03, 0x11, 0x03, 0x11, 0x03, 0x11, 0x03, 0x11, 0x03, 0x11, 0x03, 0x11, 0x03, 0x11, 0x03, 0x11,
    0x03, 0x11, 0x03, 0x11, 0x03, 0x11, 0x03, 0x11, 0x03, 0x11, 0x03, 0x11, 0x03, 0x11, 0x03, 0x11, 0x03, 0x11, 0x03, 0x11, 0x03, 0x11, 0x03, 0x11,
    0x03, 0x11, 0x03, 0x11, 0x03, 0x11, 0x03, 0x11, 0x03, 0x11, 0x03, 0x11, 0x03, 0x11, 0x03, 0x11, 0x03, 0x11, 0x03, 0x11, 0x03, 0x11, 0x03, 0x11,
    0x03, 0x11, 0x03, 0x11, 0x03, 0x11, 0x03, 0x11, 0x03, 0x11, 0x03, 0x11, 0x03, 0x11, 0x03, 0x11, 0x03, 0x11, 0x03, 0x11, 0x03, 0x11, 0x03, 0x11,
    0x03, 0x11, 0x03, 0x11, 0x03, 0x11, 0x03, 0x11, 0x03, 0x11, 0x03, 0x11, 0x03, 0x11, 0x03, 0x11, 0x03, 0x11, 0x03, 0x11, 0x4b, 0xee, 0x4b, 0xee,
    0x4b, 0xee, 0x4b, 0xee, 0x4b, 0xee, 0x4b, 0xee, 0x4b, 0xee, 0x4b, 0xee, 0x4b, 0xee, 0x4b, 0xee, 0x03, 0x11, 0x03, 0x11, 0x03, 0x11, 0x03, 0x11,
    0x03, 0x11, 0x03, 0x11, 0x03, 0x11, 0x03, 0x11, 0x03, 0x11, 0x03, 0x11, 0x03, 0x11, 0x03, 0x11, 0x03, 0x11, 0x03, 0x11, 0x03, 0x11, 0x03, 0x11,
    0x03, 0x11, 0x03, 0x11, 0x03, 0x11, 0x03, 0x11, 0x03, 0x11, 0x03, 0x11, 0x03, 0x11, 0x03, 0x11, 0x03, 0x11, 0x03, 0x11, 0x03, 0x11, 0x03, 0x11,
    0x03, 0x11, 0x03, 0x11, 0x03, 0x11, 0x03, 0x11, 0x03, 0x11, 0x03, 0x11, 0x03, 0x11, 0x03, 0x11, 0x03, 0x11, 0x03, 0x11, 0x03, 0x11, 0x03, 0x11,
    0x03, 0x11, 0x03, 0x11, 0x03, 0x11, 0x03, 0x11, 0x03, 0x11, 0x03, 0x11, 0x03, 0x11, 0x03, 0x11, 0x03, 0x11, 0x03, 0x11, 0x03, 0x11, 0x03, 0x11,
    0x03, 0x11, 0x03, 0x11, 0x03, 0x11, 0x03, 0x11, 0x03, 0x11, 0x03, 0x11, 0x03, 0x11, 0x03, 0x11, 0x03, 0x11, 0x03, 0x11, 0x03, 0x11, 0x03, 0x11,
    0x03, 0x11, 0x03, 0x11, 0x03, 0x11, 0x03, 0x11, 0x03, 0x11, 0x03, 0x11, 0x4b, 0xee, 0x4b, 0xee, 0x4b, 0xee, 0x4b, 0xee, 0x4b, 0xee, 0x4b, 0xee,
    0x4b, 0xee, 0x4b, 0xee, 0x4b, 0xee, 0x4b, 0xee, 0x03, 0x11, 0x03, 0x11, 0x03, 0x11, 0x03, 0x11, 0x03, 0x11, 0x03, 0x11, 0x03, 0x11, 0x03, 0x11,
    0x03, 0x11, 0x03, 0x11, 0x03, 0x11, 0x03, 0x11, 0x03, 0x11, 0x03, 0x11, 0x03, 0x11, 0x03, 0x11, 0x03, 0x11, 0x03, 0x11, 0x03, 0x11, 0x03, 0x11,
    0x03, 0x11, 0x03, 0x11, 0x03, 0x11, 0x03, 0x11, 0x03, 0x11, 0x03, 0x11, 0x03, 0x11, 0x03, 0x11, 0x03, 0x11, 0x03, 0x11, 0x03, 0x11, 0x03, 0x11,
    0x03, 0x11, 0x03, 0x11, 0x03, 0x11, 0x03, 0x11, 0x03, 0x11, 0x03, 0x11, 0x03, 0x11, 0x03, 0x11, 0x03, 0x11, 0x03, 0x11, 0x03, 0x11, 0x03, 0x11,
    0x03, 0x11, 0x03, 0x11, 0x03, 0x11, 0x03, 0x11, 0x03, 0x11, 0x03, 0x11, 0x03, 0x11, 0x03, 0x11, 0x03, 0x11, 0x03, 0x11, 0x03, 0x11, 0x03, 0x11,
    0x03, 0x11, 0x03, 0x11, 0x03, 0x11, 0x03, 0x11, 0x03, 0x11, 0x03, 0x11, 0x03, 0x11, 0x03, 0x11, 0x03, 0x11, 0x03, 0x11, 0x03, 0x11, 0x03, 0x11,
    0x03, 0x11, 0x03, 0x11, 0x03, 0x11, 0x03, 0x11, 0x03, 0x11, 0x03, 0x11, 0x03, 0x11, 0x03, 0x11, 0x4b, 0xee, 0x4b, 0xee, 0x4b, 0xee, 0x4b, 0xee,
    0x03, 0x11, 0x03, 0x11, 0x03, 0x11, 0x03, 0x11, 0x03, 0x11, 0x03, 0x11, 0x03, 0x11, 0x03, 0x11, 0x03, 0x11, 0x03, 0x11, 0x03, 0x11, 0x03, 0x11,
    0x03, 0x11, 0x03, 0x11, 0x03, 0x11, 0x03, 0x11, 0x03, 0x11, 0x03, 0x11, 0x03, 0x11, 0x03, 0x11, 0x03, 0x11, 0x03, 0x11, 0x03, 0x11, 0x03, 0x11,
    0x03, 0x11, 0x03, 0x11, 0x03, 0x11, 0x03, 0x11, 0x03, 0x11, 0x03, 0x11, 0x03, 0x11, 0x03, 0x11, 0x03, 0x11, 0x03, 0x11, 0x03, 0x11, 0x03, 0x11,
    0x03, 0x11, 0x03, 0x11, 0x03, 0x11, 0x03, 0x11, 0x03, 0x11, 0x03, 0x11, 0x03, 0x11, 0x03, 0x11, 0x03, 0x11, 0x03, 0x11, 0x03, 0x11, 0x03, 0x11,
    0x03, 0x11, 0x03, 0x11, 0x03, 0x11, 0x03, 0x11, 0x03, 0x11, 0x03, 0x11, 0x03, 0x11, 0x03, 0x11, 0x03, 0x11, 0x03, 0x11, 0x03, 0x11, 0x03, 0x11,
    0x03, 0x11, 0x03, 0x11, 0x03, 0x11, 0x03, 0x11, 0x03, 0x11, 0x03, 0x11, 0x03, 0x11, 0x03, 0x11, 0x03, 0x11, 0x03, 0x11, 0x03, 0x11, 0x03, 0x11,
    0x03, 0x11, 0x03, 0x11, 0x03, 0x11, 0x03, 0x11, 0x4b, 0xee, 0x4b, 0xee, 0x4b, 0xee, 0x4b, 0xee, 0x03, 0x11, 0x03, 0x11, 0x03, 0x11, 0x03, 0x11,
    0x03, 0x11, 0x03, 0x11, 0x03, 0x11, 0x03, 0x11, 0x03, 0x11, 0x03, 0x11, 0x03, 0x11, 0x03, 0x11, 0x03, 0x11, 0x03, 0x11, 0x03, 0x11, 0x03, 0x11,
    0x03, 0x11, 0x03, 0x11, 0x03, 0x11, 0x03, 0x11, 0x03, 0x11, 0x03, 0x11, 0x03, 0x11, 0x03, 0x11, 0x03, 0x11, 0x03, 0x11, 0x03, 0x11, 0x03, 0x11,
    0x03, 0x11, 0x03, 0x11, 0x03, 0x11, 0x03, 0x11, 0x03, 0x11, 0x03, 0x11, 0x03, 0x11, 0x03, 0x11, 0x03, 0x11, 0x03, 0x11, 0x03, 0x11, 0x03, 0x11,
    0x03, 0x11, 0x03, 0x11, 0x03, 0x11, 0x03, 0x11, 0x03, 0x11, 0x03, 0x11, 0x03, 0x11, 0x03, 0x11, 0x03, 0x11, 0x03, 0x11, 0x03, 0x11, 0x03, 0x11,
    0x03, 0x11, 0x03, 0x11, 0x03, 0x11, 0x03, 0x11, 0x03, 0x11, 0x03, 0x11, 0x03, 0x11, 0x03, 0x11, 0x03, 0x11, 0x03, 0x11, 0x03, 0x11, 0x03, 0x11,
    0x03, 0x11, 0x03, 0x11, 0x03, 0x11, 0x03, 0x11, 0x03, 0x11, 0x03, 0x11, 0x4b, 0xee, 0x4b, 0xee, 0x4b, 0xee, 0x4b, 0xee, 0x4b, 0xee, 0x4b, 0xee,
    0x4b, 0xee, 0x4b, 0xee, 0x4b, 0xee, 0x4b, 0xee, 0x03, 0x11, 0x03, 0x11, 0x03, 0x11, 0x03, 0x11, 0x03, 0x11, 0x03, 0x11, 0x03, 0x11, 0x03, 0x11,
    0x03, 0x11, 0x03, 0x11, 0x03, 0x11, 0x03, 0x11, 0x03, 0x11, 0x03, 0x11, 0x03, 0x11, 0x03, 0x11, 0x03, 0x11, 0x03, 0x11, 0x03, 0x11, 0x03, 0x11,
    0x03, 0x11, 0x03, 0x11, 0x03, 0x11, 0x03, 0x11, 0x03, 0x11, 0x03, 0x11, 0x03, 0x11, 0x03, 0x11, 0x03, 0x11, 0x03, 0x11, 0x03, 0x11, 0x03, 0x11,
    0x03, 0x11, 0x03, 0x11, 0x03, 0x11, 0x03, 0x11, 0x03, 0x11, 0x03, 0x11, 0x03, 0x11, 0x03, 0x11, 0x03, 0x11, 0x03, 0x11, 0x03, 0x11, 0x03, 0x11,
    0x03, 0x11, 0x03, 0x11, 0x03, 0x11, 0x03, 0x11, 0x03, 0x11, 0x03, 0x11, 0x03, 0x11, 0x03, 0x11, 0x03, 0x11, 0x03, 0x11, 0x03, 0x11, 0x03, 0x11,
    0x03, 0x11, 0x03, 0x11, 0x03, 0x11, 0x03, 0x11, 0x03, 0x11, 0x03, 0x11, 0x03, 0x11, 0x03, 0x11, 0x03, 0x11, 0x03, 0x11, 0x03, 0x11, 0x03, 0x11,
    0x03, 0x11, 0x03, 0x11, 0x4b, 0xee, 0x4b, 0xee, 0x4b, 0xee, 0x4b, 0xee, 0x4b, 0xee, 0x4b, 0xee, 0x4b, 0xee, 0x4b, 0xee, 0x4b, 0xee, 0x4b, 0xee,
    0x03, 0x11, 0x03, 0x11, 0x03, 0x11, 0x03, 0x11, 0x03, 0x11, 0x03, 0x11, 0x03, 0x11, 0x03, 0x11, 0x03, 0x11, 0x03, 0x11, 0x03, 0x11, 0x03, 0x11,
    0x03, 0x11, 0x03, 0x11, 0x03, 0x11, 0x03, 0x11, 0x03, 0x11, 0x03, 0x11, 0x03, 0x11, 0x03, 0x11, 0x03, 0x11, 0x03, 0x11, 0x03, 0x11, 0x03, 0x11,
    0x03, 0x11, 0x03, 0x11, 0x03, 0x11, 0x03, 0x11, 0x03, 0x11, 0x03, 0x11, 0x03, 0x11, 0x03, 0x11, 0x03, 0x11, 0x03, 0x11, 0x03, 0x11, 0x03, 0x11,
    0x03, 0x11, 0x03, 0x11, 0x03, 0x11, 0x03, 0x11, 0x03, 0x11, 0x03, 0x11, 0x03, 0x11, 0x03, 0x11, 0x03, 0x11, 0x03, 0x11, 0x03, 0x11, 0x03, 0x11,
    0x03, 0x11, 0x03, 0x11, 0x03, 0x11, 0x03, 0x11, 0x03, 0x11, 0x03, 0x11, 0x03, 0x11, 0x03, 0x11, 0x03, 0x11, 0x03, 0x11, 0x03, 0x11, 0x03, 0x11,
    0x03, 0x11, 0x03, 0x11, 0x03, 0x11, 0x03, 0x11, 0x03, 0x11, 0x03, 0x11, 0x03, 0x11, 0x03, 0x11, 0x03, 0x11, 0x03, 0x11, 0x4b, 0xee, 0x4b, 0xee,
    0x4b, 0xee, 0x4b, 0xee, 0x4b, 0xee, 0x4b, 0xee, 0x4b, 0xee, 0x4b, 0xee, 0x4b, 0xee, 0x4b, 0xee, 0x03, 0x11, 0x03, 0x11, 0x03, 0x11, 0x03, 0x11,
    0x03, 0x11, 0x03, 0x11, 0x03, 0x11, 0x03, 0x11, 0x03, 0x11, 0x03, 0x11, 0x03, 0x11, 0x03, 0x11, 0x03, 0x11, 0x03, 0x11, 0x03, 0x11, 0x03, 0x11,
    0x03, 0x11, 0x03, 0x11, 0x03, 0x11, 0x03, 0x11, 0x03, 0x11, 0x03, 0x11, 0x03, 0x11, 0x03, 0x11, 0x03, 0x11, 0x03, 0x11, 0x03, 0x11, 0x03, 0x11,
    0x03, 0x11, 0x03, 0x11, 0x03, 0x11, 0x03, 0x11, 0x03, 0x11, 0x03, 0x11, 0x03, 0x11, 0x03, 0x11, 0x03, 0x11, 0x03, 0x11, 0x03, 0x11, 0x03, 0x11,
    0x03, 0x11, 0x03, 0x11, 0x03, 0x11, 0x03, 0x11, 0x03, 0x11, 0x03, 0x11, 0x03, 0x11, 0x03, 0x11, 0x03, 0x11, 0x03, 0x11, 0x03, 0x11, 0x03, 0x11,
    0x03, 0x11, 0x03, 0x11, 0x03, 0x11, 0x03, 0x11, 0x03, 0x11, 0x03, 0x11, 0x03, 0x11, 0x03, 0x11, 0x03, 0x11, 0x03, 0x11, 0x03, 0x11, 0x03, 0x11,
    0x03, 0x11, 0x03, 0x11, 0x03, 0x11, 0x03, 0x11, 0x03, 0x11, 0x03, 0x11, 0x4b, 0xee, 0x4b, 0xee, 0x4b, 0xee, 0x4b, 0xee, 0x4b, 0xee, 0x4b, 0xee,
    0x4b, 0xee, 0x4b, 0xee, 0x4b, 0xee, 0x4b, 0xee, 0x03, 0x11, 0x03, 0x11, 0x03, 0x11, 0x03, 0x11, 0x03, 0x11, 0x03, 0x11, 0x03, 0x11, 0x03, 0x11,
    0x03, 0x11, 0x03, 0x11, 0x03, 0x11, 0x03, 0x11, 0x03, 0x11, 0x03, 0x11, 0x03, 0x11, 0x03, 0x11, 0x03, 0x11, 0x03, 0x11, 0x03, 0x11, 0x03, 0x11,
    0x03, 0x11, 0x03, 0x11, 0x03, 0x11, 0x03, 0x11, 0x03, 0x11, 0x03, 0x11, 0x03, 0x11, 0x03, 0x11, 0x03, 0x11, 0x03, 0x11, 0x03, 0x11, 0x03, 0x11,
    0x03, 0x11, 0x03, 0x11, 0x03, 0x11, 0x03, 0x11, 0x03, 0x11, 0x03, 0x11, 0x03, 0x11, 0x03, 0x11, 0x03, 0x11, 0x03, 0x11, 0x03, 0x11, 0x03, 0x11,
    0x03, 0x11, 0x03, 0x11, 0x03, 0x11, 0x03, 0x11, 0x03, 0x11, 0x03, 0x11, 0x03, 0x11, 0x03, 0x11, 0x03, 0x11, 0x03, 0x11, 0x03, 0x11, 0x03, 0x11,
    0x03, 0x11, 0x03, 0x11, 0x4b, 0xee, 0x4b, 0xee, 0x4b, 0xee, 0x4b, 0xee, 0x4b, 0xee, 0x4b, 0xee, 0x4b, 0xee, 0x4b, 0xee, 0x4b, 0xee, 0x4b, 0xee,
    0x4b, 0xee, 0x4b, 0xee, 0x03, 0x11, 0x03, 0x11, 0x03, 0x11, 0x03, 0x11, 0x03, 0x11, 0x03, 0x11, 0x03, 0x11, 0x03, 0x11, 0x03, 0x11, 0x03, 0x11,
    0x03, 0x11, 0x03, 0x11, 0x03, 0x11, 0x03, 0x11, 0x03, 0x11, 0x03, 0x11, 0x03, 0x11, 0x03, 0x11, 0x03, 0x11, 0x03, 0x11, 0x03, 0x11, 0x03, 0x11,
    0x03, 0x11, 0x03, 0x11, 0x03, 0x11, 0x03, 0x11, 0x03, 0x11, 0x03, 0x11, 0x03, 0x11, 0x03, 0x11, 0x03, 0x11, 0x03, 0x11, 0x03, 0x11, 0x03, 0x11,
    0x03, 0x11, 0x03, 0x11, 0x03, 0x11, 0x03, 0x11, 0x03, 0x11, 0x03, 0x11, 0x03, 0x11, 0x03, 0x11, 0x03, 0x11, 0x03, 0x11, 0x03, 0x11, 0x03, 0x11,
    0x03, 0x11, 0x03, 0x11, 0x03, 0x11, 0x03, 0x11, 0x03, 0x11, 0x03, 0x11, 0x03, 0x11, 0x03, 0x11, 0x03, 0x11, 0x03, 0x11, 0x03, 0x11, 0x03, 0x11,
    0x03, 0x11, 0x03, 0x11, 0x03, 0x11, 0x03, 0x11, 0x03, 0x11, 0x03, 0x11, 0x03, 0x11, 0x03, 0x11, 0x03, 0x11, 0x03, 0x11, 0x4b, 0xee, 0x4b, 0xee,
    0x4b, 0xee, 0x4b, 0xee, 0x4b, 0xee, 0x4b, 0xee, 0x4b, 0xee, 0x4b, 0xee, 0x4b, 0xee, 0x4b, 0xee, 0x4b, 0xee, 0x4b, 0xee, 0x03, 0x11, 0x03, 0x11,
    0x03, 0x11, 0x03, 0x11, 0x03, 0x11, 0x03, 0x11, 0x03, 0x11, 0x03, 0x11, 0x03, 0x11, 0x03, 0x11, 0x03, 0x11, 0x03, 0x11, 0x03, 0x11, 0x03, 0x11,
    0x03, 0x11, 0x03, 0x11, 0x03, 0x11, 0x03, 0x11, 0x03, 0x11, 0x03, 0x11, 0x03, 0x11, 0x03, 0x11, 0x03, 0x11, 0x03, 0x11, 0x03, 0x11, 0x03, 0x11,
    0x03, 0x11, 0x03, 0x11, 0x03, 0x11, 0x03, 0x11, 0x03, 0x11, 0x03, 0x11, 0x03, 0x11, 0x03, 0x11, 0x03, 0x11, 0x03, 0x11, 0x03, 0x11, 0x03, 0x11,
    0x03, 0x11, 0x03, 0x11, 0x03, 0x11, 0x03, 0x11, 0x03, 0x11, 0x03, 0x11, 0x03, 0x11, 0x03, 0x11, 0x03, 0x11, 0x03, 0x11, 0x03, 0x11, 0x03, 0x11,
    0x03, 0x11, 0x03, 0x11, 0x03, 0x11, 0x03, 0x11, 0x03, 0x11, 0x03, 0x11, 0x03, 0x11, 0x03, 0x11, 0x03, 0x11, 0x03, 0x11, 0x03, 0x11, 0x03, 0x11,
    0x03, 0x11, 0x03, 0x11, 0x03, 0x11, 0x03, 0x11, 0x03, 0x11, 0x03, 0x11, 0x4b, 0xee, 0x4b, 0xee, 0x4b, 0xee, 0x4b, 0xee, 0x4b, 0xee, 0x4b, 0xee,
    0x4b, 0xee, 0x4b, 0xee, 0x4b, 0xee, 0x4b, 0xee, 0x4b, 0xee, 0x4b, 0xee, 0x03, 0x11, 0x03, 0x11, 0x03, 0x11, 0x03, 0x11, 0x03, 0x11, 0x03, 0x11,
    0x03, 0x11, 0x03, 0x11, 0x03, 0x11, 0x03, 0x11, 0x03, 0x11, 0x03, 0x11, 0x03, 0x11, 0x03, 0x11, 0x03, 0x11, 0x03, 0x11, 0x03, 0x11, 0x03, 0x11,
    0x03, 0x11, 0x03, 0x11, 0x03, 0x11, 0x03, 0x11, 0x03, 0x11, 0x03, 0x11, 0x03, 0x11, 0x03, 0x11, 0x03, 0x11, 0x03, 0x11, 0x03, 0x11, 0x03, 0x11,
    0x03, 0x11, 0x03, 0x11, 0x03, 0x11, 0x03, 0x11, 0x03, 0x11, 0x03, 0x11, 0x03, 0x11, 0x03, 0x11, 0x03, 0x11, 0x03, 0x11, 0x03, 0x11, 0x03, 0x11,
    0x03, 0x11, 0x03, 0x11, 0x03, 0x11, 0x03, 0x11, 0x03, 0x11, 0x03, 0x11, 0x03, 0x11, 0x03, 0x11, 0x03, 0x11, 0x03, 0x11, 0x03, 0x11, 0x03, 0x11,
    0x03, 0x11, 0x03, 0x11, 0x03, 0x11, 0x03, 0x11, 0x03, 0x11, 0x03, 0x11, 0x03, 0x11, 0x03, 0x11, 0x03, 0x11, 0x03, 0x11, 0x03, 0x11, 0x03, 0x11,
    0x03, 0x11, 0x03, 0x11, 0x4b, 0xee, 0x4b, 0xee, 0x4b, 0xee, 0x4b, 0xee, 0x4b, 0xee, 0x4b, 0xee, 0x4b, 0xee, 0x4b, 0xee, 0x4b, 0xee, 0x4b, 0xee,
    0x4b, 0xee, 0x4b, 0xee, 0x03, 0x11, 0x03, 0x11, 0x03, 0x11, 0x03, 0x11, 0x03, 0x11, 0x03, 0x11, 0x03, 0x11, 0x03, 0x11, 0x03, 0x11, 0x03, 0x11,
    0x03, 0x11, 0x03, 0x11, 0x03, 0x11, 0x03, 0x11, 0x03, 0x11, 0x03, 0x11, 0x03, 0x11, 0x03, 0x11, 0x03, 0x11, 0x03, 0x11, 0x03, 0x11, 0x03, 0x11,
    0x03, 0x11, 0x03, 0x11, 0x03, 0x11, 0x03, 0x11, 0x03, 0x11, 0x03, 0x11, 0x03, 0x11, 0x03, 0x11, 0x03, 0x11, 0x03, 0x11, 0x03, 0x11, 0x03, 0x11,
    0x03, 0x11, 0x03, 0x11, 0x03, 0x11, 0x03, 0x11, 0x03, 0x11, 0x03, 0x11, 0x03, 0x11, 0x03, 0x11, 0x03, 0x11, 0x03, 0x11, 0x03, 0x11, 0x03, 0x11,
    0x03, 0x11, 0x03, 0x11, 0x03, 0x11, 0x03, 0x11, 0x03, 0x11, 0x03, 0x11, 0x03, 0x11, 0x03, 0x11, 0x03, 0x11, 0x03, 0x11, 0x03, 0x11, 0x03, 0x11,
    0x03, 0x11, 0x03, 0x11, 0x03, 0x11, 0x03, 0x11, 0x03, 0x11, 0x03, 0x11, 0x03, 0x11, 0x03, 0x11, 0x03, 0x11, 0x03, 0x11, 0x03, 0x11, 0x03, 0x11,
    0x03, 0x11, 0x03, 0x11, 0x03, 0x11, 0x03, 0x11, 0x03, 0x11, 0x03, 0x11, 0x4b, 0xee, 0x4b, 0xee, 0x4b, 0xee, 0x4b, 0xee, 0x03, 0x11, 0x03, 0x11,
    0x03, 0x11, 0x03, 0x11, 0x03, 0x11, 0x03, 0x11, 0x03, 0x11, 0x03, 0x11, 0x03, 0x11, 0x03, 0x11, 0x03, 0x11, 0x03, 0x11, 0x03, 0x11, 0x03, 0x11,
    0x03, 0x11, 0x03, 0x11, 0x03, 0x11, 0x03, 0x11, 0x03, 0x11, 0x03, 0x11, 0x03, 0x11, 0x03, 0x11, 0x03, 0x11, 0x03, 0x11, 0x03, 0x11, 0x03, 0x11,
    0x03, 0x11, 0x03, 0x11, 0x03, 0x11, 0x03, 0x11, 0x03, 0x11, 0x03, 0x11, 0x03, 0x11, 0x03, 0x11, 0x03, 0x11, 0x03, 0x11, 0x03, 0x11, 0x03, 0x11,
    0x03, 0x11, 0x03, 0x11, 0x03, 0x11, 0x03, 0x11, 0x03, 0x11, 0x03, 0x11, 0x03, 0x11, 0x03, 0x11, 0x03, 0x11, 0x03, 0x11, 0x03, 0x11, 0x03, 0x11,
    0x03, 0x11, 0x03, 0x11, 0x03, 0x11, 0x03, 0x11, 0x03, 0x11, 0x03, 0x11, 0x03, 0x11, 0x03, 0x11, 0x03, 0x11, 0x03, 0x11, 0x03, 0x11, 0x03, 0x11,
    0x03, 0x11, 0x03, 0x11, 0x03, 0x11, 0x03, 0x11, 0x03, 0x11, 0x03, 0x11, 0x03, 0x11, 0x03, 0x11, 0x03, 0x11, 0x03, 0x11, 0x03, 0x11, 0x03, 0x11,
    0x03, 0x11, 0x03, 0x11, 0x4b, 0xee, 0x4b, 0xee, 0x4b, 0xee, 0x4b, 0xee, 0x03, 0x11, 0x03, 0x11, 0x03, 0x11, 0x03, 0x11, 0x03, 0x11, 0x03, 0x11,
    0x03, 0x11, 0x03, 0x11, 0x03, 0x11, 0x03, 0x11, 0x03, 0x11, 0x03, 0x11, 0x03, 0x11, 0x03, 0x11, 0x03, 0x11, 0x03, 0x11, 0x03, 0x11, 0x03, 0x11,
    0x03, 0x11, 0x03, 0x11, 0x03, 0x11, 0x03, 0x11, 0x03, 0x11, 0x03, 0x11, 0x03, 0x11, 0x03, 0x11, 0x03, 0x11, 0x03, 0x11, 0x03, 0x11, 0x03, 0x11,
    0x03, 0x11, 0x03, 0x11, 0x03, 0x11, 0x03, 0x11, 0x03, 0x11, 0x03, 0x11, 0x03, 0x11, 0x03, 0x11, 0x03, 0x11, 0x03, 0x11, 0x03, 0x11, 0x03, 0x11,
    0x03, 0x11, 0x03, 0x11, 0x03, 0x11, 0x03, 0x11, 0x03, 0x11, 0x03, 0x11, 0x03, 0x11, 0x03, 0x11, 0x03, 0x11, 0x03, 0x11, 0x03, 0x11, 0x03, 0x11,
    0x03, 0x11, 0x03, 0x11, 0x03, 0x11, 0x03, 0x11, 0x03, 0x11, 0x03, 0x11, 0x03, 0x11, 0x03, 0x11, 0x03, 0x11, 0x03, 0x11, 0x03, 0x11, 0x03, 0x11,
    0x03, 0x11, 0x03, 0x11, 0x4b, 0xee, 0x4b, 0xee, 0x4b, 0xee, 0x4b, 0xee, 0x4b, 0xee, 0x4b, 0xee, 0x4b, 0xee, 0x4b, 0xee, 0x4b, 0xee, 0x4b, 0xee,
    0x4b, 0xee, 0x4b, 0xee, 0x03, 0x11, 0x03, 0x11, 0x03, 0x11, 0x03, 0x11, 0x03, 0x11, 0x03, 0x11, 0x03, 0x11, 0x03, 0x11, 0x03, 0x11, 0x03, 0x11,
    0x03, 0x11, 0x03, 0x11, 0x03, 0x11, 0x03, 0x11, 0x03, 0x11, 0x03, 0x11, 0x03, 0x11, 0x03, 0x11, 0x03, 0x11, 0x03, 0x11, 0x03, 0x11, 0x03, 0x11,
    0x03, 0x11, 0x03, 0x11, 0x03, 0x11, 0x03, 0x11, 0x03, 0x11, 0x03, 0x11, 0x03, 0x11, 0x03, 0x11, 0x03, 0x11, 0x03, 0x11, 0x03, 0x11, 0x03, 0x11,
    0x03, 0x11, 0x03, 0x11, 0x03, 0x11, 0x03, 0x11, 0x03, 0x11, 0x03, 0x11, 0x03, 0x11, 0x03, 0x11, 0x03, 0x11, 0x03, 0x11, 0x03, 0x11, 0x03, 0x11,
    0x03, 0x11, 0x03, 0x11, 0x03, 0x11, 0x03, 0x11, 0x03, 0x11, 0x03, 0x11, 0x03, 0x11, 0x03, 0x11, 0x03, 0x11, 0x03, 0x11, 0x03, 0x11, 0x03, 0x11,
    0x03, 0x11, 0x03, 0x11, 0x03, 0x11, 0x03, 0x11, 0x03, 0x11, 0x03, 0x11, 0x03, 0x11, 0x03, 0x11, 0x03, 0x11, 0x03, 0x11, 0x4b, 0xee, 0x4b, 0xee,
    0x4b, 0xee, 0x4b, 0xee, 0x4b, 0xee, 0x4b, 0xee, 0x4b, 0xee, 0x4b, 0xee, 0x4b, 0xee, 0x4b, 0xee, 0x4b, 0xee, 0x4b, 0xee, 0x03, 0x11, 0x03, 0x11,
    0x03, 0x11, 0x03, 0x11, 0x03, 0x11, 0x03, 0x11, 0x03, 0x11, 0x03, 0x11, 0x03, 0x11, 0x03, 0x11, 0x03, 0x11, 0x03, 0x11, 0x03, 0x11, 0x03, 0x11,
    0x03, 0x11, 0x03, 0x11, 0x03, 0x11, 0x03, 0x11, 0x03, 0x11, 0x03, 0x11, 0x03, 0x11, 0x03, 0x11, 0x03, 0x11, 0x03, 0x11, 0x03, 0x11, 0x03, 0x11,
    0x03, 0x11, 0x03, 0x11, 0x03, 0x11, 0x03, 0x11, 0x03, 0x11, 0x03, 0x11, 0x03, 0x11, 0x03, 0x11, 0x03, 0x11, 0x03, 0x11, 0x03, 0x11, 0x03, 0x11,
    0x03, 0x11, 0x03, 0x11, 0x03, 0x11, 0x03, 0x11, 0x03, 0x11, 0x03, 0x11, 0x03, 0x11, 0x03, 0x11, 0x03, 0x11, 0x03, 0x11, 0x03, 0x11, 0x03, 0x11,
    0x03, 0x11, 0x03, 0x11, 0x03, 0x11, 0x03, 0x11, 0x03, 0x11, 0x03, 0x11, 0x03, 0x11, 0x03, 0x11, 0x03, 0x11, 0x03, 0x11, 0x03, 0x11, 0x03, 0x11,
    0x03, 0x11, 0x03, 0x11, 0x03, 0x11, 0x03, 0x11, 0x03, 0x11, 0x03, 0x11, 0x4b, 0xee, 0x4b, 0xee, 0x4b, 0xee, 0x4b, 0xee, 0x4b, 0xee, 0x4b, 0xee,
    0x4b, 0xee, 0x4b, 0xee, 0x4b, 0xee, 0x4b, 0xee, 0x4b, 0xee, 0x4b, 0xee, 0x03, 0x11, 0x03, 0x11, 0x03, 0x11, 0x03, 0x11, 0x03, 0x11, 0x03, 0x11,
    0x03, 0x11, 0x03, 0x11, 0x03, 0x11, 0x03, 0x11, 0x03, 0x11, 0x03, 0x11, 0x03, 0x11, 0x03, 0x11, 0x03, 0x11, 0x03, 0x11, 0x03, 0x11, 0x03, 0x11,
    0x03, 0x11, 0x03, 0x11, 0x03, 0x11, 0x03, 0x11, 0x03, 0x11, 0x03, 0x11, 0x03, 0x11, 0x03, 0x11, 0x03, 0x11, 0x03, 0x11, 0x03, 0x11, 0x03, 0x11,
    0x03, 0x11, 0x03, 0x11, 0x03, 0x11, 0x03, 0x11, 0x03, 0x11, 0x03, 0x11, 0x03, 0x11, 0x03, 0x11, 0x03, 0x11, 0x03, 0x11, 0x03, 0x11, 0x03, 0x11,
    0x03, 0x11, 0x03, 0x11, 0x03, 0x11, 0x03, 0x11, 0x03, 0x11, 0x03, 0x11, 0x03, 0x11, 0x03, 0x11, 0x03, 0x11, 0x03, 0x11, 0x03, 0x11, 0x03, 0x11,
    0x03, 0x11, 0x03, 0x11, 0x03, 0x11, 0x03, 0x11, 0x03, 0x11, 0x03, 0x11, 0x03, 0x11, 0x03, 0x11, 0x03, 0x11, 0x03, 0x11, 0x03, 0x11, 0x03, 0x11,
    0x03, 0x11, 0x03, 0x11, 0x4b, 0xee, 0x4b, 0xee, 0x4b, 0xee, 0x4b, 0xee, 0x4b, 0xee, 0x4b, 0xee, 0x4b, 0xee, 0x4b, 0xee, 0x4b, 0xee, 0x4b, 0xee,
    0x4b, 0xee, 0x4b, 0xee, 0x03, 0x11, 0x03, 0x11, 0x03, 0x11, 0x03, 0x11, 0x03, 0x11, 0x03, 0x11, 0x03, 0x11, 0x03, 0x11, 0x03, 0x11, 0x03, 0x11,
    0x03, 0x11, 0x03, 0x11, 0x03, 0x11, 0x03, 0x11, 0x03, 0x11, 0x03, 0x11, 0x03, 0x11, 0x03, 0x11, 0x03, 0x11, 0x03, 0x11, 0x03, 0x11, 0x03, 0x11,
    0x03, 0x11, 0x03, 0x11, 0x03, 0x11, 0x03, 0x11, 0x03, 0x11, 0x03, 0x11, 0x03, 0x11, 0x03, 0x11, 0x03, 0x11, 0x03, 0x11, 0x03, 0x11, 0x03, 0x11,
    0x03, 0x11, 0x03, 0x11, 0x03, 0x11, 0x03, 0x11, 0x03, 0x11, 0x03, 0x11, 0x03, 0x11, 0x03, 0x11, 0x03, 0x11, 0x03, 0x11, 0x03, 0x11, 0x03, 0x11,
    0x03, 0x11, 0x03, 0x11, 0x03, 0x11, 0x03, 0x11, 0x03, 0x11, 0x03, 0x11, 0x03, 0x11, 0x03, 0x11, 0x03, 0x11, 0x03, 0x11, 0x03, 0x11, 0x03, 0x11,
    0x03, 0x11, 0x03, 0x11, 0x03, 0x11, 0x03, 0x11, 0x03, 0x11, 0x03, 0x11, 0x03, 0x11, 0x03, 0x11, 0x03, 0x11, 0x03, 0x11, 0x03, 0x11, 0x03, 0x11,
    0x03, 0x11, 0x03, 0x11, 0x03, 0x11, 0x03, 0x11, 0x03, 0x11, 0x03, 0x11, 0x03, 0x11, 0x03, 0x11, 0x03, 0x11, 0x03, 0x11, 0x03, 0x11, 0x03, 0x11,
    0x03, 0x11, 0x03, 0x11, 0x03, 0x11, 0x03, 0x11, 0x03, 0x11, 0x03, 0x11, 0x03, 0x11, 0x03, 0x11, 0x03, 0x11, 0x03, 0x11, 0x03, 0x11, 0x03, 0x11,
    0x03, 0x11, 0x03, 0x11, 0x03, 0x11, 0x03, 0x11, 0x03, 0x11, 0x03, 0x11, 0x03, 0x11, 0x03, 0x11, 0x03, 0x11, 0x03, 0x11, 0x03, 0x11, 0x03, 0x11,
    0x03, 0x11, 0x03, 0x11, 0x03, 0x11, 0x03, 0x11, 0x03, 0x11, 0x03, 0x11, 0x03, 0x11, 0x03, 0x11, 0x03, 0x11, 0x03, 0x11, 0x03, 0x11, 0x03, 0x11,
    0x03, 0x11, 0x03, 0x11, 0x03, 0x11, 0x03, 0x11, 0x03, 0x11, 0x03, 0x11, 0x03, 0x11, 0x03, 0x11, 0x03, 0x11, 0x03, 0x11, 0x03, 0x11, 0x03, 0x11,
    0x03, 0x11, 0x03, 0x11, 0x03, 0x11, 0x03, 0x11, 0x03, 0x11, 0x03, 0x11, 0x03, 0x11, 0x03, 0x11, 0x03, 0x11, 0x03, 0x11, 0x03, 0x11, 0x03, 0x11,
    0x03, 0x11, 0x03, 0x11, 0x03, 0x11, 0x03, 0x11, 0x03, 0x11, 0x03, 0x11, 0x03, 0x11, 0x03, 0x11, 0x03, 0x11, 0x03, 0x11, 0x03, 0x11, 0x03, 0x11,
    0x03, 0x11, 0x03, 0x11, 0x03, 0x11, 0x03, 0x11, 0x03, 0x11, 0x03, 0x11, 0x03, 0x11, 0x03, 0x11, 0x03, 0x11, 0x03, 0x11, 0x03, 0x11, 0x03, 0x11,
    0x03, 0x11, 0x03, 0x11, 0x03, 0x11, 0x03, 0x11, 0x03, 0x11, 0x03, 0x11, 0x03, 0x11, 0x03, 0x11, 0x03, 0x11, 0x03, 0x11, 0x03, 0x11, 0x03, 0x11,
    0x03, 0x11, 0x03, 0x11, 0x03, 0x11, 0x03, 0x11, 0x03, 0x11, 0x03, 0x11, 0x03, 0x11, 0x03, 0x11, 0x03, 0x11, 0x03, 0x11, 0x03, 0x11, 0x03, 0x11,
    0x03, 0x11, 0x03, 0x11, 0x03, 0x11, 0x03, 0x11, 0x03, 0x11, 0x03, 0x11, 0x03, 0x11, 0x03, 0x11, 0x03, 0x11, 0x03, 0x11, 0x03, 0x11, 0x03, 0x11,
    0x03, 0x11, 0x03, 0x11, 0x03, 0x11, 0x03, 0x11, 0x03, 0x11, 0x03, 0x11, 0x03, 0x11, 0x03, 0x11, 0x03, 0x11, 0x03, 0x11, 0x03, 0x11, 0x03, 0x11,
    0x03, 0x11, 0x03, 0x11, 0x03, 0x11, 0x03, 0x11, 0x03, 0x11, 0x03, 0x11, 0x03, 0x11, 0x03, 0x11, 0x03, 0x11, 0x03, 0x11, 0x03, 0x11, 0x03, 0x11,
    0x03, 0x11, 0x03, 0x11, 0x03, 0x11, 0x03, 0x11, 0x03, 0x11, 0x03, 0x11, 0x03, 0x11, 0x03, 0x11, 0x03, 0x11, 0x03, 0x11, 0x03, 0x11, 0x03, 0x11,
    0x03, 0x11, 0x03, 0x11, 0x03, 0x11, 0x03, 0x11, 0x03, 0x11, 0x03, 0x11, 0x03, 0x11, 0x03, 0x11, 0x03, 0x11, 0x03, 0x11, 0x03, 0x11, 0x03, 0x11,
    0x03, 0x11, 0x03, 0x11, 0x03, 0x11, 0x03, 0x11, 0x03, 0x11, 0x03, 0x11, 0x03, 0x11, 0x03, 0x11, 0x03, 0x11, 0x03, 0x11, 0x03, 0x11, 0x03, 0x11,
    0x03, 0x11, 0x03, 0x11, 0x03, 0x11, 0x03, 0x11, 0x03, 0x11, 0x03, 0x11, 0x03, 0x11, 0x03, 0x11, 0x03, 0x11, 0x03, 0x11, 0x03, 0x11, 0x03, 0x11,
    0x03, 0x11, 0x03, 0x11, 0x03, 0x11, 0x03, 0x11, 0x03, 0x11, 0x03, 0x11, 0x03, 0x11, 0x03, 0x11, 0x03, 0x11, 0x03, 0x11, 0x03, 0x11, 0x03, 0x11,
    0x03, 0x11, 0x03, 0x11, 0x03, 0x11, 0x03, 0x11, 0x03, 0x11, 0x03, 0x11, 0x03, 0x11, 0x03, 0x11, 0x03, 0x11, 0x03, 0x11, 0x03, 0x11, 0x03, 0x11,
    0x03, 0x11, 0x03, 0x11, 0x03, 0x11, 0x03, 0x11, 0x03, 0x11, 0x03, 0x11, 0x03, 0x11, 0x03, 0x11, 0x03, 0x11, 0x03, 0x11, 0x03, 0x11, 0x03, 0x11,
    0x03, 0x11, 0x03, 0x11, 0x03, 0x11, 0x03, 0x11, 0x03, 0x11, 0x03, 0x11, 0x03, 0x11, 0x03, 0x11, 0x03, 0x11, 0x03, 0x11, 0x03, 0x11, 0x03, 0x11,
    0x03, 0x11, 0x03, 0x11, 0x03, 0x11, 0x03, 0x11, 0x03, 0x11, 0x03, 0x11, 0x03, 0x11, 0x03, 0x11, 0x03, 0x11, 0x03, 0x11, 0x03, 0x11, 0x03, 0x11,
    0x03, 0x11, 0x03, 0x11, 0x03, 0x11, 0x03, 0x11, 0x03, 0x11, 0x03, 0x11, 0x03, 0x11, 0x03, 0x11, 0x03, 0x11, 0x03, 0x11, 0x03, 0x11, 0x03, 0x11,
    0x03, 0x11, 0x03, 0x11, 0x03, 0x11, 0x03, 0x11, 0x03, 0x11, 0x03, 0x11, 0x03, 0x11, 0x03, 0x11, 0x03, 0x11, 0x03, 0x11, 0x03, 0x11, 0x03, 0x11,
    0x03, 0x11, 0x03, 0x11, 0x03, 0x11, 0x03, 0x11, 0x03, 0x11, 0x03, 0x11, 0x03, 0x11, 0x03, 0x11, 0x03, 0x11, 0x03, 0x11, 0x03, 0x11, 0x03, 0x11,
    0x03, 0x11, 0x03, 0x11, 0x03, 0x11, 0x03, 0x11, 0x6b, 0x55, 0x6b, 0x55, 0x6b, 0x55, 0x6b, 0x55, 0x6b, 0x55, 0x6b, 0x55, 0x6b, 0x55, 0x6b, 0x55,
    0x6b, 0x55, 0x6b, 0x55, 0x6b, 0x55, 0x6b, 0x55, 0x6b, 0x55, 0x6b, 0x55, 0x6b, 0x55, 0x6b, 0x55, 0x6b, 0x55, 0x6b, 0x55, 0x6b, 0x55, 0x6b, 0x55,
    0x6b, 0x55, 0x6b, 0x55, 0x6b, 0x55, 0x6b, 0x55, 0x6b, 0x55, 0x6b, 0x55, 0x6b, 0x55, 0x6b, 0x55, 0x03, 0x11, 0x03, 0x11, 0x03, 0x11, 0x03, 0x11,
    0x03, 0x11, 0x03, 0x11, 0x03, 0x11, 0x03, 0x11, 0x03, 0x11, 0x03, 0x11, 0x03, 0x11, 0x03, 0x11, 0x03, 0x11, 0x03, 0x11, 0x03, 0x11, 0x03, 0x11,
    0x03, 0x11, 0x03, 0x11, 0x03, 0x11, 0x03, 0x11, 0x03, 0x11, 0x03, 0x11, 0x03, 0x11, 0x03, 0x11, 0x03, 0x11, 0x03, 0x11, 0x03, 0x11, 0x03, 0x11,
    0x03, 0x11, 0x03, 0x11, 0x03, 0x11, 0x03, 0x11, 0x03, 0x11, 0x03, 0x11, 0x03, 0x11, 0x03, 0x11, 0x03, 0x11, 0x03, 0x11, 0x03, 0x11, 0x03, 0x11,
    0x03, 0x11, 0x03, 0x11, 0x03, 0x11, 0x03, 0x11, 0x03, 0x11, 0x03, 0x11, 0x03, 0x11, 0x03, 0x11, 0x03, 0x11, 0x03, 0x11, 0x03, 0x11, 0x03, 0x11,
    0x6b, 0x55, 0x6b, 0x55, 0x6b, 0x55, 0x6b, 0x55, 0x6b, 0x55, 0x6b, 0x55, 0x6b, 0x55, 0x6b, 0x55, 0x6b, 0x55, 0x6b, 0x55, 0x6b, 0x55, 0x6b, 0x55,
    0x6b, 0x55, 0x6b, 0x55, 0x6b, 0x55, 0x6b, 0x55, 0x6b, 0x55, 0x6b, 0x55, 0x6b, 0x55, 0x6b, 0x55, 0x6b, 0x55, 0x6b, 0x55, 0x6b, 0x55, 0x6b, 0x55,
    0x6b, 0x55, 0x6b, 0x55, 0x6b, 0x55, 0x6b, 0x55, 0x03, 0x11, 0x03, 0x11, 0x03, 0x11, 0x03, 0x11, 0x03, 0x11, 0x03, 0x11, 0x03, 0x11, 0x03, 0x11,
    0x03, 0x11, 0x03, 0x11, 0x03, 0x11, 0x03, 0x11, 0x03, 0x11, 0x03, 0x11, 0x03, 0x11, 0x03, 0x11, 0x03, 0x11, 0x03, 0x11, 0x03, 0x11, 0x03, 0x11,
    0x03, 0x11, 0x03, 0x11, 0x03, 0x11, 0x03, 0x11, 0x03, 0x11, 0x03, 0x11, 0x03, 0x11, 0x03, 0x11, 0x03, 0x11, 0x03, 0x11, 0x03, 0x11, 0x03, 0x11,
    0x03, 0x11, 0x03, 0x11, 0x03, 0x11, 0x03, 0x11, 0x03, 0x11, 0x03, 0x11, 0x03, 0x11, 0x03, 0x11, 0x03, 0x11, 0x03, 0x11, 0x03, 0x11, 0x03, 0x11,
    0x03, 0x11, 0x03, 0x11, 0x03, 0x11, 0x03, 0x11, 0x03, 0x11, 0x03, 0x11, 0x03, 0x11, 0x03, 0x11, 0x6b, 0x55, 0x6b, 0x55, 0x6b, 0x55, 0x6b, 0x55,
    0x6b, 0x55, 0x6b, 0x55, 0x6b, 0x55, 0x6b, 0x55, 0x6b, 0x55, 0x6b, 0x55, 0x6b, 0x55, 0x6b, 0x55, 0x6b, 0x55, 0x6b, 0x55, 0x6b, 0x55, 0x6b, 0x55,
    0x6b, 0x55, 0x6b, 0x55, 0x6b, 0x55, 0x6b, 0x55, 0x6b, 0x55, 0x6b, 0x55, 0x6b, 0x55, 0x6b, 0x55, 0x6b, 0x55, 0x6b, 0x55, 0x6b, 0x55, 0x6b, 0x55,
    0x03, 0x11, 0x03, 0x11, 0x03, 0x11, 0x03, 0x11, 0x03, 0x11, 0x03, 0x11, 0x03, 0x11, 0x03, 0x11, 0x03, 0x11, 0x03, 0x11, 0x03, 0x11, 0x03, 0x11,
    0x03, 0x11, 0x03, 0x11, 0x03, 0x11, 0x03, 0x11, 0x03, 0x11, 0x03, 0x11, 0x03, 0x11, 0x03, 0x11, 0x03, 0x11, 0x03, 0x11, 0x03, 0x11, 0x03, 0x11,
    0x03, 0x11, 0x03, 0x11, 0x03, 0x11, 0x03, 0x11, 0x03, 0x11, 0x03, 0x11, 0x03, 0x11, 0x03, 0x11, 0x03, 0x11, 0x03, 0x11, 0x03, 0x11, 0x03, 0x11,
    0x03, 0x11, 0x03, 0x11, 0x03, 0x11, 0x03, 0x11, 0x03, 0x11, 0x03, 0x11, 0x03, 0x11, 0x03, 0x11, 0x03, 0x11, 0x03, 0x11, 0x03, 0x11, 0x03, 0x11,
    0x03, 0x11, 0x03, 0x11, 0x03, 0x11, 0x03, 0x11, 0x6b, 0x55, 0x6b, 0x55, 0x6b, 0x55, 0x6b, 0x55, 0x6b, 0x55, 0x6b, 0x55, 0x6b, 0x55, 0x6b, 0x55,
    0x6b, 0x55, 0x6b, 0x55, 0x6b, 0x55, 0x6b, 0x55, 0x6b, 0x55, 0x6b, 0x55, 0x6b, 0x55, 0x6b, 0x55, 0x6b, 0x55, 0x6b, 0x55, 0x6b, 0x55, 0x6b, 0x55,
    0x6b, 0x55, 0x6b, 0x55, 0x6b, 0x55, 0x6b, 0x55, 0x6b, 0x55, 0x6b, 0x55, 0x6b, 0x55, 0x6b, 0x55, 0x03, 0x11, 0x03, 0x11, 0x03, 0x11, 0x03, 0x11,
    0x03, 0x11, 0x03, 0x11, 0x03, 0x11, 0x03, 0x11, 0x03, 0x11, 0x03, 0x11, 0x03, 0x11, 0x03, 0x11, 0x03, 0x11, 0x03, 0x11, 0x03, 0x11, 0x03, 0x11,
    0x03, 0x11, 0x03, 0x11, 0x03, 0x11, 0x03, 0x11, 0x03, 0x11, 0x03, 0x11, 0x03, 0x11, 0x03, 0x11, 0x03, 0x11, 0x03, 0x11, 0x03, 0x11, 0x03, 0x11,
    0x03, 0x11, 0x03, 0x11, 0x03, 0x11, 0x03, 0x11, 0x03, 0x11, 0x03, 0x11, 0x03, 0x11, 0x03, 0x11, 0x03, 0x11, 0x03, 0x11, 0x03, 0x11, 0x03, 0x11,
    0x03, 0x11, 0x03, 0x11, 0x03, 0x11, 0x03, 0x11, 0x03, 0x11, 0x03, 0x11, 0x03, 0x11, 0x03, 0x11, 0x03, 0x11, 0x03, 0x11, 0x03, 0x11, 0x03, 0x11,
    0x6b, 0x55, 0x6b, 0x55, 0x6b, 0x55, 0x6b, 0x55, 0x6b, 0x55, 0x6b, 0x55, 0x6b, 0x55, 0x6b, 0x55, 0x6b, 0x55, 0x6b, 0x55, 0x6b, 0x55, 0x6b, 0x55,
    0x6b, 0x55, 0x6b, 0x55, 0x6b, 0x55, 0x6b, 0x55, 0x6b, 0x55, 0x6b, 0x55, 0x6b, 0x55, 0x6b, 0x55, 0x6b, 0x55, 0x6b, 0x55, 0x6b, 0x55, 0x6b, 0x55,
    0x6b, 0x55, 0x6b, 0x55, 0x6b, 0x55, 0x6b, 0x55, 0x03, 0x11, 0x03, 0x11, 0x03, 0x11, 0x03, 0x11, 0x03, 0x11, 0x03, 0x11, 0x03, 0x11, 0x03, 0x11,
    0x03, 0x11, 0x03, 0x11, 0x03, 0x11, 0x03, 0x11, 0x03, 0x11, 0x03, 0x11, 0x03, 0x11, 0x03, 0x11, 0x03, 0x11, 0x03, 0x11, 0x03, 0x11, 0x03, 0x11,
    0x03, 0x11, 0x03, 0x11, 0x03, 0x11, 0x03, 0x11, 0x03, 0x11, 0x03, 0x11, 0x03, 0x11, 0x03, 0x11, 0x03, 0x11, 0x03, 0x11, 0x03, 0x11, 0x03, 0x11,
    0x03, 0x11, 0x03, 0x11, 0x03, 0x11, 0x03, 0x11, 0x03, 0x11, 0x03, 0x11, 0x03, 0x11, 0x03, 0x11, 0x03, 0x11, 0x03, 0x11, 0x03, 0x11, 0x03, 0x11,
    0x03, 0x11, 0x03, 0x11, 0x03, 0x11, 0x03, 0x11, 0x03, 0x11, 0x03, 0x11, 0x03, 0x11, 0x03, 0x11, 0x6b, 0x55, 0x6b, 0x55, 0x6b, 0x55, 0x6b, 0x55,
    0x6b, 0x55, 0x6b, 0x55, 0x6b, 0x55, 0x6b, 0x55, 0x6b, 0x55, 0x6b, 0x55, 0x6b, 0x55, 0x6b, 0x55, 0x6b, 0x55, 0x6b, 0x55, 0x6b, 0x55, 0x6b, 0x55,
    0x6b, 0x55, 0x6b, 0x55, 0x6b, 0x55, 0x6b, 0x55, 0x6b, 0x55, 0x6b, 0x55, 0x6b, 0x55, 0x6b, 0x55, 0x6b, 0x55, 0x6b, 0x55, 0x6b, 0x55, 0x6b, 0x55,
    0x03, 0x11, 0x03, 0x11, 0x03, 0x11, 0x03, 0x11, 0x03, 0x11, 0x03, 0x11, 0x03, 0x11, 0x03, 0x11, 0x03, 0x11, 0x03, 0x11, 0x03, 0x11, 0x03, 0x11,
    0x03, 0x11, 0x03, 0x11, 0x03, 0x11, 0x03, 0x11, 0x03, 0x11, 0x03, 0x11, 0x03, 0x11, 0x03, 0x11, 0x03, 0x11, 0x03, 0x11, 0x03, 0x11, 0x03, 0x11,
    0x03, 0x11, 0x03, 0x11, 0x03, 0x11, 0x03, 0x11, 0x03, 0x11, 0x03, 0x11, 0x03, 0x11, 0x03, 0x11, 0x03, 0x11, 0x03, 0x11, 0x03, 0x11, 0x03, 0x11,
    0x03, 0x11, 0x03, 0x11, 0x03, 0x11, 0x03, 0x11, 0x03, 0x11, 0x03, 0x11, 0x03, 0x11, 0x03, 0x11, 0x03, 0x11, 0x03, 0x11, 0x03, 0x11, 0x03, 0x11,
    0x03, 0x11, 0x03, 0x11, 0x03, 0x11, 0x03, 0x11, 0x6b, 0x55, 0x6b, 0x55, 0x6b, 0x55, 0x6b, 0x55, 0x6b, 0x55, 0x6b, 0x55, 0x6b, 0x55, 0x6b, 0x55,
    0x6b, 0x55, 0x6b, 0x55, 0x6b, 0x55, 0x6b, 0x55, 0x6b, 0x55, 0x6b, 0x55, 0x6b, 0x55, 0x6b, 0x55, 0x6b, 0x55, 0x6b, 0x55, 0x6b, 0x55, 0x6b, 0x55,
    0x6b, 0x55, 0x6b, 0x55, 0x6b, 0x55, 0x6b, 0x55, 0x6b, 0x55, 0x6b, 0x55, 0x6b, 0x55, 0x6b, 0x55, 0x03, 0x11, 0x03, 0x11, 0x03, 0x11, 0x03, 0x11,
    0x03, 0x11, 0x03, 0x11, 0x03, 0x11, 0x03, 0x11, 0x03, 0x11, 0x03, 0x11, 0x03, 0x11, 0x03, 0x11, 0x03, 0x11, 0x03, 0x11, 0x03, 0x11, 0x03, 0x11,
    0x03, 0x11, 0x03, 0x11, 0x03, 0x11, 0x03, 0x11, 0x03, 0x11, 0x03, 0x11, 0x03, 0x11, 0x03, 0x11, 0x03, 0x11, 0x03, 0x11, 0x03, 0x11, 0x03, 0x11,
    0x03, 0x11, 0x03, 0x11, 0x03, 0x11, 0x03, 0x11, 0x03, 0x11, 0x03, 0x11, 0x03, 0x11, 0x03, 0x11, 0x03, 0x11, 0x03, 0x11, 0x03, 0x11, 0x03, 0x11,
    0x03, 0x11, 0x03, 0x11, 0x03, 0x11, 0x03, 0x11, 0x03, 0x11, 0x03, 0x11, 0x03, 0x11, 0x03, 0x11, 0x03, 0x11, 0x03, 0x11, 0x03, 0x11, 0x03, 0x11,
    0x6b, 0x55, 0x6b, 0x55, 0x6b, 0x55, 0x6b, 0x55, 0x6b, 0x55, 0x6b, 0x55, 0x6b, 0x55, 0x6b, 0x55, 0x6b, 0x55, 0x6b, 0x55, 0x6b, 0x55, 0x6b, 0x55,
    0x6b, 0x55, 0x6b, 0x55, 0x6b, 0x55, 0x6b, 0x55, 0x6b, 0x55, 0x6b, 0x55, 0x6b, 0x55, 0x6b, 0x55, 0x6b, 0x55, 0x6b, 0x55, 0x6b, 0x55, 0x6b, 0x55,
    0x6b, 0x55, 0x6b, 0x55, 0x6b, 0x55, 0x6b, 0x55, 0x03, 0x11, 0x03, 0x11, 0x03, 0x11, 0x03, 0x11, 0x03, 0x11, 0x03, 0x11, 0x03, 0x11, 0x03, 0x11,
    0x03, 0x11, 0x03, 0x11, 0x03, 0x11, 0x03, 0x11, 0x03, 0x11, 0x03, 0x11, 0x03, 0x11, 0x03, 0x11, 0x03, 0x11, 0x03, 0x11, 0x03, 0x11, 0x03, 0x11,
    0x03, 0x11, 0x03, 0x11, 0x03, 0x11, 0x03, 0x11, 0x03, 0x11, 0x03, 0x11, 0x6b, 0x55, 0x6b, 0x55, 0x6b, 0x55, 0x6b, 0x55, 0x6b, 0x55, 0x6b, 0x55,
    0x6b, 0x55, 0x6b, 0x55, 0x6b, 0x55, 0x6b, 0x55, 0x6b, 0x55, 0x6b, 0x55, 0x6b, 0x55, 0x6b, 0x55, 0x6b, 0x55, 0x6b, 0x55, 0x6b, 0x55, 0x6b, 0x55,
    0x6b, 0x55, 0x6b, 0x55, 0x6b, 0x55, 0x6b, 0x55, 0x6b, 0x55, 0x6b, 0x55, 0x6b, 0x55, 0x6b, 0x55, 0x6b, 0x55, 0x6b, 0x55, 0x6b, 0x55, 0x6b, 0x55,
    0x6b, 0x55, 0x6b, 0x55, 0xc2, 0x10, 0xc2, 0x10, 0xc2, 0x10, 0xc2, 0x10, 0xc2, 0x10, 0xc2, 0x10, 0xc2, 0x10, 0xc2, 0x10, 0x6b, 0x55, 0x6b, 0x55,
    0x6b, 0x55, 0x6b, 0x55, 0xc2, 0x10, 0xc2, 0x10, 0xc2, 0x10, 0xc2, 0x10, 0xc2, 0x10, 0xc2, 0x10, 0xc2, 0x10, 0xc2, 0x10, 0xc2, 0x10, 0xc2, 0x10,
    0xc2, 0x10, 0xc2, 0x10, 0xc2, 0x10, 0xc2, 0x10, 0x03, 0x11, 0x03, 0x11, 0x03, 0x11, 0x03, 0x11, 0x03, 0x11, 0x03, 0x11, 0x03, 0x11, 0x03, 0x11,
    0x03, 0x11, 0x03, 0x11, 0x03, 0x11, 0x03, 0x11, 0x03, 0x11, 0x03, 0x11, 0x03, 0x11, 0x03, 0x11, 0x03, 0x11, 0x03, 0x11, 0x03, 0x11, 0x03, 0x11,
    0x03, 0x11, 0x03, 0x11, 0x6b, 0x55, 0x6b, 0x55, 0x6b, 0x55, 0x6b, 0x55, 0x6b, 0x55, 0x6b, 0x55, 0x6b, 0x55, 0x6b, 0x55, 0x6b, 0x55, 0x6b, 0x55,
    0x6b, 0x55, 0x6b, 0x55, 0x6b, 0x55, 0x6b, 0x55, 0x6b, 0x55, 0x6b, 0x55, 0x6b, 0x55, 0x6b, 0x55, 0x6b, 0x55, 0x6b, 0x55, 0x6b, 0x55, 0x6b, 0x55,
    0x6b, 0x55, 0x6b, 0x55, 0x6b, 0x55, 0x6b, 0x55, 0x6b, 0x55, 0x6b, 0x55, 0x6b, 0x55, 0x6b, 0x55, 0x6b, 0x55, 0x6b, 0x55, 0xc2, 0x10, 0xc2, 0x10,
    0xc2, 0x10, 0xc2, 0x10, 0xc2, 0x10, 0xc2, 0x10, 0xc2, 0x10, 0xc2, 0x10, 0x6b, 0x55, 0x6b, 0x55, 0x6b, 0x55, 0x6b, 0x55, 0xc2, 0x10, 0xc2, 0x10,
    0xc2, 0x10, 0xc2, 0x10, 0xc2, 0x10, 0xc2, 0x10, 0xc2, 0x10, 0xc2, 0x10, 0xc2, 0x10, 0xc2, 0x10, 0xc2, 0x10, 0xc2, 0x10, 0xc2, 0x10, 0xc2, 0x10,
    0x03, 0x11, 0x03, 0x11, 0x03, 0x11, 0x03, 0x11, 0x03, 0x11, 0x03, 0x11, 0x03, 0x11, 0x03, 0x11, 0x03, 0x11, 0x03, 0x11, 0x03, 0x11, 0x03, 0x11,
    0x03, 0x11, 0x03, 0x11, 0x03, 0x11, 0x03, 0x11, 0x03, 0x11, 0x03, 0x11, 0x03, 0x11, 0x03, 0x11, 0x03, 0x11, 0x03, 0x11, 0x6b, 0x55, 0x6b, 0x55,
    0x6b, 0x55, 0x6b, 0x55, 0x6b, 0x55, 0x6b, 0x55, 0x6b, 0x55, 0x6b, 0x55, 0x6b, 0x55, 0x6b, 0x55, 0x6b, 0x55, 0x6b, 0x55, 0x6b, 0x55, 0x6b, 0x55,
    0x6b, 0x55, 0x6b, 0x55, 0x6b, 0x55, 0x6b, 0x55, 0x6b, 0x55, 0x6b, 0x55, 0x6b, 0x55, 0x6b, 0x55, 0x6b, 0x55, 0x6b, 0x55, 0x6b, 0x55, 0x6b, 0x55,
    0x6b, 0x55, 0x6b, 0x55, 0x6b, 0x55, 0x6b, 0x55, 0x6b, 0x55, 0x6b, 0x55, 0xc2, 0x10, 0xc2, 0x10, 0xc2, 0x10, 0xc2, 0x10, 0xc2, 0x10, 0xc2, 0x10,
    0xc2, 0x10, 0xc2, 0x10, 0x6b, 0x55, 0x6b, 0x55, 0x6b, 0x55, 0x6b, 0x55, 0xc2, 0x10, 0xc2, 0x10, 0xc2, 0x10, 0xc2, 0x10, 0xc2, 0x10, 0xc2, 0x10,
    0xc2, 0x10, 0xc2, 0x10, 0xf5, 0xee, 0xf5, 0xee, 0xf5, 0xee, 0xf5, 0xee, 0xf5, 0xee, 0xf5, 0xee, 0xc2, 0x10, 0xc2, 0x10, 0x03, 0x11, 0x03, 0x11,
    0x03, 0x11, 0x03, 0x11, 0x03, 0x11, 0x03, 0x11, 0x03, 0x11, 0x03, 0x11, 0x03, 0x11, 0x03, 0x11, 0x03, 0x11, 0x03, 0x11, 0x03, 0x11, 0x03, 0x11,
    0x03, 0x11, 0x03, 0x11, 0x03, 0x11, 0x03, 0x11, 0x03, 0x11, 0x03, 0x11, 0x6b, 0x55, 0x6b, 0x55, 0x6b, 0x55, 0x6b, 0x55, 0x6b, 0x55, 0x6b, 0x55,
    0x6b, 0x55, 0x6b, 0x55, 0x6b, 0x55, 0x6b, 0x55, 0x6b, 0x55, 0x6b, 0x55, 0x6b, 0x55, 0x6b, 0x55, 0x6b, 0x55, 0x6b, 0x55, 0x6b, 0x55, 0x6b, 0x55,
    0x6b, 0x55, 0x6b, 0x55, 0x6b, 0x55, 0x6b, 0x55, 0x6b, 0x55, 0x6b, 0x55, 0x6b, 0x55, 0x6b, 0x55, 0x6b, 0x55, 0x6b, 0x55, 0x6b, 0x55, 0x6b, 0x55,
    0x6b, 0x55, 0x6b, 0x55, 0xc2, 0x10, 0xc2, 0x10, 0xc2, 0x10, 0xc2, 0x10, 0xc2, 0x10, 0xc2, 0x10, 0xc2, 0x10, 0xc2, 0x10, 0x6b, 0x55, 0x6b, 0x55,
    0x6b, 0x55, 0x6b, 0x55, 0xc2, 0x10, 0xc2, 0x10, 0xc2, 0x10, 0xc2, 0x10, 0xc2, 0x10, 0xc2, 0x10, 0xc2, 0x10, 0xc2, 0x10, 0xf5, 0xee, 0xf5, 0xee,
    0xf5, 0xee, 0xf5, 0xee, 0xf5, 0xee, 0xf5, 0xee, 0xc2, 0x10, 0xc2, 0x10, 0x03, 0x11, 0x03, 0x11, 0x03, 0x11, 0x03, 0x11, 0x03, 0x11, 0x03, 0x11,
    0x03, 0x11, 0x03, 0x11, 0x03, 0x11, 0x03, 0x11, 0x03, 0x11, 0x03, 0x11, 0x03, 0x11, 0x03, 0x11, 0x27, 0x2b, 0x27, 0x2b, 0x27, 0x2b, 0x27, 0x2b,
    0x27, 0x2b, 0x27, 0x2b, 0x6b, 0x55, 0x6b, 0x55, 0x6b, 0x55, 0x6b, 0x55, 0x6b, 0x55, 0x6b, 0x55, 0x6b, 0x55, 0x6b, 0x55, 0x6b, 0x55, 0x6b, 0x55,
    0x6b, 0x55, 0x6b, 0x55, 0x6b, 0x55, 0x6b, 0x55, 0x6b, 0x55, 0x6b, 0x55, 0x6b, 0x55, 0x6b, 0x55, 0x6b, 0x55, 0x6b, 0x55, 0x6b, 0x55, 0x6b, 0x55,
    0x6b, 0x55, 0x6b, 0x55, 0x6b, 0x55, 0x6b, 0x55, 0x6b, 0x55, 0x6b, 0x55, 0x6b, 0x55, 0x6b, 0x55, 0x6b, 0x55, 0x6b, 0x55, 0x6b, 0x55, 0x6b, 0x55,
    0x6b, 0x55, 0x6b, 0x55, 0x6b, 0x55, 0x6b, 0x55, 0x6b, 0x55, 0x6b, 0x55, 0x6b, 0x55, 0x6b, 0x55, 0x6b, 0x55, 0x6b, 0x55, 0x6b, 0x55, 0x6b, 0x55,
    0x6b, 0x55, 0x6b, 0x55, 0x6b, 0x55, 0x6b, 0x55, 0xc2, 0x10, 0xc2, 0x10, 0xf5, 0xee, 0xf5, 0xee, 0xf5, 0xee, 0xf5, 0xee, 0xf5, 0xee, 0xf5, 0xee,
    0xc2, 0x10, 0xc2, 0x10, 0x03, 0x11, 0x03, 0x11, 0x03, 0x11, 0x03, 0x11, 0x03, 0x11, 0x03, 0x11, 0x03, 0x11, 0x03, 0x11, 0x03, 0x11, 0x03, 0x11,
    0x03, 0x11, 0x03, 0x11, 0x03, 0x11, 0x03, 0x11, 0x27, 0x2b, 0x27, 0x2b, 0x27, 0x2b, 0x27, 0x2b, 0x27, 0x2b, 0x27, 0x2b, 0x6b, 0x55, 0x6b, 0x55,
    0x6b, 0x55, 0x6b, 0x55, 0x6b, 0x55, 0x6b, 0x55, 0x6b, 0x55, 0x6b, 0x55, 0x6b, 0x55, 0x6b, 0x55, 0x6b, 0x55, 0x6b, 0x55, 0x6b, 0x55, 0x6b, 0x55,
    0x6b, 0x55, 0x6b, 0x55, 0x6b, 0x55, 0x6b, 0x55, 0x6b, 0x55, 0x6b, 0x55, 0x6b, 0x55, 0x6b, 0x55, 0x6b, 0x55, 0x6b, 0x55, 0x6b, 0x55, 0x6b, 0x55,
    0x6b, 0x55, 0x6b, 0x55, 0x6b, 0x55, 0x6b, 0x55, 0x6b, 0x55, 0x6b, 0x55, 0x6b, 0x55, 0x6b, 0x55, 0x6b, 0x55, 0x6b, 0x55, 0x6b, 0x55, 0x6b, 0x55,
    0x6b, 0x55, 0x6b, 0x55, 0x6b, 0x55, 0x6b, 0x55, 0x6b, 0x55, 0x6b, 0x55, 0x6b, 0x55, 0x6b, 0x55, 0x6b, 0x55, 0x6b, 0x55, 0x6b, 0x55, 0x6b, 0x55,
    0xc2, 0x10, 0xc2, 0x10, 0xf5, 0xee, 0xf5, 0xee, 0xf5, 0xee, 0xf5, 0xee, 0xf5, 0xee, 0xf5, 0xee, 0xc2, 0x10, 0xc2, 0x10, 0x03, 0x11, 0x03, 0x11,
    0x03, 0x11, 0x03, 0x11, 0x03, 0x11, 0x03, 0x11, 0x03, 0x11, 0x03, 0x11, 0x03, 0x11, 0x03, 0x11, 0x03, 0x11, 0x03, 0x11, 0x03, 0x11, 0x03, 0x11,
    0x27, 0x2b, 0x27, 0x2b, 0x27, 0x2b, 0x27, 0x2b, 0x27, 0x2b, 0x27, 0x2b, 0x6b, 0x55, 0x6b, 0x55, 0x6b, 0x55, 0x6b, 0x55, 0x6b, 0x55, 0x6b, 0x55,
    0x6b, 0x55, 0x6b, 0x55, 0x6b, 0x55, 0x6b, 0x55, 0x6b, 0x55, 0x6b, 0x55, 0x6b, 0x55, 0x6b, 0x55, 0x6b, 0x55, 0x6b, 0x55, 0x6b, 0x55, 0x6b, 0x55,
    0x6b, 0x55, 0x6b, 0x55, 0x6b, 0x55, 0x6b, 0x55, 0x6b, 0x55, 0x6b, 0x55, 0x6b, 0x55, 0x6b, 0x55, 0x6b, 0x55, 0x6b, 0x55, 0x6b, 0x55, 0x6b, 0x55,
    0x6b, 0x55, 0x6b, 0x55, 0x6b, 0x55, 0x6b, 0x55, 0x6b, 0x55, 0x6b, 0x55, 0x6b, 0x55, 0x6b, 0x55, 0x6b, 0x55, 0x6b, 0x55, 0x6b, 0x55, 0x6b, 0x55,
    0x6b, 0x55, 0x6b, 0x55, 0x6b, 0x55, 0x6b, 0x55, 0x6b, 0x55, 0x6b, 0x55, 0x6b, 0x55, 0x6b, 0x55, 0xc2, 0x10, 0xc2, 0x10, 0xf5, 0xee, 0xf5, 0xee,
    0xf5, 0xee, 0xf5, 0xee, 0xf5, 0xee, 0xf5, 0xee, 0xc2, 0x10, 0xc2, 0x10, 0x03, 0x11, 0x03, 0x11, 0x03, 0x11, 0x03, 0x11, 0x03, 0x11, 0x03, 0x11,
    0x03, 0x11, 0x03, 0x11, 0x03, 0x11, 0x03, 0x11, 0x03, 0x11, 0x03, 0x11, 0x03, 0x11, 0x03, 0x11, 0x27, 0x2b, 0x27, 0x2b, 0x27, 0x2b, 0x27, 0x2b,
    0x27, 0x2b, 0x27, 0x2b, 0x6b, 0x55, 0x6b, 0x55, 0x6b, 0x55, 0x6b, 0x55, 0x6b, 0x55, 0x6b, 0x55, 0x6b, 0x55, 0x6b, 0x55, 0x6b, 0x55, 0x6b, 0x55,
    0x6b, 0x55, 0x6b, 0x55, 0x6b, 0x55, 0x6b, 0x55, 0x6b, 0x55, 0x6b, 0x55, 0x6b, 0x55, 0x6b, 0x55, 0x6b, 0x55, 0x6b, 0x55, 0x6b, 0x55, 0x6b, 0x55,
    0x6b, 0x55, 0x6b, 0x55, 0x6b, 0x55, 0x6b, 0x55, 0x6b, 0x55, 0x6b, 0x55, 0x6b, 0x55, 0x6b, 0x55, 0x6b, 0x55, 0x6b, 0x55, 0x6b, 0x55, 0x6b, 0x55,
    0x6b, 0x55, 0x6b, 0x55, 0x6b, 0x55, 0x6b, 0x55, 0x6b, 0x55, 0x6b, 0x55, 0x6b, 0x55, 0x6b, 0x55, 0x6b, 0x55, 0x6b, 0x55, 0x6b, 0x55, 0x6b, 0x55,
    0x6b, 0x55, 0x6b, 0x55, 0x6b, 0x55, 0x6b, 0x55, 0xc2, 0x10, 0xc2, 0x10, 0xf5, 0xee, 0xf5, 0xee, 0xf5, 0xee, 0xf5, 0xee, 0xf5, 0xee, 0xf5, 0xee,
    0xc2, 0x10, 0xc2, 0x10, 0x03, 0x11, 0x03, 0x11, 0x03, 0x11, 0x03, 0x11, 0x03, 0x11, 0x03, 0x11, 0x03, 0x11, 0x03, 0x11, 0x03, 0x11, 0x03, 0x11,
    0x03, 0x11, 0x03, 0x11, 0x03, 0x11, 0x03, 0x11, 0x27, 0x2b, 0x27, 0x2b, 0x27, 0x2b, 0x27, 0x2b, 0x27, 0x2b, 0x27, 0x2b, 0x6b, 0x55, 0x6b, 0x55,
    0x6b, 0x55, 0x6b, 0x55, 0x6b, 0x55, 0x6b, 0x55, 0x6b, 0x55, 0x6b, 0x55, 0x6b, 0x55, 0x6b, 0x55, 0x6b, 0x55, 0x6b, 0x55, 0x6b, 0x55, 0x6b, 0x55,
    0x6b, 0x55, 0x6b, 0x55, 0x6b, 0x55, 0x6b, 0x55, 0x6b, 0x55, 0x6b, 0x55, 0x6b, 0x55, 0x6b, 0x55, 0x6b, 0x55, 0x6b, 0x55, 0x6b, 0x55, 0x6b, 0x55,
    0x6b, 0x55, 0x6b, 0x55, 0x6b, 0x55, 0x6b, 0x55, 0x6b, 0x55, 0x6b, 0x55, 0x6b, 0x55, 0x6b, 0x55, 0x6b, 0x55, 0x6b, 0x55, 0x6b, 0x55, 0x6b, 0x55,
    0xce, 0x9e, 0xce, 0x9e, 0xce, 0x9e, 0xce, 0x9e, 0xce, 0x9e, 0xce, 0x9e, 0xce, 0x9e, 0xce, 0x9e, 0xce, 0x9e, 0xce, 0x9e, 0xce, 0x9e, 0xce, 0x9e,
    0xce, 0x9e, 0xce, 0x9e, 0xc2, 0x10, 0xc2, 0x10, 0xc2, 0x10, 0xc2, 0x10, 0xc2, 0x10, 0xc2, 0x10, 0x03, 0x11, 0x03, 0x11, 0x03, 0x11, 0x03, 0x11,
    0x03, 0x11, 0x03, 0x11, 0x03, 0x11, 0x03, 0x11, 0x03, 0x11, 0x03, 0x11, 0x03, 0x11, 0x03, 0x11, 0x03, 0x11, 0x03, 0x11, 0x03, 0x11, 0x03, 0x11,
    0x27, 0x2b, 0x27, 0x2b, 0x27, 0x2b, 0x27, 0x2b, 0x27, 0x2b, 0x27, 0x2b, 0x6b, 0x55, 0x6b, 0x55, 0x6b, 0x55, 0x6b, 0x55, 0x6b, 0x55, 0x6b, 0x55,
    0x6b, 0x55, 0x6b, 0x55, 0x6b, 0x55, 0x6b, 0x55, 0x6b, 0x55, 0x6b, 0x55, 0x6b, 0x55, 0x6b, 0x55, 0x6b, 0x55, 0x6b, 0x55, 0x6b, 0x55, 0x6b, 0x55,
    0x6b, 0x55, 0x6b, 0x55, 0x6b, 0x55, 0x6b, 0x55, 0x6b, 0x55, 0x6b, 0x55, 0x6b, 0x55, 0x6b, 0x55, 0x6b, 0x55, 0x6b, 0x55, 0x6b, 0x55, 0x6b, 0x55,
    0x6b, 0x55, 0x6b, 0x55, 0x6b, 0x55, 0x6b, 0x55, 0x6b, 0x55, 0x6b, 0x55, 0x6b, 0x55, 0x6b, 0x55, 0xce, 0x9e, 0xce, 0x9e, 0xce, 0x9e, 0xce, 0x9e,
    0xce, 0x9e, 0xce, 0x9e, 0xce, 0x9e, 0xce, 0x9e, 0xce, 0x9e, 0xce, 0x9e, 0xce, 0x9e, 0xce, 0x9e, 0xce, 0x9e, 0xce, 0x9e, 0xc2, 0x10, 0xc2, 0x10,
    0xc2, 0x10, 0xc2, 0x10, 0xc2, 0x10, 0xc2, 0x10, 0x03, 0x11, 0x03, 0x11, 0x03, 0x11, 0x03, 0x11, 0x03, 0x11, 0x03, 0x11, 0x03, 0x11, 0x03, 0x11,
    0x03, 0x11, 0x03, 0x11, 0x03, 0x11, 0x03, 0x11, 0x03, 0x11, 0x03, 0x11, 0x03, 0x11, 0x03, 0x11, 0x27, 0x2b, 0x27, 0x2b, 0x27, 0x2b, 0x27, 0x2b,
    0x27, 0x2b, 0x27, 0x2b, 0x6b, 0x55, 0x6b, 0x55, 0x6b, 0x55, 0x6b, 0x55, 0x6b, 0x55, 0x6b, 0x55, 0x6b, 0x55, 0x6b, 0x55, 0x6b, 0x55, 0x6b, 0x55,
    0x6b, 0x55, 0x6b, 0x55, 0x6b, 0x55, 0x6b, 0x55, 0x6b, 0x55, 0x6b, 0x55, 0x6b, 0x55, 0x6b, 0x55, 0x6b, 0x55, 0x6b, 0x55, 0x6b, 0x55, 0x6b, 0x55,
    0x6b, 0x55, 0x6b, 0x55, 0x6b, 0x55, 0x6b, 0x55, 0x6b, 0x55, 0x6b, 0x55, 0x6b, 0x55, 0x6b, 0x55, 0x6b, 0x55, 0x6b, 0x55, 0x6b, 0x55, 0x6b, 0x55,
    0x6b, 0x55, 0x6b, 0x55, 0x6b, 0x55, 0x6b, 0x55, 0xce, 0x9e, 0xce, 0x9e, 0xce, 0x9e, 0xce, 0x9e, 0xce, 0x9e, 0xce, 0x9e, 0xce, 0x9e, 0xce, 0x9e,
    0xce, 0x9e, 0xce, 0x9e, 0xce, 0x9e, 0xce, 0x9e, 0xce, 0x9e, 0xce, 0x9e, 0xce, 0x9e, 0xce, 0x9e, 0xce, 0x9e, 0xce, 0x9e, 0xce, 0x9e, 0xce, 0x9e,
    0x03, 0x11, 0x03, 0x11, 0x03, 0x11, 0x03, 0x11, 0x03, 0x11, 0x03, 0x11, 0x03, 0x11, 0x03, 0x11, 0x03, 0x11, 0x03, 0x11, 0x03, 0x11, 0x03, 0x11,
    0x03, 0x11, 0x03, 0x11, 0x03, 0x11, 0x03, 0x11, 0x27, 0x2b, 0x27, 0x2b, 0x27, 0x2b, 0x27, 0x2b, 0x27, 0x2b, 0x27, 0x2b, 0x6b, 0x55, 0x6b, 0x55,
    0x6b, 0x55, 0x6b, 0x55, 0x6b, 0x55, 0x6b, 0x55, 0x6b, 0x55, 0x6b, 0x55, 0x6b, 0x55, 0x6b, 0x55, 0x6b, 0x55, 0x6b, 0x55, 0x6b, 0x55, 0x6b, 0x55,
    0x6b, 0x55, 0x6b, 0x55, 0x6b, 0x55, 0x6b, 0x55, 0x6b, 0x55, 0x6b, 0x55, 0x6b, 0x55, 0x6b, 0x55, 0x6b, 0x55, 0x6b, 0x55, 0x6b, 0x55, 0x6b, 0x55,
    0x6b, 0x55, 0x6b, 0x55, 0x6b, 0x55, 0x6b, 0x55, 0x6b, 0x55, 0x6b, 0x55, 0x6b, 0x55, 0x6b, 0x55, 0x6b, 0x55, 0x6b, 0x55, 0x6b, 0x55, 0x6b, 0x55,
    0xce, 0x9e, 0xce, 0x9e, 0xce, 0x9e, 0xce, 0x9e, 0xce, 0x9e, 0xce, 0x9e, 0xce, 0x9e, 0xce, 0x9e, 0xce, 0x9e, 0xce, 0x9e, 0xce, 0x9e, 0xce, 0x9e,
    0xce, 0x9e, 0xce, 0x9e, 0xce, 0x9e, 0xce, 0x9e, 0xce, 0x9e, 0xce, 0x9e, 0xce, 0x9e, 0xce, 0x9e, 0x03, 0x11, 0x03, 0x11, 0x03, 0x11, 0x03, 0x11,
    0x03, 0x11, 0x03, 0x11, 0x03, 0x11, 0x03, 0x11, 0x03, 0x11, 0x03, 0x11, 0x03, 0x11, 0x03, 0x11, 0x03, 0x11, 0x03, 0x11, 0x03, 0x11, 0x03, 0x11,
    0x27, 0x2b, 0x27, 0x2b, 0x27, 0x2b, 0x27, 0x2b, 0x27, 0x2b, 0x27, 0x2b, 0x6b, 0x55, 0x6b, 0x55, 0x6b, 0x55, 0x6b, 0x55, 0x6b, 0x55, 0x6b, 0x55,
    0x6b, 0x55, 0x6b, 0x55, 0x6b, 0x55, 0x6b, 0x55, 0x6b, 0x55, 0x6b, 0x55, 0x6b, 0x55, 0x6b, 0x55, 0x6b, 0x55, 0x6b, 0x55, 0x6b, 0x55, 0x6b, 0x55,
    0x6b, 0x55, 0x6b, 0x55, 0x6b, 0x55, 0x6b, 0x55, 0x6b, 0x55, 0x6b, 0x55, 0x6b, 0x55, 0x6b, 0x55, 0x6b, 0x55, 0x6b, 0x55, 0x6b, 0x55, 0x6b, 0x55,
    0x6b, 0x55, 0x6b, 0x55, 0x6b, 0x55, 0x6b, 0x55, 0x6b, 0x55, 0x6b, 0x55, 0x6b, 0x55, 0x6b, 0x55, 0xce, 0x9e, 0xce, 0x9e, 0xce, 0x9e, 0xce, 0x9e,
    0xce, 0x9e, 0xce, 0x9e, 0xce, 0x9e, 0xce, 0x9e, 0xce, 0x9e, 0xce, 0x9e, 0xce, 0x9e, 0xce, 0x9e, 0xce, 0x9e, 0xce, 0x9e, 0xce, 0x9e, 0xce, 0x9e,
    0xce, 0x9e, 0xce, 0x9e, 0xce, 0x9e, 0xce, 0x9e, 0x03, 0x11, 0x03, 0x11, 0x03, 0x11, 0x03, 0x11, 0x03, 0x11, 0x03, 0x11, 0x03, 0x11, 0x03, 0x11,
    0x03, 0x11, 0x03, 0x11, 0x03, 0x11, 0x03, 0x11, 0x03, 0x11, 0x03, 0x11, 0x03, 0x11, 0x03, 0x11, 0x27, 0x2b, 0x27, 0x2b, 0x27, 0x2b, 0x27, 0x2b,
    0x27, 0x2b, 0x27, 0x2b, 0x6b, 0x55, 0x6b, 0x55, 0x6b, 0x55, 0x6b, 0x55, 0x6b, 0x55, 0x6b, 0x55, 0x6b, 0x55, 0x6b, 0x55, 0x6b, 0x55, 0x6b, 0x55,
    0x6b, 0x55, 0x6b, 0x55, 0x6b, 0x55, 0x6b, 0x55, 0x6b, 0x55, 0x6b, 0x55, 0x6b, 0x55, 0x6b, 0x55, 0x6b, 0x55, 0x6b, 0x55, 0x6b, 0x55, 0x6b, 0x55,
    0x6b, 0x55, 0x6b, 0x55, 0x6b, 0x55, 0x6b, 0x55, 0x6b, 0x55, 0x6b, 0x55, 0x6b, 0x55, 0x6b, 0x55, 0x6b, 0x55, 0x6b, 0x55, 0x6b, 0x55, 0x6b, 0x55,
    0x6b, 0x55, 0x6b, 0x55, 0x6b, 0x55, 0x6b, 0x55, 0xce, 0x9e, 0xce, 0x9e, 0xce, 0x9e, 0xce, 0x9e, 0xce, 0x9e, 0xce, 0x9e, 0xce, 0x9e, 0xce, 0x9e,
    0xce, 0x9e, 0xce, 0x9e, 0xce, 0x9e, 0xce, 0x9e, 0xce, 0x9e, 0xce, 0x9e, 0xce, 0x9e, 0xce, 0x9e, 0xce, 0x9e, 0xce, 0x9e, 0xce, 0x9e, 0xce, 0x9e,
    0x03, 0x11, 0x03, 0x11, 0x03, 0x11, 0x03, 0x11, 0x03, 0x11, 0x03, 0x11, 0x03, 0x11, 0x03, 0x11, 0x03, 0x11, 0x03, 0x11, 0x03, 0x11, 0x03, 0x11,
    0x03, 0x11, 0x03, 0x11, 0x03, 0x11, 0x03, 0x11, 0x27, 0x2b, 0x27, 0x2b, 0x27, 0x2b, 0x27, 0x2b, 0x27, 0x2b, 0x27, 0x2b, 0x6b, 0x55, 0x6b, 0x55,
    0x6b, 0x55, 0x6b, 0x55, 0x6b, 0x55, 0x6b, 0x55, 0x6b, 0x55, 0x6b, 0x55, 0x6b, 0x55, 0x6b, 0x55, 0x6b, 0x55, 0x6b, 0x55, 0x6b, 0x55, 0x6b, 0x55,
    0x6b, 0x55, 0x6b, 0x55, 0x6b, 0x55, 0x6b, 0x55, 0x6b, 0x55, 0x6b, 0x55, 0x6b, 0x55, 0x6b, 0x55, 0x6b, 0x55, 0x6b, 0x55, 0x6b, 0x55, 0x6b, 0x55,
    0x6b, 0x55, 0x6b, 0x55, 0x6b, 0x55, 0x6b, 0x55, 0x6b, 0x55, 0x6b, 0x55, 0x6b, 0x55, 0x6b, 0x55, 0x6b, 0x55, 0x6b, 0x55, 0x6b, 0x55, 0x6b, 0x55,
    0xce, 0x9e, 0xce, 0x9e, 0xce, 0x9e, 0xce, 0x9e, 0xce, 0x9e, 0xce, 0x9e, 0xc2, 0x10, 0xc2, 0x10, 0xc2, 0x10, 0xc2, 0x10, 0xc2, 0x10, 0xc2, 0x10,
    0xc2, 0x10, 0xc2, 0x10, 0xc2, 0x10, 0xc2, 0x10, 0xce, 0x9e, 0xce, 0x9e, 0xce, 0x9e, 0xce, 0x9e, 0x03, 0x11, 0x03, 0x11, 0x03, 0x11, 0x03, 0x11,
    0x03, 0x11, 0x03, 0x11, 0x03, 0x11, 0x03, 0x11, 0x03, 0x11, 0x03, 0x11, 0x03, 0x11, 0x03, 0x11, 0x03, 0x11, 0x03, 0x11, 0x03, 0x11, 0x03, 0x11,
    0x27, 0x2b, 0x27, 0x2b, 0x27, 0x2b, 0x27, 0x2b, 0x27, 0x2b, 0x27, 0x2b, 0x6b, 0x55, 0x6b, 0x55, 0x6b, 0x55, 0x6b, 0x55, 0x6b, 0x55, 0x6b, 0x55,
    0x6b, 0x55, 0x6b, 0x55, 0x6b, 0x55, 0x6b, 0x55, 0x6b, 0x55, 0x6b, 0x55, 0x6b, 0x55, 0x6b, 0x55, 0x6b, 0x55, 0x6b, 0x55, 0x6b, 0x55, 0x6b, 0x55,
    0x6b, 0x55, 0x6b, 0x55, 0x6b, 0x55, 0x6b, 0x55, 0x6b, 0x55, 0x6b, 0x55, 0x6b, 0x55, 0x6b, 0x55, 0x6b, 0x55, 0x6b, 0x55, 0x6b, 0x55, 0x6b, 0x55,
    0x6b, 0x55, 0x6b, 0x55, 0x6b, 0x55, 0x6b, 0x55, 0x6b, 0x55, 0x6b, 0x55, 0x6b, 0x55, 0x6b, 0x55, 0xce, 0x9e, 0xce, 0x9e, 0xce, 0x9e, 0xce, 0x9e,
    0xce, 0x9e, 0xce, 0x9e, 0xc2, 0x10, 0xc2, 0x10, 0xc2, 0x10, 0xc2, 0x10, 0xc2, 0x10, 0xc2, 0x10, 0xc2, 0x10, 0xc2, 0x10, 0xc2, 0x10, 0xc2, 0x10,
    0xce, 0x9e, 0xce, 0x9e, 0xce, 0x9e, 0xce, 0x9e, 0x03, 0x11, 0x03, 0x11, 0x03, 0x11, 0x03, 0x11, 0x03, 0x11, 0x03, 0x11, 0x03, 0x11, 0x03, 0x11,
    0x03, 0x11, 0x03, 0x11, 0x03, 0x11, 0x03, 0x11, 0x03, 0x11, 0x03, 0x11, 0x03, 0x11, 0x03, 0x11, 0x27, 0x2b, 0x27, 0x2b, 0x27, 0x2b, 0x27, 0x2b,
    0x27, 0x2b, 0x27, 0x2b, 0x6b, 0x55, 0x6b, 0x55, 0x6b, 0x55, 0x6b, 0x55, 0x6b, 0x55, 0x6b, 0x55, 0x6b, 0x55, 0x6b, 0x55, 0x6b, 0x55, 0x6b, 0x55,
    0x6b, 0x55, 0x6b, 0x55, 0x6b, 0x55, 0x6b, 0x55, 0x6b, 0x55, 0x6b, 0x55, 0x6b, 0x55, 0x6b, 0x55, 0x6b, 0x55, 0x6b, 0x55, 0x6b, 0x55, 0x6b, 0x55,
    0x6b, 0x55, 0x6b, 0x55, 0x6b, 0x55, 0x6b, 0x55, 0x6b, 0x55, 0x6b, 0x55, 0x6b, 0x55, 0x6b, 0x55, 0x6b, 0x55, 0x6b, 0x55, 0x6b, 0x55, 0x6b, 0x55,
    0x6b, 0x55, 0x6b, 0x55, 0x6b, 0x55, 0x6b, 0x55, 0xce, 0x9e, 0xce, 0x9e, 0xce, 0x9e, 0xce, 0x9e, 0xce, 0x9e, 0xce, 0x9e, 0xc2, 0x10, 0xc2, 0x10,
    0xc2, 0x10, 0xc2, 0x10, 0xc2, 0x10, 0xc2, 0x10, 0xc2, 0x10, 0xc2, 0x10, 0xc2, 0x10, 0xc2, 0x10, 0xce, 0x9e, 0xce, 0x9e, 0xce, 0x9e, 0xce, 0x9e,
    0x03, 0x11, 0x03, 0x11, 0x03, 0x11, 0x03, 0x11, 0x03, 0x11, 0x03, 0x11, 0x03, 0x11, 0x03, 0x11, 0x03, 0x11, 0x03, 0x11, 0x03, 0x11, 0x03, 0x11,
    0x03, 0x11, 0x03, 0x11, 0x03, 0x11, 0x03, 0x11, 0x27, 0x2b, 0x27, 0x2b, 0x27, 0x2b, 0x27, 0x2b, 0x27, 0x2b, 0x27, 0x2b, 0x6b, 0x55, 0x6b, 0x55,
    0x6b, 0x55, 0x6b, 0x55, 0x6b, 0x55, 0x6b, 0x55, 0x6b, 0x55, 0x6b, 0x55, 0x6b, 0x55, 0x6b, 0x55, 0x6b, 0x55, 0x6b, 0x55, 0x6b, 0x55, 0x6b, 0x55,
    0x6b, 0x55, 0x6b, 0x55, 0x6b, 0x55, 0x6b, 0x55, 0x6b, 0x55, 0x6b, 0x55, 0x6b, 0x55, 0x6b, 0x55, 0x6b, 0x55, 0x6b, 0x55, 0x6b, 0x55, 0x6b, 0x55,
    0x6b, 0x55, 0x6b, 0x55, 0x6b, 0x55, 0x6b, 0x55, 0x6b, 0x55, 0x6b, 0x55, 0x6b, 0x55, 0x6b, 0x55, 0x6b, 0x55, 0x6b, 0x55, 0x6b, 0x55, 0x6b, 0x55,
    0xce, 0x9e, 0xce, 0x9e, 0xce, 0x9e, 0xce, 0x9e, 0xce, 0x9e, 0xce, 0x9e, 0xc2, 0x10, 0xc2, 0x10, 0xc2, 0x10, 0xc2, 0x10, 0xc2, 0x10, 0xc2, 0x10,
    0xc2, 0x10, 0xc2, 0x10, 0xc2, 0x10, 0xc2, 0x10, 0xce, 0x9e, 0xce, 0x9e, 0xce, 0x9e, 0xce, 0x9e, 0x03, 0x11, 0x03, 0x11, 0x03, 0x11, 0x03, 0x11,
    0x03, 0x11, 0x03, 0x11, 0x03, 0x11, 0x03, 0x11, 0x03, 0x11, 0x03, 0x11, 0x03, 0x11, 0x03, 0x11, 0x03, 0x11, 0x03, 0x11, 0x27, 0x2b, 0x27, 0x2b,
    0x27, 0x2b, 0x27, 0x2b, 0x27, 0x2b, 0x27, 0x2b, 0x27, 0x2b, 0x27, 0x2b, 0x6b, 0x55, 0x6b, 0x55, 0x6b, 0x55, 0x6b, 0x55, 0x6b, 0x55, 0x6b, 0x55,
    0x6b, 0x55, 0x6b, 0x55, 0x6b, 0x55, 0x6b, 0x55, 0x6b, 0x55, 0x6b, 0x55, 0x6b, 0x55, 0x6b, 0x55, 0x6b, 0x55, 0x6b, 0x55, 0x6b, 0x55, 0x6b, 0x55,
    0x6b, 0x55, 0x6b, 0x55, 0x6b, 0x55, 0x6b, 0x55, 0x6b, 0x55, 0x6b, 0x55, 0x6b, 0x55, 0x6b, 0x55, 0x6b, 0x55, 0x6b, 0x55, 0x6b, 0x55, 0x6b, 0x55,
    0x6b, 0x55, 0x6b, 0x55, 0x6b, 0x55, 0x6b, 0x55, 0x6b, 0x55, 0x6b, 0x55, 0x6b, 0x55, 0x6b, 0x55, 0xce, 0x9e, 0xce, 0x9e, 0xce, 0x9e, 0xce, 0x9e,
    0xce, 0x9e, 0xce, 0x9e, 0xce, 0x9e, 0xce, 0x9e, 0xce, 0x9e, 0xce, 0x9e, 0xce, 0x9e, 0xce, 0x9e, 0xce, 0x9e, 0xce, 0x9e, 0xce, 0x9e, 0xce, 0x9e,
    0xce, 0x9e, 0xce, 0x9e, 0xce, 0x9e, 0xce, 0x9e, 0x03, 0x11, 0x03, 0x11, 0x03, 0x11, 0x03, 0x11, 0x03, 0x11, 0x03, 0x11, 0x03, 0x11, 0x03, 0x11,
    0x03, 0x11, 0x03, 0x11, 0x03, 0x11, 0x03, 0x11, 0x03, 0x11, 0x03, 0x11, 0x27, 0x2b, 0x27, 0x2b, 0x27, 0x2b, 0x27, 0x2b, 0x27, 0x2b, 0x27, 0x2b,
    0x27, 0x2b, 0x27, 0x2b, 0x6b, 0x55, 0x6b, 0x55, 0x6b, 0x55, 0x6b, 0x55, 0x6b, 0x55, 0x6b, 0x55, 0x6b, 0x55, 0x6b, 0x55, 0x6b, 0x55, 0x6b, 0x55,
    0x6b, 0x55, 0x6b, 0x55, 0x6b, 0x55, 0x6b, 0x55, 0x6b, 0x55, 0x6b, 0x55, 0x6b, 0x55, 0x6b, 0x55, 0x6b, 0x55, 0x6b, 0x55, 0x6b, 0x55, 0x6b, 0x55,
    0x6b, 0x55, 0x6b, 0x55, 0x6b, 0x55, 0x6b, 0x55, 0x6b, 0x55, 0x6b, 0x55, 0x6b, 0x55, 0x6b, 0x55, 0x6b, 0x55, 0x6b, 0x55, 0x6b, 0x55, 0x6b, 0x55,
    0x6b, 0x55, 0x6b, 0x55, 0x6b, 0x55, 0x6b, 0x55, 0xce, 0x9e, 0xce, 0x9e, 0xce, 0x9e, 0xce, 0x9e, 0xce, 0x9e, 0xce, 0x9e, 0xce, 0x9e, 0xce, 0x9e,
    0xce, 0x9e, 0xce, 0x9e, 0xce, 0x9e, 0xce, 0x9e, 0xce, 0x9e, 0xce, 0x9e, 0xce, 0x9e, 0xce, 0x9e, 0xce, 0x9e, 0xce, 0x9e, 0xce, 0x9e, 0xce, 0x9e,
    0x03, 0x11, 0x03, 0x11, 0x03, 0x11, 0x03, 0x11, 0x03, 0x11, 0x03, 0x11, 0x03, 0x11, 0x03, 0x11, 0x27, 0x2b, 0x27, 0x2b, 0x27, 0x2b, 0x27, 0x2b,
    0x27, 0x2b, 0x27, 0x2b, 0x27, 0x2b, 0x27, 0x2b, 0x27, 0x2b, 0x27, 0x2b, 0x27, 0x2b, 0x27, 0x2b, 0x27, 0x2b, 0x27, 0x2b, 0x6b, 0x55, 0x6b, 0x55,
    0x6b, 0x55, 0x6b, 0x55, 0xf5, 0xee, 0xf5, 0xee, 0xf5, 0xee, 0xf5, 0xee, 0xf5, 0xee, 0xf5, 0xee, 0xf5, 0xee, 0xf5, 0xee, 0xf5, 0xee, 0xf5, 0xee,
    0xf5, 0xee, 0xf5, 0xee, 0xf5, 0xee, 0xf5, 0xee, 0xf5, 0xee, 0xf5, 0xee, 0xf5, 0xee, 0xf5, 0xee, 0xf5, 0xee, 0xf5, 0xee, 0x6b, 0x55, 0x6b, 0x55,
    0x6b, 0x55, 0x6b, 0x55, 0x6b, 0x55, 0x6b, 0x55, 0x6b, 0x55, 0x6b, 0x55, 0x6b, 0x55, 0x6b, 0x55, 0x6b, 0x55, 0x6b, 0x55, 0x6b, 0x55, 0x6b, 0x55,
    0x6b, 0x55, 0x6b, 0x55, 0x6b, 0x55, 0x6b, 0x55, 0x27, 0x2b, 0x27, 0x2b, 0x27, 0x2b, 0x27, 0x2b, 0x27, 0x2b, 0x27, 0x2b, 0x03, 0x11, 0x03, 0x11,
    0x03, 0x11, 0x03, 0x11, 0x03, 0x11, 0x03, 0x11, 0x03, 0x11, 0x03, 0x11, 0x03, 0x11, 0x03, 0x11, 0x03, 0x11, 0x03, 0x11, 0x03, 0x11, 0x03, 0x11,
    0x03, 0x11, 0x03, 0x11, 0x03, 0x11, 0x03, 0x11, 0x27, 0x2b, 0x27, 0x2b, 0x27, 0x2b, 0x27, 0x2b, 0x27, 0x2b, 0x27, 0x2b, 0x27, 0x2b, 0x27, 0x2b,
    0x27, 0x2b, 0x27, 0x2b, 0x27, 0x2b, 0x27, 0x2b, 0x27, 0x2b, 0x27, 0x2b, 0x6b, 0x55, 0x6b, 0x55, 0x6b, 0x55, 0x6b, 0x55, 0xf5, 0xee, 0xf5, 0xee,
    0xf5, 0xee, 0xf5, 0xee, 0xf5, 0xee, 0xf5, 0xee, 0xf5, 0xee, 0xf5, 0xee, 0xf5, 0xee, 0xf5, 0xee, 0xf5, 0xee, 0xf5, 0xee, 0xf5, 0xee, 0xf5, 0xee,
    0xf5, 0xee, 0xf5, 0xee, 0xf5, 0xee, 0xf5, 0xee, 0xf5, 0xee, 0xf5, 0xee, 0x6b, 0x55, 0x6b, 0x55, 0x6b, 0x55, 0x6b, 0x55, 0x6b, 0x55, 0x6b, 0x55,
    0x6b, 0x55, 0x6b, 0x55, 0x6b, 0x55, 0x6b, 0x55, 0x6b, 0x55, 0x6b, 0x55, 0x6b, 0x55, 0x6b, 0x55, 0x6b, 0x55, 0x6b, 0x55, 0x6b, 0x55, 0x6b, 0x55,
    0x27, 0x2b, 0x27, 0x2b, 0x27, 0x2b, 0x27, 0x2b, 0x27, 0x2b, 0x27, 0x2b, 0x03, 0x11, 0x03, 0x11, 0x03, 0x11, 0x03, 0x11, 0x03, 0x11, 0x03, 0x11,
    0x03, 0x11, 0x03, 0x11, 0x03, 0x11, 0x03, 0x11, 0x03, 0x11, 0x03, 0x11, 0x03, 0x11, 0x03, 0x11, 0x03, 0x11, 0x03, 0x11, 0x03, 0x11, 0x03, 0x11,
    0x03, 0x11, 0x03, 0x11, 0x03, 0x11, 0x03, 0x11, 0x27, 0x2b, 0x27, 0x2b, 0x27, 0x2b, 0x27, 0x2b, 0x27, 0x2b, 0x27, 0x2b, 0x27, 0x2b, 0x27, 0x2b,
    0x27, 0x2b, 0x27, 0x2b, 0x6b, 0x55, 0x6b, 0x55, 0x6b, 0x55, 0x6b, 0x55, 0xf5, 0xee, 0xf5, 0xee, 0xf5, 0xee, 0xf5, 0xee, 0xf5, 0xee, 0xf5, 0xee,
    0xf5, 0xee, 0xf5, 0xee, 0xf5, 0xee, 0xf5, 0xee, 0xf5, 0xee, 0xf5, 0xee, 0xf5, 0xee, 0xf5, 0xee, 0xf5, 0xee, 0xf5, 0xee, 0xf5, 0xee, 0xf5, 0xee,
    0xf5, 0xee, 0xf5, 0xee, 0x6b, 0x55, 0x6b, 0x55, 0x6b, 0x55, 0x6b, 0x55, 0x6b, 0x55, 0x6b, 0x55, 0x6b, 0x55, 0x6b, 0x55, 0x6b, 0x55, 0x6b, 0x55,
    0x6b, 0x55, 0x6b, 0x55, 0x6b, 0x55, 0x6b, 0x55, 0x6b, 0x55, 0x6b, 0x55, 0x6b, 0x55, 0x6b, 0x55, 0x27, 0x2b, 0x27, 0x2b, 0x27, 0x2b, 0x27, 0x2b,
    0x27, 0x2b, 0x27, 0x2b, 0x03, 0x11, 0x03, 0x11, 0x03, 0x11, 0x03, 0x11, 0x03, 0x11, 0x03, 0x11, 0x03, 0x11, 0x03, 0x11, 0x03, 0x11, 0x03, 0x11,
    0x03, 0x11, 0x03, 0x11, 0x03, 0x11, 0x03, 0x11, 0x03, 0x11, 0x03, 0x11, 0x03, 0x11, 0x03, 0x11, 0x03, 0x11, 0x03, 0x11, 0x03, 0x11, 0x03, 0x11,
    0x27, 0x2b, 0x27, 0x2b, 0x27, 0x2b, 0x27, 0x2b, 0x27, 0x2b, 0x27, 0x2b, 0x27, 0x2b, 0x27, 0x2b, 0x27, 0x2b, 0x27, 0x2b, 0x6b, 0x55, 0x6b, 0x55,
    0x6b, 0x55, 0x6b, 0x55, 0xf5, 0xee, 0xf5, 0xee, 0xf5, 0xee, 0xf5, 0xee, 0xf5, 0xee, 0xf5, 0xee, 0xf5, 0xee, 0xf5, 0xee, 0xf5, 0xee, 0xf5, 0xee,
    0xf5, 0xee, 0xf5, 0xee, 0xf5, 0xee, 0xf5, 0xee, 0xf5, 0xee, 0xf5, 0xee, 0xf5, 0xee, 0xf5, 0xee, 0xf5, 0xee, 0xf5, 0xee, 0x6b, 0x55, 0x6b, 0x55,
    0x6b, 0x55, 0x6b, 0x55, 0x6b, 0x55, 0x6b, 0x55, 0x6b, 0x55, 0x6b, 0x55, 0x6b, 0x55, 0x6b, 0x55, 0x6b, 0x55, 0x6b, 0x55, 0x6b, 0x55, 0x6b, 0x55,
    0x6b, 0x55, 0x6b, 0x55, 0x6b, 0x55, 0x6b, 0x55, 0x27, 0x2b, 0x27, 0x2b, 0x27, 0x2b, 0x27, 0x2b, 0x27, 0x2b, 0x27, 0x2b, 0x03, 0x11, 0x03, 0x11,
    0x03, 0x11, 0x03, 0x11, 0x03, 0x11, 0x03, 0x11, 0x03, 0x11, 0x03, 0x11, 0x03, 0x11, 0x03, 0x11, 0x03, 0x11, 0x03, 0x11, 0x03, 0x11, 0x03, 0x11,
    0x03, 0x11, 0x03, 0x11, 0x03, 0x11, 0x03, 0x11, 0x03, 0x11, 0x03, 0x11, 0x03, 0x11, 0x03, 0x11, 0x03, 0x11, 0x03, 0x11, 0x03, 0x11, 0x03, 0x11,
    0x27, 0x2b, 0x27, 0x2b, 0x27, 0x2b, 0x27, 0x2b, 0x27, 0x2b, 0x27, 0x2b, 0x27, 0x2b, 0x27, 0x2b, 0x27, 0x2b, 0x27, 0x2b, 0xf5, 0xee, 0xf5, 0xee,
    0xf5, 0xee, 0xf5, 0xee, 0xf5, 0xee, 0xf5, 0xee, 0xf5, 0xee, 0xf5, 0xee, 0xf5, 0xee, 0xf5, 0xee, 0xf5, 0xee, 0xf5, 0xee, 0xf5, 0xee, 0xf5, 0xee,
    0xf5, 0xee, 0xf5, 0xee, 0xf5, 0xee, 0xf5, 0xee, 0xf5, 0xee, 0xf5, 0xee, 0x27, 0x2b, 0x27, 0x2b, 0x27, 0x2b, 0x27, 0x2b, 0x27, 0x2b, 0x27, 0x2b,
    0x27, 0x2b, 0x27, 0x2b, 0x27, 0x2b, 0x27, 0x2b, 0x27, 0x2b, 0x27, 0x2b, 0x27, 0x2b, 0x27, 0x2b, 0x27, 0x2b, 0x27, 0x2b, 0x27, 0x2b, 0x27, 0x2b,
    0x27, 0x2b, 0x27, 0x2b, 0x27, 0x2b, 0x27, 0x2b, 0x27, 0x2b, 0x27, 0x2b, 0x03, 0x11, 0x03, 0x11, 0x03, 0x11, 0x03, 0x11, 0x03, 0x11, 0x03, 0x11,
    0x03, 0x11, 0x03, 0x11, 0x03, 0x11, 0x03, 0x11, 0x03, 0x11, 0x03, 0x11, 0x03, 0x11, 0x03, 0x11, 0x03, 0x11, 0x03, 0x11, 0x03, 0x11, 0x03, 0x11,
    0x03, 0x11, 0x03, 0x11, 0x03, 0x11, 0x03, 0x11, 0x03, 0x11, 0x03, 0x11, 0x03, 0x11, 0x03, 0x11, 0x27, 0x2b, 0x27, 0x2b, 0x27, 0x2b, 0x27, 0x2b,
    0x27, 0x2b, 0x27, 0x2b, 0x27, 0x2b, 0x27, 0x2b, 0x27, 0x2b, 0x27, 0x2b, 0xf5, 0xee, 0xf5, 0xee, 0xf5, 0xee, 0xf5, 0xee, 0xf5, 0xee, 0xf5, 0xee,
    0xf5, 0xee, 0xf5, 0xee, 0xf5, 0xee, 0xf5, 0xee, 0xf5, 0xee, 0xf5, 0xee, 0xf5, 0xee, 0xf5, 0xee, 0xf5, 0xee, 0xf5, 0xee, 0xf5, 0xee, 0xf5, 0xee,
    0xf5, 0xee, 0xf5, 0xee, 0x27, 0x2b, 0x27, 0x2b, 0x27, 0x2b, 0x27, 0x2b, 0x27, 0x2b, 0x27, 0x2b, 0x27, 0x2b, 0x27, 0x2b, 0x27, 0x2b, 0x27, 0x2b,
    0x27, 0x2b, 0x27, 0x2b, 0x27, 0x2b, 0x27, 0x2b, 0x27, 0x2b, 0x27, 0x2b, 0x27, 0x2b, 0x27, 0x2b, 0x27, 0x2b, 0x27, 0x2b, 0x27, 0x2b, 0x27, 0x2b,
    0x27, 0x2b, 0x27, 0x2b, 0x03, 0x11, 0x03, 0x11, 0x03, 0x11, 0x03, 0x11, 0x03, 0x11, 0x03, 0x11, 0x03, 0x11, 0x03, 0x11, 0x03, 0x11, 0x03, 0x11,
    0x03, 0x11, 0x03, 0x11, 0x03, 0x11, 0x03, 0x11, 0x03, 0x11, 0x03, 0x11, 0x03, 0x11, 0x03, 0x11, 0x03, 0x11, 0x03, 0x11, 0x03, 0x11, 0x03, 0x11,
    0x03, 0x11, 0x03, 0x11, 0x03, 0x11, 0x03, 0x11, 0x27, 0x2b, 0x27, 0x2b, 0x27, 0x2b, 0x27, 0x2b, 0x27, 0x2b, 0x27, 0x2b, 0x27, 0x2b, 0x27, 0x2b,
    0x27, 0x2b, 0x27, 0x2b, 0xf5, 0xee, 0xf5, 0xee, 0xf5, 0xee, 0xf5, 0xee, 0xf5, 0xee, 0xf5, 0xee, 0xf5, 0xee, 0xf5, 0xee, 0xf5, 0xee, 0xf5, 0xee,
    0xf5, 0xee, 0xf5, 0xee, 0xf5, 0xee, 0xf5, 0xee, 0xf5, 0xee, 0xf5, 0xee, 0xf5, 0xee, 0xf5, 0xee, 0xf5, 0xee, 0xf5, 0xee, 0x27, 0x2b, 0x27, 0x2b,
    0x27, 0x2b, 0x27, 0x2b, 0x27, 0x2b, 0x27, 0x2b, 0x27, 0x2b, 0x27, 0x2b, 0x27, 0x2b, 0x27, 0x2b, 0x27, 0x2b, 0x27, 0x2b, 0x27, 0x2b, 0x27, 0x2b,
    0x27, 0x2b, 0x27, 0x2b, 0x27, 0x2b, 0x27, 0x2b, 0x27, 0x2b, 0x27, 0x2b, 0x27, 0x2b, 0x27, 0x2b, 0x27, 0x2b, 0x27, 0x2b, 0x03, 0x11, 0x03, 0x11,
    0x03, 0x11, 0x03, 0x11, 0x03, 0x11, 0x03, 0x11, 0x03, 0x11, 0x03, 0x11, 0x03, 0x11, 0x03, 0x11, 0x03, 0x11, 0x03, 0x11, 0x03, 0x11, 0x03, 0x11,
    0x03, 0x11, 0x03, 0x11, 0x03, 0x11, 0x03, 0x11, 0x03, 0x11, 0x03, 0x11, 0x03, 0x11, 0x03, 0x11, 0x03, 0x11, 0x03, 0x11, 0x03, 0x11, 0x03, 0x11,
    0x27, 0x2b, 0x27, 0x2b, 0x27, 0x2b, 0x27, 0x2b, 0x27, 0x2b, 0x27, 0x2b, 0x27, 0x2b, 0x27, 0x2b, 0x27, 0x2b, 0x27, 0x2b, 0xf5, 0xee, 0xf5, 0xee,
    0xf5, 0xee, 0xf5, 0xee, 0xf5, 0xee, 0xf5, 0xee, 0xf5, 0xee, 0xf5, 0xee, 0xf5, 0xee, 0xf5, 0xee, 0xf5, 0xee, 0xf5, 0xee, 0xf5, 0xee, 0xf5, 0xee,
    0xf5, 0xee, 0xf5, 0xee, 0xf5, 0xee, 0xf5, 0xee, 0xf5, 0xee, 0xf5, 0xee, 0x27, 0x2b, 0x27, 0x2b, 0x27, 0x2b, 0x27, 0x2b, 0x27, 0x2b, 0x27, 0x2b,
    0x27, 0x2b, 0x27, 0x2b, 0x27, 0x2b, 0x27, 0x2b, 0x27, 0x2b, 0x27, 0x2b, 0x27, 0x2b, 0x27, 0x2b, 0x27, 0x2b, 0x27, 0x2b, 0x27, 0x2b, 0x27, 0x2b,
    0x27, 0x2b, 0x27, 0x2b, 0x27, 0x2b, 0x27, 0x2b, 0x27, 0x2b, 0x27, 0x2b, 0x03, 0x11, 0x03, 0x11, 0x03, 0x11, 0x03, 0x11, 0x03, 0x11, 0x03, 0x11,
    0x03, 0x11, 0x03, 0x11, 0x03, 0x11, 0x03, 0x11, 0x03, 0x11, 0x03, 0x11, 0x03, 0x11, 0x03, 0x11, 0x03, 0x11, 0x03, 0x11, 0x03, 0x11, 0x03, 0x11,
    0x03, 0x11, 0x03, 0x11, 0x03, 0x11, 0x03, 0x11, 0x03, 0x11, 0x03, 0x11, 0x03, 0x11, 0x03, 0x11, 0x03, 0x11, 0x03, 0x11, 0x03, 0x11, 0x03, 0x11,
    0x03, 0x11, 0x03, 0x11, 0x03, 0x11, 0x03, 0x11, 0x03, 0x11, 0x03, 0x11, 0x03, 0x11, 0x03, 0x11, 0x03, 0x11, 0x03, 0x11, 0x03, 0x11, 0x03, 0x11,
    0x03, 0x11, 0x03, 0x11, 0x03, 0x11, 0x03, 0x11, 0x03, 0x11, 0x03, 0x11, 0x03, 0x11, 0x03, 0x11, 0x03, 0x11, 0x03, 0x11, 0x03, 0x11, 0x03, 0x11,
    0x03, 0x11, 0x03, 0x11, 0x03, 0x11, 0x03, 0x11, 0x03, 0x11, 0x03, 0x11, 0x03, 0x11, 0x03, 0x11, 0x03, 0x11, 0x03, 0x11, 0x03, 0x11, 0x03, 0x11,
    0x03, 0x11, 0x03, 0x11, 0x03, 0x11, 0x03, 0x11, 0x03, 0x11, 0x03, 0x11, 0x03, 0x11, 0x03, 0x11, 0x03, 0x11, 0x03, 0x11, 0x03, 0x11, 0x03, 0x11,
    0x03, 0x11, 0x03, 0x11, 0x03, 0x11, 0x03, 0x11, 0x03, 0x11, 0x03, 0x11, 0x03, 0x11, 0x03, 0x11, 0x03, 0x11, 0x03, 0x11, 0x03, 0x11, 0x03, 0x11,
    0x03, 0x11, 0x03, 0x11, 0x03, 0x11, 0x03, 0x11, 0x03, 0x11, 0x03, 0x11, 0x03, 0x11, 0x03, 0x11, 0x03, 0x11, 0x03, 0x11, 0x03, 0x11, 0x03, 0x11,
    0x03, 0x11, 0x03, 0x11, 0x03, 0x11, 0x03, 0x11, 0x03, 0x11, 0x03, 0x11, 0x03, 0x11, 0x03, 0x11, 0x03, 0x11, 0x03, 0x11, 0x03, 0x11, 0x03, 0x11,
    0x03, 0x11, 0x03, 0x11, 0x03, 0x11, 0x03, 0x11, 0x03, 0x11, 0x03, 0x11, 0x03, 0x11, 0x03, 0x11, 0x03, 0x11, 0x03, 0x11, 0x03, 0x11, 0x03, 0x11,
    0x03, 0x11, 0x03, 0x11, 0x03, 0x11, 0x03, 0x11, 0x03, 0x11, 0x03, 0x11, 0x03, 0x11, 0x03, 0x11, 0x03, 0x11, 0x03, 0x11, 0x03, 0x11, 0x03, 0x11,
    0x03, 0x11, 0x03, 0x11, 0x03, 0x11, 0x03, 0x11, 0x03, 0x11, 0x03, 0x11, 0x03, 0x11, 0x03, 0x11, 0x03, 0x11, 0x03, 0x11, 0x03, 0x11, 0x03, 0x11,
    0x03, 0x11, 0x03, 0x11, 0x03, 0x11, 0x03, 0x11, 0x03, 0x11, 0x03, 0x11, 0x03, 0x11, 0x03, 0x11, 0x03, 0x11, 0x03, 0x11, 0x03, 0x11, 0x03, 0x11,
    0x03, 0x11, 0x03, 0x11, 0x03, 0x11, 0x03, 0x11, 0x03, 0x11, 0x03, 0x11, 0x03, 0x11, 0x03, 0x11, 0x03, 0x11, 0x03, 0x11, 0x03, 0x11, 0x03, 0x11,
    0x03, 0x11, 0x03, 0x11, 0x03, 0x11, 0x03, 0x11, 0x03, 0x11, 0x03, 0x11, 0x03, 0x11, 0x03, 0x11, 0x03, 0x11, 0x03, 0x11, 0x03, 0x11, 0x03, 0x11,
    0x03, 0x11, 0x03, 0x11, 0x03, 0x11, 0x03, 0x11, 0x03, 0x11, 0x03, 0x11, 0x03, 0x11, 0x03, 0x11, 0x03, 0x11, 0x03, 0x11, 0x03, 0x11, 0x03, 0x11,
    0x03, 0x11, 0x03, 0x11, 0x03, 0x11, 0x03, 0x11, 0x03, 0x11, 0x03, 0x11, 0x03, 0x11, 0x03, 0x11, 0x03, 0x11, 0x03, 0x11, 0x03, 0x11, 0x03, 0x11,
    0x03, 0x11, 0x03, 0x11, 0x03, 0x11, 0x03, 0x11, 0x03, 0x11, 0x03, 0x11, 0x03, 0x11, 0x03, 0x11, 0x03, 0x11, 0x03, 0x11, 0x03, 0x11, 0x03, 0x11,
    0x03, 0x11, 0x03, 0x11, 0x03, 0x11, 0x03, 0x11, 0x03, 0x11, 0x03, 0x11, 0x03, 0x11, 0x03, 0x11, 0x03, 0x11, 0x03, 0x11, 0x03, 0x11, 0x03, 0x11,
    0x03, 0x11, 0x03, 0x11, 0x03, 0x11, 0x03, 0x11, 0x03, 0x11, 0x03, 0x11, 0x03, 0x11, 0x03, 0x11, 0x03, 0x11, 0x03, 0x11, 0x03, 0x11, 0x03, 0x11,
    0x03, 0x11, 0x03, 0x11, 0x03, 0x11, 0x03, 0x11, 0x03, 0x11, 0x03, 0x11, 0x03, 0x11, 0x03, 0x11, 0x03, 0x11, 0x03, 0x11, 0x03, 0x11, 0x03, 0x11,
    0x03, 0x11, 0x03, 0x11, 0x03, 0x11, 0x03, 0x11, 0x03, 0x11, 0x03, 0x11, 0x03, 0x11, 0x03, 0x11, 0x03, 0x11, 0x03, 0x11, 0x03, 0x11, 0x03, 0x11,
    0x03, 0x11, 0x03, 0x11, 0x03, 0x11, 0x03, 0x11, 0x03, 0x11, 0x03, 0x11, 0x03, 0x11, 0x03, 0x11, 0x03, 0x11, 0x03, 0x11, 0x03, 0x11, 0x03, 0x11,
    0x03, 0x11, 0x03, 0x11, 0x03, 0x11, 0x03, 0x11, 0x03, 0x11, 0x03, 0x11, 0x03, 0x11, 0x03, 0x11, 0x03, 0x11, 0x03, 0x11, 0x03, 0x11, 0x03, 0x11,
    0x03, 0x11, 0x03, 0x11, 0x03, 0x11, 0x03, 0x11, 0x03, 0x11, 0x03, 0x11, 0x03, 0x11, 0x03, 0x11, 0x03, 0x11, 0x03, 0x11, 0x03, 0x11, 0x03, 0x11,
    0x03, 0x11, 0x03, 0x11, 0x03, 0x11, 0x03, 0x11, 0x03, 0x11, 0x03, 0x11, 0x03, 0x11, 0x03, 0x11, 0x03, 0x11, 0x03, 0x11, 0x03, 0x11, 0x03, 0x11,
    0x03, 0x11, 0x03, 0x11, 0x03, 0x11, 0x03, 0x11, 0x03, 0x11, 0x03, 0x11, 0x03, 0x11, 0x03, 0x11, 0x03, 0x11, 0x03, 0x11, 0x03, 0x11, 0x03, 0x11,
    0x03, 0x11, 0x03, 0x11, 0x03, 0x11, 0x03, 0x11, 0x03, 0x11, 0x03, 0x11, 0x03, 0x11, 0x03, 0x11, 0x03, 0x11, 0x03, 0x11, 0x03, 0x11, 0x03, 0x11,
    0x03, 0x11, 0x03, 0x11, 0x03, 0x11, 0x03, 0x11, 0x03, 0x11, 0x03, 0x11, 0x03, 0x11, 0x03, 0x11, 0x03, 0x11, 0x03, 0x11, 0x03, 0x11, 0x03, 0x11,
    0x03, 0x11, 0x03, 0x11, 0x03, 0x11, 0x03, 0x11, 0x03, 0x11, 0x03, 0x11, 0x03, 0x11, 0x03, 0x11, 0x03, 0x11, 0x03, 0x11, 0x03, 0x11, 0x03, 0x11,
    0x03, 0x11, 0x03, 0x11, 0x03, 0x11, 0x03, 0x11, 0x03, 0x11, 0x03, 0x11, 0x03, 0x11, 0x03, 0x11, 0x03, 0x11, 0x03, 0x11, 0x03, 0x11, 0x03, 0x11,
    0x03, 0x11, 0x03, 0x11, 0x03, 0x11, 0x03, 0x11, 0x03, 0x11, 0x03, 0x11, 0x03, 0x11, 0x03, 0x11, 0x03, 0x11, 0x03, 0x11, 0x03, 0x11, 0x03, 0x11,
    0x03, 0x11, 0x03, 0x11, 0x03, 0x11, 0x03, 0x11, 0x03, 0x11, 0x03, 0x11, 0x03, 0x11, 0x03, 0x11, 0x03, 0x11, 0x03, 0x11, 0x03, 0x11, 0x03, 0x11,
    0x03, 0x11, 0x03, 0x11, 0x03, 0x11, 0x03, 0x11, 0x03, 0x11, 0x03, 0x11, 0x03, 0x11, 0x03, 0x11, 0x03, 0x11, 0x03, 0x11, 0x03, 0x11, 0x03, 0x11,
    0x03, 0x11, 0x03, 0x11, 0x03, 0x11, 0x03, 0x11, 0x03, 0x11, 0x03, 0x11, 0x03, 0x11, 0x03, 0x11, 0x03, 0x11, 0x03, 0x11, 0x03, 0x11, 0x03, 0x11,
    0x03, 0x11, 0x03, 0x11, 0x03, 0x11, 0x03, 0x11, 0x03, 0x11, 0x03, 0x11, 0x03, 0x11, 0x03, 0x11, 0x03, 0x11, 0x03, 0x11, 0x03, 0x11, 0x03, 0x11,
    0x03, 0x11, 0x03, 0x11, 0x03, 0x11, 0x03, 0x11, 0x03, 0x11, 0x03, 0x11, 0x03, 0x11, 0x03, 0x11, 0x03, 0x11, 0x03, 0x11, 0x03, 0x11, 0x03, 0x11,
    0x03, 0x11, 0x03, 0x11, 0x03, 0x11, 0x03, 0x11, 0x03, 0x11, 0x03, 0x11, 0x03, 0x11, 0x03, 0x11, 0x03, 0x11, 0x03, 0x11, 0x03, 0x11, 0x03, 0x11,
    0x03, 0x11, 0x03, 0x11, 0x03, 0x11, 0x03, 0x11, 0x03, 0x11, 0x03, 0x11, 0x03, 0x11, 0x03, 0x11, 0x03, 0x11, 0x03, 0x11, 0x03, 0x11, 0x03, 0x11,
    0x03, 0x11, 0x03, 0x11, 0x03, 0x11, 0x03, 0x11, 0x03, 0x11, 0x03, 0x11, 0x03, 0x11, 0x03, 0x11, 0x03, 0x11, 0x03, 0x11, 0x03, 0x11, 0x03, 0x11,
    0x03, 0x11, 0x03, 0x11, 0x03, 0x11, 0x03, 0x11, 0x03, 0x11, 0x03, 0x11, 0x03, 0x11, 0x03, 0x11, 0x03, 0x11, 0x03, 0x11, 0x03, 0x11, 0x03, 0x11,
    0x03, 0x11, 0x03, 0x11, 0x03, 0x11, 0x03, 0x11, 0x03, 0x11, 0x03, 0x11, 0x03, 0x11, 0x03, 0x11, 0x03, 0x11, 0x03, 0x11, 0x03, 0x11, 0x03, 0x11,
    0x03, 0x11, 0x03, 0x11, 0x03, 0x11, 0x03, 0x11, 0x03, 0x11, 0x03, 0x11, 0x03, 0x11, 0x03, 0x11, 0x03, 0x11, 0x03, 0x11, 0x03, 0x11, 0x03, 0x11,
    0x03, 0x11, 0x03, 0x11, 0x03, 0x11, 0x03, 0x11, 0x03, 0x11, 0x03, 0x11, 0x03, 0x11, 0x03, 0x11, 0x03, 0x11, 0x03, 0x11, 0x03, 0x11, 0x03, 0x11,
    0x03, 0x11, 0x03, 0x11, 0x03, 0x11, 0x03, 0x11, 0x03, 0x11, 0x03, 0x11, 0x03, 0x11, 0x03, 0x11, 0x03, 0x11, 0x03, 0x11, 0x03, 0x11, 0x03, 0x11,
    0x03, 0x11, 0x03, 0x11, 0x03, 0x11, 0x03, 0x11, 0x03, 0x11, 0x03, 0x11, 0x03, 0x11, 0x03, 0x11, 0x03, 0x11, 0x03, 0x11, 0x03, 0x11, 0x03, 0x11,
    0x03, 0x11, 0x03, 0x11, 0x03, 0x11, 0x03, 0x11, 0x03, 0x11, 0x03, 0x11, 0x03, 0x11, 0x03, 0x11, 0x03, 0x11, 0x03, 0x11, 0x03, 0x11, 0x03, 0x11,
    0x03, 0x11, 0x03, 0x11, 0x03, 0x11, 0x03, 0x11, 0x03, 0x11, 0x03, 0x11, 0x03, 0x11, 0x03, 0x11, 0x03, 0x11, 0x03, 0x11, 0x03, 0x11, 0x03, 0x11,
    0x03, 0x11, 0x03, 0x11, 0x03, 0x11, 0x03, 0x11, 0x03, 0x11, 0x03, 0x11, 0x03, 0x11, 0x03, 0x11, 0x03, 0x11, 0x03, 0x11, 0x03, 0x11, 0x03, 0x11,
    0x03, 0x11, 0x03, 0x11, 0x03, 0x11, 0x03, 0x11, 0x03, 0x11, 0x03, 0x11, 0x03, 0x11, 0x03, 0x11, 0x03, 0x11, 0x03, 0x11, 0x03, 0x11, 0x03, 0x11,
    0x03, 0x11, 0x03, 0x11, 0x03, 0x11, 0x03, 0x11, 0x03, 0x11, 0x03, 0x11, 0x03, 0x11, 0x03, 0x11, 0x03, 0x11, 0x03, 0x11, 0x03, 0x11, 0x03, 0x11,
    0x03, 0x11, 0x03, 0x11, 0x03, 0x11, 0x03, 0x11, 0x03, 0x11, 0x03, 0x11, 0x03, 0x11, 0x03, 0x11, 0x03, 0x11, 0x03, 0x11, 0x03, 0x11, 0x03, 0x11,
    0x03, 0x11, 0x03, 0x11, 0x03, 0x11, 0x03, 0x11, 0x03, 0x11, 0x03, 0x11, 0x03, 0x11, 0x03, 0x11, 0x03, 0x11, 0x03, 0x11, 0x03, 0x11, 0x03, 0x11,
    0x03, 0x11, 0x03, 0x11, 0x03, 0x11, 0x03, 0x11, 0x03, 0x11, 0x03, 0x11, 0x03, 0x11, 0x03, 0x11, 0x03, 0x11, 0x03, 0x11, 0x03, 0x11, 0x03, 0x11,
    0x03, 0x11, 0x03, 0x11, 0x03, 0x11, 0x03, 0x11, 0x03, 0x11, 0x03, 0x11, 0x03, 0x11, 0x03, 0x11, 0x03, 0x11, 0x03, 0x11, 0x03, 0x11, 0x03, 0x11,
    0x03, 0x11, 0x03, 0x11, 0x03, 0x11, 0x03, 0x11, 0x03, 0x11, 0x03, 0x11, 0x03, 0x11, 0x03, 0x11, 0x03, 0x11, 0x03, 0x11, 0x03, 0x11, 0x03, 0x11,
    0x03, 0x11, 0x03, 0x11, 0x03, 0x11, 0x03, 0x11, 0x03, 0x11, 0x03, 0x11, 0x03, 0x11, 0x03, 0x11, 0x03, 0x11, 0x03, 0x11, 0x03, 0x11, 0x03, 0x11,
    0x03, 0x11, 0x03, 0x11, 0x03, 0x11, 0x03, 0x11, 0x03, 0x11, 0x03, 0x11, 0x03, 0x11, 0x03, 0x11, 0x03, 0x11, 0x03, 0x11, 0x03, 0x11, 0x03, 0x11,
    0x03, 0x11, 0x03, 0x11, 0x03, 0x11, 0x03, 0x11, 0x03, 0x11, 0x03, 0x11, 0x03, 0x11, 0x03, 0x11, 0x03, 0x11, 0x03, 0x11, 0x03, 0x11, 0x03, 0x11,
    0x03, 0x11, 0x03, 0x11, 0x03, 0x11, 0x03, 0x11, 0x03, 0x11, 0x03, 0x11, 0x03, 0x11, 0x03, 0x11, 0x03, 0x11, 0x03, 0x11, 0x03, 0x11, 0x03, 0x11,
    0x03, 0x11, 0x03, 0x11, 0x03, 0x11, 0x03, 0x11, 0x03, 0x11, 0x03, 0x11, 0x03, 0x11, 0x03, 0x11, 0x03, 0x11, 0x03, 0x11, 0x03, 0x11, 0x03, 0x11,
    0x03, 0x11, 0x03, 0x11, 0x03, 0x11, 0x03, 0x11, 0x03, 0x11, 0x03, 0x11, 0x03, 0x11, 0x03, 0x11, 0x03, 0x11, 0x03, 0x11, 0x03, 0x11, 0x03, 0x11,
    0x03, 0x11, 0x03, 0x11, 0x03, 0x11, 0x03, 0x11, 0x03, 0x11, 0x03, 0x11, 0x03, 0x11, 0x03, 0x11, 0x03, 0x11, 0x03, 0x11, 0x03, 0x11, 0x03, 0x11,
    0x03, 0x11, 0x03, 0x11, 0x03, 0x11, 0x03, 0x11, 0x03, 0x11, 0x03, 0x11, 0x03, 0x11, 0x03, 0x11, 0x03, 0x11, 0x03, 0x11, 0x03, 0x11, 0x03, 0x11,
    0x03, 0x11, 0x03, 0x11, 0x03, 0x11, 0x03, 0x11, 0x03, 0x11, 0x03, 0x11, 0x03, 0x11, 0x03, 0x11, 0x03, 0x11, 0x03, 0x11, 0x03, 0x11, 0x03, 0x11,
    0x03, 0x11, 0x03, 0x11, 0x03, 0x11, 0x03, 0x11, 0x03, 0x11, 0x03, 0x11, 0x03, 0x11, 0x03, 0x11, 0x03, 0x11, 0x03, 0x11, 0x03, 0x11, 0x03, 0x11,
    0x03, 0x11, 0x03, 0x11, 0x03, 0x11, 0x03, 0x11, 0x03, 0x11, 0x03, 0x11, 0x03, 0x11, 0x03, 0x11, 0x03, 0x11, 0x03, 0x11, 0x03, 0x11, 0x03, 0x11,
    0x03, 0x11, 0x03, 0x11, 0x03, 0x11, 0x03, 0x11,
};
const lv_img_dsc_t pet_sleep_3 = {
    .header.cf = LV_IMG_CF_TRUE_COLOR,
    .header.always_zero = 0,
    .header.reserved = 0,
    .header.w = 80,
    .header.h = 80,
    .data_size = 12800,
    .data = pet_sleep_3_map,
};
