ISO-10303-21;
HEADER;
/* Generated by software containing ST-Developer
 * from STEP Tools, Inc. (www.steptools.com) 
 */

FILE_DESCRIPTION(
/* description */ (''),
/* implementation_level */ '2;1');

FILE_NAME(
/* name */ '',
/* time_stamp */ '2026-09-02T11:12:51+08:00',
/* author */ (''),
/* organization */ (''),
/* preprocessor_version */ 'ST-DEVELOPER v20.1',
/* originating_system */ 'Autodesk Translation Framework v15.8.0.0',
/* authorisation */ '');

FILE_SCHEMA (('AUTOMOTIVE_DESIGN { 1 0 10303 214 3 1 1 }'));
ENDSEC;

DATA;
#10=MECHANICAL_DESIGN_GEOMETRIC_PRESENTATION_REPRESENTATION('',(#13),#4489);
#11=SHAPE_REPRESENTATION_RELATIONSHIP('SRR','None',#4495,#12);
#12=ADVANCED_BREP_SHAPE_REPRESENTATION('',(#14),#4488);
#13=STYLED_ITEM('',(#4504),#14);
#14=MANIFOLD_SOLID_BREP('\X2\4E0B58F3\X0\',#2747);
#15=ELLIPSE('',#2908,2.51377069890879,2.5);
#16=ELLIPSE('',#2912,2.51377069890879,2.5);
#17=ELLIPSE('',#2916,2.51377069890879,2.5);
#18=ELLIPSE('',#2920,2.51377069890879,2.5);
#19=ELLIPSE('',#2926,2.51377069890879,2.5);
#20=ELLIPSE('',#2930,2.51377069890879,2.5);
#21=ELLIPSE('',#2934,2.51377069890879,2.5);
#22=ELLIPSE('',#2938,2.51377069890879,2.5);
#23=ELLIPSE('',#2949,3.01652483869055,3.);
#24=ELLIPSE('',#2951,3.01652483869055,3.);
#25=ELLIPSE('',#2953,3.01652483869055,3.);
#26=ELLIPSE('',#2956,3.01652483869055,3.);
#27=CYLINDRICAL_SURFACE('',#2763,1.6);
#28=CYLINDRICAL_SURFACE('',#2767,1.59999999999997);
#29=CYLINDRICAL_SURFACE('',#2771,1.59999999999997);
#30=CYLINDRICAL_SURFACE('',#2775,1.59999999999997);
#31=CYLINDRICAL_SURFACE('',#2781,1.6);
#32=CYLINDRICAL_SURFACE('',#2785,1.6);
#33=CYLINDRICAL_SURFACE('',#2789,1.59999999999997);
#34=CYLINDRICAL_SURFACE('',#2793,1.59999999999997);
#35=CYLINDRICAL_SURFACE('',#2822,1.49999999999999);
#36=CYLINDRICAL_SURFACE('',#2826,1.49999999999999);
#37=CYLINDRICAL_SURFACE('',#2830,1.50000000000006);
#38=CYLINDRICAL_SURFACE('',#2833,1.49999999999999);
#39=CYLINDRICAL_SURFACE('',#2862,1.5);
#40=CYLINDRICAL_SURFACE('',#2866,1.5);
#41=CYLINDRICAL_SURFACE('',#2871,1.5);
#42=CYLINDRICAL_SURFACE('',#2874,1.5);
#43=CYLINDRICAL_SURFACE('',#2882,1.35000000000005);
#44=CYLINDRICAL_SURFACE('',#2885,1.34999999999998);
#45=CYLINDRICAL_SURFACE('',#2888,1.35000000000005);
#46=CYLINDRICAL_SURFACE('',#2891,1.34999999999998);
#47=CYLINDRICAL_SURFACE('',#2894,1.34999999999998);
#48=CYLINDRICAL_SURFACE('',#2897,1.34999999999998);
#49=CYLINDRICAL_SURFACE('',#2900,1.34999999999998);
#50=CYLINDRICAL_SURFACE('',#2903,1.34999999999998);
#51=CYLINDRICAL_SURFACE('',#2906,2.5);
#52=CYLINDRICAL_SURFACE('',#2910,2.5);
#53=CYLINDRICAL_SURFACE('',#2914,2.5);
#54=CYLINDRICAL_SURFACE('',#2918,2.5);
#55=CYLINDRICAL_SURFACE('',#2925,2.5);
#56=CYLINDRICAL_SURFACE('',#2929,2.5);
#57=CYLINDRICAL_SURFACE('',#2933,2.5);
#58=CYLINDRICAL_SURFACE('',#2937,2.5);
#59=CYLINDRICAL_SURFACE('',#2948,3.);
#60=CYLINDRICAL_SURFACE('',#2950,3.);
#61=CYLINDRICAL_SURFACE('',#2952,3.);
#62=CYLINDRICAL_SURFACE('',#2955,3.);
#63=FACE_BOUND('',#290,.T.);
#64=FACE_BOUND('',#291,.T.);
#65=FACE_BOUND('',#353,.T.);
#66=FACE_BOUND('',#354,.T.);
#67=FACE_BOUND('',#402,.T.);
#68=FACE_BOUND('',#405,.T.);
#69=FACE_BOUND('',#408,.T.);
#70=FACE_BOUND('',#411,.T.);
#71=FACE_BOUND('',#413,.T.);
#72=FACE_BOUND('',#414,.T.);
#73=FACE_BOUND('',#415,.T.);
#74=FACE_BOUND('',#416,.T.);
#75=FACE_BOUND('',#419,.T.);
#76=FACE_BOUND('',#422,.T.);
#77=FACE_BOUND('',#425,.T.);
#78=FACE_BOUND('',#428,.T.);
#79=FACE_BOUND('',#431,.T.);
#80=FACE_BOUND('',#432,.T.);
#81=FACE_BOUND('',#433,.T.);
#82=FACE_BOUND('',#434,.T.);
#83=FACE_BOUND('',#444,.T.);
#84=FACE_BOUND('',#447,.T.);
#85=FACE_BOUND('',#448,.T.);
#86=FACE_BOUND('',#449,.T.);
#87=FACE_BOUND('',#450,.T.);
#88=CIRCLE('',#2752,1.49999999999999);
#89=CIRCLE('',#2753,1.50000000000006);
#90=CIRCLE('',#2764,1.6);
#91=CIRCLE('',#2765,1.6);
#92=CIRCLE('',#2768,1.59999999999997);
#93=CIRCLE('',#2769,1.59999999999997);
#94=CIRCLE('',#2772,1.59999999999997);
#95=CIRCLE('',#2773,1.59999999999997);
#96=CIRCLE('',#2776,1.59999999999997);
#97=CIRCLE('',#2777,1.59999999999997);
#98=CIRCLE('',#2782,1.6);
#99=CIRCLE('',#2783,1.6);
#100=CIRCLE('',#2786,1.6);
#101=CIRCLE('',#2787,1.6);
#102=CIRCLE('',#2790,1.59999999999997);
#103=CIRCLE('',#2791,1.59999999999997);
#104=CIRCLE('',#2794,1.59999999999997);
#105=CIRCLE('',#2795,1.59999999999997);
#106=CIRCLE('',#2823,1.49999999999999);
#107=CIRCLE('',#2824,1.49999999999999);
#108=CIRCLE('',#2827,1.49999999999999);
#109=CIRCLE('',#2828,1.49999999999999);
#110=CIRCLE('',#2831,1.50000000000006);
#111=CIRCLE('',#2834,1.49999999999999);
#112=CIRCLE('',#2863,1.5);
#113=CIRCLE('',#2864,1.5);
#114=CIRCLE('',#2867,1.5);
#115=CIRCLE('',#2868,1.5);
#116=CIRCLE('',#2872,1.5);
#117=CIRCLE('',#2873,1.5);
#118=CIRCLE('',#2875,1.5);
#119=CIRCLE('',#2876,1.5);
#120=CIRCLE('',#2883,1.35000000000005);
#121=CIRCLE('',#2884,1.35000000000005);
#122=CIRCLE('',#2886,1.34999999999998);
#123=CIRCLE('',#2887,1.34999999999998);
#124=CIRCLE('',#2889,1.35000000000005);
#125=CIRCLE('',#2890,1.35000000000005);
#126=CIRCLE('',#2892,1.34999999999998);
#127=CIRCLE('',#2893,1.34999999999998);
#128=CIRCLE('',#2895,1.34999999999998);
#129=CIRCLE('',#2896,1.34999999999998);
#130=CIRCLE('',#2898,1.34999999999998);
#131=CIRCLE('',#2899,1.34999999999998);
#132=CIRCLE('',#2901,1.34999999999998);
#133=CIRCLE('',#2902,1.34999999999998);
#134=CIRCLE('',#2904,1.34999999999998);
#135=CIRCLE('',#2905,1.34999999999998);
#136=CIRCLE('',#2907,2.5);
#137=CIRCLE('',#2911,2.5);
#138=CIRCLE('',#2915,2.5);
#139=CIRCLE('',#2919,2.5);
#140=CIRCLE('',#2923,3.);
#141=CIRCLE('',#2924,3.);
#142=CIRCLE('',#2927,2.5);
#143=CIRCLE('',#2931,2.5);
#144=CIRCLE('',#2935,2.5);
#145=CIRCLE('',#2939,2.5);
#146=CIRCLE('',#2943,3.00000000000004);
#147=CIRCLE('',#2944,2.9999999999999);
#148=FACE_OUTER_BOUND('',#287,.T.);
#149=FACE_OUTER_BOUND('',#288,.T.);
#150=FACE_OUTER_BOUND('',#289,.T.);
#151=FACE_OUTER_BOUND('',#292,.T.);
#152=FACE_OUTER_BOUND('',#293,.T.);
#153=FACE_OUTER_BOUND('',#294,.T.);
#154=FACE_OUTER_BOUND('',#295,.T.);
#155=FACE_OUTER_BOUND('',#296,.T.);
#156=FACE_OUTER_BOUND('',#297,.T.);
#157=FACE_OUTER_BOUND('',#298,.T.);
#158=FACE_OUTER_BOUND('',#299,.T.);
#159=FACE_OUTER_BOUND('',#300,.T.);
#160=FACE_OUTER_BOUND('',#301,.T.);
#161=FACE_OUTER_BOUND('',#302,.T.);
#162=FACE_OUTER_BOUND('',#303,.T.);
#163=FACE_OUTER_BOUND('',#304,.T.);
#164=FACE_OUTER_BOUND('',#305,.T.);
#165=FACE_OUTER_BOUND('',#306,.T.);
#166=FACE_OUTER_BOUND('',#307,.T.);
#167=FACE_OUTER_BOUND('',#308,.T.);
#168=FACE_OUTER_BOUND('',#309,.T.);
#169=FACE_OUTER_BOUND('',#310,.T.);
#170=FACE_OUTER_BOUND('',#311,.T.);
#171=FACE_OUTER_BOUND('',#312,.T.);
#172=FACE_OUTER_BOUND('',#313,.T.);
#173=FACE_OUTER_BOUND('',#314,.T.);
#174=FACE_OUTER_BOUND('',#315,.T.);
#175=FACE_OUTER_BOUND('',#316,.T.);
#176=FACE_OUTER_BOUND('',#317,.T.);
#177=FACE_OUTER_BOUND('',#318,.T.);
#178=FACE_OUTER_BOUND('',#319,.T.);
#179=FACE_OUTER_BOUND('',#320,.T.);
#180=FACE_OUTER_BOUND('',#321,.T.);
#181=FACE_OUTER_BOUND('',#322,.T.);
#182=FACE_OUTER_BOUND('',#323,.T.);
#183=FACE_OUTER_BOUND('',#324,.T.);
#184=FACE_OUTER_BOUND('',#325,.T.);
#185=FACE_OUTER_BOUND('',#326,.T.);
#186=FACE_OUTER_BOUND('',#327,.T.);
#187=FACE_OUTER_BOUND('',#328,.T.);
#188=FACE_OUTER_BOUND('',#329,.T.);
#189=FACE_OUTER_BOUND('',#330,.T.);
#190=FACE_OUTER_BOUND('',#331,.T.);
#191=FACE_OUTER_BOUND('',#332,.T.);
#192=FACE_OUTER_BOUND('',#333,.T.);
#193=FACE_OUTER_BOUND('',#334,.T.);
#194=FACE_OUTER_BOUND('',#335,.T.);
#195=FACE_OUTER_BOUND('',#336,.T.);
#196=FACE_OUTER_BOUND('',#337,.T.);
#197=FACE_OUTER_BOUND('',#338,.T.);
#198=FACE_OUTER_BOUND('',#339,.T.);
#199=FACE_OUTER_BOUND('',#340,.T.);
#200=FACE_OUTER_BOUND('',#341,.T.);
#201=FACE_OUTER_BOUND('',#342,.T.);
#202=FACE_OUTER_BOUND('',#343,.T.);
#203=FACE_OUTER_BOUND('',#344,.T.);
#204=FACE_OUTER_BOUND('',#345,.T.);
#205=FACE_OUTER_BOUND('',#346,.T.);
#206=FACE_OUTER_BOUND('',#347,.T.);
#207=FACE_OUTER_BOUND('',#348,.T.);
#208=FACE_OUTER_BOUND('',#349,.T.);
#209=FACE_OUTER_BOUND('',#350,.T.);
#210=FACE_OUTER_BOUND('',#351,.T.);
#211=FACE_OUTER_BOUND('',#352,.T.);
#212=FACE_OUTER_BOUND('',#355,.T.);
#213=FACE_OUTER_BOUND('',#356,.T.);
#214=FACE_OUTER_BOUND('',#357,.T.);
#215=FACE_OUTER_BOUND('',#358,.T.);
#216=FACE_OUTER_BOUND('',#359,.T.);
#217=FACE_OUTER_BOUND('',#360,.T.);
#218=FACE_OUTER_BOUND('',#361,.T.);
#219=FACE_OUTER_BOUND('',#362,.T.);
#220=FACE_OUTER_BOUND('',#363,.T.);
#221=FACE_OUTER_BOUND('',#364,.T.);
#222=FACE_OUTER_BOUND('',#365,.T.);
#223=FACE_OUTER_BOUND('',#366,.T.);
#224=FACE_OUTER_BOUND('',#367,.T.);
#225=FACE_OUTER_BOUND('',#368,.T.);
#226=FACE_OUTER_BOUND('',#369,.T.);
#227=FACE_OUTER_BOUND('',#370,.T.);
#228=FACE_OUTER_BOUND('',#371,.T.);
#229=FACE_OUTER_BOUND('',#372,.T.);
#230=FACE_OUTER_BOUND('',#373,.T.);
#231=FACE_OUTER_BOUND('',#374,.T.);
#232=FACE_OUTER_BOUND('',#375,.T.);
#233=FACE_OUTER_BOUND('',#376,.T.);
#234=FACE_OUTER_BOUND('',#377,.T.);
#235=FACE_OUTER_BOUND('',#378,.T.);
#236=FACE_OUTER_BOUND('',#379,.T.);
#237=FACE_OUTER_BOUND('',#380,.T.);
#238=FACE_OUTER_BOUND('',#381,.T.);
#239=FACE_OUTER_BOUND('',#382,.T.);
#240=FACE_OUTER_BOUND('',#383,.T.);
#241=FACE_OUTER_BOUND('',#384,.T.);
#242=FACE_OUTER_BOUND('',#385,.T.);
#243=FACE_OUTER_BOUND('',#386,.T.);
#244=FACE_OUTER_BOUND('',#387,.T.);
#245=FACE_OUTER_BOUND('',#388,.T.);
#246=FACE_OUTER_BOUND('',#389,.T.);
#247=FACE_OUTER_BOUND('',#390,.T.);
#248=FACE_OUTER_BOUND('',#391,.T.);
#249=FACE_OUTER_BOUND('',#392,.T.);
#250=FACE_OUTER_BOUND('',#393,.T.);
#251=FACE_OUTER_BOUND('',#394,.T.);
#252=FACE_OUTER_BOUND('',#395,.T.);
#253=FACE_OUTER_BOUND('',#396,.T.);
#254=FACE_OUTER_BOUND('',#397,.T.);
#255=FACE_OUTER_BOUND('',#398,.T.);
#256=FACE_OUTER_BOUND('',#399,.T.);
#257=FACE_OUTER_BOUND('',#400,.T.);
#258=FACE_OUTER_BOUND('',#401,.T.);
#259=FACE_OUTER_BOUND('',#403,.T.);
#260=FACE_OUTER_BOUND('',#404,.T.);
#261=FACE_OUTER_BOUND('',#406,.T.);
#262=FACE_OUTER_BOUND('',#407,.T.);
#263=FACE_OUTER_BOUND('',#409,.T.);
#264=FACE_OUTER_BOUND('',#410,.T.);
#265=FACE_OUTER_BOUND('',#412,.T.);
#266=FACE_OUTER_BOUND('',#417,.T.);
#267=FACE_OUTER_BOUND('',#418,.T.);
#268=FACE_OUTER_BOUND('',#420,.T.);
#269=FACE_OUTER_BOUND('',#421,.T.);
#270=FACE_OUTER_BOUND('',#423,.T.);
#271=FACE_OUTER_BOUND('',#424,.T.);
#272=FACE_OUTER_BOUND('',#426,.T.);
#273=FACE_OUTER_BOUND('',#427,.T.);
#274=FACE_OUTER_BOUND('',#429,.T.);
#275=FACE_OUTER_BOUND('',#430,.T.);
#276=FACE_OUTER_BOUND('',#435,.T.);
#277=FACE_OUTER_BOUND('',#436,.T.);
#278=FACE_OUTER_BOUND('',#437,.T.);
#279=FACE_OUTER_BOUND('',#438,.T.);
#280=FACE_OUTER_BOUND('',#439,.T.);
#281=FACE_OUTER_BOUND('',#440,.T.);
#282=FACE_OUTER_BOUND('',#441,.T.);
#283=FACE_OUTER_BOUND('',#442,.T.);
#284=FACE_OUTER_BOUND('',#443,.T.);
#285=FACE_OUTER_BOUND('',#445,.T.);
#286=FACE_OUTER_BOUND('',#446,.T.);
#287=EDGE_LOOP('',(#1729,#1730,#1731,#1732,#1733,#1734,#1735,#1736,#1737,
#1738));
#288=EDGE_LOOP('',(#1739,#1740,#1741,#1742,#1743,#1744,#1745,#1746,#1747,
#1748));
#289=EDGE_LOOP('',(#1749,#1750,#1751,#1752,#1753,#1754,#1755,#1756));
#290=EDGE_LOOP('',(#1757));
#291=EDGE_LOOP('',(#1758));
#292=EDGE_LOOP('',(#1759,#1760,#1761,#1762));
#293=EDGE_LOOP('',(#1763,#1764,#1765,#1766,#1767,#1768,#1769,#1770));
#294=EDGE_LOOP('',(#1771,#1772,#1773,#1774,#1775,#1776,#1777,#1778,#1779,
#1780));
#295=EDGE_LOOP('',(#1781,#1782,#1783,#1784));
#296=EDGE_LOOP('',(#1785,#1786,#1787,#1788));
#297=EDGE_LOOP('',(#1789,#1790,#1791,#1792));
#298=EDGE_LOOP('',(#1793,#1794,#1795,#1796));
#299=EDGE_LOOP('',(#1797,#1798,#1799,#1800,#1801,#1802,#1803,#1804,#1805,
#1806));
#300=EDGE_LOOP('',(#1807,#1808,#1809,#1810));
#301=EDGE_LOOP('',(#1811,#1812,#1813,#1814));
#302=EDGE_LOOP('',(#1815,#1816,#1817,#1818));
#303=EDGE_LOOP('',(#1819,#1820,#1821,#1822));
#304=EDGE_LOOP('',(#1823,#1824,#1825,#1826));
#305=EDGE_LOOP('',(#1827,#1828,#1829,#1830));
#306=EDGE_LOOP('',(#1831,#1832,#1833,#1834));
#307=EDGE_LOOP('',(#1835,#1836,#1837,#1838));
#308=EDGE_LOOP('',(#1839,#1840,#1841,#1842));
#309=EDGE_LOOP('',(#1843,#1844,#1845,#1846));
#310=EDGE_LOOP('',(#1847,#1848,#1849,#1850));
#311=EDGE_LOOP('',(#1851,#1852,#1853,#1854));
#312=EDGE_LOOP('',(#1855,#1856,#1857,#1858));
#313=EDGE_LOOP('',(#1859,#1860,#1861,#1862));
#314=EDGE_LOOP('',(#1863,#1864,#1865,#1866));
#315=EDGE_LOOP('',(#1867,#1868,#1869,#1870));
#316=EDGE_LOOP('',(#1871,#1872,#1873,#1874));
#317=EDGE_LOOP('',(#1875,#1876,#1877,#1878));
#318=EDGE_LOOP('',(#1879,#1880,#1881,#1882));
#319=EDGE_LOOP('',(#1883,#1884,#1885,#1886));
#320=EDGE_LOOP('',(#1887,#1888,#1889,#1890,#1891));
#321=EDGE_LOOP('',(#1892,#1893,#1894,#1895,#1896));
#322=EDGE_LOOP('',(#1897,#1898,#1899,#1900));
#323=EDGE_LOOP('',(#1901,#1902,#1903,#1904));
#324=EDGE_LOOP('',(#1905,#1906,#1907,#1908));
#325=EDGE_LOOP('',(#1909,#1910,#1911,#1912,#1913,#1914,#1915,#1916));
#326=EDGE_LOOP('',(#1917,#1918,#1919,#1920));
#327=EDGE_LOOP('',(#1921,#1922,#1923,#1924));
#328=EDGE_LOOP('',(#1925,#1926,#1927,#1928));
#329=EDGE_LOOP('',(#1929,#1930,#1931,#1932));
#330=EDGE_LOOP('',(#1933,#1934,#1935,#1936));
#331=EDGE_LOOP('',(#1937,#1938,#1939,#1940));
#332=EDGE_LOOP('',(#1941,#1942,#1943,#1944,#1945,#1946,#1947,#1948,#1949,
#1950,#1951,#1952,#1953,#1954,#1955,#1956,#1957,#1958,#1959,#1960));
#333=EDGE_LOOP('',(#1961,#1962,#1963,#1964));
#334=EDGE_LOOP('',(#1965,#1966,#1967,#1968));
#335=EDGE_LOOP('',(#1969,#1970,#1971,#1972));
#336=EDGE_LOOP('',(#1973,#1974,#1975,#1976));
#337=EDGE_LOOP('',(#1977,#1978,#1979,#1980));
#338=EDGE_LOOP('',(#1981,#1982,#1983,#1984));
#339=EDGE_LOOP('',(#1985,#1986,#1987,#1988));
#340=EDGE_LOOP('',(#1989,#1990,#1991,#1992));
#341=EDGE_LOOP('',(#1993,#1994,#1995,#1996));
#342=EDGE_LOOP('',(#1997,#1998,#1999,#2000,#2001,#2002,#2003,#2004));
#343=EDGE_LOOP('',(#2005,#2006,#2007,#2008,#2009,#2010,#2011,#2012));
#344=EDGE_LOOP('',(#2013,#2014,#2015,#2016));
#345=EDGE_LOOP('',(#2017));
#346=EDGE_LOOP('',(#2018,#2019,#2020,#2021));
#347=EDGE_LOOP('',(#2022));
#348=EDGE_LOOP('',(#2023,#2024,#2025,#2026));
#349=EDGE_LOOP('',(#2027));
#350=EDGE_LOOP('',(#2028,#2029,#2030,#2031));
#351=EDGE_LOOP('',(#2032));
#352=EDGE_LOOP('',(#2033,#2034,#2035,#2036,#2037,#2038,#2039,#2040));
#353=EDGE_LOOP('',(#2041));
#354=EDGE_LOOP('',(#2042));
#355=EDGE_LOOP('',(#2043,#2044,#2045,#2046));
#356=EDGE_LOOP('',(#2047,#2048,#2049,#2050));
#357=EDGE_LOOP('',(#2051,#2052,#2053,#2054));
#358=EDGE_LOOP('',(#2055,#2056,#2057,#2058));
#359=EDGE_LOOP('',(#2059,#2060,#2061,#2062));
#360=EDGE_LOOP('',(#2063,#2064,#2065,#2066));
#361=EDGE_LOOP('',(#2067,#2068,#2069,#2070));
#362=EDGE_LOOP('',(#2071,#2072,#2073,#2074));
#363=EDGE_LOOP('',(#2075,#2076,#2077,#2078));
#364=EDGE_LOOP('',(#2079,#2080,#2081,#2082,#2083,#2084,#2085,#2086,#2087,
#2088,#2089,#2090,#2091,#2092,#2093,#2094,#2095,#2096,#2097,#2098));
#365=EDGE_LOOP('',(#2099,#2100,#2101,#2102));
#366=EDGE_LOOP('',(#2103,#2104,#2105,#2106));
#367=EDGE_LOOP('',(#2107,#2108,#2109,#2110));
#368=EDGE_LOOP('',(#2111,#2112,#2113,#2114));
#369=EDGE_LOOP('',(#2115,#2116,#2117,#2118));
#370=EDGE_LOOP('',(#2119,#2120,#2121,#2122));
#371=EDGE_LOOP('',(#2123,#2124,#2125,#2126));
#372=EDGE_LOOP('',(#2127,#2128,#2129,#2130));
#373=EDGE_LOOP('',(#2131,#2132,#2133,#2134));
#374=EDGE_LOOP('',(#2135,#2136,#2137,#2138));
#375=EDGE_LOOP('',(#2139,#2140,#2141,#2142));
#376=EDGE_LOOP('',(#2143,#2144,#2145,#2146));
#377=EDGE_LOOP('',(#2147,#2148,#2149,#2150,#2151,#2152,#2153,#2154,#2155,
#2156,#2157,#2158));
#378=EDGE_LOOP('',(#2159,#2160,#2161,#2162));
#379=EDGE_LOOP('',(#2163,#2164,#2165,#2166,#2167,#2168,#2169,#2170,#2171,
#2172,#2173,#2174,#2175,#2176,#2177,#2178,#2179,#2180,#2181,#2182,#2183,
#2184));
#380=EDGE_LOOP('',(#2185,#2186,#2187,#2188));
#381=EDGE_LOOP('',(#2189,#2190,#2191,#2192));
#382=EDGE_LOOP('',(#2193,#2194,#2195,#2196));
#383=EDGE_LOOP('',(#2197,#2198,#2199,#2200));
#384=EDGE_LOOP('',(#2201,#2202,#2203,#2204));
#385=EDGE_LOOP('',(#2205,#2206,#2207,#2208));
#386=EDGE_LOOP('',(#2209,#2210,#2211,#2212));
#387=EDGE_LOOP('',(#2213,#2214,#2215,#2216,#2217,#2218,#2219,#2220,#2221,
#2222,#2223,#2224));
#388=EDGE_LOOP('',(#2225,#2226,#2227,#2228,#2229,#2230,#2231,#2232));
#389=EDGE_LOOP('',(#2233,#2234,#2235,#2236));
#390=EDGE_LOOP('',(#2237,#2238,#2239,#2240));
#391=EDGE_LOOP('',(#2241,#2242,#2243,#2244));
#392=EDGE_LOOP('',(#2245,#2246,#2247,#2248));
#393=EDGE_LOOP('',(#2249,#2250,#2251,#2252));
#394=EDGE_LOOP('',(#2253,#2254,#2255,#2256));
#395=EDGE_LOOP('',(#2257,#2258,#2259,#2260));
#396=EDGE_LOOP('',(#2261,#2262,#2263,#2264));
#397=EDGE_LOOP('',(#2265,#2266,#2267,#2268));
#398=EDGE_LOOP('',(#2269,#2270,#2271,#2272));
#399=EDGE_LOOP('',(#2273,#2274,#2275,#2276));
#400=EDGE_LOOP('',(#2277,#2278,#2279,#2280));
#401=EDGE_LOOP('',(#2281,#2282,#2283,#2284));
#402=EDGE_LOOP('',(#2285));
#403=EDGE_LOOP('',(#2286,#2287,#2288,#2289));
#404=EDGE_LOOP('',(#2290,#2291,#2292,#2293));
#405=EDGE_LOOP('',(#2294));
#406=EDGE_LOOP('',(#2295,#2296,#2297,#2298));
#407=EDGE_LOOP('',(#2299,#2300,#2301,#2302));
#408=EDGE_LOOP('',(#2303));
#409=EDGE_LOOP('',(#2304,#2305,#2306,#2307));
#410=EDGE_LOOP('',(#2308,#2309,#2310,#2311));
#411=EDGE_LOOP('',(#2312));
#412=EDGE_LOOP('',(#2313,#2314,#2315,#2316,#2317,#2318));
#413=EDGE_LOOP('',(#2319));
#414=EDGE_LOOP('',(#2320));
#415=EDGE_LOOP('',(#2321));
#416=EDGE_LOOP('',(#2322));
#417=EDGE_LOOP('',(#2323,#2324,#2325,#2326));
#418=EDGE_LOOP('',(#2327,#2328,#2329,#2330));
#419=EDGE_LOOP('',(#2331));
#420=EDGE_LOOP('',(#2332,#2333,#2334,#2335));
#421=EDGE_LOOP('',(#2336,#2337,#2338,#2339));
#422=EDGE_LOOP('',(#2340));
#423=EDGE_LOOP('',(#2341,#2342,#2343,#2344));
#424=EDGE_LOOP('',(#2345,#2346,#2347,#2348));
#425=EDGE_LOOP('',(#2349));
#426=EDGE_LOOP('',(#2350,#2351,#2352,#2353));
#427=EDGE_LOOP('',(#2354,#2355,#2356,#2357));
#428=EDGE_LOOP('',(#2358));
#429=EDGE_LOOP('',(#2359,#2360,#2361,#2362));
#430=EDGE_LOOP('',(#2363,#2364,#2365,#2366,#2367,#2368));
#431=EDGE_LOOP('',(#2369));
#432=EDGE_LOOP('',(#2370));
#433=EDGE_LOOP('',(#2371));
#434=EDGE_LOOP('',(#2372));
#435=EDGE_LOOP('',(#2373,#2374,#2375,#2376));
#436=EDGE_LOOP('',(#2377,#2378,#2379,#2380,#2381,#2382,#2383,#2384,#2385,
#2386));
#437=EDGE_LOOP('',(#2387,#2388,#2389,#2390));
#438=EDGE_LOOP('',(#2391,#2392,#2393,#2394));
#439=EDGE_LOOP('',(#2395,#2396,#2397,#2398));
#440=EDGE_LOOP('',(#2399,#2400,#2401,#2402));
#441=EDGE_LOOP('',(#2403,#2404,#2405,#2406,#2407,#2408,#2409,#2410,#2411,
#2412));
#442=EDGE_LOOP('',(#2413,#2414,#2415,#2416));
#443=EDGE_LOOP('',(#2417,#2418,#2419,#2420,#2421,#2422,#2423,#2424,#2425,
#2426,#2427,#2428,#2429,#2430,#2431,#2432,#2433,#2434,#2435,#2436));
#444=EDGE_LOOP('',(#2437,#2438,#2439,#2440,#2441,#2442,#2443,#2444));
#445=EDGE_LOOP('',(#2445,#2446,#2447,#2448));
#446=EDGE_LOOP('',(#2449,#2450,#2451,#2452,#2453,#2454,#2455,#2456,#2457,
#2458,#2459,#2460,#2461,#2462,#2463,#2464,#2465,#2466,#2467,#2468,#2469,
#2470,#2471,#2472,#2473,#2474,#2475,#2476,#2477,#2478,#2479,#2480,#2481,
#2482,#2483,#2484,#2485,#2486,#2487,#2488));
#447=EDGE_LOOP('',(#2489,#2490,#2491,#2492));
#448=EDGE_LOOP('',(#2493,#2494,#2495,#2496));
#449=EDGE_LOOP('',(#2497,#2498,#2499,#2500));
#450=EDGE_LOOP('',(#2501,#2502,#2503,#2504));
#451=LINE('',#3704,#767);
#452=LINE('',#3706,#768);
#453=LINE('',#3708,#769);
#454=LINE('',#3710,#770);
#455=LINE('',#3712,#771);
#456=LINE('',#3714,#772);
#457=LINE('',#3716,#773);
#458=LINE('',#3718,#774);
#459=LINE('',#3720,#775);
#460=LINE('',#3721,#776);
#461=LINE('',#3725,#777);
#462=LINE('',#3727,#778);
#463=LINE('',#3729,#779);
#464=LINE('',#3731,#780);
#465=LINE('',#3733,#781);
#466=LINE('',#3735,#782);
#467=LINE('',#3737,#783);
#468=LINE('',#3739,#784);
#469=LINE('',#3741,#785);
#470=LINE('',#3742,#786);
#471=LINE('',#3745,#787);
#472=LINE('',#3747,#788);
#473=LINE('',#3749,#789);
#474=LINE('',#3751,#790);
#475=LINE('',#3753,#791);
#476=LINE('',#3755,#792);
#477=LINE('',#3756,#793);
#478=LINE('',#3763,#794);
#479=LINE('',#3764,#795);
#480=LINE('',#3767,#796);
#481=LINE('',#3769,#797);
#482=LINE('',#3771,#798);
#483=LINE('',#3773,#799);
#484=LINE('',#3775,#800);
#485=LINE('',#3777,#801);
#486=LINE('',#3778,#802);
#487=LINE('',#3782,#803);
#488=LINE('',#3784,#804);
#489=LINE('',#3785,#805);
#490=LINE('',#3787,#806);
#491=LINE('',#3789,#807);
#492=LINE('',#3791,#808);
#493=LINE('',#3793,#809);
#494=LINE('',#3795,#810);
#495=LINE('',#3796,#811);
#496=LINE('',#3798,#812);
#497=LINE('',#3800,#813);
#498=LINE('',#3802,#814);
#499=LINE('',#3804,#815);
#500=LINE('',#3808,#816);
#501=LINE('',#3810,#817);
#502=LINE('',#3812,#818);
#503=LINE('',#3813,#819);
#504=LINE('',#3815,#820);
#505=LINE('',#3817,#821);
#506=LINE('',#3819,#822);
#507=LINE('',#3821,#823);
#508=LINE('',#3822,#824);
#509=LINE('',#3826,#825);
#510=LINE('',#3828,#826);
#511=LINE('',#3830,#827);
#512=LINE('',#3831,#828);
#513=LINE('',#3836,#829);
#514=LINE('',#3840,#830);
#515=LINE('',#3842,#831);
#516=LINE('',#3843,#832);
#517=LINE('',#3853,#833);
#518=LINE('',#3856,#834);
#519=LINE('',#3859,#835);
#520=LINE('',#3861,#836);
#521=LINE('',#3862,#837);
#522=LINE('',#3867,#838);
#523=LINE('',#3870,#839);
#524=LINE('',#3871,#840);
#525=LINE('',#3876,#841);
#526=LINE('',#3878,#842);
#527=LINE('',#3880,#843);
#528=LINE('',#3881,#844);
#529=LINE('',#3886,#845);
#530=LINE('',#3890,#846);
#531=LINE('',#3892,#847);
#532=LINE('',#3893,#848);
#533=LINE('',#3903,#849);
#534=LINE('',#3906,#850);
#535=LINE('',#3909,#851);
#536=LINE('',#3911,#852);
#537=LINE('',#3912,#853);
#538=LINE('',#3917,#854);
#539=LINE('',#3920,#855);
#540=LINE('',#3921,#856);
#541=LINE('',#3926,#857);
#542=LINE('',#3928,#858);
#543=LINE('',#3930,#859);
#544=LINE('',#3932,#860);
#545=LINE('',#3933,#861);
#546=LINE('',#3937,#862);
#547=LINE('',#3939,#863);
#548=LINE('',#3941,#864);
#549=LINE('',#3943,#865);
#550=LINE('',#3944,#866);
#551=LINE('',#3946,#867);
#552=LINE('',#3947,#868);
#553=LINE('',#3951,#869);
#554=LINE('',#3953,#870);
#555=LINE('',#3955,#871);
#556=LINE('',#3956,#872);
#557=LINE('',#3958,#873);
#558=LINE('',#3961,#874);
#559=LINE('',#3963,#875);
#560=LINE('',#3965,#876);
#561=LINE('',#3967,#877);
#562=LINE('',#3968,#878);
#563=LINE('',#3971,#879);
#564=LINE('',#3972,#880);
#565=LINE('',#3975,#881);
#566=LINE('',#3976,#882);
#567=LINE('',#3979,#883);
#568=LINE('',#3980,#884);
#569=LINE('',#3983,#885);
#570=LINE('',#3984,#886);
#571=LINE('',#3987,#887);
#572=LINE('',#3988,#888);
#573=LINE('',#3991,#889);
#574=LINE('',#3992,#890);
#575=LINE('',#3995,#891);
#576=LINE('',#3997,#892);
#577=LINE('',#3999,#893);
#578=LINE('',#4001,#894);
#579=LINE('',#4003,#895);
#580=LINE('',#4005,#896);
#581=LINE('',#4007,#897);
#582=LINE('',#4009,#898);
#583=LINE('',#4010,#899);
#584=LINE('',#4012,#900);
#585=LINE('',#4013,#901);
#586=LINE('',#4014,#902);
#587=LINE('',#4015,#903);
#588=LINE('',#4018,#904);
#589=LINE('',#4019,#905);
#590=LINE('',#4022,#906);
#591=LINE('',#4023,#907);
#592=LINE('',#4025,#908);
#593=LINE('',#4028,#909);
#594=LINE('',#4029,#910);
#595=LINE('',#4032,#911);
#596=LINE('',#4034,#912);
#597=LINE('',#4035,#913);
#598=LINE('',#4037,#914);
#599=LINE('',#4038,#915);
#600=LINE('',#4041,#916);
#601=LINE('',#4042,#917);
#602=LINE('',#4046,#918);
#603=LINE('',#4048,#919);
#604=LINE('',#4050,#920);
#605=LINE('',#4051,#921);
#606=LINE('',#4053,#922);
#607=LINE('',#4054,#923);
#608=LINE('',#4057,#924);
#609=LINE('',#4059,#925);
#610=LINE('',#4061,#926);
#611=LINE('',#4063,#927);
#612=LINE('',#4065,#928);
#613=LINE('',#4066,#929);
#614=LINE('',#4071,#930);
#615=LINE('',#4078,#931);
#616=LINE('',#4083,#932);
#617=LINE('',#4088,#933);
#618=LINE('',#4092,#934);
#619=LINE('',#4094,#935);
#620=LINE('',#4096,#936);
#621=LINE('',#4097,#937);
#622=LINE('',#4099,#938);
#623=LINE('',#4103,#939);
#624=LINE('',#4105,#940);
#625=LINE('',#4107,#941);
#626=LINE('',#4108,#942);
#627=LINE('',#4112,#943);
#628=LINE('',#4114,#944);
#629=LINE('',#4116,#945);
#630=LINE('',#4117,#946);
#631=LINE('',#4121,#947);
#632=LINE('',#4123,#948);
#633=LINE('',#4125,#949);
#634=LINE('',#4126,#950);
#635=LINE('',#4130,#951);
#636=LINE('',#4132,#952);
#637=LINE('',#4134,#953);
#638=LINE('',#4135,#954);
#639=LINE('',#4139,#955);
#640=LINE('',#4141,#956);
#641=LINE('',#4143,#957);
#642=LINE('',#4144,#958);
#643=LINE('',#4148,#959);
#644=LINE('',#4150,#960);
#645=LINE('',#4152,#961);
#646=LINE('',#4153,#962);
#647=LINE('',#4157,#963);
#648=LINE('',#4159,#964);
#649=LINE('',#4161,#965);
#650=LINE('',#4162,#966);
#651=LINE('',#4166,#967);
#652=LINE('',#4168,#968);
#653=LINE('',#4170,#969);
#654=LINE('',#4171,#970);
#655=LINE('',#4173,#971);
#656=LINE('',#4174,#972);
#657=LINE('',#4175,#973);
#658=LINE('',#4177,#974);
#659=LINE('',#4179,#975);
#660=LINE('',#4181,#976);
#661=LINE('',#4183,#977);
#662=LINE('',#4184,#978);
#663=LINE('',#4185,#979);
#664=LINE('',#4186,#980);
#665=LINE('',#4187,#981);
#666=LINE('',#4188,#982);
#667=LINE('',#4192,#983);
#668=LINE('',#4194,#984);
#669=LINE('',#4196,#985);
#670=LINE('',#4197,#986);
#671=LINE('',#4201,#987);
#672=LINE('',#4203,#988);
#673=LINE('',#4205,#989);
#674=LINE('',#4206,#990);
#675=LINE('',#4210,#991);
#676=LINE('',#4212,#992);
#677=LINE('',#4214,#993);
#678=LINE('',#4215,#994);
#679=LINE('',#4219,#995);
#680=LINE('',#4221,#996);
#681=LINE('',#4223,#997);
#682=LINE('',#4224,#998);
#683=LINE('',#4228,#999);
#684=LINE('',#4230,#1000);
#685=LINE('',#4232,#1001);
#686=LINE('',#4233,#1002);
#687=LINE('',#4237,#1003);
#688=LINE('',#4239,#1004);
#689=LINE('',#4241,#1005);
#690=LINE('',#4242,#1006);
#691=LINE('',#4246,#1007);
#692=LINE('',#4248,#1008);
#693=LINE('',#4250,#1009);
#694=LINE('',#4251,#1010);
#695=LINE('',#4255,#1011);
#696=LINE('',#4257,#1012);
#697=LINE('',#4259,#1013);
#698=LINE('',#4260,#1014);
#699=LINE('',#4262,#1015);
#700=LINE('',#4265,#1016);
#701=LINE('',#4266,#1017);
#702=LINE('',#4268,#1018);
#703=LINE('',#4269,#1019);
#704=LINE('',#4273,#1020);
#705=LINE('',#4274,#1021);
#706=LINE('',#4278,#1022);
#707=LINE('',#4279,#1023);
#708=LINE('',#4280,#1024);
#709=LINE('',#4282,#1025);
#710=LINE('',#4284,#1026);
#711=LINE('',#4286,#1027);
#712=LINE('',#4287,#1028);
#713=LINE('',#4288,#1029);
#714=LINE('',#4294,#1030);
#715=LINE('',#4297,#1031);
#716=LINE('',#4300,#1032);
#717=LINE('',#4302,#1033);
#718=LINE('',#4303,#1034);
#719=LINE('',#4309,#1035);
#720=LINE('',#4312,#1036);
#721=LINE('',#4314,#1037);
#722=LINE('',#4315,#1038);
#723=LINE('',#4318,#1039);
#724=LINE('',#4320,#1040);
#725=LINE('',#4321,#1041);
#726=LINE('',#4329,#1042);
#727=LINE('',#4331,#1043);
#728=LINE('',#4339,#1044);
#729=LINE('',#4345,#1045);
#730=LINE('',#4351,#1046);
#731=LINE('',#4357,#1047);
#732=LINE('',#4363,#1048);
#733=LINE('',#4369,#1049);
#734=LINE('',#4375,#1050);
#735=LINE('',#4381,#1051);
#736=LINE('',#4387,#1052);
#737=LINE('',#4392,#1053);
#738=LINE('',#4397,#1054);
#739=LINE('',#4402,#1055);
#740=LINE('',#4408,#1056);
#741=LINE('',#4411,#1057);
#742=LINE('',#4412,#1058);
#743=LINE('',#4432,#1059);
#744=LINE('',#4434,#1060);
#745=LINE('',#4436,#1061);
#746=LINE('',#4437,#1062);
#747=LINE('',#4440,#1063);
#748=LINE('',#4444,#1064);
#749=LINE('',#4447,#1065);
#750=LINE('',#4449,#1066);
#751=LINE('',#4450,#1067);
#752=LINE('',#4453,#1068);
#753=LINE('',#4455,#1069);
#754=LINE('',#4456,#1070);
#755=LINE('',#4457,#1071);
#756=LINE('',#4459,#1072);
#757=LINE('',#4463,#1073);
#758=LINE('',#4470,#1074);
#759=LINE('',#4471,#1075);
#760=LINE('',#4474,#1076);
#761=LINE('',#4475,#1077);
#762=LINE('',#4479,#1078);
#763=LINE('',#4480,#1079);
#764=LINE('',#4481,#1080);
#765=LINE('',#4482,#1081);
#766=LINE('',#4483,#1082);
#767=VECTOR('',#2964,10.);
#768=VECTOR('',#2965,10.);
#769=VECTOR('',#2966,10.);
#770=VECTOR('',#2967,10.);
#771=VECTOR('',#2968,10.);
#772=VECTOR('',#2969,10.);
#773=VECTOR('',#2970,10.);
#774=VECTOR('',#2971,10.);
#775=VECTOR('',#2972,10.);
#776=VECTOR('',#2973,10.);
#777=VECTOR('',#2976,10.);
#778=VECTOR('',#2977,10.);
#779=VECTOR('',#2978,10.);
#780=VECTOR('',#2979,10.);
#781=VECTOR('',#2980,10.);
#782=VECTOR('',#2981,10.);
#783=VECTOR('',#2982,10.);
#784=VECTOR('',#2983,10.);
#785=VECTOR('',#2984,10.);
#786=VECTOR('',#2985,10.);
#787=VECTOR('',#2988,10.);
#788=VECTOR('',#2989,10.);
#789=VECTOR('',#2990,10.);
#790=VECTOR('',#2991,10.);
#791=VECTOR('',#2992,10.);
#792=VECTOR('',#2993,10.);
#793=VECTOR('',#2994,10.);
#794=VECTOR('',#3001,10.);
#795=VECTOR('',#3002,10.);
#796=VECTOR('',#3005,10.);
#797=VECTOR('',#3006,10.);
#798=VECTOR('',#3007,10.);
#799=VECTOR('',#3008,10.);
#800=VECTOR('',#3009,10.);
#801=VECTOR('',#3010,10.);
#802=VECTOR('',#3011,10.);
#803=VECTOR('',#3014,10.);
#804=VECTOR('',#3015,10.);
#805=VECTOR('',#3016,10.);
#806=VECTOR('',#3017,10.);
#807=VECTOR('',#3018,10.);
#808=VECTOR('',#3019,10.);
#809=VECTOR('',#3020,10.);
#810=VECTOR('',#3021,10.);
#811=VECTOR('',#3022,10.);
#812=VECTOR('',#3025,10.);
#813=VECTOR('',#3028,10.);
#814=VECTOR('',#3031,10.);
#815=VECTOR('',#3034,10.);
#816=VECTOR('',#3037,10.);
#817=VECTOR('',#3038,10.);
#818=VECTOR('',#3039,10.);
#819=VECTOR('',#3040,10.);
#820=VECTOR('',#3041,10.);
#821=VECTOR('',#3042,10.);
#822=VECTOR('',#3043,10.);
#823=VECTOR('',#3044,10.);
#824=VECTOR('',#3045,10.);
#825=VECTOR('',#3048,10.);
#826=VECTOR('',#3049,10.);
#827=VECTOR('',#3050,10.);
#828=VECTOR('',#3051,10.);
#829=VECTOR('',#3056,10.);
#830=VECTOR('',#3061,10.);
#831=VECTOR('',#3062,10.);
#832=VECTOR('',#3063,10.);
#833=VECTOR('',#3076,10.);
#834=VECTOR('',#3079,10.);
#835=VECTOR('',#3082,10.);
#836=VECTOR('',#3083,10.);
#837=VECTOR('',#3084,10.);
#838=VECTOR('',#3089,10.);
#839=VECTOR('',#3094,10.);
#840=VECTOR('',#3095,10.);
#841=VECTOR('',#3100,10.);
#842=VECTOR('',#3101,10.);
#843=VECTOR('',#3102,10.);
#844=VECTOR('',#3103,10.);
#845=VECTOR('',#3108,10.);
#846=VECTOR('',#3113,10.);
#847=VECTOR('',#3114,10.);
#848=VECTOR('',#3115,10.);
#849=VECTOR('',#3128,10.);
#850=VECTOR('',#3131,10.);
#851=VECTOR('',#3134,10.);
#852=VECTOR('',#3135,10.);
#853=VECTOR('',#3136,10.);
#854=VECTOR('',#3141,10.);
#855=VECTOR('',#3146,10.);
#856=VECTOR('',#3147,10.);
#857=VECTOR('',#3152,10.);
#858=VECTOR('',#3153,10.);
#859=VECTOR('',#3154,10.);
#860=VECTOR('',#3155,10.);
#861=VECTOR('',#3156,10.);
#862=VECTOR('',#3159,10.);
#863=VECTOR('',#3160,10.);
#864=VECTOR('',#3161,10.);
#865=VECTOR('',#3162,10.);
#866=VECTOR('',#3163,10.);
#867=VECTOR('',#3166,10.);
#868=VECTOR('',#3167,10.);
#869=VECTOR('',#3170,10.);
#870=VECTOR('',#3171,10.);
#871=VECTOR('',#3172,10.);
#872=VECTOR('',#3173,10.);
#873=VECTOR('',#3176,10.);
#874=VECTOR('',#3179,10.);
#875=VECTOR('',#3180,10.);
#876=VECTOR('',#3181,10.);
#877=VECTOR('',#3182,10.);
#878=VECTOR('',#3183,10.);
#879=VECTOR('',#3186,10.);
#880=VECTOR('',#3187,10.);
#881=VECTOR('',#3190,10.);
#882=VECTOR('',#3191,10.);
#883=VECTOR('',#3194,10.);
#884=VECTOR('',#3195,10.);
#885=VECTOR('',#3198,10.);
#886=VECTOR('',#3199,10.);
#887=VECTOR('',#3202,10.);
#888=VECTOR('',#3203,10.);
#889=VECTOR('',#3206,10.);
#890=VECTOR('',#3207,10.);
#891=VECTOR('',#3210,10.);
#892=VECTOR('',#3211,10.);
#893=VECTOR('',#3212,10.);
#894=VECTOR('',#3213,10.);
#895=VECTOR('',#3214,10.);
#896=VECTOR('',#3215,10.);
#897=VECTOR('',#3216,10.);
#898=VECTOR('',#3217,10.);
#899=VECTOR('',#3218,10.);
#900=VECTOR('',#3219,10.);
#901=VECTOR('',#3220,10.);
#902=VECTOR('',#3221,10.);
#903=VECTOR('',#3222,10.);
#904=VECTOR('',#3225,10.);
#905=VECTOR('',#3226,10.);
#906=VECTOR('',#3229,10.);
#907=VECTOR('',#3230,10.);
#908=VECTOR('',#3233,10.);
#909=VECTOR('',#3236,10.);
#910=VECTOR('',#3237,10.);
#911=VECTOR('',#3240,10.);
#912=VECTOR('',#3241,10.);
#913=VECTOR('',#3242,10.);
#914=VECTOR('',#3245,10.);
#915=VECTOR('',#3246,10.);
#916=VECTOR('',#3251,10.);
#917=VECTOR('',#3252,10.);
#918=VECTOR('',#3257,10.);
#919=VECTOR('',#3258,10.);
#920=VECTOR('',#3259,10.);
#921=VECTOR('',#3260,10.);
#922=VECTOR('',#3261,10.);
#923=VECTOR('',#3262,10.);
#924=VECTOR('',#3265,10.);
#925=VECTOR('',#3266,10.);
#926=VECTOR('',#3267,10.);
#927=VECTOR('',#3268,10.);
#928=VECTOR('',#3269,10.);
#929=VECTOR('',#3270,10.);
#930=VECTOR('',#3275,1.49999999999999);
#931=VECTOR('',#3284,1.49999999999999);
#932=VECTOR('',#3291,1.50000000000006);
#933=VECTOR('',#3298,1.49999999999999);
#934=VECTOR('',#3305,10.);
#935=VECTOR('',#3306,10.);
#936=VECTOR('',#3307,10.);
#937=VECTOR('',#3308,10.);
#938=VECTOR('',#3311,10.);
#939=VECTOR('',#3314,10.);
#940=VECTOR('',#3315,10.);
#941=VECTOR('',#3316,10.);
#942=VECTOR('',#3317,10.);
#943=VECTOR('',#3320,10.);
#944=VECTOR('',#3321,10.);
#945=VECTOR('',#3322,10.);
#946=VECTOR('',#3323,10.);
#947=VECTOR('',#3326,10.);
#948=VECTOR('',#3327,10.);
#949=VECTOR('',#3328,10.);
#950=VECTOR('',#3329,10.);
#951=VECTOR('',#3332,10.);
#952=VECTOR('',#3333,10.);
#953=VECTOR('',#3334,10.);
#954=VECTOR('',#3335,10.);
#955=VECTOR('',#3338,10.);
#956=VECTOR('',#3339,10.);
#957=VECTOR('',#3340,10.);
#958=VECTOR('',#3341,10.);
#959=VECTOR('',#3344,10.);
#960=VECTOR('',#3345,10.);
#961=VECTOR('',#3346,10.);
#962=VECTOR('',#3347,10.);
#963=VECTOR('',#3350,10.);
#964=VECTOR('',#3351,10.);
#965=VECTOR('',#3352,10.);
#966=VECTOR('',#3353,10.);
#967=VECTOR('',#3356,10.);
#968=VECTOR('',#3357,10.);
#969=VECTOR('',#3358,10.);
#970=VECTOR('',#3359,10.);
#971=VECTOR('',#3362,10.);
#972=VECTOR('',#3363,10.);
#973=VECTOR('',#3364,10.);
#974=VECTOR('',#3365,10.);
#975=VECTOR('',#3366,10.);
#976=VECTOR('',#3367,10.);
#977=VECTOR('',#3368,10.);
#978=VECTOR('',#3369,10.);
#979=VECTOR('',#3370,10.);
#980=VECTOR('',#3371,10.);
#981=VECTOR('',#3372,10.);
#982=VECTOR('',#3373,10.);
#983=VECTOR('',#3376,10.);
#984=VECTOR('',#3377,10.);
#985=VECTOR('',#3378,10.);
#986=VECTOR('',#3379,10.);
#987=VECTOR('',#3382,10.);
#988=VECTOR('',#3383,10.);
#989=VECTOR('',#3384,10.);
#990=VECTOR('',#3385,10.);
#991=VECTOR('',#3388,10.);
#992=VECTOR('',#3389,10.);
#993=VECTOR('',#3390,10.);
#994=VECTOR('',#3391,10.);
#995=VECTOR('',#3394,10.);
#996=VECTOR('',#3395,10.);
#997=VECTOR('',#3396,10.);
#998=VECTOR('',#3397,10.);
#999=VECTOR('',#3400,10.);
#1000=VECTOR('',#3401,10.);
#1001=VECTOR('',#3402,10.);
#1002=VECTOR('',#3403,10.);
#1003=VECTOR('',#3406,10.);
#1004=VECTOR('',#3407,10.);
#1005=VECTOR('',#3408,10.);
#1006=VECTOR('',#3409,10.);
#1007=VECTOR('',#3412,10.);
#1008=VECTOR('',#3413,10.);
#1009=VECTOR('',#3414,10.);
#1010=VECTOR('',#3415,10.);
#1011=VECTOR('',#3418,10.);
#1012=VECTOR('',#3419,10.);
#1013=VECTOR('',#3420,10.);
#1014=VECTOR('',#3421,10.);
#1015=VECTOR('',#3424,10.);
#1016=VECTOR('',#3427,10.);
#1017=VECTOR('',#3428,10.);
#1018=VECTOR('',#3431,10.);
#1019=VECTOR('',#3432,10.);
#1020=VECTOR('',#3437,10.);
#1021=VECTOR('',#3438,10.);
#1022=VECTOR('',#3441,10.);
#1023=VECTOR('',#3442,10.);
#1024=VECTOR('',#3443,10.);
#1025=VECTOR('',#3446,10.);
#1026=VECTOR('',#3447,10.);
#1027=VECTOR('',#3448,10.);
#1028=VECTOR('',#3449,10.);
#1029=VECTOR('',#3450,10.);
#1030=VECTOR('',#3455,10.);
#1031=VECTOR('',#3458,10.);
#1032=VECTOR('',#3461,10.);
#1033=VECTOR('',#3462,10.);
#1034=VECTOR('',#3463,10.);
#1035=VECTOR('',#3470,10.);
#1036=VECTOR('',#3473,10.);
#1037=VECTOR('',#3474,10.);
#1038=VECTOR('',#3475,10.);
#1039=VECTOR('',#3478,10.);
#1040=VECTOR('',#3479,10.);
#1041=VECTOR('',#3480,10.);
#1042=VECTOR('',#3495,10.);
#1043=VECTOR('',#3498,10.);
#1044=VECTOR('',#3509,1.35000000000005);
#1045=VECTOR('',#3516,1.34999999999998);
#1046=VECTOR('',#3523,1.35000000000005);
#1047=VECTOR('',#3530,1.34999999999998);
#1048=VECTOR('',#3537,1.34999999999998);
#1049=VECTOR('',#3544,1.34999999999998);
#1050=VECTOR('',#3551,1.34999999999998);
#1051=VECTOR('',#3558,1.34999999999998);
#1052=VECTOR('',#3569,10.);
#1053=VECTOR('',#3578,10.);
#1054=VECTOR('',#3587,10.);
#1055=VECTOR('',#3596,10.);
#1056=VECTOR('',#3601,10.);
#1057=VECTOR('',#3604,10.);
#1058=VECTOR('',#3605,10.);
#1059=VECTOR('',#3640,10.);
#1060=VECTOR('',#3641,10.);
#1061=VECTOR('',#3642,10.);
#1062=VECTOR('',#3643,10.);
#1063=VECTOR('',#3646,10.);
#1064=VECTOR('',#3651,10.);
#1065=VECTOR('',#3654,10.);
#1066=VECTOR('',#3655,10.);
#1067=VECTOR('',#3656,10.);
#1068=VECTOR('',#3659,10.);
#1069=VECTOR('',#3660,10.);
#1070=VECTOR('',#3661,10.);
#1071=VECTOR('',#3662,10.);
#1072=VECTOR('',#3665,10.);
#1073=VECTOR('',#3670,10.);
#1074=VECTOR('',#3679,10.);
#1075=VECTOR('',#3680,10.);
#1076=VECTOR('',#3683,10.);
#1077=VECTOR('',#3684,10.);
#1078=VECTOR('',#3691,10.);
#1079=VECTOR('',#3692,10.);
#1080=VECTOR('',#3693,10.);
#1081=VECTOR('',#3694,10.);
#1082=VECTOR('',#3695,10.);
#1083=VERTEX_POINT('',#3702);
#1084=VERTEX_POINT('',#3703);
#1085=VERTEX_POINT('',#3705);
#1086=VERTEX_POINT('',#3707);
#1087=VERTEX_POINT('',#3709);
#1088=VERTEX_POINT('',#3711);
#1089=VERTEX_POINT('',#3713);
#1090=VERTEX_POINT('',#3715);
#1091=VERTEX_POINT('',#3717);
#1092=VERTEX_POINT('',#3719);
#1093=VERTEX_POINT('',#3723);
#1094=VERTEX_POINT('',#3724);
#1095=VERTEX_POINT('',#3726);
#1096=VERTEX_POINT('',#3728);
#1097=VERTEX_POINT('',#3730);
#1098=VERTEX_POINT('',#3732);
#1099=VERTEX_POINT('',#3734);
#1100=VERTEX_POINT('',#3736);
#1101=VERTEX_POINT('',#3738);
#1102=VERTEX_POINT('',#3740);
#1103=VERTEX_POINT('',#3744);
#1104=VERTEX_POINT('',#3746);
#1105=VERTEX_POINT('',#3748);
#1106=VERTEX_POINT('',#3750);
#1107=VERTEX_POINT('',#3752);
#1108=VERTEX_POINT('',#3754);
#1109=VERTEX_POINT('',#3757);
#1110=VERTEX_POINT('',#3759);
#1111=VERTEX_POINT('',#3762);
#1112=VERTEX_POINT('',#3766);
#1113=VERTEX_POINT('',#3768);
#1114=VERTEX_POINT('',#3770);
#1115=VERTEX_POINT('',#3772);
#1116=VERTEX_POINT('',#3774);
#1117=VERTEX_POINT('',#3776);
#1118=VERTEX_POINT('',#3780);
#1119=VERTEX_POINT('',#3781);
#1120=VERTEX_POINT('',#3783);
#1121=VERTEX_POINT('',#3786);
#1122=VERTEX_POINT('',#3788);
#1123=VERTEX_POINT('',#3790);
#1124=VERTEX_POINT('',#3792);
#1125=VERTEX_POINT('',#3794);
#1126=VERTEX_POINT('',#3806);
#1127=VERTEX_POINT('',#3807);
#1128=VERTEX_POINT('',#3809);
#1129=VERTEX_POINT('',#3811);
#1130=VERTEX_POINT('',#3814);
#1131=VERTEX_POINT('',#3816);
#1132=VERTEX_POINT('',#3818);
#1133=VERTEX_POINT('',#3820);
#1134=VERTEX_POINT('',#3824);
#1135=VERTEX_POINT('',#3825);
#1136=VERTEX_POINT('',#3827);
#1137=VERTEX_POINT('',#3829);
#1138=VERTEX_POINT('',#3833);
#1139=VERTEX_POINT('',#3835);
#1140=VERTEX_POINT('',#3839);
#1141=VERTEX_POINT('',#3841);
#1142=VERTEX_POINT('',#3849);
#1143=VERTEX_POINT('',#3850);
#1144=VERTEX_POINT('',#3852);
#1145=VERTEX_POINT('',#3854);
#1146=VERTEX_POINT('',#3858);
#1147=VERTEX_POINT('',#3860);
#1148=VERTEX_POINT('',#3864);
#1149=VERTEX_POINT('',#3866);
#1150=VERTEX_POINT('',#3874);
#1151=VERTEX_POINT('',#3875);
#1152=VERTEX_POINT('',#3877);
#1153=VERTEX_POINT('',#3879);
#1154=VERTEX_POINT('',#3883);
#1155=VERTEX_POINT('',#3885);
#1156=VERTEX_POINT('',#3889);
#1157=VERTEX_POINT('',#3891);
#1158=VERTEX_POINT('',#3899);
#1159=VERTEX_POINT('',#3900);
#1160=VERTEX_POINT('',#3902);
#1161=VERTEX_POINT('',#3904);
#1162=VERTEX_POINT('',#3908);
#1163=VERTEX_POINT('',#3910);
#1164=VERTEX_POINT('',#3914);
#1165=VERTEX_POINT('',#3916);
#1166=VERTEX_POINT('',#3924);
#1167=VERTEX_POINT('',#3925);
#1168=VERTEX_POINT('',#3927);
#1169=VERTEX_POINT('',#3929);
#1170=VERTEX_POINT('',#3931);
#1171=VERTEX_POINT('',#3935);
#1172=VERTEX_POINT('',#3936);
#1173=VERTEX_POINT('',#3938);
#1174=VERTEX_POINT('',#3940);
#1175=VERTEX_POINT('',#3942);
#1176=VERTEX_POINT('',#3949);
#1177=VERTEX_POINT('',#3950);
#1178=VERTEX_POINT('',#3952);
#1179=VERTEX_POINT('',#3954);
#1180=VERTEX_POINT('',#3960);
#1181=VERTEX_POINT('',#3962);
#1182=VERTEX_POINT('',#3964);
#1183=VERTEX_POINT('',#3966);
#1184=VERTEX_POINT('',#3970);
#1185=VERTEX_POINT('',#3974);
#1186=VERTEX_POINT('',#3978);
#1187=VERTEX_POINT('',#3982);
#1188=VERTEX_POINT('',#3986);
#1189=VERTEX_POINT('',#3990);
#1190=VERTEX_POINT('',#3994);
#1191=VERTEX_POINT('',#3996);
#1192=VERTEX_POINT('',#3998);
#1193=VERTEX_POINT('',#4000);
#1194=VERTEX_POINT('',#4002);
#1195=VERTEX_POINT('',#4004);
#1196=VERTEX_POINT('',#4006);
#1197=VERTEX_POINT('',#4008);
#1198=VERTEX_POINT('',#4011);
#1199=VERTEX_POINT('',#4017);
#1200=VERTEX_POINT('',#4021);
#1201=VERTEX_POINT('',#4027);
#1202=VERTEX_POINT('',#4031);
#1203=VERTEX_POINT('',#4033);
#1204=VERTEX_POINT('',#4045);
#1205=VERTEX_POINT('',#4047);
#1206=VERTEX_POINT('',#4049);
#1207=VERTEX_POINT('',#4052);
#1208=VERTEX_POINT('',#4056);
#1209=VERTEX_POINT('',#4058);
#1210=VERTEX_POINT('',#4060);
#1211=VERTEX_POINT('',#4062);
#1212=VERTEX_POINT('',#4064);
#1213=VERTEX_POINT('',#4068);
#1214=VERTEX_POINT('',#4070);
#1215=VERTEX_POINT('',#4075);
#1216=VERTEX_POINT('',#4077);
#1217=VERTEX_POINT('',#4082);
#1218=VERTEX_POINT('',#4087);
#1219=VERTEX_POINT('',#4093);
#1220=VERTEX_POINT('',#4095);
#1221=VERTEX_POINT('',#4101);
#1222=VERTEX_POINT('',#4102);
#1223=VERTEX_POINT('',#4104);
#1224=VERTEX_POINT('',#4106);
#1225=VERTEX_POINT('',#4110);
#1226=VERTEX_POINT('',#4111);
#1227=VERTEX_POINT('',#4113);
#1228=VERTEX_POINT('',#4115);
#1229=VERTEX_POINT('',#4119);
#1230=VERTEX_POINT('',#4120);
#1231=VERTEX_POINT('',#4122);
#1232=VERTEX_POINT('',#4124);
#1233=VERTEX_POINT('',#4128);
#1234=VERTEX_POINT('',#4129);
#1235=VERTEX_POINT('',#4131);
#1236=VERTEX_POINT('',#4133);
#1237=VERTEX_POINT('',#4137);
#1238=VERTEX_POINT('',#4138);
#1239=VERTEX_POINT('',#4140);
#1240=VERTEX_POINT('',#4142);
#1241=VERTEX_POINT('',#4146);
#1242=VERTEX_POINT('',#4147);
#1243=VERTEX_POINT('',#4149);
#1244=VERTEX_POINT('',#4151);
#1245=VERTEX_POINT('',#4155);
#1246=VERTEX_POINT('',#4156);
#1247=VERTEX_POINT('',#4158);
#1248=VERTEX_POINT('',#4160);
#1249=VERTEX_POINT('',#4164);
#1250=VERTEX_POINT('',#4165);
#1251=VERTEX_POINT('',#4167);
#1252=VERTEX_POINT('',#4169);
#1253=VERTEX_POINT('',#4176);
#1254=VERTEX_POINT('',#4178);
#1255=VERTEX_POINT('',#4180);
#1256=VERTEX_POINT('',#4182);
#1257=VERTEX_POINT('',#4190);
#1258=VERTEX_POINT('',#4191);
#1259=VERTEX_POINT('',#4193);
#1260=VERTEX_POINT('',#4195);
#1261=VERTEX_POINT('',#4199);
#1262=VERTEX_POINT('',#4200);
#1263=VERTEX_POINT('',#4202);
#1264=VERTEX_POINT('',#4204);
#1265=VERTEX_POINT('',#4208);
#1266=VERTEX_POINT('',#4209);
#1267=VERTEX_POINT('',#4211);
#1268=VERTEX_POINT('',#4213);
#1269=VERTEX_POINT('',#4217);
#1270=VERTEX_POINT('',#4218);
#1271=VERTEX_POINT('',#4220);
#1272=VERTEX_POINT('',#4222);
#1273=VERTEX_POINT('',#4226);
#1274=VERTEX_POINT('',#4227);
#1275=VERTEX_POINT('',#4229);
#1276=VERTEX_POINT('',#4231);
#1277=VERTEX_POINT('',#4235);
#1278=VERTEX_POINT('',#4236);
#1279=VERTEX_POINT('',#4238);
#1280=VERTEX_POINT('',#4240);
#1281=VERTEX_POINT('',#4244);
#1282=VERTEX_POINT('',#4245);
#1283=VERTEX_POINT('',#4247);
#1284=VERTEX_POINT('',#4249);
#1285=VERTEX_POINT('',#4253);
#1286=VERTEX_POINT('',#4254);
#1287=VERTEX_POINT('',#4256);
#1288=VERTEX_POINT('',#4258);
#1289=VERTEX_POINT('',#4264);
#1290=VERTEX_POINT('',#4272);
#1291=VERTEX_POINT('',#4276);
#1292=VERTEX_POINT('',#4277);
#1293=VERTEX_POINT('',#4283);
#1294=VERTEX_POINT('',#4285);
#1295=VERTEX_POINT('',#4290);
#1296=VERTEX_POINT('',#4291);
#1297=VERTEX_POINT('',#4293);
#1298=VERTEX_POINT('',#4295);
#1299=VERTEX_POINT('',#4299);
#1300=VERTEX_POINT('',#4301);
#1301=VERTEX_POINT('',#4305);
#1302=VERTEX_POINT('',#4307);
#1303=VERTEX_POINT('',#4311);
#1304=VERTEX_POINT('',#4313);
#1305=VERTEX_POINT('',#4317);
#1306=VERTEX_POINT('',#4319);
#1307=VERTEX_POINT('',#4336);
#1308=VERTEX_POINT('',#4338);
#1309=VERTEX_POINT('',#4342);
#1310=VERTEX_POINT('',#4344);
#1311=VERTEX_POINT('',#4348);
#1312=VERTEX_POINT('',#4350);
#1313=VERTEX_POINT('',#4354);
#1314=VERTEX_POINT('',#4356);
#1315=VERTEX_POINT('',#4360);
#1316=VERTEX_POINT('',#4362);
#1317=VERTEX_POINT('',#4366);
#1318=VERTEX_POINT('',#4368);
#1319=VERTEX_POINT('',#4372);
#1320=VERTEX_POINT('',#4374);
#1321=VERTEX_POINT('',#4378);
#1322=VERTEX_POINT('',#4380);
#1323=VERTEX_POINT('',#4404);
#1324=VERTEX_POINT('',#4405);
#1325=VERTEX_POINT('',#4407);
#1326=VERTEX_POINT('',#4409);
#1327=VERTEX_POINT('',#4430);
#1328=VERTEX_POINT('',#4431);
#1329=VERTEX_POINT('',#4433);
#1330=VERTEX_POINT('',#4435);
#1331=VERTEX_POINT('',#4439);
#1332=VERTEX_POINT('',#4442);
#1333=VERTEX_POINT('',#4446);
#1334=VERTEX_POINT('',#4448);
#1335=VERTEX_POINT('',#4452);
#1336=VERTEX_POINT('',#4454);
#1337=VERTEX_POINT('',#4461);
#1338=VERTEX_POINT('',#4467);
#1339=VERTEX_POINT('',#4468);
#1340=VERTEX_POINT('',#4473);
#1341=EDGE_CURVE('',#1083,#1084,#451,.T.);
#1342=EDGE_CURVE('',#1085,#1083,#452,.T.);
#1343=EDGE_CURVE('',#1086,#1085,#453,.T.);
#1344=EDGE_CURVE('',#1087,#1086,#454,.T.);
#1345=EDGE_CURVE('',#1088,#1087,#455,.T.);
#1346=EDGE_CURVE('',#1089,#1088,#456,.T.);
#1347=EDGE_CURVE('',#1090,#1089,#457,.T.);
#1348=EDGE_CURVE('',#1091,#1090,#458,.T.);
#1349=EDGE_CURVE('',#1092,#1091,#459,.T.);
#1350=EDGE_CURVE('',#1084,#1092,#460,.T.);
#1351=EDGE_CURVE('',#1093,#1094,#461,.T.);
#1352=EDGE_CURVE('',#1095,#1093,#462,.T.);
#1353=EDGE_CURVE('',#1096,#1095,#463,.T.);
#1354=EDGE_CURVE('',#1097,#1096,#464,.T.);
#1355=EDGE_CURVE('',#1098,#1097,#465,.T.);
#1356=EDGE_CURVE('',#1099,#1098,#466,.T.);
#1357=EDGE_CURVE('',#1100,#1099,#467,.T.);
#1358=EDGE_CURVE('',#1101,#1100,#468,.T.);
#1359=EDGE_CURVE('',#1102,#1101,#469,.T.);
#1360=EDGE_CURVE('',#1094,#1102,#470,.T.);
#1361=EDGE_CURVE('',#1103,#1084,#471,.T.);
#1362=EDGE_CURVE('',#1104,#1092,#472,.F.);
#1363=EDGE_CURVE('',#1105,#1104,#473,.F.);
#1364=EDGE_CURVE('',#1105,#1106,#474,.F.);
#1365=EDGE_CURVE('',#1107,#1106,#475,.F.);
#1366=EDGE_CURVE('',#1108,#1107,#476,.F.);
#1367=EDGE_CURVE('',#1103,#1108,#477,.T.);
#1368=EDGE_CURVE('',#1109,#1109,#88,.T.);
#1369=EDGE_CURVE('',#1110,#1110,#89,.T.);
#1370=EDGE_CURVE('',#1111,#1091,#478,.T.);
#1371=EDGE_CURVE('',#1111,#1104,#479,.F.);
#1372=EDGE_CURVE('',#1102,#1112,#480,.F.);
#1373=EDGE_CURVE('',#1113,#1101,#481,.T.);
#1374=EDGE_CURVE('',#1114,#1113,#482,.T.);
#1375=EDGE_CURVE('',#1115,#1114,#483,.T.);
#1376=EDGE_CURVE('',#1116,#1115,#484,.T.);
#1377=EDGE_CURVE('',#1117,#1116,#485,.T.);
#1378=EDGE_CURVE('',#1112,#1117,#486,.T.);
#1379=EDGE_CURVE('',#1118,#1119,#487,.T.);
#1380=EDGE_CURVE('',#1120,#1118,#488,.T.);
#1381=EDGE_CURVE('',#1103,#1120,#489,.T.);
#1382=EDGE_CURVE('',#1108,#1121,#490,.T.);
#1383=EDGE_CURVE('',#1121,#1122,#491,.T.);
#1384=EDGE_CURVE('',#1122,#1123,#492,.T.);
#1385=EDGE_CURVE('',#1123,#1124,#493,.T.);
#1386=EDGE_CURVE('',#1124,#1125,#494,.T.);
#1387=EDGE_CURVE('',#1119,#1125,#495,.T.);
#1388=EDGE_CURVE('',#1083,#1120,#496,.T.);
#1389=EDGE_CURVE('',#1118,#1085,#497,.T.);
#1390=EDGE_CURVE('',#1086,#1119,#498,.F.);
#1391=EDGE_CURVE('',#1087,#1125,#499,.T.);
#1392=EDGE_CURVE('',#1126,#1127,#500,.T.);
#1393=EDGE_CURVE('',#1128,#1126,#501,.T.);
#1394=EDGE_CURVE('',#1129,#1128,#502,.T.);
#1395=EDGE_CURVE('',#1112,#1129,#503,.T.);
#1396=EDGE_CURVE('',#1117,#1130,#504,.T.);
#1397=EDGE_CURVE('',#1130,#1131,#505,.T.);
#1398=EDGE_CURVE('',#1131,#1132,#506,.T.);
#1399=EDGE_CURVE('',#1132,#1133,#507,.T.);
#1400=EDGE_CURVE('',#1133,#1127,#508,.T.);
#1401=EDGE_CURVE('',#1134,#1135,#509,.T.);
#1402=EDGE_CURVE('',#1134,#1136,#510,.T.);
#1403=EDGE_CURVE('',#1136,#1137,#511,.T.);
#1404=EDGE_CURVE('',#1135,#1137,#512,.T.);
#1405=EDGE_CURVE('',#1138,#1134,#90,.T.);
#1406=EDGE_CURVE('',#1138,#1139,#513,.T.);
#1407=EDGE_CURVE('',#1139,#1136,#91,.T.);
#1408=EDGE_CURVE('',#1140,#1138,#514,.T.);
#1409=EDGE_CURVE('',#1140,#1141,#515,.T.);
#1410=EDGE_CURVE('',#1141,#1139,#516,.T.);
#1411=EDGE_CURVE('',#1135,#1140,#92,.T.);
#1412=EDGE_CURVE('',#1137,#1141,#93,.T.);
#1413=EDGE_CURVE('',#1142,#1143,#94,.T.);
#1414=EDGE_CURVE('',#1142,#1144,#517,.T.);
#1415=EDGE_CURVE('',#1144,#1145,#95,.T.);
#1416=EDGE_CURVE('',#1143,#1145,#518,.T.);
#1417=EDGE_CURVE('',#1146,#1142,#519,.T.);
#1418=EDGE_CURVE('',#1146,#1147,#520,.T.);
#1419=EDGE_CURVE('',#1147,#1144,#521,.T.);
#1420=EDGE_CURVE('',#1148,#1146,#96,.T.);
#1421=EDGE_CURVE('',#1148,#1149,#522,.T.);
#1422=EDGE_CURVE('',#1149,#1147,#97,.T.);
#1423=EDGE_CURVE('',#1143,#1148,#523,.T.);
#1424=EDGE_CURVE('',#1145,#1149,#524,.T.);
#1425=EDGE_CURVE('',#1150,#1151,#525,.T.);
#1426=EDGE_CURVE('',#1150,#1152,#526,.T.);
#1427=EDGE_CURVE('',#1152,#1153,#527,.T.);
#1428=EDGE_CURVE('',#1151,#1153,#528,.T.);
#1429=EDGE_CURVE('',#1154,#1150,#98,.T.);
#1430=EDGE_CURVE('',#1154,#1155,#529,.T.);
#1431=EDGE_CURVE('',#1155,#1152,#99,.T.);
#1432=EDGE_CURVE('',#1156,#1154,#530,.T.);
#1433=EDGE_CURVE('',#1156,#1157,#531,.T.);
#1434=EDGE_CURVE('',#1157,#1155,#532,.T.);
#1435=EDGE_CURVE('',#1151,#1156,#100,.T.);
#1436=EDGE_CURVE('',#1153,#1157,#101,.T.);
#1437=EDGE_CURVE('',#1158,#1159,#102,.T.);
#1438=EDGE_CURVE('',#1158,#1160,#533,.T.);
#1439=EDGE_CURVE('',#1160,#1161,#103,.T.);
#1440=EDGE_CURVE('',#1159,#1161,#534,.T.);
#1441=EDGE_CURVE('',#1162,#1158,#535,.T.);
#1442=EDGE_CURVE('',#1162,#1163,#536,.T.);
#1443=EDGE_CURVE('',#1163,#1160,#537,.T.);
#1444=EDGE_CURVE('',#1164,#1162,#104,.T.);
#1445=EDGE_CURVE('',#1164,#1165,#538,.T.);
#1446=EDGE_CURVE('',#1165,#1163,#105,.T.);
#1447=EDGE_CURVE('',#1159,#1164,#539,.T.);
#1448=EDGE_CURVE('',#1161,#1165,#540,.T.);
#1449=EDGE_CURVE('',#1166,#1167,#541,.T.);
#1450=EDGE_CURVE('',#1168,#1166,#542,.T.);
#1451=EDGE_CURVE('',#1169,#1168,#543,.T.);
#1452=EDGE_CURVE('',#1169,#1170,#544,.T.);
#1453=EDGE_CURVE('',#1170,#1167,#545,.T.);
#1454=EDGE_CURVE('',#1171,#1172,#546,.T.);
#1455=EDGE_CURVE('',#1171,#1173,#547,.T.);
#1456=EDGE_CURVE('',#1174,#1173,#548,.T.);
#1457=EDGE_CURVE('',#1175,#1174,#549,.T.);
#1458=EDGE_CURVE('',#1172,#1175,#550,.T.);
#1459=EDGE_CURVE('',#1171,#1167,#551,.T.);
#1460=EDGE_CURVE('',#1173,#1170,#552,.T.);
#1461=EDGE_CURVE('',#1176,#1177,#553,.T.);
#1462=EDGE_CURVE('',#1177,#1178,#554,.F.);
#1463=EDGE_CURVE('',#1178,#1179,#555,.T.);
#1464=EDGE_CURVE('',#1179,#1176,#556,.T.);
#1465=EDGE_CURVE('',#1129,#1094,#557,.F.);
#1466=EDGE_CURVE('',#1180,#1124,#558,.T.);
#1467=EDGE_CURVE('',#1181,#1180,#559,.T.);
#1468=EDGE_CURVE('',#1182,#1181,#560,.T.);
#1469=EDGE_CURVE('',#1183,#1182,#561,.T.);
#1470=EDGE_CURVE('',#1088,#1183,#562,.T.);
#1471=EDGE_CURVE('',#1184,#1183,#563,.T.);
#1472=EDGE_CURVE('',#1089,#1184,#564,.T.);
#1473=EDGE_CURVE('',#1185,#1123,#565,.T.);
#1474=EDGE_CURVE('',#1185,#1180,#566,.T.);
#1475=EDGE_CURVE('',#1090,#1186,#567,.T.);
#1476=EDGE_CURVE('',#1111,#1186,#568,.T.);
#1477=EDGE_CURVE('',#1187,#1116,#569,.T.);
#1478=EDGE_CURVE('',#1130,#1187,#570,.T.);
#1479=EDGE_CURVE('',#1188,#1100,#571,.T.);
#1480=EDGE_CURVE('',#1188,#1113,#572,.T.);
#1481=EDGE_CURVE('',#1187,#1189,#573,.T.);
#1482=EDGE_CURVE('',#1131,#1189,#574,.T.);
#1483=EDGE_CURVE('',#1184,#1190,#575,.T.);
#1484=EDGE_CURVE('',#1190,#1191,#576,.T.);
#1485=EDGE_CURVE('',#1191,#1192,#577,.T.);
#1486=EDGE_CURVE('',#1193,#1192,#578,.T.);
#1487=EDGE_CURVE('',#1193,#1194,#579,.T.);
#1488=EDGE_CURVE('',#1195,#1194,#580,.T.);
#1489=EDGE_CURVE('',#1195,#1196,#581,.T.);
#1490=EDGE_CURVE('',#1196,#1197,#582,.T.);
#1491=EDGE_CURVE('',#1197,#1188,#583,.T.);
#1492=EDGE_CURVE('',#1198,#1099,#584,.T.);
#1493=EDGE_CURVE('',#1175,#1198,#585,.T.);
#1494=EDGE_CURVE('',#1174,#1169,#586,.T.);
#1495=EDGE_CURVE('',#1186,#1168,#587,.T.);
#1496=EDGE_CURVE('',#1199,#1122,#588,.T.);
#1497=EDGE_CURVE('',#1199,#1185,#589,.T.);
#1498=EDGE_CURVE('',#1189,#1200,#590,.F.);
#1499=EDGE_CURVE('',#1200,#1132,#591,.T.);
#1500=EDGE_CURVE('',#1093,#1128,#592,.T.);
#1501=EDGE_CURVE('',#1200,#1201,#593,.T.);
#1502=EDGE_CURVE('',#1201,#1133,#594,.F.);
#1503=EDGE_CURVE('',#1097,#1202,#595,.F.);
#1504=EDGE_CURVE('',#1203,#1202,#596,.F.);
#1505=EDGE_CURVE('',#1098,#1203,#597,.T.);
#1506=EDGE_CURVE('',#1190,#1182,#598,.T.);
#1507=EDGE_CURVE('',#1191,#1181,#599,.T.);
#1508=EDGE_CURVE('',#1196,#1115,#600,.T.);
#1509=EDGE_CURVE('',#1197,#1114,#601,.T.);
#1510=EDGE_CURVE('',#1176,#1204,#602,.T.);
#1511=EDGE_CURVE('',#1205,#1204,#603,.T.);
#1512=EDGE_CURVE('',#1205,#1206,#604,.F.);
#1513=EDGE_CURVE('',#1106,#1206,#605,.T.);
#1514=EDGE_CURVE('',#1207,#1105,#606,.T.);
#1515=EDGE_CURVE('',#1177,#1207,#607,.T.);
#1516=EDGE_CURVE('',#1179,#1208,#608,.T.);
#1517=EDGE_CURVE('',#1209,#1208,#609,.T.);
#1518=EDGE_CURVE('',#1210,#1209,#610,.T.);
#1519=EDGE_CURVE('',#1211,#1210,#611,.T.);
#1520=EDGE_CURVE('',#1212,#1211,#612,.T.);
#1521=EDGE_CURVE('',#1204,#1212,#613,.T.);
#1522=EDGE_CURVE('',#1213,#1213,#106,.T.);
#1523=EDGE_CURVE('',#1213,#1214,#614,.T.);
#1524=EDGE_CURVE('',#1214,#1214,#107,.T.);
#1525=EDGE_CURVE('',#1215,#1215,#108,.T.);
#1526=EDGE_CURVE('',#1215,#1216,#615,.T.);
#1527=EDGE_CURVE('',#1216,#1216,#109,.T.);
#1528=EDGE_CURVE('',#1110,#1217,#616,.T.);
#1529=EDGE_CURVE('',#1217,#1217,#110,.T.);
#1530=EDGE_CURVE('',#1109,#1218,#617,.T.);
#1531=EDGE_CURVE('',#1218,#1218,#111,.T.);
#1532=EDGE_CURVE('',#1096,#1127,#618,.T.);
#1533=EDGE_CURVE('',#1219,#1201,#619,.F.);
#1534=EDGE_CURVE('',#1219,#1220,#620,.F.);
#1535=EDGE_CURVE('',#1202,#1220,#621,.F.);
#1536=EDGE_CURVE('',#1126,#1095,#622,.T.);
#1537=EDGE_CURVE('',#1221,#1222,#623,.T.);
#1538=EDGE_CURVE('',#1223,#1221,#624,.T.);
#1539=EDGE_CURVE('',#1224,#1223,#625,.T.);
#1540=EDGE_CURVE('',#1222,#1224,#626,.T.);
#1541=EDGE_CURVE('',#1225,#1226,#627,.T.);
#1542=EDGE_CURVE('',#1225,#1227,#628,.T.);
#1543=EDGE_CURVE('',#1227,#1228,#629,.T.);
#1544=EDGE_CURVE('',#1226,#1228,#630,.T.);
#1545=EDGE_CURVE('',#1229,#1230,#631,.T.);
#1546=EDGE_CURVE('',#1231,#1229,#632,.T.);
#1547=EDGE_CURVE('',#1232,#1231,#633,.T.);
#1548=EDGE_CURVE('',#1230,#1232,#634,.T.);
#1549=EDGE_CURVE('',#1233,#1234,#635,.T.);
#1550=EDGE_CURVE('',#1233,#1235,#636,.T.);
#1551=EDGE_CURVE('',#1235,#1236,#637,.T.);
#1552=EDGE_CURVE('',#1234,#1236,#638,.T.);
#1553=EDGE_CURVE('',#1237,#1238,#639,.T.);
#1554=EDGE_CURVE('',#1239,#1237,#640,.T.);
#1555=EDGE_CURVE('',#1240,#1239,#641,.T.);
#1556=EDGE_CURVE('',#1238,#1240,#642,.T.);
#1557=EDGE_CURVE('',#1241,#1242,#643,.T.);
#1558=EDGE_CURVE('',#1241,#1243,#644,.T.);
#1559=EDGE_CURVE('',#1243,#1244,#645,.T.);
#1560=EDGE_CURVE('',#1242,#1244,#646,.T.);
#1561=EDGE_CURVE('',#1245,#1246,#647,.T.);
#1562=EDGE_CURVE('',#1247,#1245,#648,.T.);
#1563=EDGE_CURVE('',#1248,#1247,#649,.T.);
#1564=EDGE_CURVE('',#1246,#1248,#650,.T.);
#1565=EDGE_CURVE('',#1249,#1250,#651,.T.);
#1566=EDGE_CURVE('',#1249,#1251,#652,.T.);
#1567=EDGE_CURVE('',#1251,#1252,#653,.T.);
#1568=EDGE_CURVE('',#1250,#1252,#654,.T.);
#1569=EDGE_CURVE('',#1228,#1223,#655,.T.);
#1570=EDGE_CURVE('',#1221,#1242,#656,.T.);
#1571=EDGE_CURVE('',#1244,#1239,#657,.T.);
#1572=EDGE_CURVE('',#1237,#1253,#658,.T.);
#1573=EDGE_CURVE('',#1253,#1254,#659,.T.);
#1574=EDGE_CURVE('',#1255,#1254,#660,.T.);
#1575=EDGE_CURVE('',#1256,#1255,#661,.T.);
#1576=EDGE_CURVE('',#1256,#1250,#662,.T.);
#1577=EDGE_CURVE('',#1252,#1247,#663,.T.);
#1578=EDGE_CURVE('',#1245,#1234,#664,.T.);
#1579=EDGE_CURVE('',#1236,#1231,#665,.T.);
#1580=EDGE_CURVE('',#1229,#1226,#666,.T.);
#1581=EDGE_CURVE('',#1257,#1258,#667,.T.);
#1582=EDGE_CURVE('',#1257,#1259,#668,.T.);
#1583=EDGE_CURVE('',#1259,#1260,#669,.T.);
#1584=EDGE_CURVE('',#1258,#1260,#670,.T.);
#1585=EDGE_CURVE('',#1261,#1262,#671,.T.);
#1586=EDGE_CURVE('',#1263,#1261,#672,.T.);
#1587=EDGE_CURVE('',#1264,#1263,#673,.T.);
#1588=EDGE_CURVE('',#1262,#1264,#674,.T.);
#1589=EDGE_CURVE('',#1265,#1266,#675,.T.);
#1590=EDGE_CURVE('',#1265,#1267,#676,.T.);
#1591=EDGE_CURVE('',#1267,#1268,#677,.T.);
#1592=EDGE_CURVE('',#1266,#1268,#678,.T.);
#1593=EDGE_CURVE('',#1269,#1270,#679,.T.);
#1594=EDGE_CURVE('',#1271,#1269,#680,.T.);
#1595=EDGE_CURVE('',#1272,#1271,#681,.T.);
#1596=EDGE_CURVE('',#1270,#1272,#682,.T.);
#1597=EDGE_CURVE('',#1273,#1274,#683,.T.);
#1598=EDGE_CURVE('',#1273,#1275,#684,.T.);
#1599=EDGE_CURVE('',#1275,#1276,#685,.T.);
#1600=EDGE_CURVE('',#1274,#1276,#686,.T.);
#1601=EDGE_CURVE('',#1277,#1278,#687,.T.);
#1602=EDGE_CURVE('',#1279,#1277,#688,.T.);
#1603=EDGE_CURVE('',#1280,#1279,#689,.T.);
#1604=EDGE_CURVE('',#1278,#1280,#690,.T.);
#1605=EDGE_CURVE('',#1281,#1282,#691,.T.);
#1606=EDGE_CURVE('',#1281,#1283,#692,.T.);
#1607=EDGE_CURVE('',#1283,#1284,#693,.T.);
#1608=EDGE_CURVE('',#1282,#1284,#694,.T.);
#1609=EDGE_CURVE('',#1285,#1286,#695,.T.);
#1610=EDGE_CURVE('',#1287,#1285,#696,.T.);
#1611=EDGE_CURVE('',#1288,#1287,#697,.T.);
#1612=EDGE_CURVE('',#1286,#1288,#698,.T.);
#1613=EDGE_CURVE('',#1166,#1111,#699,.T.);
#1614=EDGE_CURVE('',#1121,#1289,#700,.T.);
#1615=EDGE_CURVE('',#1289,#1199,#701,.F.);
#1616=EDGE_CURVE('',#1203,#1172,#702,.T.);
#1617=EDGE_CURVE('',#1198,#1203,#703,.T.);
#1618=EDGE_CURVE('',#1220,#1290,#704,.T.);
#1619=EDGE_CURVE('',#1290,#1207,#705,.F.);
#1620=EDGE_CURVE('',#1291,#1292,#706,.F.);
#1621=EDGE_CURVE('',#1206,#1291,#707,.T.);
#1622=EDGE_CURVE('',#1292,#1205,#708,.T.);
#1623=EDGE_CURVE('',#1291,#1219,#709,.T.);
#1624=EDGE_CURVE('',#1195,#1293,#710,.T.);
#1625=EDGE_CURVE('',#1294,#1293,#711,.T.);
#1626=EDGE_CURVE('',#1192,#1294,#712,.T.);
#1627=EDGE_CURVE('',#1289,#1107,#713,.F.);
#1628=EDGE_CURVE('',#1295,#1296,#112,.T.);
#1629=EDGE_CURVE('',#1296,#1297,#714,.T.);
#1630=EDGE_CURVE('',#1297,#1298,#113,.T.);
#1631=EDGE_CURVE('',#1298,#1295,#715,.T.);
#1632=EDGE_CURVE('',#1296,#1299,#716,.T.);
#1633=EDGE_CURVE('',#1300,#1299,#717,.T.);
#1634=EDGE_CURVE('',#1297,#1300,#718,.T.);
#1635=EDGE_CURVE('',#1301,#1300,#114,.T.);
#1636=EDGE_CURVE('',#1299,#1302,#115,.T.);
#1637=EDGE_CURVE('',#1302,#1301,#719,.T.);
#1638=EDGE_CURVE('',#1302,#1303,#720,.T.);
#1639=EDGE_CURVE('',#1304,#1303,#721,.T.);
#1640=EDGE_CURVE('',#1301,#1304,#722,.T.);
#1641=EDGE_CURVE('',#1305,#1298,#723,.T.);
#1642=EDGE_CURVE('',#1306,#1305,#724,.T.);
#1643=EDGE_CURVE('',#1306,#1295,#725,.T.);
#1644=EDGE_CURVE('',#1303,#1212,#116,.T.);
#1645=EDGE_CURVE('',#1211,#1304,#117,.T.);
#1646=EDGE_CURVE('',#1209,#1306,#118,.T.);
#1647=EDGE_CURVE('',#1305,#1210,#119,.T.);
#1648=EDGE_CURVE('',#1208,#1292,#726,.T.);
#1649=EDGE_CURVE('',#1290,#1178,#727,.T.);
#1650=EDGE_CURVE('',#1307,#1307,#120,.T.);
#1651=EDGE_CURVE('',#1307,#1308,#728,.T.);
#1652=EDGE_CURVE('',#1308,#1308,#121,.T.);
#1653=EDGE_CURVE('',#1309,#1309,#122,.T.);
#1654=EDGE_CURVE('',#1309,#1310,#729,.T.);
#1655=EDGE_CURVE('',#1310,#1310,#123,.T.);
#1656=EDGE_CURVE('',#1311,#1311,#124,.T.);
#1657=EDGE_CURVE('',#1311,#1312,#730,.T.);
#1658=EDGE_CURVE('',#1312,#1312,#125,.T.);
#1659=EDGE_CURVE('',#1313,#1313,#126,.T.);
#1660=EDGE_CURVE('',#1313,#1314,#731,.T.);
#1661=EDGE_CURVE('',#1314,#1314,#127,.T.);
#1662=EDGE_CURVE('',#1315,#1315,#128,.T.);
#1663=EDGE_CURVE('',#1315,#1316,#732,.T.);
#1664=EDGE_CURVE('',#1316,#1316,#129,.T.);
#1665=EDGE_CURVE('',#1317,#1317,#130,.T.);
#1666=EDGE_CURVE('',#1317,#1318,#733,.T.);
#1667=EDGE_CURVE('',#1318,#1318,#131,.T.);
#1668=EDGE_CURVE('',#1319,#1319,#132,.T.);
#1669=EDGE_CURVE('',#1319,#1320,#734,.T.);
#1670=EDGE_CURVE('',#1320,#1320,#133,.T.);
#1671=EDGE_CURVE('',#1321,#1321,#134,.T.);
#1672=EDGE_CURVE('',#1321,#1322,#735,.T.);
#1673=EDGE_CURVE('',#1322,#1322,#135,.T.);
#1674=EDGE_CURVE('',#1259,#1264,#136,.T.);
#1675=EDGE_CURVE('',#1262,#1257,#15,.T.);
#1676=EDGE_CURVE('',#1260,#1263,#736,.T.);
#1677=EDGE_CURVE('',#1267,#1272,#137,.T.);
#1678=EDGE_CURVE('',#1270,#1265,#16,.T.);
#1679=EDGE_CURVE('',#1268,#1271,#737,.T.);
#1680=EDGE_CURVE('',#1275,#1280,#138,.T.);
#1681=EDGE_CURVE('',#1278,#1273,#17,.T.);
#1682=EDGE_CURVE('',#1276,#1279,#738,.T.);
#1683=EDGE_CURVE('',#1283,#1288,#139,.T.);
#1684=EDGE_CURVE('',#1286,#1281,#18,.T.);
#1685=EDGE_CURVE('',#1284,#1287,#739,.T.);
#1686=EDGE_CURVE('',#1323,#1324,#140,.T.);
#1687=EDGE_CURVE('',#1324,#1325,#740,.T.);
#1688=EDGE_CURVE('',#1325,#1326,#141,.T.);
#1689=EDGE_CURVE('',#1326,#1294,#741,.T.);
#1690=EDGE_CURVE('',#1293,#1323,#742,.T.);
#1691=EDGE_CURVE('',#1230,#1233,#19,.T.);
#1692=EDGE_CURVE('',#1235,#1232,#142,.T.);
#1693=EDGE_CURVE('',#1246,#1249,#20,.T.);
#1694=EDGE_CURVE('',#1251,#1248,#143,.T.);
#1695=EDGE_CURVE('',#1222,#1225,#21,.T.);
#1696=EDGE_CURVE('',#1227,#1224,#144,.T.);
#1697=EDGE_CURVE('',#1238,#1241,#22,.T.);
#1698=EDGE_CURVE('',#1243,#1240,#145,.T.);
#1699=EDGE_CURVE('',#1327,#1328,#743,.T.);
#1700=EDGE_CURVE('',#1327,#1329,#744,.T.);
#1701=EDGE_CURVE('',#1330,#1329,#745,.T.);
#1702=EDGE_CURVE('',#1328,#1330,#746,.T.);
#1703=EDGE_CURVE('',#1329,#1331,#747,.T.);
#1704=EDGE_CURVE('',#1331,#1255,#146,.T.);
#1705=EDGE_CURVE('',#1254,#1332,#147,.T.);
#1706=EDGE_CURVE('',#1332,#1330,#748,.T.);
#1707=EDGE_CURVE('',#1328,#1333,#749,.T.);
#1708=EDGE_CURVE('',#1333,#1334,#750,.T.);
#1709=EDGE_CURVE('',#1334,#1327,#751,.T.);
#1710=EDGE_CURVE('',#1335,#1332,#752,.T.);
#1711=EDGE_CURVE('',#1335,#1336,#753,.T.);
#1712=EDGE_CURVE('',#1336,#1323,#754,.T.);
#1713=EDGE_CURVE('',#1333,#1194,#755,.T.);
#1714=EDGE_CURVE('',#1193,#1334,#756,.T.);
#1715=EDGE_CURVE('',#1336,#1337,#23,.T.);
#1716=EDGE_CURVE('',#1337,#1324,#757,.T.);
#1717=EDGE_CURVE('',#1253,#1335,#24,.T.);
#1718=EDGE_CURVE('',#1338,#1339,#25,.T.);
#1719=EDGE_CURVE('',#1339,#1326,#758,.T.);
#1720=EDGE_CURVE('',#1325,#1338,#759,.T.);
#1721=EDGE_CURVE('',#1339,#1340,#760,.T.);
#1722=EDGE_CURVE('',#1340,#1331,#761,.T.);
#1723=EDGE_CURVE('',#1340,#1256,#26,.T.);
#1724=EDGE_CURVE('',#1261,#1266,#762,.T.);
#1725=EDGE_CURVE('',#1269,#1282,#763,.T.);
#1726=EDGE_CURVE('',#1285,#1338,#764,.T.);
#1727=EDGE_CURVE('',#1337,#1274,#765,.T.);
#1728=EDGE_CURVE('',#1277,#1258,#766,.T.);
#1729=ORIENTED_EDGE('',*,*,#1341,.F.);
#1730=ORIENTED_EDGE('',*,*,#1342,.F.);
#1731=ORIENTED_EDGE('',*,*,#1343,.F.);
#1732=ORIENTED_EDGE('',*,*,#1344,.F.);
#1733=ORIENTED_EDGE('',*,*,#1345,.F.);
#1734=ORIENTED_EDGE('',*,*,#1346,.F.);
#1735=ORIENTED_EDGE('',*,*,#1347,.F.);
#1736=ORIENTED_EDGE('',*,*,#1348,.F.);
#1737=ORIENTED_EDGE('',*,*,#1349,.F.);
#1738=ORIENTED_EDGE('',*,*,#1350,.F.);
#1739=ORIENTED_EDGE('',*,*,#1351,.F.);
#1740=ORIENTED_EDGE('',*,*,#1352,.F.);
#1741=ORIENTED_EDGE('',*,*,#1353,.F.);
#1742=ORIENTED_EDGE('',*,*,#1354,.F.);
#1743=ORIENTED_EDGE('',*,*,#1355,.F.);
#1744=ORIENTED_EDGE('',*,*,#1356,.F.);
#1745=ORIENTED_EDGE('',*,*,#1357,.F.);
#1746=ORIENTED_EDGE('',*,*,#1358,.F.);
#1747=ORIENTED_EDGE('',*,*,#1359,.F.);
#1748=ORIENTED_EDGE('',*,*,#1360,.F.);
#1749=ORIENTED_EDGE('',*,*,#1361,.T.);
#1750=ORIENTED_EDGE('',*,*,#1350,.T.);
#1751=ORIENTED_EDGE('',*,*,#1362,.F.);
#1752=ORIENTED_EDGE('',*,*,#1363,.F.);
#1753=ORIENTED_EDGE('',*,*,#1364,.T.);
#1754=ORIENTED_EDGE('',*,*,#1365,.F.);
#1755=ORIENTED_EDGE('',*,*,#1366,.F.);
#1756=ORIENTED_EDGE('',*,*,#1367,.F.);
#1757=ORIENTED_EDGE('',*,*,#1368,.T.);
#1758=ORIENTED_EDGE('',*,*,#1369,.T.);
#1759=ORIENTED_EDGE('',*,*,#1349,.T.);
#1760=ORIENTED_EDGE('',*,*,#1370,.F.);
#1761=ORIENTED_EDGE('',*,*,#1371,.T.);
#1762=ORIENTED_EDGE('',*,*,#1362,.T.);
#1763=ORIENTED_EDGE('',*,*,#1372,.F.);
#1764=ORIENTED_EDGE('',*,*,#1359,.T.);
#1765=ORIENTED_EDGE('',*,*,#1373,.F.);
#1766=ORIENTED_EDGE('',*,*,#1374,.F.);
#1767=ORIENTED_EDGE('',*,*,#1375,.F.);
#1768=ORIENTED_EDGE('',*,*,#1376,.F.);
#1769=ORIENTED_EDGE('',*,*,#1377,.F.);
#1770=ORIENTED_EDGE('',*,*,#1378,.F.);
#1771=ORIENTED_EDGE('',*,*,#1379,.F.);
#1772=ORIENTED_EDGE('',*,*,#1380,.F.);
#1773=ORIENTED_EDGE('',*,*,#1381,.F.);
#1774=ORIENTED_EDGE('',*,*,#1367,.T.);
#1775=ORIENTED_EDGE('',*,*,#1382,.T.);
#1776=ORIENTED_EDGE('',*,*,#1383,.T.);
#1777=ORIENTED_EDGE('',*,*,#1384,.T.);
#1778=ORIENTED_EDGE('',*,*,#1385,.T.);
#1779=ORIENTED_EDGE('',*,*,#1386,.T.);
#1780=ORIENTED_EDGE('',*,*,#1387,.F.);
#1781=ORIENTED_EDGE('',*,*,#1381,.T.);
#1782=ORIENTED_EDGE('',*,*,#1388,.F.);
#1783=ORIENTED_EDGE('',*,*,#1341,.T.);
#1784=ORIENTED_EDGE('',*,*,#1361,.F.);
#1785=ORIENTED_EDGE('',*,*,#1380,.T.);
#1786=ORIENTED_EDGE('',*,*,#1389,.T.);
#1787=ORIENTED_EDGE('',*,*,#1342,.T.);
#1788=ORIENTED_EDGE('',*,*,#1388,.T.);
#1789=ORIENTED_EDGE('',*,*,#1379,.T.);
#1790=ORIENTED_EDGE('',*,*,#1390,.F.);
#1791=ORIENTED_EDGE('',*,*,#1343,.T.);
#1792=ORIENTED_EDGE('',*,*,#1389,.F.);
#1793=ORIENTED_EDGE('',*,*,#1387,.T.);
#1794=ORIENTED_EDGE('',*,*,#1391,.F.);
#1795=ORIENTED_EDGE('',*,*,#1344,.T.);
#1796=ORIENTED_EDGE('',*,*,#1390,.T.);
#1797=ORIENTED_EDGE('',*,*,#1392,.F.);
#1798=ORIENTED_EDGE('',*,*,#1393,.F.);
#1799=ORIENTED_EDGE('',*,*,#1394,.F.);
#1800=ORIENTED_EDGE('',*,*,#1395,.F.);
#1801=ORIENTED_EDGE('',*,*,#1378,.T.);
#1802=ORIENTED_EDGE('',*,*,#1396,.T.);
#1803=ORIENTED_EDGE('',*,*,#1397,.T.);
#1804=ORIENTED_EDGE('',*,*,#1398,.T.);
#1805=ORIENTED_EDGE('',*,*,#1399,.T.);
#1806=ORIENTED_EDGE('',*,*,#1400,.T.);
#1807=ORIENTED_EDGE('',*,*,#1401,.F.);
#1808=ORIENTED_EDGE('',*,*,#1402,.T.);
#1809=ORIENTED_EDGE('',*,*,#1403,.T.);
#1810=ORIENTED_EDGE('',*,*,#1404,.F.);
#1811=ORIENTED_EDGE('',*,*,#1405,.F.);
#1812=ORIENTED_EDGE('',*,*,#1406,.T.);
#1813=ORIENTED_EDGE('',*,*,#1407,.T.);
#1814=ORIENTED_EDGE('',*,*,#1402,.F.);
#1815=ORIENTED_EDGE('',*,*,#1408,.F.);
#1816=ORIENTED_EDGE('',*,*,#1409,.T.);
#1817=ORIENTED_EDGE('',*,*,#1410,.T.);
#1818=ORIENTED_EDGE('',*,*,#1406,.F.);
#1819=ORIENTED_EDGE('',*,*,#1411,.F.);
#1820=ORIENTED_EDGE('',*,*,#1404,.T.);
#1821=ORIENTED_EDGE('',*,*,#1412,.T.);
#1822=ORIENTED_EDGE('',*,*,#1409,.F.);
#1823=ORIENTED_EDGE('',*,*,#1412,.F.);
#1824=ORIENTED_EDGE('',*,*,#1403,.F.);
#1825=ORIENTED_EDGE('',*,*,#1407,.F.);
#1826=ORIENTED_EDGE('',*,*,#1410,.F.);
#1827=ORIENTED_EDGE('',*,*,#1413,.F.);
#1828=ORIENTED_EDGE('',*,*,#1414,.T.);
#1829=ORIENTED_EDGE('',*,*,#1415,.T.);
#1830=ORIENTED_EDGE('',*,*,#1416,.F.);
#1831=ORIENTED_EDGE('',*,*,#1417,.F.);
#1832=ORIENTED_EDGE('',*,*,#1418,.T.);
#1833=ORIENTED_EDGE('',*,*,#1419,.T.);
#1834=ORIENTED_EDGE('',*,*,#1414,.F.);
#1835=ORIENTED_EDGE('',*,*,#1420,.F.);
#1836=ORIENTED_EDGE('',*,*,#1421,.T.);
#1837=ORIENTED_EDGE('',*,*,#1422,.T.);
#1838=ORIENTED_EDGE('',*,*,#1418,.F.);
#1839=ORIENTED_EDGE('',*,*,#1423,.F.);
#1840=ORIENTED_EDGE('',*,*,#1416,.T.);
#1841=ORIENTED_EDGE('',*,*,#1424,.T.);
#1842=ORIENTED_EDGE('',*,*,#1421,.F.);
#1843=ORIENTED_EDGE('',*,*,#1424,.F.);
#1844=ORIENTED_EDGE('',*,*,#1415,.F.);
#1845=ORIENTED_EDGE('',*,*,#1419,.F.);
#1846=ORIENTED_EDGE('',*,*,#1422,.F.);
#1847=ORIENTED_EDGE('',*,*,#1425,.F.);
#1848=ORIENTED_EDGE('',*,*,#1426,.T.);
#1849=ORIENTED_EDGE('',*,*,#1427,.T.);
#1850=ORIENTED_EDGE('',*,*,#1428,.F.);
#1851=ORIENTED_EDGE('',*,*,#1429,.F.);
#1852=ORIENTED_EDGE('',*,*,#1430,.T.);
#1853=ORIENTED_EDGE('',*,*,#1431,.T.);
#1854=ORIENTED_EDGE('',*,*,#1426,.F.);
#1855=ORIENTED_EDGE('',*,*,#1432,.F.);
#1856=ORIENTED_EDGE('',*,*,#1433,.T.);
#1857=ORIENTED_EDGE('',*,*,#1434,.T.);
#1858=ORIENTED_EDGE('',*,*,#1430,.F.);
#1859=ORIENTED_EDGE('',*,*,#1435,.F.);
#1860=ORIENTED_EDGE('',*,*,#1428,.T.);
#1861=ORIENTED_EDGE('',*,*,#1436,.T.);
#1862=ORIENTED_EDGE('',*,*,#1433,.F.);
#1863=ORIENTED_EDGE('',*,*,#1436,.F.);
#1864=ORIENTED_EDGE('',*,*,#1427,.F.);
#1865=ORIENTED_EDGE('',*,*,#1431,.F.);
#1866=ORIENTED_EDGE('',*,*,#1434,.F.);
#1867=ORIENTED_EDGE('',*,*,#1437,.F.);
#1868=ORIENTED_EDGE('',*,*,#1438,.T.);
#1869=ORIENTED_EDGE('',*,*,#1439,.T.);
#1870=ORIENTED_EDGE('',*,*,#1440,.F.);
#1871=ORIENTED_EDGE('',*,*,#1441,.F.);
#1872=ORIENTED_EDGE('',*,*,#1442,.T.);
#1873=ORIENTED_EDGE('',*,*,#1443,.T.);
#1874=ORIENTED_EDGE('',*,*,#1438,.F.);
#1875=ORIENTED_EDGE('',*,*,#1444,.F.);
#1876=ORIENTED_EDGE('',*,*,#1445,.T.);
#1877=ORIENTED_EDGE('',*,*,#1446,.T.);
#1878=ORIENTED_EDGE('',*,*,#1442,.F.);
#1879=ORIENTED_EDGE('',*,*,#1447,.F.);
#1880=ORIENTED_EDGE('',*,*,#1440,.T.);
#1881=ORIENTED_EDGE('',*,*,#1448,.T.);
#1882=ORIENTED_EDGE('',*,*,#1445,.F.);
#1883=ORIENTED_EDGE('',*,*,#1448,.F.);
#1884=ORIENTED_EDGE('',*,*,#1439,.F.);
#1885=ORIENTED_EDGE('',*,*,#1443,.F.);
#1886=ORIENTED_EDGE('',*,*,#1446,.F.);
#1887=ORIENTED_EDGE('',*,*,#1449,.F.);
#1888=ORIENTED_EDGE('',*,*,#1450,.F.);
#1889=ORIENTED_EDGE('',*,*,#1451,.F.);
#1890=ORIENTED_EDGE('',*,*,#1452,.T.);
#1891=ORIENTED_EDGE('',*,*,#1453,.T.);
#1892=ORIENTED_EDGE('',*,*,#1454,.F.);
#1893=ORIENTED_EDGE('',*,*,#1455,.T.);
#1894=ORIENTED_EDGE('',*,*,#1456,.F.);
#1895=ORIENTED_EDGE('',*,*,#1457,.F.);
#1896=ORIENTED_EDGE('',*,*,#1458,.F.);
#1897=ORIENTED_EDGE('',*,*,#1459,.T.);
#1898=ORIENTED_EDGE('',*,*,#1453,.F.);
#1899=ORIENTED_EDGE('',*,*,#1460,.F.);
#1900=ORIENTED_EDGE('',*,*,#1455,.F.);
#1901=ORIENTED_EDGE('',*,*,#1461,.T.);
#1902=ORIENTED_EDGE('',*,*,#1462,.T.);
#1903=ORIENTED_EDGE('',*,*,#1463,.T.);
#1904=ORIENTED_EDGE('',*,*,#1464,.T.);
#1905=ORIENTED_EDGE('',*,*,#1395,.T.);
#1906=ORIENTED_EDGE('',*,*,#1465,.T.);
#1907=ORIENTED_EDGE('',*,*,#1360,.T.);
#1908=ORIENTED_EDGE('',*,*,#1372,.T.);
#1909=ORIENTED_EDGE('',*,*,#1391,.T.);
#1910=ORIENTED_EDGE('',*,*,#1386,.F.);
#1911=ORIENTED_EDGE('',*,*,#1466,.F.);
#1912=ORIENTED_EDGE('',*,*,#1467,.F.);
#1913=ORIENTED_EDGE('',*,*,#1468,.F.);
#1914=ORIENTED_EDGE('',*,*,#1469,.F.);
#1915=ORIENTED_EDGE('',*,*,#1470,.F.);
#1916=ORIENTED_EDGE('',*,*,#1345,.T.);
#1917=ORIENTED_EDGE('',*,*,#1346,.T.);
#1918=ORIENTED_EDGE('',*,*,#1470,.T.);
#1919=ORIENTED_EDGE('',*,*,#1471,.F.);
#1920=ORIENTED_EDGE('',*,*,#1472,.F.);
#1921=ORIENTED_EDGE('',*,*,#1473,.F.);
#1922=ORIENTED_EDGE('',*,*,#1474,.T.);
#1923=ORIENTED_EDGE('',*,*,#1466,.T.);
#1924=ORIENTED_EDGE('',*,*,#1385,.F.);
#1925=ORIENTED_EDGE('',*,*,#1348,.T.);
#1926=ORIENTED_EDGE('',*,*,#1475,.T.);
#1927=ORIENTED_EDGE('',*,*,#1476,.F.);
#1928=ORIENTED_EDGE('',*,*,#1370,.T.);
#1929=ORIENTED_EDGE('',*,*,#1377,.T.);
#1930=ORIENTED_EDGE('',*,*,#1477,.F.);
#1931=ORIENTED_EDGE('',*,*,#1478,.F.);
#1932=ORIENTED_EDGE('',*,*,#1396,.F.);
#1933=ORIENTED_EDGE('',*,*,#1358,.T.);
#1934=ORIENTED_EDGE('',*,*,#1479,.F.);
#1935=ORIENTED_EDGE('',*,*,#1480,.T.);
#1936=ORIENTED_EDGE('',*,*,#1373,.T.);
#1937=ORIENTED_EDGE('',*,*,#1478,.T.);
#1938=ORIENTED_EDGE('',*,*,#1481,.T.);
#1939=ORIENTED_EDGE('',*,*,#1482,.F.);
#1940=ORIENTED_EDGE('',*,*,#1397,.F.);
#1941=ORIENTED_EDGE('',*,*,#1347,.T.);
#1942=ORIENTED_EDGE('',*,*,#1472,.T.);
#1943=ORIENTED_EDGE('',*,*,#1483,.T.);
#1944=ORIENTED_EDGE('',*,*,#1484,.T.);
#1945=ORIENTED_EDGE('',*,*,#1485,.T.);
#1946=ORIENTED_EDGE('',*,*,#1486,.F.);
#1947=ORIENTED_EDGE('',*,*,#1487,.T.);
#1948=ORIENTED_EDGE('',*,*,#1488,.F.);
#1949=ORIENTED_EDGE('',*,*,#1489,.T.);
#1950=ORIENTED_EDGE('',*,*,#1490,.T.);
#1951=ORIENTED_EDGE('',*,*,#1491,.T.);
#1952=ORIENTED_EDGE('',*,*,#1479,.T.);
#1953=ORIENTED_EDGE('',*,*,#1357,.T.);
#1954=ORIENTED_EDGE('',*,*,#1492,.F.);
#1955=ORIENTED_EDGE('',*,*,#1493,.F.);
#1956=ORIENTED_EDGE('',*,*,#1457,.T.);
#1957=ORIENTED_EDGE('',*,*,#1494,.T.);
#1958=ORIENTED_EDGE('',*,*,#1451,.T.);
#1959=ORIENTED_EDGE('',*,*,#1495,.F.);
#1960=ORIENTED_EDGE('',*,*,#1475,.F.);
#1961=ORIENTED_EDGE('',*,*,#1496,.F.);
#1962=ORIENTED_EDGE('',*,*,#1497,.T.);
#1963=ORIENTED_EDGE('',*,*,#1473,.T.);
#1964=ORIENTED_EDGE('',*,*,#1384,.F.);
#1965=ORIENTED_EDGE('',*,*,#1482,.T.);
#1966=ORIENTED_EDGE('',*,*,#1498,.T.);
#1967=ORIENTED_EDGE('',*,*,#1499,.T.);
#1968=ORIENTED_EDGE('',*,*,#1398,.F.);
#1969=ORIENTED_EDGE('',*,*,#1394,.T.);
#1970=ORIENTED_EDGE('',*,*,#1500,.F.);
#1971=ORIENTED_EDGE('',*,*,#1351,.T.);
#1972=ORIENTED_EDGE('',*,*,#1465,.F.);
#1973=ORIENTED_EDGE('',*,*,#1499,.F.);
#1974=ORIENTED_EDGE('',*,*,#1501,.T.);
#1975=ORIENTED_EDGE('',*,*,#1502,.T.);
#1976=ORIENTED_EDGE('',*,*,#1399,.F.);
#1977=ORIENTED_EDGE('',*,*,#1355,.T.);
#1978=ORIENTED_EDGE('',*,*,#1503,.T.);
#1979=ORIENTED_EDGE('',*,*,#1504,.F.);
#1980=ORIENTED_EDGE('',*,*,#1505,.F.);
#1981=ORIENTED_EDGE('',*,*,#1484,.F.);
#1982=ORIENTED_EDGE('',*,*,#1506,.T.);
#1983=ORIENTED_EDGE('',*,*,#1468,.T.);
#1984=ORIENTED_EDGE('',*,*,#1507,.F.);
#1985=ORIENTED_EDGE('',*,*,#1483,.F.);
#1986=ORIENTED_EDGE('',*,*,#1471,.T.);
#1987=ORIENTED_EDGE('',*,*,#1469,.T.);
#1988=ORIENTED_EDGE('',*,*,#1506,.F.);
#1989=ORIENTED_EDGE('',*,*,#1490,.F.);
#1990=ORIENTED_EDGE('',*,*,#1508,.T.);
#1991=ORIENTED_EDGE('',*,*,#1375,.T.);
#1992=ORIENTED_EDGE('',*,*,#1509,.F.);
#1993=ORIENTED_EDGE('',*,*,#1491,.F.);
#1994=ORIENTED_EDGE('',*,*,#1509,.T.);
#1995=ORIENTED_EDGE('',*,*,#1374,.T.);
#1996=ORIENTED_EDGE('',*,*,#1480,.F.);
#1997=ORIENTED_EDGE('',*,*,#1510,.T.);
#1998=ORIENTED_EDGE('',*,*,#1511,.F.);
#1999=ORIENTED_EDGE('',*,*,#1512,.T.);
#2000=ORIENTED_EDGE('',*,*,#1513,.F.);
#2001=ORIENTED_EDGE('',*,*,#1364,.F.);
#2002=ORIENTED_EDGE('',*,*,#1514,.F.);
#2003=ORIENTED_EDGE('',*,*,#1515,.F.);
#2004=ORIENTED_EDGE('',*,*,#1461,.F.);
#2005=ORIENTED_EDGE('',*,*,#1516,.T.);
#2006=ORIENTED_EDGE('',*,*,#1517,.F.);
#2007=ORIENTED_EDGE('',*,*,#1518,.F.);
#2008=ORIENTED_EDGE('',*,*,#1519,.F.);
#2009=ORIENTED_EDGE('',*,*,#1520,.F.);
#2010=ORIENTED_EDGE('',*,*,#1521,.F.);
#2011=ORIENTED_EDGE('',*,*,#1510,.F.);
#2012=ORIENTED_EDGE('',*,*,#1464,.F.);
#2013=ORIENTED_EDGE('',*,*,#1522,.F.);
#2014=ORIENTED_EDGE('',*,*,#1523,.T.);
#2015=ORIENTED_EDGE('',*,*,#1524,.T.);
#2016=ORIENTED_EDGE('',*,*,#1523,.F.);
#2017=ORIENTED_EDGE('',*,*,#1524,.F.);
#2018=ORIENTED_EDGE('',*,*,#1525,.F.);
#2019=ORIENTED_EDGE('',*,*,#1526,.T.);
#2020=ORIENTED_EDGE('',*,*,#1527,.T.);
#2021=ORIENTED_EDGE('',*,*,#1526,.F.);
#2022=ORIENTED_EDGE('',*,*,#1527,.F.);
#2023=ORIENTED_EDGE('',*,*,#1369,.F.);
#2024=ORIENTED_EDGE('',*,*,#1528,.T.);
#2025=ORIENTED_EDGE('',*,*,#1529,.T.);
#2026=ORIENTED_EDGE('',*,*,#1528,.F.);
#2027=ORIENTED_EDGE('',*,*,#1529,.F.);
#2028=ORIENTED_EDGE('',*,*,#1368,.F.);
#2029=ORIENTED_EDGE('',*,*,#1530,.T.);
#2030=ORIENTED_EDGE('',*,*,#1531,.T.);
#2031=ORIENTED_EDGE('',*,*,#1530,.F.);
#2032=ORIENTED_EDGE('',*,*,#1531,.F.);
#2033=ORIENTED_EDGE('',*,*,#1532,.T.);
#2034=ORIENTED_EDGE('',*,*,#1400,.F.);
#2035=ORIENTED_EDGE('',*,*,#1502,.F.);
#2036=ORIENTED_EDGE('',*,*,#1533,.F.);
#2037=ORIENTED_EDGE('',*,*,#1534,.T.);
#2038=ORIENTED_EDGE('',*,*,#1535,.F.);
#2039=ORIENTED_EDGE('',*,*,#1503,.F.);
#2040=ORIENTED_EDGE('',*,*,#1354,.T.);
#2041=ORIENTED_EDGE('',*,*,#1522,.T.);
#2042=ORIENTED_EDGE('',*,*,#1525,.T.);
#2043=ORIENTED_EDGE('',*,*,#1392,.T.);
#2044=ORIENTED_EDGE('',*,*,#1532,.F.);
#2045=ORIENTED_EDGE('',*,*,#1353,.T.);
#2046=ORIENTED_EDGE('',*,*,#1536,.F.);
#2047=ORIENTED_EDGE('',*,*,#1537,.F.);
#2048=ORIENTED_EDGE('',*,*,#1538,.F.);
#2049=ORIENTED_EDGE('',*,*,#1539,.F.);
#2050=ORIENTED_EDGE('',*,*,#1540,.F.);
#2051=ORIENTED_EDGE('',*,*,#1541,.F.);
#2052=ORIENTED_EDGE('',*,*,#1542,.T.);
#2053=ORIENTED_EDGE('',*,*,#1543,.T.);
#2054=ORIENTED_EDGE('',*,*,#1544,.F.);
#2055=ORIENTED_EDGE('',*,*,#1545,.F.);
#2056=ORIENTED_EDGE('',*,*,#1546,.F.);
#2057=ORIENTED_EDGE('',*,*,#1547,.F.);
#2058=ORIENTED_EDGE('',*,*,#1548,.F.);
#2059=ORIENTED_EDGE('',*,*,#1549,.F.);
#2060=ORIENTED_EDGE('',*,*,#1550,.T.);
#2061=ORIENTED_EDGE('',*,*,#1551,.T.);
#2062=ORIENTED_EDGE('',*,*,#1552,.F.);
#2063=ORIENTED_EDGE('',*,*,#1553,.F.);
#2064=ORIENTED_EDGE('',*,*,#1554,.F.);
#2065=ORIENTED_EDGE('',*,*,#1555,.F.);
#2066=ORIENTED_EDGE('',*,*,#1556,.F.);
#2067=ORIENTED_EDGE('',*,*,#1557,.F.);
#2068=ORIENTED_EDGE('',*,*,#1558,.T.);
#2069=ORIENTED_EDGE('',*,*,#1559,.T.);
#2070=ORIENTED_EDGE('',*,*,#1560,.F.);
#2071=ORIENTED_EDGE('',*,*,#1561,.F.);
#2072=ORIENTED_EDGE('',*,*,#1562,.F.);
#2073=ORIENTED_EDGE('',*,*,#1563,.F.);
#2074=ORIENTED_EDGE('',*,*,#1564,.F.);
#2075=ORIENTED_EDGE('',*,*,#1565,.F.);
#2076=ORIENTED_EDGE('',*,*,#1566,.T.);
#2077=ORIENTED_EDGE('',*,*,#1567,.T.);
#2078=ORIENTED_EDGE('',*,*,#1568,.F.);
#2079=ORIENTED_EDGE('',*,*,#1544,.T.);
#2080=ORIENTED_EDGE('',*,*,#1569,.T.);
#2081=ORIENTED_EDGE('',*,*,#1538,.T.);
#2082=ORIENTED_EDGE('',*,*,#1570,.T.);
#2083=ORIENTED_EDGE('',*,*,#1560,.T.);
#2084=ORIENTED_EDGE('',*,*,#1571,.T.);
#2085=ORIENTED_EDGE('',*,*,#1554,.T.);
#2086=ORIENTED_EDGE('',*,*,#1572,.T.);
#2087=ORIENTED_EDGE('',*,*,#1573,.T.);
#2088=ORIENTED_EDGE('',*,*,#1574,.F.);
#2089=ORIENTED_EDGE('',*,*,#1575,.F.);
#2090=ORIENTED_EDGE('',*,*,#1576,.T.);
#2091=ORIENTED_EDGE('',*,*,#1568,.T.);
#2092=ORIENTED_EDGE('',*,*,#1577,.T.);
#2093=ORIENTED_EDGE('',*,*,#1562,.T.);
#2094=ORIENTED_EDGE('',*,*,#1578,.T.);
#2095=ORIENTED_EDGE('',*,*,#1552,.T.);
#2096=ORIENTED_EDGE('',*,*,#1579,.T.);
#2097=ORIENTED_EDGE('',*,*,#1546,.T.);
#2098=ORIENTED_EDGE('',*,*,#1580,.T.);
#2099=ORIENTED_EDGE('',*,*,#1581,.F.);
#2100=ORIENTED_EDGE('',*,*,#1582,.T.);
#2101=ORIENTED_EDGE('',*,*,#1583,.T.);
#2102=ORIENTED_EDGE('',*,*,#1584,.F.);
#2103=ORIENTED_EDGE('',*,*,#1585,.F.);
#2104=ORIENTED_EDGE('',*,*,#1586,.F.);
#2105=ORIENTED_EDGE('',*,*,#1587,.F.);
#2106=ORIENTED_EDGE('',*,*,#1588,.F.);
#2107=ORIENTED_EDGE('',*,*,#1589,.F.);
#2108=ORIENTED_EDGE('',*,*,#1590,.T.);
#2109=ORIENTED_EDGE('',*,*,#1591,.T.);
#2110=ORIENTED_EDGE('',*,*,#1592,.F.);
#2111=ORIENTED_EDGE('',*,*,#1593,.F.);
#2112=ORIENTED_EDGE('',*,*,#1594,.F.);
#2113=ORIENTED_EDGE('',*,*,#1595,.F.);
#2114=ORIENTED_EDGE('',*,*,#1596,.F.);
#2115=ORIENTED_EDGE('',*,*,#1597,.F.);
#2116=ORIENTED_EDGE('',*,*,#1598,.T.);
#2117=ORIENTED_EDGE('',*,*,#1599,.T.);
#2118=ORIENTED_EDGE('',*,*,#1600,.F.);
#2119=ORIENTED_EDGE('',*,*,#1601,.F.);
#2120=ORIENTED_EDGE('',*,*,#1602,.F.);
#2121=ORIENTED_EDGE('',*,*,#1603,.F.);
#2122=ORIENTED_EDGE('',*,*,#1604,.F.);
#2123=ORIENTED_EDGE('',*,*,#1605,.F.);
#2124=ORIENTED_EDGE('',*,*,#1606,.T.);
#2125=ORIENTED_EDGE('',*,*,#1607,.T.);
#2126=ORIENTED_EDGE('',*,*,#1608,.F.);
#2127=ORIENTED_EDGE('',*,*,#1609,.F.);
#2128=ORIENTED_EDGE('',*,*,#1610,.F.);
#2129=ORIENTED_EDGE('',*,*,#1611,.F.);
#2130=ORIENTED_EDGE('',*,*,#1612,.F.);
#2131=ORIENTED_EDGE('',*,*,#1495,.T.);
#2132=ORIENTED_EDGE('',*,*,#1450,.T.);
#2133=ORIENTED_EDGE('',*,*,#1613,.T.);
#2134=ORIENTED_EDGE('',*,*,#1476,.T.);
#2135=ORIENTED_EDGE('',*,*,#1614,.T.);
#2136=ORIENTED_EDGE('',*,*,#1615,.T.);
#2137=ORIENTED_EDGE('',*,*,#1496,.T.);
#2138=ORIENTED_EDGE('',*,*,#1383,.F.);
#2139=ORIENTED_EDGE('',*,*,#1616,.T.);
#2140=ORIENTED_EDGE('',*,*,#1458,.T.);
#2141=ORIENTED_EDGE('',*,*,#1493,.T.);
#2142=ORIENTED_EDGE('',*,*,#1617,.T.);
#2143=ORIENTED_EDGE('',*,*,#1356,.T.);
#2144=ORIENTED_EDGE('',*,*,#1505,.T.);
#2145=ORIENTED_EDGE('',*,*,#1617,.F.);
#2146=ORIENTED_EDGE('',*,*,#1492,.T.);
#2147=ORIENTED_EDGE('',*,*,#1449,.T.);
#2148=ORIENTED_EDGE('',*,*,#1459,.F.);
#2149=ORIENTED_EDGE('',*,*,#1454,.T.);
#2150=ORIENTED_EDGE('',*,*,#1616,.F.);
#2151=ORIENTED_EDGE('',*,*,#1504,.T.);
#2152=ORIENTED_EDGE('',*,*,#1535,.T.);
#2153=ORIENTED_EDGE('',*,*,#1618,.T.);
#2154=ORIENTED_EDGE('',*,*,#1619,.T.);
#2155=ORIENTED_EDGE('',*,*,#1514,.T.);
#2156=ORIENTED_EDGE('',*,*,#1363,.T.);
#2157=ORIENTED_EDGE('',*,*,#1371,.F.);
#2158=ORIENTED_EDGE('',*,*,#1613,.F.);
#2159=ORIENTED_EDGE('',*,*,#1620,.F.);
#2160=ORIENTED_EDGE('',*,*,#1621,.F.);
#2161=ORIENTED_EDGE('',*,*,#1512,.F.);
#2162=ORIENTED_EDGE('',*,*,#1622,.F.);
#2163=ORIENTED_EDGE('',*,*,#1513,.T.);
#2164=ORIENTED_EDGE('',*,*,#1621,.T.);
#2165=ORIENTED_EDGE('',*,*,#1623,.T.);
#2166=ORIENTED_EDGE('',*,*,#1533,.T.);
#2167=ORIENTED_EDGE('',*,*,#1501,.F.);
#2168=ORIENTED_EDGE('',*,*,#1498,.F.);
#2169=ORIENTED_EDGE('',*,*,#1481,.F.);
#2170=ORIENTED_EDGE('',*,*,#1477,.T.);
#2171=ORIENTED_EDGE('',*,*,#1376,.T.);
#2172=ORIENTED_EDGE('',*,*,#1508,.F.);
#2173=ORIENTED_EDGE('',*,*,#1489,.F.);
#2174=ORIENTED_EDGE('',*,*,#1624,.T.);
#2175=ORIENTED_EDGE('',*,*,#1625,.F.);
#2176=ORIENTED_EDGE('',*,*,#1626,.F.);
#2177=ORIENTED_EDGE('',*,*,#1485,.F.);
#2178=ORIENTED_EDGE('',*,*,#1507,.T.);
#2179=ORIENTED_EDGE('',*,*,#1467,.T.);
#2180=ORIENTED_EDGE('',*,*,#1474,.F.);
#2181=ORIENTED_EDGE('',*,*,#1497,.F.);
#2182=ORIENTED_EDGE('',*,*,#1615,.F.);
#2183=ORIENTED_EDGE('',*,*,#1627,.T.);
#2184=ORIENTED_EDGE('',*,*,#1365,.T.);
#2185=ORIENTED_EDGE('',*,*,#1628,.T.);
#2186=ORIENTED_EDGE('',*,*,#1629,.T.);
#2187=ORIENTED_EDGE('',*,*,#1630,.T.);
#2188=ORIENTED_EDGE('',*,*,#1631,.T.);
#2189=ORIENTED_EDGE('',*,*,#1629,.F.);
#2190=ORIENTED_EDGE('',*,*,#1632,.T.);
#2191=ORIENTED_EDGE('',*,*,#1633,.F.);
#2192=ORIENTED_EDGE('',*,*,#1634,.F.);
#2193=ORIENTED_EDGE('',*,*,#1635,.T.);
#2194=ORIENTED_EDGE('',*,*,#1633,.T.);
#2195=ORIENTED_EDGE('',*,*,#1636,.T.);
#2196=ORIENTED_EDGE('',*,*,#1637,.T.);
#2197=ORIENTED_EDGE('',*,*,#1637,.F.);
#2198=ORIENTED_EDGE('',*,*,#1638,.T.);
#2199=ORIENTED_EDGE('',*,*,#1639,.F.);
#2200=ORIENTED_EDGE('',*,*,#1640,.F.);
#2201=ORIENTED_EDGE('',*,*,#1631,.F.);
#2202=ORIENTED_EDGE('',*,*,#1641,.F.);
#2203=ORIENTED_EDGE('',*,*,#1642,.F.);
#2204=ORIENTED_EDGE('',*,*,#1643,.T.);
#2205=ORIENTED_EDGE('',*,*,#1644,.T.);
#2206=ORIENTED_EDGE('',*,*,#1520,.T.);
#2207=ORIENTED_EDGE('',*,*,#1645,.T.);
#2208=ORIENTED_EDGE('',*,*,#1639,.T.);
#2209=ORIENTED_EDGE('',*,*,#1646,.T.);
#2210=ORIENTED_EDGE('',*,*,#1642,.T.);
#2211=ORIENTED_EDGE('',*,*,#1647,.T.);
#2212=ORIENTED_EDGE('',*,*,#1518,.T.);
#2213=ORIENTED_EDGE('',*,*,#1643,.F.);
#2214=ORIENTED_EDGE('',*,*,#1646,.F.);
#2215=ORIENTED_EDGE('',*,*,#1517,.T.);
#2216=ORIENTED_EDGE('',*,*,#1648,.T.);
#2217=ORIENTED_EDGE('',*,*,#1622,.T.);
#2218=ORIENTED_EDGE('',*,*,#1511,.T.);
#2219=ORIENTED_EDGE('',*,*,#1521,.T.);
#2220=ORIENTED_EDGE('',*,*,#1644,.F.);
#2221=ORIENTED_EDGE('',*,*,#1638,.F.);
#2222=ORIENTED_EDGE('',*,*,#1636,.F.);
#2223=ORIENTED_EDGE('',*,*,#1632,.F.);
#2224=ORIENTED_EDGE('',*,*,#1628,.F.);
#2225=ORIENTED_EDGE('',*,*,#1463,.F.);
#2226=ORIENTED_EDGE('',*,*,#1649,.F.);
#2227=ORIENTED_EDGE('',*,*,#1618,.F.);
#2228=ORIENTED_EDGE('',*,*,#1534,.F.);
#2229=ORIENTED_EDGE('',*,*,#1623,.F.);
#2230=ORIENTED_EDGE('',*,*,#1620,.T.);
#2231=ORIENTED_EDGE('',*,*,#1648,.F.);
#2232=ORIENTED_EDGE('',*,*,#1516,.F.);
#2233=ORIENTED_EDGE('',*,*,#1494,.F.);
#2234=ORIENTED_EDGE('',*,*,#1456,.T.);
#2235=ORIENTED_EDGE('',*,*,#1460,.T.);
#2236=ORIENTED_EDGE('',*,*,#1452,.F.);
#2237=ORIENTED_EDGE('',*,*,#1649,.T.);
#2238=ORIENTED_EDGE('',*,*,#1462,.F.);
#2239=ORIENTED_EDGE('',*,*,#1515,.T.);
#2240=ORIENTED_EDGE('',*,*,#1619,.F.);
#2241=ORIENTED_EDGE('',*,*,#1366,.T.);
#2242=ORIENTED_EDGE('',*,*,#1627,.F.);
#2243=ORIENTED_EDGE('',*,*,#1614,.F.);
#2244=ORIENTED_EDGE('',*,*,#1382,.F.);
#2245=ORIENTED_EDGE('',*,*,#1650,.F.);
#2246=ORIENTED_EDGE('',*,*,#1651,.T.);
#2247=ORIENTED_EDGE('',*,*,#1652,.F.);
#2248=ORIENTED_EDGE('',*,*,#1651,.F.);
#2249=ORIENTED_EDGE('',*,*,#1653,.F.);
#2250=ORIENTED_EDGE('',*,*,#1654,.T.);
#2251=ORIENTED_EDGE('',*,*,#1655,.F.);
#2252=ORIENTED_EDGE('',*,*,#1654,.F.);
#2253=ORIENTED_EDGE('',*,*,#1656,.F.);
#2254=ORIENTED_EDGE('',*,*,#1657,.T.);
#2255=ORIENTED_EDGE('',*,*,#1658,.F.);
#2256=ORIENTED_EDGE('',*,*,#1657,.F.);
#2257=ORIENTED_EDGE('',*,*,#1659,.F.);
#2258=ORIENTED_EDGE('',*,*,#1660,.T.);
#2259=ORIENTED_EDGE('',*,*,#1661,.F.);
#2260=ORIENTED_EDGE('',*,*,#1660,.F.);
#2261=ORIENTED_EDGE('',*,*,#1662,.F.);
#2262=ORIENTED_EDGE('',*,*,#1663,.T.);
#2263=ORIENTED_EDGE('',*,*,#1664,.F.);
#2264=ORIENTED_EDGE('',*,*,#1663,.F.);
#2265=ORIENTED_EDGE('',*,*,#1665,.F.);
#2266=ORIENTED_EDGE('',*,*,#1666,.T.);
#2267=ORIENTED_EDGE('',*,*,#1667,.F.);
#2268=ORIENTED_EDGE('',*,*,#1666,.F.);
#2269=ORIENTED_EDGE('',*,*,#1668,.F.);
#2270=ORIENTED_EDGE('',*,*,#1669,.T.);
#2271=ORIENTED_EDGE('',*,*,#1670,.F.);
#2272=ORIENTED_EDGE('',*,*,#1669,.F.);
#2273=ORIENTED_EDGE('',*,*,#1671,.F.);
#2274=ORIENTED_EDGE('',*,*,#1672,.T.);
#2275=ORIENTED_EDGE('',*,*,#1673,.F.);
#2276=ORIENTED_EDGE('',*,*,#1672,.F.);
#2277=ORIENTED_EDGE('',*,*,#1588,.T.);
#2278=ORIENTED_EDGE('',*,*,#1674,.F.);
#2279=ORIENTED_EDGE('',*,*,#1582,.F.);
#2280=ORIENTED_EDGE('',*,*,#1675,.F.);
#2281=ORIENTED_EDGE('',*,*,#1674,.T.);
#2282=ORIENTED_EDGE('',*,*,#1587,.T.);
#2283=ORIENTED_EDGE('',*,*,#1676,.F.);
#2284=ORIENTED_EDGE('',*,*,#1583,.F.);
#2285=ORIENTED_EDGE('',*,*,#1662,.T.);
#2286=ORIENTED_EDGE('',*,*,#1596,.T.);
#2287=ORIENTED_EDGE('',*,*,#1677,.F.);
#2288=ORIENTED_EDGE('',*,*,#1590,.F.);
#2289=ORIENTED_EDGE('',*,*,#1678,.F.);
#2290=ORIENTED_EDGE('',*,*,#1677,.T.);
#2291=ORIENTED_EDGE('',*,*,#1595,.T.);
#2292=ORIENTED_EDGE('',*,*,#1679,.F.);
#2293=ORIENTED_EDGE('',*,*,#1591,.F.);
#2294=ORIENTED_EDGE('',*,*,#1665,.T.);
#2295=ORIENTED_EDGE('',*,*,#1604,.T.);
#2296=ORIENTED_EDGE('',*,*,#1680,.F.);
#2297=ORIENTED_EDGE('',*,*,#1598,.F.);
#2298=ORIENTED_EDGE('',*,*,#1681,.F.);
#2299=ORIENTED_EDGE('',*,*,#1680,.T.);
#2300=ORIENTED_EDGE('',*,*,#1603,.T.);
#2301=ORIENTED_EDGE('',*,*,#1682,.F.);
#2302=ORIENTED_EDGE('',*,*,#1599,.F.);
#2303=ORIENTED_EDGE('',*,*,#1668,.T.);
#2304=ORIENTED_EDGE('',*,*,#1612,.T.);
#2305=ORIENTED_EDGE('',*,*,#1683,.F.);
#2306=ORIENTED_EDGE('',*,*,#1606,.F.);
#2307=ORIENTED_EDGE('',*,*,#1684,.F.);
#2308=ORIENTED_EDGE('',*,*,#1683,.T.);
#2309=ORIENTED_EDGE('',*,*,#1611,.T.);
#2310=ORIENTED_EDGE('',*,*,#1685,.F.);
#2311=ORIENTED_EDGE('',*,*,#1607,.F.);
#2312=ORIENTED_EDGE('',*,*,#1671,.T.);
#2313=ORIENTED_EDGE('',*,*,#1686,.T.);
#2314=ORIENTED_EDGE('',*,*,#1687,.T.);
#2315=ORIENTED_EDGE('',*,*,#1688,.T.);
#2316=ORIENTED_EDGE('',*,*,#1689,.T.);
#2317=ORIENTED_EDGE('',*,*,#1625,.T.);
#2318=ORIENTED_EDGE('',*,*,#1690,.T.);
#2319=ORIENTED_EDGE('',*,*,#1664,.T.);
#2320=ORIENTED_EDGE('',*,*,#1667,.T.);
#2321=ORIENTED_EDGE('',*,*,#1670,.T.);
#2322=ORIENTED_EDGE('',*,*,#1673,.T.);
#2323=ORIENTED_EDGE('',*,*,#1550,.F.);
#2324=ORIENTED_EDGE('',*,*,#1691,.F.);
#2325=ORIENTED_EDGE('',*,*,#1548,.T.);
#2326=ORIENTED_EDGE('',*,*,#1692,.F.);
#2327=ORIENTED_EDGE('',*,*,#1692,.T.);
#2328=ORIENTED_EDGE('',*,*,#1547,.T.);
#2329=ORIENTED_EDGE('',*,*,#1579,.F.);
#2330=ORIENTED_EDGE('',*,*,#1551,.F.);
#2331=ORIENTED_EDGE('',*,*,#1653,.T.);
#2332=ORIENTED_EDGE('',*,*,#1566,.F.);
#2333=ORIENTED_EDGE('',*,*,#1693,.F.);
#2334=ORIENTED_EDGE('',*,*,#1564,.T.);
#2335=ORIENTED_EDGE('',*,*,#1694,.F.);
#2336=ORIENTED_EDGE('',*,*,#1694,.T.);
#2337=ORIENTED_EDGE('',*,*,#1563,.T.);
#2338=ORIENTED_EDGE('',*,*,#1577,.F.);
#2339=ORIENTED_EDGE('',*,*,#1567,.F.);
#2340=ORIENTED_EDGE('',*,*,#1659,.T.);
#2341=ORIENTED_EDGE('',*,*,#1542,.F.);
#2342=ORIENTED_EDGE('',*,*,#1695,.F.);
#2343=ORIENTED_EDGE('',*,*,#1540,.T.);
#2344=ORIENTED_EDGE('',*,*,#1696,.F.);
#2345=ORIENTED_EDGE('',*,*,#1696,.T.);
#2346=ORIENTED_EDGE('',*,*,#1539,.T.);
#2347=ORIENTED_EDGE('',*,*,#1569,.F.);
#2348=ORIENTED_EDGE('',*,*,#1543,.F.);
#2349=ORIENTED_EDGE('',*,*,#1650,.T.);
#2350=ORIENTED_EDGE('',*,*,#1558,.F.);
#2351=ORIENTED_EDGE('',*,*,#1697,.F.);
#2352=ORIENTED_EDGE('',*,*,#1556,.T.);
#2353=ORIENTED_EDGE('',*,*,#1698,.F.);
#2354=ORIENTED_EDGE('',*,*,#1698,.T.);
#2355=ORIENTED_EDGE('',*,*,#1555,.T.);
#2356=ORIENTED_EDGE('',*,*,#1571,.F.);
#2357=ORIENTED_EDGE('',*,*,#1559,.F.);
#2358=ORIENTED_EDGE('',*,*,#1656,.T.);
#2359=ORIENTED_EDGE('',*,*,#1699,.F.);
#2360=ORIENTED_EDGE('',*,*,#1700,.T.);
#2361=ORIENTED_EDGE('',*,*,#1701,.F.);
#2362=ORIENTED_EDGE('',*,*,#1702,.F.);
#2363=ORIENTED_EDGE('',*,*,#1701,.T.);
#2364=ORIENTED_EDGE('',*,*,#1703,.T.);
#2365=ORIENTED_EDGE('',*,*,#1704,.T.);
#2366=ORIENTED_EDGE('',*,*,#1574,.T.);
#2367=ORIENTED_EDGE('',*,*,#1705,.T.);
#2368=ORIENTED_EDGE('',*,*,#1706,.T.);
#2369=ORIENTED_EDGE('',*,*,#1652,.T.);
#2370=ORIENTED_EDGE('',*,*,#1655,.T.);
#2371=ORIENTED_EDGE('',*,*,#1658,.T.);
#2372=ORIENTED_EDGE('',*,*,#1661,.T.);
#2373=ORIENTED_EDGE('',*,*,#1707,.T.);
#2374=ORIENTED_EDGE('',*,*,#1708,.T.);
#2375=ORIENTED_EDGE('',*,*,#1709,.T.);
#2376=ORIENTED_EDGE('',*,*,#1699,.T.);
#2377=ORIENTED_EDGE('',*,*,#1707,.F.);
#2378=ORIENTED_EDGE('',*,*,#1702,.T.);
#2379=ORIENTED_EDGE('',*,*,#1706,.F.);
#2380=ORIENTED_EDGE('',*,*,#1710,.F.);
#2381=ORIENTED_EDGE('',*,*,#1711,.T.);
#2382=ORIENTED_EDGE('',*,*,#1712,.T.);
#2383=ORIENTED_EDGE('',*,*,#1690,.F.);
#2384=ORIENTED_EDGE('',*,*,#1624,.F.);
#2385=ORIENTED_EDGE('',*,*,#1488,.T.);
#2386=ORIENTED_EDGE('',*,*,#1713,.F.);
#2387=ORIENTED_EDGE('',*,*,#1708,.F.);
#2388=ORIENTED_EDGE('',*,*,#1713,.T.);
#2389=ORIENTED_EDGE('',*,*,#1487,.F.);
#2390=ORIENTED_EDGE('',*,*,#1714,.T.);
#2391=ORIENTED_EDGE('',*,*,#1712,.F.);
#2392=ORIENTED_EDGE('',*,*,#1715,.T.);
#2393=ORIENTED_EDGE('',*,*,#1716,.T.);
#2394=ORIENTED_EDGE('',*,*,#1686,.F.);
#2395=ORIENTED_EDGE('',*,*,#1717,.T.);
#2396=ORIENTED_EDGE('',*,*,#1710,.T.);
#2397=ORIENTED_EDGE('',*,*,#1705,.F.);
#2398=ORIENTED_EDGE('',*,*,#1573,.F.);
#2399=ORIENTED_EDGE('',*,*,#1718,.T.);
#2400=ORIENTED_EDGE('',*,*,#1719,.T.);
#2401=ORIENTED_EDGE('',*,*,#1688,.F.);
#2402=ORIENTED_EDGE('',*,*,#1720,.T.);
#2403=ORIENTED_EDGE('',*,*,#1709,.F.);
#2404=ORIENTED_EDGE('',*,*,#1714,.F.);
#2405=ORIENTED_EDGE('',*,*,#1486,.T.);
#2406=ORIENTED_EDGE('',*,*,#1626,.T.);
#2407=ORIENTED_EDGE('',*,*,#1689,.F.);
#2408=ORIENTED_EDGE('',*,*,#1719,.F.);
#2409=ORIENTED_EDGE('',*,*,#1721,.T.);
#2410=ORIENTED_EDGE('',*,*,#1722,.T.);
#2411=ORIENTED_EDGE('',*,*,#1703,.F.);
#2412=ORIENTED_EDGE('',*,*,#1700,.F.);
#2413=ORIENTED_EDGE('',*,*,#1722,.F.);
#2414=ORIENTED_EDGE('',*,*,#1723,.T.);
#2415=ORIENTED_EDGE('',*,*,#1575,.T.);
#2416=ORIENTED_EDGE('',*,*,#1704,.F.);
#2417=ORIENTED_EDGE('',*,*,#1586,.T.);
#2418=ORIENTED_EDGE('',*,*,#1724,.T.);
#2419=ORIENTED_EDGE('',*,*,#1592,.T.);
#2420=ORIENTED_EDGE('',*,*,#1679,.T.);
#2421=ORIENTED_EDGE('',*,*,#1594,.T.);
#2422=ORIENTED_EDGE('',*,*,#1725,.T.);
#2423=ORIENTED_EDGE('',*,*,#1608,.T.);
#2424=ORIENTED_EDGE('',*,*,#1685,.T.);
#2425=ORIENTED_EDGE('',*,*,#1610,.T.);
#2426=ORIENTED_EDGE('',*,*,#1726,.T.);
#2427=ORIENTED_EDGE('',*,*,#1720,.F.);
#2428=ORIENTED_EDGE('',*,*,#1687,.F.);
#2429=ORIENTED_EDGE('',*,*,#1716,.F.);
#2430=ORIENTED_EDGE('',*,*,#1727,.T.);
#2431=ORIENTED_EDGE('',*,*,#1600,.T.);
#2432=ORIENTED_EDGE('',*,*,#1682,.T.);
#2433=ORIENTED_EDGE('',*,*,#1602,.T.);
#2434=ORIENTED_EDGE('',*,*,#1728,.T.);
#2435=ORIENTED_EDGE('',*,*,#1584,.T.);
#2436=ORIENTED_EDGE('',*,*,#1676,.T.);
#2437=ORIENTED_EDGE('',*,*,#1640,.T.);
#2438=ORIENTED_EDGE('',*,*,#1645,.F.);
#2439=ORIENTED_EDGE('',*,*,#1519,.T.);
#2440=ORIENTED_EDGE('',*,*,#1647,.F.);
#2441=ORIENTED_EDGE('',*,*,#1641,.T.);
#2442=ORIENTED_EDGE('',*,*,#1630,.F.);
#2443=ORIENTED_EDGE('',*,*,#1634,.T.);
#2444=ORIENTED_EDGE('',*,*,#1635,.F.);
#2445=ORIENTED_EDGE('',*,*,#1393,.T.);
#2446=ORIENTED_EDGE('',*,*,#1536,.T.);
#2447=ORIENTED_EDGE('',*,*,#1352,.T.);
#2448=ORIENTED_EDGE('',*,*,#1500,.T.);
#2449=ORIENTED_EDGE('',*,*,#1541,.T.);
#2450=ORIENTED_EDGE('',*,*,#1580,.F.);
#2451=ORIENTED_EDGE('',*,*,#1545,.T.);
#2452=ORIENTED_EDGE('',*,*,#1691,.T.);
#2453=ORIENTED_EDGE('',*,*,#1549,.T.);
#2454=ORIENTED_EDGE('',*,*,#1578,.F.);
#2455=ORIENTED_EDGE('',*,*,#1561,.T.);
#2456=ORIENTED_EDGE('',*,*,#1693,.T.);
#2457=ORIENTED_EDGE('',*,*,#1565,.T.);
#2458=ORIENTED_EDGE('',*,*,#1576,.F.);
#2459=ORIENTED_EDGE('',*,*,#1723,.F.);
#2460=ORIENTED_EDGE('',*,*,#1721,.F.);
#2461=ORIENTED_EDGE('',*,*,#1718,.F.);
#2462=ORIENTED_EDGE('',*,*,#1726,.F.);
#2463=ORIENTED_EDGE('',*,*,#1609,.T.);
#2464=ORIENTED_EDGE('',*,*,#1684,.T.);
#2465=ORIENTED_EDGE('',*,*,#1605,.T.);
#2466=ORIENTED_EDGE('',*,*,#1725,.F.);
#2467=ORIENTED_EDGE('',*,*,#1593,.T.);
#2468=ORIENTED_EDGE('',*,*,#1678,.T.);
#2469=ORIENTED_EDGE('',*,*,#1589,.T.);
#2470=ORIENTED_EDGE('',*,*,#1724,.F.);
#2471=ORIENTED_EDGE('',*,*,#1585,.T.);
#2472=ORIENTED_EDGE('',*,*,#1675,.T.);
#2473=ORIENTED_EDGE('',*,*,#1581,.T.);
#2474=ORIENTED_EDGE('',*,*,#1728,.F.);
#2475=ORIENTED_EDGE('',*,*,#1601,.T.);
#2476=ORIENTED_EDGE('',*,*,#1681,.T.);
#2477=ORIENTED_EDGE('',*,*,#1597,.T.);
#2478=ORIENTED_EDGE('',*,*,#1727,.F.);
#2479=ORIENTED_EDGE('',*,*,#1715,.F.);
#2480=ORIENTED_EDGE('',*,*,#1711,.F.);
#2481=ORIENTED_EDGE('',*,*,#1717,.F.);
#2482=ORIENTED_EDGE('',*,*,#1572,.F.);
#2483=ORIENTED_EDGE('',*,*,#1553,.T.);
#2484=ORIENTED_EDGE('',*,*,#1697,.T.);
#2485=ORIENTED_EDGE('',*,*,#1557,.T.);
#2486=ORIENTED_EDGE('',*,*,#1570,.F.);
#2487=ORIENTED_EDGE('',*,*,#1537,.T.);
#2488=ORIENTED_EDGE('',*,*,#1695,.T.);
#2489=ORIENTED_EDGE('',*,*,#1401,.T.);
#2490=ORIENTED_EDGE('',*,*,#1411,.T.);
#2491=ORIENTED_EDGE('',*,*,#1408,.T.);
#2492=ORIENTED_EDGE('',*,*,#1405,.T.);
#2493=ORIENTED_EDGE('',*,*,#1413,.T.);
#2494=ORIENTED_EDGE('',*,*,#1423,.T.);
#2495=ORIENTED_EDGE('',*,*,#1420,.T.);
#2496=ORIENTED_EDGE('',*,*,#1417,.T.);
#2497=ORIENTED_EDGE('',*,*,#1425,.T.);
#2498=ORIENTED_EDGE('',*,*,#1435,.T.);
#2499=ORIENTED_EDGE('',*,*,#1432,.T.);
#2500=ORIENTED_EDGE('',*,*,#1429,.T.);
#2501=ORIENTED_EDGE('',*,*,#1437,.T.);
#2502=ORIENTED_EDGE('',*,*,#1447,.T.);
#2503=ORIENTED_EDGE('',*,*,#1444,.T.);
#2504=ORIENTED_EDGE('',*,*,#1441,.T.);
#2505=PLANE('',#2749);
#2506=PLANE('',#2750);
#2507=PLANE('',#2751);
#2508=PLANE('',#2754);
#2509=PLANE('',#2755);
#2510=PLANE('',#2756);
#2511=PLANE('',#2757);
#2512=PLANE('',#2758);
#2513=PLANE('',#2759);
#2514=PLANE('',#2760);
#2515=PLANE('',#2761);
#2516=PLANE('',#2762);
#2517=PLANE('',#2766);
#2518=PLANE('',#2770);
#2519=PLANE('',#2774);
#2520=PLANE('',#2778);
#2521=PLANE('',#2779);
#2522=PLANE('',#2780);
#2523=PLANE('',#2784);
#2524=PLANE('',#2788);
#2525=PLANE('',#2792);
#2526=PLANE('',#2796);
#2527=PLANE('',#2797);
#2528=PLANE('',#2798);
#2529=PLANE('',#2799);
#2530=PLANE('',#2800);
#2531=PLANE('',#2801);
#2532=PLANE('',#2802);
#2533=PLANE('',#2803);
#2534=PLANE('',#2804);
#2535=PLANE('',#2805);
#2536=PLANE('',#2806);
#2537=PLANE('',#2807);
#2538=PLANE('',#2808);
#2539=PLANE('',#2809);
#2540=PLANE('',#2810);
#2541=PLANE('',#2811);
#2542=PLANE('',#2812);
#2543=PLANE('',#2813);
#2544=PLANE('',#2814);
#2545=PLANE('',#2815);
#2546=PLANE('',#2816);
#2547=PLANE('',#2817);
#2548=PLANE('',#2818);
#2549=PLANE('',#2819);
#2550=PLANE('',#2820);
#2551=PLANE('',#2821);
#2552=PLANE('',#2825);
#2553=PLANE('',#2829);
#2554=PLANE('',#2832);
#2555=PLANE('',#2835);
#2556=PLANE('',#2836);
#2557=PLANE('',#2837);
#2558=PLANE('',#2838);
#2559=PLANE('',#2839);
#2560=PLANE('',#2840);
#2561=PLANE('',#2841);
#2562=PLANE('',#2842);
#2563=PLANE('',#2843);
#2564=PLANE('',#2844);
#2565=PLANE('',#2845);
#2566=PLANE('',#2846);
#2567=PLANE('',#2847);
#2568=PLANE('',#2848);
#2569=PLANE('',#2849);
#2570=PLANE('',#2850);
#2571=PLANE('',#2851);
#2572=PLANE('',#2852);
#2573=PLANE('',#2853);
#2574=PLANE('',#2854);
#2575=PLANE('',#2855);
#2576=PLANE('',#2856);
#2577=PLANE('',#2857);
#2578=PLANE('',#2858);
#2579=PLANE('',#2859);
#2580=PLANE('',#2860);
#2581=PLANE('',#2861);
#2582=PLANE('',#2865);
#2583=PLANE('',#2869);
#2584=PLANE('',#2870);
#2585=PLANE('',#2877);
#2586=PLANE('',#2878);
#2587=PLANE('',#2879);
#2588=PLANE('',#2880);
#2589=PLANE('',#2881);
#2590=PLANE('',#2909);
#2591=PLANE('',#2913);
#2592=PLANE('',#2917);
#2593=PLANE('',#2921);
#2594=PLANE('',#2922);
#2595=PLANE('',#2928);
#2596=PLANE('',#2932);
#2597=PLANE('',#2936);
#2598=PLANE('',#2940);
#2599=PLANE('',#2941);
#2600=PLANE('',#2942);
#2601=PLANE('',#2945);
#2602=PLANE('',#2946);
#2603=PLANE('',#2947);
#2604=PLANE('',#2954);
#2605=PLANE('',#2957);
#2606=PLANE('',#2958);
#2607=PLANE('',#2959);
#2608=ADVANCED_FACE('',(#148),#2505,.F.);
#2609=ADVANCED_FACE('',(#149),#2506,.F.);
#2610=ADVANCED_FACE('',(#150,#63,#64),#2507,.F.);
#2611=ADVANCED_FACE('',(#151),#2508,.F.);
#2612=ADVANCED_FACE('',(#152),#2509,.F.);
#2613=ADVANCED_FACE('',(#153),#2510,.T.);
#2614=ADVANCED_FACE('',(#154),#2511,.F.);
#2615=ADVANCED_FACE('',(#155),#2512,.F.);
#2616=ADVANCED_FACE('',(#156),#2513,.F.);
#2617=ADVANCED_FACE('',(#157),#2514,.T.);
#2618=ADVANCED_FACE('',(#158),#2515,.T.);
#2619=ADVANCED_FACE('',(#159),#2516,.F.);
#2620=ADVANCED_FACE('',(#160),#27,.F.);
#2621=ADVANCED_FACE('',(#161),#2517,.F.);
#2622=ADVANCED_FACE('',(#162),#28,.F.);
#2623=ADVANCED_FACE('',(#163),#2518,.T.);
#2624=ADVANCED_FACE('',(#164),#29,.F.);
#2625=ADVANCED_FACE('',(#165),#2519,.F.);
#2626=ADVANCED_FACE('',(#166),#30,.F.);
#2627=ADVANCED_FACE('',(#167),#2520,.F.);
#2628=ADVANCED_FACE('',(#168),#2521,.T.);
#2629=ADVANCED_FACE('',(#169),#2522,.F.);
#2630=ADVANCED_FACE('',(#170),#31,.F.);
#2631=ADVANCED_FACE('',(#171),#2523,.F.);
#2632=ADVANCED_FACE('',(#172),#32,.F.);
#2633=ADVANCED_FACE('',(#173),#2524,.T.);
#2634=ADVANCED_FACE('',(#174),#33,.F.);
#2635=ADVANCED_FACE('',(#175),#2525,.F.);
#2636=ADVANCED_FACE('',(#176),#34,.F.);
#2637=ADVANCED_FACE('',(#177),#2526,.F.);
#2638=ADVANCED_FACE('',(#178),#2527,.T.);
#2639=ADVANCED_FACE('',(#179),#2528,.F.);
#2640=ADVANCED_FACE('',(#180),#2529,.F.);
#2641=ADVANCED_FACE('',(#181),#2530,.F.);
#2642=ADVANCED_FACE('',(#182),#2531,.F.);
#2643=ADVANCED_FACE('',(#183),#2532,.T.);
#2644=ADVANCED_FACE('',(#184),#2533,.F.);
#2645=ADVANCED_FACE('',(#185),#2534,.F.);
#2646=ADVANCED_FACE('',(#186),#2535,.F.);
#2647=ADVANCED_FACE('',(#187),#2536,.T.);
#2648=ADVANCED_FACE('',(#188),#2537,.F.);
#2649=ADVANCED_FACE('',(#189),#2538,.F.);
#2650=ADVANCED_FACE('',(#190),#2539,.T.);
#2651=ADVANCED_FACE('',(#191),#2540,.T.);
#2652=ADVANCED_FACE('',(#192),#2541,.T.);
#2653=ADVANCED_FACE('',(#193),#2542,.T.);
#2654=ADVANCED_FACE('',(#194),#2543,.F.);
#2655=ADVANCED_FACE('',(#195),#2544,.F.);
#2656=ADVANCED_FACE('',(#196),#2545,.F.);
#2657=ADVANCED_FACE('',(#197),#2546,.F.);
#2658=ADVANCED_FACE('',(#198),#2547,.F.);
#2659=ADVANCED_FACE('',(#199),#2548,.F.);
#2660=ADVANCED_FACE('',(#200),#2549,.F.);
#2661=ADVANCED_FACE('',(#201),#2550,.F.);
#2662=ADVANCED_FACE('',(#202),#2551,.F.);
#2663=ADVANCED_FACE('',(#203),#35,.F.);
#2664=ADVANCED_FACE('',(#204),#2552,.T.);
#2665=ADVANCED_FACE('',(#205),#36,.F.);
#2666=ADVANCED_FACE('',(#206),#2553,.T.);
#2667=ADVANCED_FACE('',(#207),#37,.F.);
#2668=ADVANCED_FACE('',(#208),#2554,.T.);
#2669=ADVANCED_FACE('',(#209),#38,.F.);
#2670=ADVANCED_FACE('',(#210),#2555,.T.);
#2671=ADVANCED_FACE('',(#211,#65,#66),#2556,.F.);
#2672=ADVANCED_FACE('',(#212),#2557,.F.);
#2673=ADVANCED_FACE('',(#213),#2558,.F.);
#2674=ADVANCED_FACE('',(#214),#2559,.F.);
#2675=ADVANCED_FACE('',(#215),#2560,.F.);
#2676=ADVANCED_FACE('',(#216),#2561,.F.);
#2677=ADVANCED_FACE('',(#217),#2562,.F.);
#2678=ADVANCED_FACE('',(#218),#2563,.F.);
#2679=ADVANCED_FACE('',(#219),#2564,.F.);
#2680=ADVANCED_FACE('',(#220),#2565,.F.);
#2681=ADVANCED_FACE('',(#221),#2566,.T.);
#2682=ADVANCED_FACE('',(#222),#2567,.F.);
#2683=ADVANCED_FACE('',(#223),#2568,.F.);
#2684=ADVANCED_FACE('',(#224),#2569,.F.);
#2685=ADVANCED_FACE('',(#225),#2570,.F.);
#2686=ADVANCED_FACE('',(#226),#2571,.F.);
#2687=ADVANCED_FACE('',(#227),#2572,.F.);
#2688=ADVANCED_FACE('',(#228),#2573,.F.);
#2689=ADVANCED_FACE('',(#229),#2574,.F.);
#2690=ADVANCED_FACE('',(#230),#2575,.T.);
#2691=ADVANCED_FACE('',(#231),#2576,.T.);
#2692=ADVANCED_FACE('',(#232),#2577,.T.);
#2693=ADVANCED_FACE('',(#233),#2578,.T.);
#2694=ADVANCED_FACE('',(#234),#2579,.F.);
#2695=ADVANCED_FACE('',(#235),#2580,.F.);
#2696=ADVANCED_FACE('',(#236),#2581,.T.);
#2697=ADVANCED_FACE('',(#237),#39,.F.);
#2698=ADVANCED_FACE('',(#238),#2582,.F.);
#2699=ADVANCED_FACE('',(#239),#40,.F.);
#2700=ADVANCED_FACE('',(#240),#2583,.F.);
#2701=ADVANCED_FACE('',(#241),#2584,.F.);
#2702=ADVANCED_FACE('',(#242),#41,.F.);
#2703=ADVANCED_FACE('',(#243),#42,.F.);
#2704=ADVANCED_FACE('',(#244),#2585,.F.);
#2705=ADVANCED_FACE('',(#245),#2586,.F.);
#2706=ADVANCED_FACE('',(#246),#2587,.F.);
#2707=ADVANCED_FACE('',(#247),#2588,.F.);
#2708=ADVANCED_FACE('',(#248),#2589,.F.);
#2709=ADVANCED_FACE('',(#249),#43,.F.);
#2710=ADVANCED_FACE('',(#250),#44,.F.);
#2711=ADVANCED_FACE('',(#251),#45,.F.);
#2712=ADVANCED_FACE('',(#252),#46,.F.);
#2713=ADVANCED_FACE('',(#253),#47,.F.);
#2714=ADVANCED_FACE('',(#254),#48,.F.);
#2715=ADVANCED_FACE('',(#255),#49,.F.);
#2716=ADVANCED_FACE('',(#256),#50,.F.);
#2717=ADVANCED_FACE('',(#257),#51,.F.);
#2718=ADVANCED_FACE('',(#258,#67),#2590,.F.);
#2719=ADVANCED_FACE('',(#259),#52,.F.);
#2720=ADVANCED_FACE('',(#260,#68),#2591,.F.);
#2721=ADVANCED_FACE('',(#261),#53,.F.);
#2722=ADVANCED_FACE('',(#262,#69),#2592,.F.);
#2723=ADVANCED_FACE('',(#263),#54,.F.);
#2724=ADVANCED_FACE('',(#264,#70),#2593,.F.);
#2725=ADVANCED_FACE('',(#265,#71,#72,#73,#74),#2594,.T.);
#2726=ADVANCED_FACE('',(#266),#55,.F.);
#2727=ADVANCED_FACE('',(#267,#75),#2595,.F.);
#2728=ADVANCED_FACE('',(#268),#56,.F.);
#2729=ADVANCED_FACE('',(#269,#76),#2596,.F.);
#2730=ADVANCED_FACE('',(#270),#57,.F.);
#2731=ADVANCED_FACE('',(#271,#77),#2597,.F.);
#2732=ADVANCED_FACE('',(#272),#58,.F.);
#2733=ADVANCED_FACE('',(#273,#78),#2598,.F.);
#2734=ADVANCED_FACE('',(#274),#2599,.T.);
#2735=ADVANCED_FACE('',(#275,#79,#80,#81,#82),#2600,.T.);
#2736=ADVANCED_FACE('',(#276),#2601,.T.);
#2737=ADVANCED_FACE('',(#277),#2602,.T.);
#2738=ADVANCED_FACE('',(#278),#2603,.T.);
#2739=ADVANCED_FACE('',(#279),#59,.T.);
#2740=ADVANCED_FACE('',(#280),#60,.T.);
#2741=ADVANCED_FACE('',(#281),#61,.T.);
#2742=ADVANCED_FACE('',(#282),#2604,.T.);
#2743=ADVANCED_FACE('',(#283),#62,.T.);
#2744=ADVANCED_FACE('',(#284,#83),#2605,.T.);
#2745=ADVANCED_FACE('',(#285),#2606,.F.);
#2746=ADVANCED_FACE('',(#286,#84,#85,#86,#87),#2607,.T.);
#2747=CLOSED_SHELL('',(#2608,#2609,#2610,#2611,#2612,#2613,#2614,#2615,
#2616,#2617,#2618,#2619,#2620,#2621,#2622,#2623,#2624,#2625,#2626,#2627,
#2628,#2629,#2630,#2631,#2632,#2633,#2634,#2635,#2636,#2637,#2638,#2639,
#2640,#2641,#2642,#2643,#2644,#2645,#2646,#2647,#2648,#2649,#2650,#2651,
#2652,#2653,#2654,#2655,#2656,#2657,#2658,#2659,#2660,#2661,#2662,#2663,
#2664,#2665,#2666,#2667,#2668,#2669,#2670,#2671,#2672,#2673,#2674,#2675,
#2676,#2677,#2678,#2679,#2680,#2681,#2682,#2683,#2684,#2685,#2686,#2687,
#2688,#2689,#2690,#2691,#2692,#2693,#2694,#2695,#2696,#2697,#2698,#2699,
#2700,#2701,#2702,#2703,#2704,#2705,#2706,#2707,#2708,#2709,#2710,#2711,
#2712,#2713,#2714,#2715,#2716,#2717,#2718,#2719,#2720,#2721,#2722,#2723,
#2724,#2725,#2726,#2727,#2728,#2729,#2730,#2731,#2732,#2733,#2734,#2735,
#2736,#2737,#2738,#2739,#2740,#2741,#2742,#2743,#2744,#2745,#2746));
#2748=AXIS2_PLACEMENT_3D('',#3700,#2960,#2961);
#2749=AXIS2_PLACEMENT_3D('',#3701,#2962,#2963);
#2750=AXIS2_PLACEMENT_3D('',#3722,#2974,#2975);
#2751=AXIS2_PLACEMENT_3D('',#3743,#2986,#2987);
#2752=AXIS2_PLACEMENT_3D('',#3758,#2995,#2996);
#2753=AXIS2_PLACEMENT_3D('',#3760,#2997,#2998);
#2754=AXIS2_PLACEMENT_3D('',#3761,#2999,#3000);
#2755=AXIS2_PLACEMENT_3D('',#3765,#3003,#3004);
#2756=AXIS2_PLACEMENT_3D('',#3779,#3012,#3013);
#2757=AXIS2_PLACEMENT_3D('',#3797,#3023,#3024);
#2758=AXIS2_PLACEMENT_3D('',#3799,#3026,#3027);
#2759=AXIS2_PLACEMENT_3D('',#3801,#3029,#3030);
#2760=AXIS2_PLACEMENT_3D('',#3803,#3032,#3033);
#2761=AXIS2_PLACEMENT_3D('',#3805,#3035,#3036);
#2762=AXIS2_PLACEMENT_3D('',#3823,#3046,#3047);
#2763=AXIS2_PLACEMENT_3D('',#3832,#3052,#3053);
#2764=AXIS2_PLACEMENT_3D('',#3834,#3054,#3055);
#2765=AXIS2_PLACEMENT_3D('',#3837,#3057,#3058);
#2766=AXIS2_PLACEMENT_3D('',#3838,#3059,#3060);
#2767=AXIS2_PLACEMENT_3D('',#3844,#3064,#3065);
#2768=AXIS2_PLACEMENT_3D('',#3845,#3066,#3067);
#2769=AXIS2_PLACEMENT_3D('',#3846,#3068,#3069);
#2770=AXIS2_PLACEMENT_3D('',#3847,#3070,#3071);
#2771=AXIS2_PLACEMENT_3D('',#3848,#3072,#3073);
#2772=AXIS2_PLACEMENT_3D('',#3851,#3074,#3075);
#2773=AXIS2_PLACEMENT_3D('',#3855,#3077,#3078);
#2774=AXIS2_PLACEMENT_3D('',#3857,#3080,#3081);
#2775=AXIS2_PLACEMENT_3D('',#3863,#3085,#3086);
#2776=AXIS2_PLACEMENT_3D('',#3865,#3087,#3088);
#2777=AXIS2_PLACEMENT_3D('',#3868,#3090,#3091);
#2778=AXIS2_PLACEMENT_3D('',#3869,#3092,#3093);
#2779=AXIS2_PLACEMENT_3D('',#3872,#3096,#3097);
#2780=AXIS2_PLACEMENT_3D('',#3873,#3098,#3099);
#2781=AXIS2_PLACEMENT_3D('',#3882,#3104,#3105);
#2782=AXIS2_PLACEMENT_3D('',#3884,#3106,#3107);
#2783=AXIS2_PLACEMENT_3D('',#3887,#3109,#3110);
#2784=AXIS2_PLACEMENT_3D('',#3888,#3111,#3112);
#2785=AXIS2_PLACEMENT_3D('',#3894,#3116,#3117);
#2786=AXIS2_PLACEMENT_3D('',#3895,#3118,#3119);
#2787=AXIS2_PLACEMENT_3D('',#3896,#3120,#3121);
#2788=AXIS2_PLACEMENT_3D('',#3897,#3122,#3123);
#2789=AXIS2_PLACEMENT_3D('',#3898,#3124,#3125);
#2790=AXIS2_PLACEMENT_3D('',#3901,#3126,#3127);
#2791=AXIS2_PLACEMENT_3D('',#3905,#3129,#3130);
#2792=AXIS2_PLACEMENT_3D('',#3907,#3132,#3133);
#2793=AXIS2_PLACEMENT_3D('',#3913,#3137,#3138);
#2794=AXIS2_PLACEMENT_3D('',#3915,#3139,#3140);
#2795=AXIS2_PLACEMENT_3D('',#3918,#3142,#3143);
#2796=AXIS2_PLACEMENT_3D('',#3919,#3144,#3145);
#2797=AXIS2_PLACEMENT_3D('',#3922,#3148,#3149);
#2798=AXIS2_PLACEMENT_3D('',#3923,#3150,#3151);
#2799=AXIS2_PLACEMENT_3D('',#3934,#3157,#3158);
#2800=AXIS2_PLACEMENT_3D('',#3945,#3164,#3165);
#2801=AXIS2_PLACEMENT_3D('',#3948,#3168,#3169);
#2802=AXIS2_PLACEMENT_3D('',#3957,#3174,#3175);
#2803=AXIS2_PLACEMENT_3D('',#3959,#3177,#3178);
#2804=AXIS2_PLACEMENT_3D('',#3969,#3184,#3185);
#2805=AXIS2_PLACEMENT_3D('',#3973,#3188,#3189);
#2806=AXIS2_PLACEMENT_3D('',#3977,#3192,#3193);
#2807=AXIS2_PLACEMENT_3D('',#3981,#3196,#3197);
#2808=AXIS2_PLACEMENT_3D('',#3985,#3200,#3201);
#2809=AXIS2_PLACEMENT_3D('',#3989,#3204,#3205);
#2810=AXIS2_PLACEMENT_3D('',#3993,#3208,#3209);
#2811=AXIS2_PLACEMENT_3D('',#4016,#3223,#3224);
#2812=AXIS2_PLACEMENT_3D('',#4020,#3227,#3228);
#2813=AXIS2_PLACEMENT_3D('',#4024,#3231,#3232);
#2814=AXIS2_PLACEMENT_3D('',#4026,#3234,#3235);
#2815=AXIS2_PLACEMENT_3D('',#4030,#3238,#3239);
#2816=AXIS2_PLACEMENT_3D('',#4036,#3243,#3244);
#2817=AXIS2_PLACEMENT_3D('',#4039,#3247,#3248);
#2818=AXIS2_PLACEMENT_3D('',#4040,#3249,#3250);
#2819=AXIS2_PLACEMENT_3D('',#4043,#3253,#3254);
#2820=AXIS2_PLACEMENT_3D('',#4044,#3255,#3256);
#2821=AXIS2_PLACEMENT_3D('',#4055,#3263,#3264);
#2822=AXIS2_PLACEMENT_3D('',#4067,#3271,#3272);
#2823=AXIS2_PLACEMENT_3D('',#4069,#3273,#3274);
#2824=AXIS2_PLACEMENT_3D('',#4072,#3276,#3277);
#2825=AXIS2_PLACEMENT_3D('',#4073,#3278,#3279);
#2826=AXIS2_PLACEMENT_3D('',#4074,#3280,#3281);
#2827=AXIS2_PLACEMENT_3D('',#4076,#3282,#3283);
#2828=AXIS2_PLACEMENT_3D('',#4079,#3285,#3286);
#2829=AXIS2_PLACEMENT_3D('',#4080,#3287,#3288);
#2830=AXIS2_PLACEMENT_3D('',#4081,#3289,#3290);
#2831=AXIS2_PLACEMENT_3D('',#4084,#3292,#3293);
#2832=AXIS2_PLACEMENT_3D('',#4085,#3294,#3295);
#2833=AXIS2_PLACEMENT_3D('',#4086,#3296,#3297);
#2834=AXIS2_PLACEMENT_3D('',#4089,#3299,#3300);
#2835=AXIS2_PLACEMENT_3D('',#4090,#3301,#3302);
#2836=AXIS2_PLACEMENT_3D('',#4091,#3303,#3304);
#2837=AXIS2_PLACEMENT_3D('',#4098,#3309,#3310);
#2838=AXIS2_PLACEMENT_3D('',#4100,#3312,#3313);
#2839=AXIS2_PLACEMENT_3D('',#4109,#3318,#3319);
#2840=AXIS2_PLACEMENT_3D('',#4118,#3324,#3325);
#2841=AXIS2_PLACEMENT_3D('',#4127,#3330,#3331);
#2842=AXIS2_PLACEMENT_3D('',#4136,#3336,#3337);
#2843=AXIS2_PLACEMENT_3D('',#4145,#3342,#3343);
#2844=AXIS2_PLACEMENT_3D('',#4154,#3348,#3349);
#2845=AXIS2_PLACEMENT_3D('',#4163,#3354,#3355);
#2846=AXIS2_PLACEMENT_3D('',#4172,#3360,#3361);
#2847=AXIS2_PLACEMENT_3D('',#4189,#3374,#3375);
#2848=AXIS2_PLACEMENT_3D('',#4198,#3380,#3381);
#2849=AXIS2_PLACEMENT_3D('',#4207,#3386,#3387);
#2850=AXIS2_PLACEMENT_3D('',#4216,#3392,#3393);
#2851=AXIS2_PLACEMENT_3D('',#4225,#3398,#3399);
#2852=AXIS2_PLACEMENT_3D('',#4234,#3404,#3405);
#2853=AXIS2_PLACEMENT_3D('',#4243,#3410,#3411);
#2854=AXIS2_PLACEMENT_3D('',#4252,#3416,#3417);
#2855=AXIS2_PLACEMENT_3D('',#4261,#3422,#3423);
#2856=AXIS2_PLACEMENT_3D('',#4263,#3425,#3426);
#2857=AXIS2_PLACEMENT_3D('',#4267,#3429,#3430);
#2858=AXIS2_PLACEMENT_3D('',#4270,#3433,#3434);
#2859=AXIS2_PLACEMENT_3D('',#4271,#3435,#3436);
#2860=AXIS2_PLACEMENT_3D('',#4275,#3439,#3440);
#2861=AXIS2_PLACEMENT_3D('',#4281,#3444,#3445);
#2862=AXIS2_PLACEMENT_3D('',#4289,#3451,#3452);
#2863=AXIS2_PLACEMENT_3D('',#4292,#3453,#3454);
#2864=AXIS2_PLACEMENT_3D('',#4296,#3456,#3457);
#2865=AXIS2_PLACEMENT_3D('',#4298,#3459,#3460);
#2866=AXIS2_PLACEMENT_3D('',#4304,#3464,#3465);
#2867=AXIS2_PLACEMENT_3D('',#4306,#3466,#3467);
#2868=AXIS2_PLACEMENT_3D('',#4308,#3468,#3469);
#2869=AXIS2_PLACEMENT_3D('',#4310,#3471,#3472);
#2870=AXIS2_PLACEMENT_3D('',#4316,#3476,#3477);
#2871=AXIS2_PLACEMENT_3D('',#4322,#3481,#3482);
#2872=AXIS2_PLACEMENT_3D('',#4323,#3483,#3484);
#2873=AXIS2_PLACEMENT_3D('',#4324,#3485,#3486);
#2874=AXIS2_PLACEMENT_3D('',#4325,#3487,#3488);
#2875=AXIS2_PLACEMENT_3D('',#4326,#3489,#3490);
#2876=AXIS2_PLACEMENT_3D('',#4327,#3491,#3492);
#2877=AXIS2_PLACEMENT_3D('',#4328,#3493,#3494);
#2878=AXIS2_PLACEMENT_3D('',#4330,#3496,#3497);
#2879=AXIS2_PLACEMENT_3D('',#4332,#3499,#3500);
#2880=AXIS2_PLACEMENT_3D('',#4333,#3501,#3502);
#2881=AXIS2_PLACEMENT_3D('',#4334,#3503,#3504);
#2882=AXIS2_PLACEMENT_3D('',#4335,#3505,#3506);
#2883=AXIS2_PLACEMENT_3D('',#4337,#3507,#3508);
#2884=AXIS2_PLACEMENT_3D('',#4340,#3510,#3511);
#2885=AXIS2_PLACEMENT_3D('',#4341,#3512,#3513);
#2886=AXIS2_PLACEMENT_3D('',#4343,#3514,#3515);
#2887=AXIS2_PLACEMENT_3D('',#4346,#3517,#3518);
#2888=AXIS2_PLACEMENT_3D('',#4347,#3519,#3520);
#2889=AXIS2_PLACEMENT_3D('',#4349,#3521,#3522);
#2890=AXIS2_PLACEMENT_3D('',#4352,#3524,#3525);
#2891=AXIS2_PLACEMENT_3D('',#4353,#3526,#3527);
#2892=AXIS2_PLACEMENT_3D('',#4355,#3528,#3529);
#2893=AXIS2_PLACEMENT_3D('',#4358,#3531,#3532);
#2894=AXIS2_PLACEMENT_3D('',#4359,#3533,#3534);
#2895=AXIS2_PLACEMENT_3D('',#4361,#3535,#3536);
#2896=AXIS2_PLACEMENT_3D('',#4364,#3538,#3539);
#2897=AXIS2_PLACEMENT_3D('',#4365,#3540,#3541);
#2898=AXIS2_PLACEMENT_3D('',#4367,#3542,#3543);
#2899=AXIS2_PLACEMENT_3D('',#4370,#3545,#3546);
#2900=AXIS2_PLACEMENT_3D('',#4371,#3547,#3548);
#2901=AXIS2_PLACEMENT_3D('',#4373,#3549,#3550);
#2902=AXIS2_PLACEMENT_3D('',#4376,#3552,#3553);
#2903=AXIS2_PLACEMENT_3D('',#4377,#3554,#3555);
#2904=AXIS2_PLACEMENT_3D('',#4379,#3556,#3557);
#2905=AXIS2_PLACEMENT_3D('',#4382,#3559,#3560);
#2906=AXIS2_PLACEMENT_3D('',#4383,#3561,#3562);
#2907=AXIS2_PLACEMENT_3D('',#4384,#3563,#3564);
#2908=AXIS2_PLACEMENT_3D('',#4385,#3565,#3566);
#2909=AXIS2_PLACEMENT_3D('',#4386,#3567,#3568);
#2910=AXIS2_PLACEMENT_3D('',#4388,#3570,#3571);
#2911=AXIS2_PLACEMENT_3D('',#4389,#3572,#3573);
#2912=AXIS2_PLACEMENT_3D('',#4390,#3574,#3575);
#2913=AXIS2_PLACEMENT_3D('',#4391,#3576,#3577);
#2914=AXIS2_PLACEMENT_3D('',#4393,#3579,#3580);
#2915=AXIS2_PLACEMENT_3D('',#4394,#3581,#3582);
#2916=AXIS2_PLACEMENT_3D('',#4395,#3583,#3584);
#2917=AXIS2_PLACEMENT_3D('',#4396,#3585,#3586);
#2918=AXIS2_PLACEMENT_3D('',#4398,#3588,#3589);
#2919=AXIS2_PLACEMENT_3D('',#4399,#3590,#3591);
#2920=AXIS2_PLACEMENT_3D('',#4400,#3592,#3593);
#2921=AXIS2_PLACEMENT_3D('',#4401,#3594,#3595);
#2922=AXIS2_PLACEMENT_3D('',#4403,#3597,#3598);
#2923=AXIS2_PLACEMENT_3D('',#4406,#3599,#3600);
#2924=AXIS2_PLACEMENT_3D('',#4410,#3602,#3603);
#2925=AXIS2_PLACEMENT_3D('',#4413,#3606,#3607);
#2926=AXIS2_PLACEMENT_3D('',#4414,#3608,#3609);
#2927=AXIS2_PLACEMENT_3D('',#4415,#3610,#3611);
#2928=AXIS2_PLACEMENT_3D('',#4416,#3612,#3613);
#2929=AXIS2_PLACEMENT_3D('',#4417,#3614,#3615);
#2930=AXIS2_PLACEMENT_3D('',#4418,#3616,#3617);
#2931=AXIS2_PLACEMENT_3D('',#4419,#3618,#3619);
#2932=AXIS2_PLACEMENT_3D('',#4420,#3620,#3621);
#2933=AXIS2_PLACEMENT_3D('',#4421,#3622,#3623);
#2934=AXIS2_PLACEMENT_3D('',#4422,#3624,#3625);
#2935=AXIS2_PLACEMENT_3D('',#4423,#3626,#3627);
#2936=AXIS2_PLACEMENT_3D('',#4424,#3628,#3629);
#2937=AXIS2_PLACEMENT_3D('',#4425,#3630,#3631);
#2938=AXIS2_PLACEMENT_3D('',#4426,#3632,#3633);
#2939=AXIS2_PLACEMENT_3D('',#4427,#3634,#3635);
#2940=AXIS2_PLACEMENT_3D('',#4428,#3636,#3637);
#2941=AXIS2_PLACEMENT_3D('',#4429,#3638,#3639);
#2942=AXIS2_PLACEMENT_3D('',#4438,#3644,#3645);
#2943=AXIS2_PLACEMENT_3D('',#4441,#3647,#3648);
#2944=AXIS2_PLACEMENT_3D('',#4443,#3649,#3650);
#2945=AXIS2_PLACEMENT_3D('',#4445,#3652,#3653);
#2946=AXIS2_PLACEMENT_3D('',#4451,#3657,#3658);
#2947=AXIS2_PLACEMENT_3D('',#4458,#3663,#3664);
#2948=AXIS2_PLACEMENT_3D('',#4460,#3666,#3667);
#2949=AXIS2_PLACEMENT_3D('',#4462,#3668,#3669);
#2950=AXIS2_PLACEMENT_3D('',#4464,#3671,#3672);
#2951=AXIS2_PLACEMENT_3D('',#4465,#3673,#3674);
#2952=AXIS2_PLACEMENT_3D('',#4466,#3675,#3676);
#2953=AXIS2_PLACEMENT_3D('',#4469,#3677,#3678);
#2954=AXIS2_PLACEMENT_3D('',#4472,#3681,#3682);
#2955=AXIS2_PLACEMENT_3D('',#4476,#3685,#3686);
#2956=AXIS2_PLACEMENT_3D('',#4477,#3687,#3688);
#2957=AXIS2_PLACEMENT_3D('',#4478,#3689,#3690);
#2958=AXIS2_PLACEMENT_3D('',#4484,#3696,#3697);
#2959=AXIS2_PLACEMENT_3D('',#4485,#3698,#3699);
#2960=DIRECTION('axis',(0.,0.,1.));
#2961=DIRECTION('refdir',(1.,0.,0.));
#2962=DIRECTION('center_axis',(0.,-1.,0.));
#2963=DIRECTION('ref_axis',(0.,0.,-1.));
#2964=DIRECTION('',(0.,0.,1.));
#2965=DIRECTION('',(1.,0.,0.));
#2966=DIRECTION('',(0.,0.,-1.));
#2967=DIRECTION('',(0.819152044288996,-8.25004648295961E-16,-0.57357643635104));
#2968=DIRECTION('',(-1.,0.,0.));
#2969=DIRECTION('',(0.,0.,-1.));
#2970=DIRECTION('',(-1.,0.,0.));
#2971=DIRECTION('',(-0.707106781186571,0.,0.707106781186524));
#2972=DIRECTION('',(0.,0.,1.));
#2973=DIRECTION('',(-1.,0.,0.));
#2974=DIRECTION('center_axis',(0.,-1.,0.));
#2975=DIRECTION('ref_axis',(0.,0.,-1.));
#2976=DIRECTION('',(0.,0.,1.));
#2977=DIRECTION('',(1.,0.,0.));
#2978=DIRECTION('',(0.,0.,-1.));
#2979=DIRECTION('',(-1.,0.,0.));
#2980=DIRECTION('',(0.,0.,-1.));
#2981=DIRECTION('',(-0.70710678118654,0.,-0.707106781186555));
#2982=DIRECTION('',(-1.,0.,0.));
#2983=DIRECTION('',(0.,0.,1.));
#2984=DIRECTION('',(-1.,0.,0.));
#2985=DIRECTION('',(0.819152044288996,0.,0.57357643635104));
#2986=DIRECTION('center_axis',(0.,0.,-1.));
#2987=DIRECTION('ref_axis',(-1.,0.,0.));
#2988=DIRECTION('',(0.,-1.,0.));
#2989=DIRECTION('',(0.,-1.,0.));
#2990=DIRECTION('',(1.,3.00918040379507E-14,0.));
#2991=DIRECTION('',(2.84217094304042E-14,-1.,0.));
#2992=DIRECTION('',(-1.,0.,0.));
#2993=DIRECTION('',(0.,-1.,0.));
#2994=DIRECTION('',(-1.,0.,0.));
#2995=DIRECTION('center_axis',(0.,0.,-1.));
#2996=DIRECTION('ref_axis',(-1.,3.42102370623393E-47,0.));
#2997=DIRECTION('center_axis',(0.,0.,-1.));
#2998=DIRECTION('ref_axis',(-1.,3.42102370623393E-47,0.));
#2999=DIRECTION('center_axis',(-1.,0.,0.));
#3000=DIRECTION('ref_axis',(0.,1.,0.));
#3001=DIRECTION('',(0.,1.,0.));
#3002=DIRECTION('',(0.,0.,1.));
#3003=DIRECTION('center_axis',(0.,0.,-1.));
#3004=DIRECTION('ref_axis',(-1.,0.,0.));
#3005=DIRECTION('',(0.,-1.,0.));
#3006=DIRECTION('',(-4.736951571734E-14,1.,0.));
#3007=DIRECTION('',(-1.,-4.82804679426735E-14,0.));
#3008=DIRECTION('',(4.736951571734E-14,-1.,0.));
#3009=DIRECTION('',(1.,0.,0.));
#3010=DIRECTION('',(-4.736951571734E-14,1.,0.));
#3011=DIRECTION('',(-1.,-5.0753052554321E-14,0.));
#3012=DIRECTION('center_axis',(0.,-1.,0.));
#3013=DIRECTION('ref_axis',(0.,0.,-1.));
#3014=DIRECTION('',(0.,0.,1.));
#3015=DIRECTION('',(-1.,0.,0.));
#3016=DIRECTION('',(0.,0.,-1.));
#3017=DIRECTION('',(0.,0.,1.));
#3018=DIRECTION('',(-0.707106781186571,0.,0.707106781186524));
#3019=DIRECTION('',(-1.,0.,0.));
#3020=DIRECTION('',(0.,0.,-1.));
#3021=DIRECTION('',(-1.,0.,0.));
#3022=DIRECTION('',(-0.819152044288996,0.,0.57357643635104));
#3023=DIRECTION('center_axis',(1.,0.,0.));
#3024=DIRECTION('ref_axis',(0.,-1.,0.));
#3025=DIRECTION('',(0.,1.,0.));
#3026=DIRECTION('center_axis',(0.,0.,-1.));
#3027=DIRECTION('ref_axis',(-1.,0.,0.));
#3028=DIRECTION('',(0.,-1.,0.));
#3029=DIRECTION('center_axis',(-1.,0.,0.));
#3030=DIRECTION('ref_axis',(0.,1.,0.));
#3031=DIRECTION('',(0.,-1.,1.20026832670246E-15));
#3032=DIRECTION('center_axis',(0.57357643635104,9.83202253513649E-16,0.819152044288996));
#3033=DIRECTION('ref_axis',(0.819152044288996,-8.25004648295961E-16,-0.57357643635104));
#3034=DIRECTION('',(0.,1.,0.));
#3035=DIRECTION('center_axis',(0.,-1.,0.));
#3036=DIRECTION('ref_axis',(0.,0.,-1.));
#3037=DIRECTION('',(0.,0.,1.));
#3038=DIRECTION('',(-1.,0.,0.));
#3039=DIRECTION('',(0.,0.,-1.));
#3040=DIRECTION('',(-0.819152044288996,0.,-0.57357643635104));
#3041=DIRECTION('',(0.,0.,1.));
#3042=DIRECTION('',(-1.,-5.0753052554321E-14,0.));
#3043=DIRECTION('',(-0.70710678118654,-3.58878276270772E-14,-0.707106781186555));
#3044=DIRECTION('',(0.,0.,-1.));
#3045=DIRECTION('',(-1.,0.,0.));
#3046=DIRECTION('center_axis',(-2.08983157576499E-15,0.994521895368272,
-0.104528463267665));
#3047=DIRECTION('ref_axis',(-1.,-2.07838325973026E-15,2.18446883102935E-16));
#3048=DIRECTION('',(-1.,-2.07838325973026E-15,2.18446883102933E-16));
#3049=DIRECTION('',(0.,0.104528463267665,0.994521895368272));
#3050=DIRECTION('',(-1.,-2.07838325973026E-15,2.18446883102935E-16));
#3051=DIRECTION('',(0.,0.104528463267665,0.994521895368272));
#3052=DIRECTION('center_axis',(0.,0.104528463267665,0.994521895368272));
#3053=DIRECTION('ref_axis',(0.,0.994521895368272,-0.104528463267665));
#3054=DIRECTION('center_axis',(0.,0.104528463267653,0.994521895368273));
#3055=DIRECTION('ref_axis',(0.,0.994521895368272,-0.104528463267665));
#3056=DIRECTION('',(0.,0.104528463267665,0.994521895368272));
#3057=DIRECTION('center_axis',(0.,0.104528463267654,0.994521895368273));
#3058=DIRECTION('ref_axis',(0.,0.994521895368273,-0.104528463267654));
#3059=DIRECTION('center_axis',(-2.08983157576499E-15,-0.994521895368272,
0.104528463267665));
#3060=DIRECTION('ref_axis',(1.,-2.07838325973026E-15,2.18446883102935E-16));
#3061=DIRECTION('',(1.,-2.07838325973026E-15,2.18446883102933E-16));
#3062=DIRECTION('',(0.,0.104528463267665,0.994521895368272));
#3063=DIRECTION('',(1.,-2.07838325973026E-15,2.18446883102935E-16));
#3064=DIRECTION('center_axis',(0.,0.104528463267665,0.994521895368272));
#3065=DIRECTION('ref_axis',(-1.,0.,0.));
#3066=DIRECTION('center_axis',(0.,0.104528463267653,0.994521895368273));
#3067=DIRECTION('ref_axis',(-1.,0.,0.));
#3068=DIRECTION('center_axis',(0.,0.104528463267654,0.994521895368273));
#3069=DIRECTION('ref_axis',(-1.,0.,0.));
#3070=DIRECTION('center_axis',(0.,-0.104528463267654,-0.994521895368273));
#3071=DIRECTION('ref_axis',(1.,0.,0.));
#3072=DIRECTION('center_axis',(0.,0.104528463267665,0.994521895368272));
#3073=DIRECTION('ref_axis',(0.,0.994521895368272,-0.104528463267665));
#3074=DIRECTION('center_axis',(0.,0.104528463267653,0.994521895368273));
#3075=DIRECTION('ref_axis',(0.,0.994521895368272,-0.104528463267665));
#3076=DIRECTION('',(0.,0.104528463267665,0.994521895368272));
#3077=DIRECTION('center_axis',(0.,0.104528463267654,0.994521895368273));
#3078=DIRECTION('ref_axis',(0.,0.994521895368273,-0.104528463267654));
#3079=DIRECTION('',(0.,0.104528463267665,0.994521895368272));
#3080=DIRECTION('center_axis',(2.08983157576498E-15,-0.994521895368272,
0.104528463267665));
#3081=DIRECTION('ref_axis',(1.,2.07838325973025E-15,-2.18446883102934E-16));
#3082=DIRECTION('',(1.,2.07838325973025E-15,-2.18446883102932E-16));
#3083=DIRECTION('',(0.,0.104528463267665,0.994521895368272));
#3084=DIRECTION('',(1.,2.07838325973025E-15,-2.18446883102934E-16));
#3085=DIRECTION('center_axis',(0.,0.104528463267665,0.994521895368272));
#3086=DIRECTION('ref_axis',(0.,-0.994521895368272,0.104528463267665));
#3087=DIRECTION('center_axis',(0.,0.104528463267653,0.994521895368273));
#3088=DIRECTION('ref_axis',(0.,-0.994521895368272,0.104528463267665));
#3089=DIRECTION('',(0.,0.104528463267665,0.994521895368272));
#3090=DIRECTION('center_axis',(0.,0.104528463267654,0.994521895368273));
#3091=DIRECTION('ref_axis',(0.,-0.994521895368273,0.104528463267654));
#3092=DIRECTION('center_axis',(2.08983157576499E-15,0.994521895368272,-0.104528463267665));
#3093=DIRECTION('ref_axis',(-1.,2.07838325973026E-15,-2.18446883102935E-16));
#3094=DIRECTION('',(-1.,2.07838325973026E-15,-2.18446883102933E-16));
#3095=DIRECTION('',(-1.,2.07838325973026E-15,-2.18446883102935E-16));
#3096=DIRECTION('center_axis',(0.,-0.104528463267654,-0.994521895368273));
#3097=DIRECTION('ref_axis',(1.,0.,0.));
#3098=DIRECTION('center_axis',(-2.08983157576498E-15,-0.994521895368272,
0.104528463267665));
#3099=DIRECTION('ref_axis',(1.,-2.07838325973025E-15,2.18446883102934E-16));
#3100=DIRECTION('',(1.,-2.07838325973025E-15,2.18446883102932E-16));
#3101=DIRECTION('',(0.,0.104528463267665,0.994521895368272));
#3102=DIRECTION('',(1.,-2.07838325973025E-15,2.18446883102934E-16));
#3103=DIRECTION('',(0.,0.104528463267665,0.994521895368272));
#3104=DIRECTION('center_axis',(0.,0.104528463267665,0.994521895368272));
#3105=DIRECTION('ref_axis',(0.,-0.994521895368272,0.104528463267665));
#3106=DIRECTION('center_axis',(0.,0.104528463267653,0.994521895368273));
#3107=DIRECTION('ref_axis',(0.,-0.994521895368272,0.104528463267665));
#3108=DIRECTION('',(0.,0.104528463267665,0.994521895368272));
#3109=DIRECTION('center_axis',(0.,0.104528463267654,0.994521895368273));
#3110=DIRECTION('ref_axis',(0.,-0.994521895368273,0.104528463267654));
#3111=DIRECTION('center_axis',(-2.08983157576499E-15,0.994521895368272,
-0.104528463267665));
#3112=DIRECTION('ref_axis',(-1.,-2.07838325973026E-15,2.18446883102935E-16));
#3113=DIRECTION('',(-1.,-2.07838325973026E-15,2.18446883102933E-16));
#3114=DIRECTION('',(0.,0.104528463267665,0.994521895368272));
#3115=DIRECTION('',(-1.,-2.07838325973026E-15,2.18446883102935E-16));
#3116=DIRECTION('center_axis',(0.,0.104528463267665,0.994521895368272));
#3117=DIRECTION('ref_axis',(0.,0.994521895368272,-0.104528463267665));
#3118=DIRECTION('center_axis',(0.,0.104528463267653,0.994521895368273));
#3119=DIRECTION('ref_axis',(0.,0.994521895368272,-0.104528463267665));
#3120=DIRECTION('center_axis',(0.,0.104528463267654,0.994521895368273));
#3121=DIRECTION('ref_axis',(0.,0.994521895368273,-0.104528463267654));
#3122=DIRECTION('center_axis',(0.,-0.104528463267654,-0.994521895368273));
#3123=DIRECTION('ref_axis',(1.,0.,0.));
#3124=DIRECTION('center_axis',(0.,0.104528463267665,0.994521895368272));
#3125=DIRECTION('ref_axis',(0.,0.994521895368272,-0.104528463267665));
#3126=DIRECTION('center_axis',(0.,0.104528463267653,0.994521895368273));
#3127=DIRECTION('ref_axis',(0.,0.994521895368272,-0.104528463267665));
#3128=DIRECTION('',(0.,0.104528463267665,0.994521895368272));
#3129=DIRECTION('center_axis',(0.,0.104528463267654,0.994521895368273));
#3130=DIRECTION('ref_axis',(0.,0.994521895368273,-0.104528463267654));
#3131=DIRECTION('',(0.,0.104528463267665,0.994521895368272));
#3132=DIRECTION('center_axis',(2.08983157576498E-15,-0.994521895368272,
0.104528463267665));
#3133=DIRECTION('ref_axis',(1.,2.07838325973025E-15,-2.18446883102934E-16));
#3134=DIRECTION('',(1.,2.07838325973025E-15,-2.18446883102932E-16));
#3135=DIRECTION('',(0.,0.104528463267665,0.994521895368272));
#3136=DIRECTION('',(1.,2.07838325973025E-15,-2.18446883102934E-16));
#3137=DIRECTION('center_axis',(0.,0.104528463267665,0.994521895368272));
#3138=DIRECTION('ref_axis',(0.,-0.994521895368272,0.104528463267665));
#3139=DIRECTION('center_axis',(0.,0.104528463267653,0.994521895368273));
#3140=DIRECTION('ref_axis',(0.,-0.994521895368272,0.104528463267665));
#3141=DIRECTION('',(0.,0.104528463267665,0.994521895368272));
#3142=DIRECTION('center_axis',(0.,0.104528463267654,0.994521895368273));
#3143=DIRECTION('ref_axis',(0.,-0.994521895368273,0.104528463267654));
#3144=DIRECTION('center_axis',(2.08983157576499E-15,0.994521895368272,-0.104528463267665));
#3145=DIRECTION('ref_axis',(-1.,2.07838325973026E-15,-2.18446883102935E-16));
#3146=DIRECTION('',(-1.,2.07838325973026E-15,-2.18446883102933E-16));
#3147=DIRECTION('',(-1.,2.07838325973026E-15,-2.18446883102935E-16));
#3148=DIRECTION('center_axis',(0.,-0.104528463267654,-0.994521895368273));
#3149=DIRECTION('ref_axis',(1.,0.,0.));
#3150=DIRECTION('center_axis',(-1.,-2.84217094304042E-14,0.));
#3151=DIRECTION('ref_axis',(-2.84217094304042E-14,1.,0.));
#3152=DIRECTION('',(0.,0.,-1.));
#3153=DIRECTION('',(-2.00971834711522E-14,0.70710678118654,-0.707106781186555));
#3154=DIRECTION('',(-2.84217094304042E-14,1.,0.));
#3155=DIRECTION('',(0.,0.,-1.));
#3156=DIRECTION('',(-2.73684411414751E-14,0.951056516295154,-0.309016994374947));
#3157=DIRECTION('center_axis',(1.,1.42108547152019E-14,0.));
#3158=DIRECTION('ref_axis',(1.42108547152019E-14,-1.,0.));
#3159=DIRECTION('',(0.,0.,1.));
#3160=DIRECTION('',(1.31575864262728E-14,-0.951056516295154,0.309016994374947));
#3161=DIRECTION('',(0.,0.,-1.));
#3162=DIRECTION('',(1.42108547152019E-14,-1.,0.));
#3163=DIRECTION('',(1.00485917355759E-14,-0.70710678118654,0.707106781186555));
#3164=DIRECTION('center_axis',(6.20043428589121E-15,-0.309016994374947,
-0.951056516295154));
#3165=DIRECTION('ref_axis',(-1.,-9.14321897252438E-16,-6.22244123237203E-15));
#3166=DIRECTION('',(-1.,-3.00918040379507E-14,3.25789740162469E-15));
#3167=DIRECTION('',(-1.,-1.77635683940025E-14,-7.47789178894634E-16));
#3168=DIRECTION('center_axis',(0.,-1.,0.));
#3169=DIRECTION('ref_axis',(-1.,0.,0.));
#3170=DIRECTION('',(0.,0.,1.));
#3171=DIRECTION('',(-1.,0.,0.));
#3172=DIRECTION('',(0.,0.,-1.));
#3173=DIRECTION('',(-1.,0.,0.));
#3174=DIRECTION('center_axis',(-0.57357643635104,0.,0.819152044288996));
#3175=DIRECTION('ref_axis',(0.819152044288996,0.,0.57357643635104));
#3176=DIRECTION('',(0.,1.,0.));
#3177=DIRECTION('center_axis',(0.,0.,-1.));
#3178=DIRECTION('ref_axis',(-1.,0.,0.));
#3179=DIRECTION('',(0.,-1.,0.));
#3180=DIRECTION('',(1.,0.,0.));
#3181=DIRECTION('',(0.,1.,0.));
#3182=DIRECTION('',(-1.,0.,0.));
#3183=DIRECTION('',(0.,-1.,0.));
#3184=DIRECTION('center_axis',(1.,0.,0.));
#3185=DIRECTION('ref_axis',(0.,-1.,0.));
#3186=DIRECTION('',(0.,0.,-1.));
#3187=DIRECTION('',(0.,-1.,0.));
#3188=DIRECTION('center_axis',(1.,0.,0.));
#3189=DIRECTION('ref_axis',(0.,-1.,0.));
#3190=DIRECTION('',(0.,-1.,0.));
#3191=DIRECTION('',(0.,0.,-1.));
#3192=DIRECTION('center_axis',(0.707106781186524,0.,0.707106781186571));
#3193=DIRECTION('ref_axis',(0.707106781186571,0.,-0.707106781186524));
#3194=DIRECTION('',(0.,-1.,0.));
#3195=DIRECTION('',(-0.577350269189647,-0.577350269189622,0.577350269189609));
#3196=DIRECTION('center_axis',(-1.,-4.736951571734E-14,0.));
#3197=DIRECTION('ref_axis',(-4.736951571734E-14,1.,0.));
#3198=DIRECTION('',(0.,0.,-1.));
#3199=DIRECTION('',(-4.736951571734E-14,1.,0.));
#3200=DIRECTION('center_axis',(-1.,-4.736951571734E-14,0.));
#3201=DIRECTION('ref_axis',(-4.736951571734E-14,1.,0.));
#3202=DIRECTION('',(-4.736951571734E-14,1.,0.));
#3203=DIRECTION('',(0.,0.,-1.));
#3204=DIRECTION('center_axis',(0.,0.,1.));
#3205=DIRECTION('ref_axis',(1.,0.,0.));
#3206=DIRECTION('',(-1.,0.,0.));
#3207=DIRECTION('',(0.,1.,0.));
#3208=DIRECTION('center_axis',(0.,0.,1.));
#3209=DIRECTION('ref_axis',(1.,0.,0.));
#3210=DIRECTION('',(-1.,0.,0.));
#3211=DIRECTION('',(0.,1.,0.));
#3212=DIRECTION('',(-1.,0.,0.));
#3213=DIRECTION('',(0.,1.,0.));
#3214=DIRECTION('',(1.,0.,0.));
#3215=DIRECTION('',(0.,-1.,0.));
#3216=DIRECTION('',(-1.,0.,0.));
#3217=DIRECTION('',(4.736951571734E-14,-1.,0.));
#3218=DIRECTION('',(-1.,-4.82804679426735E-14,0.));
#3219=DIRECTION('',(0.,1.,0.));
#3220=DIRECTION('',(1.,3.00918040379507E-14,0.));
#3221=DIRECTION('',(-1.,-1.77635683940025E-14,0.));
#3222=DIRECTION('',(1.,3.00918040379507E-14,0.));
#3223=DIRECTION('center_axis',(0.,0.,1.));
#3224=DIRECTION('ref_axis',(1.,0.,0.));
#3225=DIRECTION('',(0.,-1.,0.));
#3226=DIRECTION('',(-1.,0.,0.));
#3227=DIRECTION('center_axis',(-0.707106781186555,0.,0.70710678118654));
#3228=DIRECTION('ref_axis',(0.70710678118654,0.,0.707106781186555));
#3229=DIRECTION('',(0.70710678118654,0.,0.707106781186555));
#3230=DIRECTION('',(0.,-1.,0.));
#3231=DIRECTION('center_axis',(1.,0.,0.));
#3232=DIRECTION('ref_axis',(0.,-1.,0.));
#3233=DIRECTION('',(0.,1.,0.));
#3234=DIRECTION('center_axis',(1.,0.,0.));
#3235=DIRECTION('ref_axis',(0.,-1.,0.));
#3236=DIRECTION('',(0.,0.,-1.));
#3237=DIRECTION('',(0.,1.,0.));
#3238=DIRECTION('center_axis',(1.,0.,0.));
#3239=DIRECTION('ref_axis',(0.,-1.,0.));
#3240=DIRECTION('',(0.,1.,0.));
#3241=DIRECTION('',(0.,0.,1.));
#3242=DIRECTION('',(0.,-1.,0.));
#3243=DIRECTION('center_axis',(-1.,0.,0.));
#3244=DIRECTION('ref_axis',(0.,1.,0.));
#3245=DIRECTION('',(0.,0.,-1.));
#3246=DIRECTION('',(0.,0.,-1.));
#3247=DIRECTION('center_axis',(0.,-1.,0.));
#3248=DIRECTION('ref_axis',(-1.,0.,0.));
#3249=DIRECTION('center_axis',(1.,4.736951571734E-14,0.));
#3250=DIRECTION('ref_axis',(4.736951571734E-14,-1.,0.));
#3251=DIRECTION('',(0.,0.,-1.));
#3252=DIRECTION('',(0.,0.,-1.));
#3253=DIRECTION('center_axis',(4.82804679426735E-14,-1.,0.));
#3254=DIRECTION('ref_axis',(-1.,-4.82804679426735E-14,0.));
#3255=DIRECTION('center_axis',(-1.,-2.84217094304042E-14,0.));
#3256=DIRECTION('ref_axis',(-2.84217094304042E-14,1.,0.));
#3257=DIRECTION('',(-2.84217094304042E-14,1.,0.));
#3258=DIRECTION('',(0.,0.,-1.));
#3259=DIRECTION('',(-2.84217094304042E-14,1.,0.));
#3260=DIRECTION('',(0.,0.,1.));
#3261=DIRECTION('',(0.,0.,1.));
#3262=DIRECTION('',(2.84217094304042E-14,-1.,0.));
#3263=DIRECTION('center_axis',(0.,0.,-1.));
#3264=DIRECTION('ref_axis',(-1.,0.,0.));
#3265=DIRECTION('',(-1.42108547152019E-14,1.,0.));
#3266=DIRECTION('',(1.,0.,0.));
#3267=DIRECTION('',(0.,-1.,0.));
#3268=DIRECTION('',(1.,0.,0.));
#3269=DIRECTION('',(0.,1.,0.));
#3270=DIRECTION('',(1.,0.,0.));
#3271=DIRECTION('center_axis',(0.,0.,-1.));
#3272=DIRECTION('ref_axis',(-1.,3.42102370623393E-47,0.));
#3273=DIRECTION('center_axis',(0.,0.,-1.));
#3274=DIRECTION('ref_axis',(-1.,3.42102370623393E-47,0.));
#3275=DIRECTION('',(0.,0.,-1.));
#3276=DIRECTION('center_axis',(0.,0.,-1.));
#3277=DIRECTION('ref_axis',(-1.,3.42102370623393E-47,0.));
#3278=DIRECTION('center_axis',(0.,0.,1.));
#3279=DIRECTION('ref_axis',(1.,0.,0.));
#3280=DIRECTION('center_axis',(0.,0.,-1.));
#3281=DIRECTION('ref_axis',(-1.,3.42102370623393E-47,0.));
#3282=DIRECTION('center_axis',(0.,0.,-1.));
#3283=DIRECTION('ref_axis',(-1.,3.42102370623393E-47,0.));
#3284=DIRECTION('',(0.,0.,-1.));
#3285=DIRECTION('center_axis',(0.,0.,-1.));
#3286=DIRECTION('ref_axis',(-1.,3.42102370623393E-47,0.));
#3287=DIRECTION('center_axis',(0.,0.,1.));
#3288=DIRECTION('ref_axis',(1.,0.,0.));
#3289=DIRECTION('center_axis',(0.,0.,-1.));
#3290=DIRECTION('ref_axis',(-1.,3.42102370623393E-47,0.));
#3291=DIRECTION('',(0.,0.,-1.));
#3292=DIRECTION('center_axis',(0.,0.,-1.));
#3293=DIRECTION('ref_axis',(-1.,3.42102370623393E-47,0.));
#3294=DIRECTION('center_axis',(0.,0.,1.));
#3295=DIRECTION('ref_axis',(1.,0.,0.));
#3296=DIRECTION('center_axis',(0.,0.,-1.));
#3297=DIRECTION('ref_axis',(-1.,3.42102370623393E-47,0.));
#3298=DIRECTION('',(0.,0.,-1.));
#3299=DIRECTION('center_axis',(0.,0.,-1.));
#3300=DIRECTION('ref_axis',(-1.,3.42102370623393E-47,0.));
#3301=DIRECTION('center_axis',(0.,0.,1.));
#3302=DIRECTION('ref_axis',(1.,0.,0.));
#3303=DIRECTION('center_axis',(0.,0.,-1.));
#3304=DIRECTION('ref_axis',(-1.,0.,0.));
#3305=DIRECTION('',(0.,1.,0.));
#3306=DIRECTION('',(-1.,0.,0.));
#3307=DIRECTION('',(-1.42108547152019E-14,1.,0.));
#3308=DIRECTION('',(1.,3.00918040379507E-14,0.));
#3309=DIRECTION('center_axis',(-1.,0.,0.));
#3310=DIRECTION('ref_axis',(0.,1.,0.));
#3311=DIRECTION('',(0.,-1.,0.));
#3312=DIRECTION('center_axis',(1.,-3.31586610021446E-13,0.));
#3313=DIRECTION('ref_axis',(-3.31586610021446E-13,-1.,0.));
#3314=DIRECTION('',(3.29770143877269E-13,0.994521895368273,-0.104528463267653));
#3315=DIRECTION('',(0.,0.,-1.));
#3316=DIRECTION('',(-3.31586610021446E-13,-1.,0.));
#3317=DIRECTION('',(0.,0.,1.));
#3318=DIRECTION('center_axis',(-1.,-3.55271367880121E-13,0.));
#3319=DIRECTION('ref_axis',(-3.55271367880121E-13,1.,0.));
#3320=DIRECTION('',(3.53325154154217E-13,-0.994521895368273,0.104528463267653));
#3321=DIRECTION('',(0.,0.,1.));
#3322=DIRECTION('',(3.55271367880121E-13,-1.,0.));
#3323=DIRECTION('',(0.,0.,1.));
#3324=DIRECTION('center_axis',(1.,-3.55271367880121E-13,0.));
#3325=DIRECTION('ref_axis',(-3.55271367880121E-13,-1.,0.));
#3326=DIRECTION('',(3.53325154154217E-13,0.994521895368273,-0.104528463267653));
#3327=DIRECTION('',(0.,0.,-1.));
#3328=DIRECTION('',(-3.55271367880121E-13,-1.,0.));
#3329=DIRECTION('',(0.,0.,1.));
#3330=DIRECTION('center_axis',(-1.,-3.55271367880121E-13,0.));
#3331=DIRECTION('ref_axis',(-3.55271367880121E-13,1.,0.));
#3332=DIRECTION('',(3.53325154154217E-13,-0.994521895368273,0.104528463267653));
#3333=DIRECTION('',(0.,0.,1.));
#3334=DIRECTION('',(3.55271367880121E-13,-1.,0.));
#3335=DIRECTION('',(0.,0.,1.));
#3336=DIRECTION('center_axis',(1.,0.,0.));
#3337=DIRECTION('ref_axis',(0.,-1.,0.));
#3338=DIRECTION('',(0.,0.994521895368273,-0.104528463267653));
#3339=DIRECTION('',(0.,0.,-1.));
#3340=DIRECTION('',(0.,-1.,0.));
#3341=DIRECTION('',(0.,0.,1.));
#3342=DIRECTION('center_axis',(-1.,0.,0.));
#3343=DIRECTION('ref_axis',(0.,1.,0.));
#3344=DIRECTION('',(0.,-0.994521895368273,0.104528463267653));
#3345=DIRECTION('',(0.,0.,1.));
#3346=DIRECTION('',(0.,-1.,0.));
#3347=DIRECTION('',(0.,0.,1.));
#3348=DIRECTION('center_axis',(1.,-1.18423789293374E-14,0.));
#3349=DIRECTION('ref_axis',(-1.18423789293374E-14,-1.,0.));
#3350=DIRECTION('',(1.17775051384739E-14,0.994521895368273,-0.104528463267653));
#3351=DIRECTION('',(0.,0.,-1.));
#3352=DIRECTION('',(-1.18423789293374E-14,-1.,0.));
#3353=DIRECTION('',(0.,0.,1.));
#3354=DIRECTION('center_axis',(-1.,-1.18423789293374E-14,0.));
#3355=DIRECTION('ref_axis',(-1.18423789293374E-14,1.,0.));
#3356=DIRECTION('',(1.17775051384739E-14,-0.994521895368273,0.104528463267653));
#3357=DIRECTION('',(0.,0.,1.));
#3358=DIRECTION('',(1.18423789293374E-14,-1.,0.));
#3359=DIRECTION('',(0.,0.,1.));
#3360=DIRECTION('center_axis',(0.,-1.,0.));
#3361=DIRECTION('ref_axis',(1.,0.,0.));
#3362=DIRECTION('',(1.,0.,0.));
#3363=DIRECTION('',(1.,0.,0.));
#3364=DIRECTION('',(1.,0.,0.));
#3365=DIRECTION('',(1.,0.,0.));
#3366=DIRECTION('',(0.,0.,1.));
#3367=DIRECTION('',(1.,0.,0.));
#3368=DIRECTION('',(0.,0.,1.));
#3369=DIRECTION('',(1.,0.,0.));
#3370=DIRECTION('',(1.,0.,0.));
#3371=DIRECTION('',(1.,0.,0.));
#3372=DIRECTION('',(1.,0.,0.));
#3373=DIRECTION('',(1.,0.,0.));
#3374=DIRECTION('center_axis',(1.,3.31586610021422E-13,0.));
#3375=DIRECTION('ref_axis',(3.31586610021422E-13,-1.,0.));
#3376=DIRECTION('',(-3.29770143877246E-13,0.994521895368273,-0.104528463267653));
#3377=DIRECTION('',(0.,0.,1.));
#3378=DIRECTION('',(-3.31586610021422E-13,1.,0.));
#3379=DIRECTION('',(0.,0.,1.));
#3380=DIRECTION('center_axis',(-1.,3.55271367880096E-13,0.));
#3381=DIRECTION('ref_axis',(3.55271367880096E-13,1.,0.));
#3382=DIRECTION('',(-3.53325154154192E-13,-0.994521895368273,0.104528463267653));
#3383=DIRECTION('',(0.,0.,-1.));
#3384=DIRECTION('',(3.55271367880096E-13,1.,0.));
#3385=DIRECTION('',(0.,0.,1.));
#3386=DIRECTION('center_axis',(1.,3.55271367880096E-13,0.));
#3387=DIRECTION('ref_axis',(3.55271367880096E-13,-1.,0.));
#3388=DIRECTION('',(-3.53325154154192E-13,0.994521895368273,-0.104528463267653));
#3389=DIRECTION('',(0.,0.,1.));
#3390=DIRECTION('',(-3.55271367880096E-13,1.,0.));
#3391=DIRECTION('',(0.,0.,1.));
#3392=DIRECTION('center_axis',(-1.,3.31586610021422E-13,0.));
#3393=DIRECTION('ref_axis',(3.31586610021422E-13,1.,0.));
#3394=DIRECTION('',(-3.29770143877246E-13,-0.994521895368273,0.104528463267653));
#3395=DIRECTION('',(0.,0.,-1.));
#3396=DIRECTION('',(3.31586610021422E-13,1.,0.));
#3397=DIRECTION('',(0.,0.,1.));
#3398=DIRECTION('center_axis',(1.,0.,0.));
#3399=DIRECTION('ref_axis',(0.,-1.,0.));
#3400=DIRECTION('',(0.,0.994521895368273,-0.104528463267653));
#3401=DIRECTION('',(0.,0.,1.));
#3402=DIRECTION('',(0.,1.,0.));
#3403=DIRECTION('',(0.,0.,1.));
#3404=DIRECTION('center_axis',(-1.,0.,0.));
#3405=DIRECTION('ref_axis',(0.,1.,0.));
#3406=DIRECTION('',(0.,-0.994521895368273,0.104528463267653));
#3407=DIRECTION('',(0.,0.,-1.));
#3408=DIRECTION('',(0.,1.,0.));
#3409=DIRECTION('',(0.,0.,1.));
#3410=DIRECTION('center_axis',(1.,0.,0.));
#3411=DIRECTION('ref_axis',(0.,-1.,0.));
#3412=DIRECTION('',(0.,0.994521895368273,-0.104528463267653));
#3413=DIRECTION('',(0.,0.,1.));
#3414=DIRECTION('',(0.,1.,0.));
#3415=DIRECTION('',(0.,0.,1.));
#3416=DIRECTION('center_axis',(-1.,0.,0.));
#3417=DIRECTION('ref_axis',(0.,1.,0.));
#3418=DIRECTION('',(0.,-0.994521895368273,0.104528463267653));
#3419=DIRECTION('',(0.,0.,-1.));
#3420=DIRECTION('',(0.,1.,0.));
#3421=DIRECTION('',(0.,0.,1.));
#3422=DIRECTION('center_axis',(-2.12781186933719E-14,0.707106781186555,
0.70710678118654));
#3423=DIRECTION('ref_axis',(1.,0.,3.00918040379513E-14));
#3424=DIRECTION('',(-1.,-3.00918040379507E-14,0.));
#3425=DIRECTION('center_axis',(0.707106781186524,0.,0.707106781186571));
#3426=DIRECTION('ref_axis',(0.707106781186571,0.,-0.707106781186524));
#3427=DIRECTION('',(0.,1.,0.));
#3428=DIRECTION('',(0.707106781186571,0.,-0.707106781186524));
#3429=DIRECTION('center_axis',(-2.12781186933719E-14,0.707106781186555,
0.70710678118654));
#3430=DIRECTION('ref_axis',(1.,0.,3.00918040379513E-14));
#3431=DIRECTION('',(-1.,-3.00918040379507E-14,0.));
#3432=DIRECTION('',(-0.57735026918963,0.577350269189604,-0.577350269189643));
#3433=DIRECTION('center_axis',(-0.707106781186555,0.,0.70710678118654));
#3434=DIRECTION('ref_axis',(0.70710678118654,0.,0.707106781186555));
#3435=DIRECTION('center_axis',(3.00918040379507E-14,-1.,0.));
#3436=DIRECTION('ref_axis',(-1.,-3.00918040379507E-14,0.));
#3437=DIRECTION('',(0.,0.,-1.));
#3438=DIRECTION('',(1.,3.00918040379507E-14,0.));
#3439=DIRECTION('center_axis',(0.,0.,1.));
#3440=DIRECTION('ref_axis',(1.,0.,0.));
#3441=DIRECTION('',(1.42108547152019E-14,-1.,0.));
#3442=DIRECTION('',(1.,0.,0.));
#3443=DIRECTION('',(-1.,0.,0.));
#3444=DIRECTION('center_axis',(0.,-1.,0.));
#3445=DIRECTION('ref_axis',(1.,0.,0.));
#3446=DIRECTION('',(0.,0.,-1.));
#3447=DIRECTION('',(0.,0.,1.));
#3448=DIRECTION('',(1.,0.,0.));
#3449=DIRECTION('',(0.,0.,1.));
#3450=DIRECTION('',(0.,0.,1.));
#3451=DIRECTION('center_axis',(0.,1.,0.));
#3452=DIRECTION('ref_axis',(0.707106781186528,0.,0.707106781186567));
#3453=DIRECTION('center_axis',(0.,-1.,0.));
#3454=DIRECTION('ref_axis',(0.707106781186528,0.,0.707106781186567));
#3455=DIRECTION('',(0.,1.,0.));
#3456=DIRECTION('center_axis',(0.,1.,0.));
#3457=DIRECTION('ref_axis',(0.707106781186528,0.,0.707106781186567));
#3458=DIRECTION('',(0.,-1.,0.));
#3459=DIRECTION('center_axis',(5.92118946466751E-15,0.,1.));
#3460=DIRECTION('ref_axis',(-1.,0.,5.92118946466751E-15));
#3461=DIRECTION('',(-1.,0.,5.92118946466751E-15));
#3462=DIRECTION('',(0.,-1.,0.));
#3463=DIRECTION('',(-1.,0.,5.92118946466751E-15));
#3464=DIRECTION('center_axis',(0.,-1.,0.));
#3465=DIRECTION('ref_axis',(-0.707106781186528,0.,0.707106781186567));
#3466=DIRECTION('center_axis',(0.,1.,0.));
#3467=DIRECTION('ref_axis',(-0.707106781186528,0.,0.707106781186567));
#3468=DIRECTION('center_axis',(0.,-1.,0.));
#3469=DIRECTION('ref_axis',(-0.707106781186528,0.,0.707106781186567));
#3470=DIRECTION('',(0.,1.,0.));
#3471=DIRECTION('center_axis',(-1.,0.,0.));
#3472=DIRECTION('ref_axis',(0.,0.,-1.));
#3473=DIRECTION('',(0.,0.,-1.));
#3474=DIRECTION('',(0.,-1.,0.));
#3475=DIRECTION('',(0.,0.,-1.));
#3476=DIRECTION('center_axis',(1.,0.,0.));
#3477=DIRECTION('ref_axis',(0.,0.,1.));
#3478=DIRECTION('',(0.,0.,1.));
#3479=DIRECTION('',(0.,1.,0.));
#3480=DIRECTION('',(0.,0.,1.));
#3481=DIRECTION('center_axis',(0.,1.,0.));
#3482=DIRECTION('ref_axis',(-0.707106781186561,0.,-0.707106781186534));
#3483=DIRECTION('center_axis',(0.,-1.,0.));
#3484=DIRECTION('ref_axis',(-0.707106781186561,0.,-0.707106781186534));
#3485=DIRECTION('center_axis',(0.,1.,0.));
#3486=DIRECTION('ref_axis',(-0.707106781186561,0.,-0.707106781186534));
#3487=DIRECTION('center_axis',(0.,-1.,0.));
#3488=DIRECTION('ref_axis',(0.707106781186528,0.,-0.707106781186567));
#3489=DIRECTION('center_axis',(0.,-1.,0.));
#3490=DIRECTION('ref_axis',(0.707106781186528,0.,-0.707106781186567));
#3491=DIRECTION('center_axis',(0.,1.,0.));
#3492=DIRECTION('ref_axis',(0.707106781186528,0.,-0.707106781186567));
#3493=DIRECTION('center_axis',(0.,1.,0.));
#3494=DIRECTION('ref_axis',(0.,0.,1.));
#3495=DIRECTION('',(0.,0.,1.));
#3496=DIRECTION('center_axis',(1.,1.42108547152019E-14,0.));
#3497=DIRECTION('ref_axis',(1.42108547152019E-14,-1.,0.));
#3498=DIRECTION('',(-1.42108547152019E-14,1.,0.));
#3499=DIRECTION('center_axis',(1.77635683940025E-14,-1.,0.));
#3500=DIRECTION('ref_axis',(-1.,-1.77635683940025E-14,0.));
#3501=DIRECTION('center_axis',(0.,0.,-1.));
#3502=DIRECTION('ref_axis',(-1.,0.,0.));
#3503=DIRECTION('center_axis',(-1.,0.,0.));
#3504=DIRECTION('ref_axis',(0.,1.,0.));
#3505=DIRECTION('center_axis',(0.,0.,1.));
#3506=DIRECTION('ref_axis',(-1.,0.,0.));
#3507=DIRECTION('center_axis',(0.,0.,1.));
#3508=DIRECTION('ref_axis',(-1.,0.,0.));
#3509=DIRECTION('',(0.,0.,1.));
#3510=DIRECTION('center_axis',(0.,0.,-1.));
#3511=DIRECTION('ref_axis',(-1.,0.,0.));
#3512=DIRECTION('center_axis',(0.,0.,1.));
#3513=DIRECTION('ref_axis',(-1.,0.,0.));
#3514=DIRECTION('center_axis',(0.,0.,1.));
#3515=DIRECTION('ref_axis',(-1.,0.,0.));
#3516=DIRECTION('',(0.,0.,1.));
#3517=DIRECTION('center_axis',(0.,0.,-1.));
#3518=DIRECTION('ref_axis',(-1.,0.,0.));
#3519=DIRECTION('center_axis',(0.,0.,1.));
#3520=DIRECTION('ref_axis',(-1.,0.,0.));
#3521=DIRECTION('center_axis',(0.,0.,1.));
#3522=DIRECTION('ref_axis',(-1.,0.,0.));
#3523=DIRECTION('',(0.,0.,1.));
#3524=DIRECTION('center_axis',(0.,0.,-1.));
#3525=DIRECTION('ref_axis',(-1.,0.,0.));
#3526=DIRECTION('center_axis',(0.,0.,1.));
#3527=DIRECTION('ref_axis',(-1.,0.,0.));
#3528=DIRECTION('center_axis',(0.,0.,1.));
#3529=DIRECTION('ref_axis',(-1.,0.,0.));
#3530=DIRECTION('',(0.,0.,1.));
#3531=DIRECTION('center_axis',(0.,0.,-1.));
#3532=DIRECTION('ref_axis',(-1.,0.,0.));
#3533=DIRECTION('center_axis',(0.,0.,1.));
#3534=DIRECTION('ref_axis',(-1.,0.,0.));
#3535=DIRECTION('center_axis',(0.,0.,1.));
#3536=DIRECTION('ref_axis',(-1.,0.,0.));
#3537=DIRECTION('',(0.,0.,1.));
#3538=DIRECTION('center_axis',(0.,0.,-1.));
#3539=DIRECTION('ref_axis',(-1.,0.,0.));
#3540=DIRECTION('center_axis',(0.,0.,1.));
#3541=DIRECTION('ref_axis',(-1.,0.,0.));
#3542=DIRECTION('center_axis',(0.,0.,1.));
#3543=DIRECTION('ref_axis',(-1.,0.,0.));
#3544=DIRECTION('',(0.,0.,1.));
#3545=DIRECTION('center_axis',(0.,0.,-1.));
#3546=DIRECTION('ref_axis',(-1.,0.,0.));
#3547=DIRECTION('center_axis',(0.,0.,1.));
#3548=DIRECTION('ref_axis',(-1.,0.,0.));
#3549=DIRECTION('center_axis',(0.,0.,1.));
#3550=DIRECTION('ref_axis',(-1.,0.,0.));
#3551=DIRECTION('',(0.,0.,1.));
#3552=DIRECTION('center_axis',(0.,0.,-1.));
#3553=DIRECTION('ref_axis',(-1.,0.,0.));
#3554=DIRECTION('center_axis',(0.,0.,1.));
#3555=DIRECTION('ref_axis',(-1.,0.,0.));
#3556=DIRECTION('center_axis',(0.,0.,1.));
#3557=DIRECTION('ref_axis',(-1.,0.,0.));
#3558=DIRECTION('',(0.,0.,1.));
#3559=DIRECTION('center_axis',(0.,0.,-1.));
#3560=DIRECTION('ref_axis',(-1.,0.,0.));
#3561=DIRECTION('center_axis',(0.,0.,-1.));
#3562=DIRECTION('ref_axis',(-1.,0.,0.));
#3563=DIRECTION('center_axis',(0.,0.,-1.));
#3564=DIRECTION('ref_axis',(-1.,0.,0.));
#3565=DIRECTION('center_axis',(0.,0.104528463267653,0.994521895368273));
#3566=DIRECTION('ref_axis',(0.,0.994521895368273,-0.104528463267653));
#3567=DIRECTION('center_axis',(0.,0.,1.));
#3568=DIRECTION('ref_axis',(1.,0.,0.));
#3569=DIRECTION('',(-1.,0.,0.));
#3570=DIRECTION('center_axis',(0.,0.,-1.));
#3571=DIRECTION('ref_axis',(-1.,0.,0.));
#3572=DIRECTION('center_axis',(0.,0.,-1.));
#3573=DIRECTION('ref_axis',(-1.,0.,0.));
#3574=DIRECTION('center_axis',(0.,0.104528463267653,0.994521895368273));
#3575=DIRECTION('ref_axis',(0.,0.994521895368273,-0.104528463267653));
#3576=DIRECTION('center_axis',(0.,0.,1.));
#3577=DIRECTION('ref_axis',(1.,0.,0.));
#3578=DIRECTION('',(-1.,0.,0.));
#3579=DIRECTION('center_axis',(0.,0.,-1.));
#3580=DIRECTION('ref_axis',(-1.,0.,0.));
#3581=DIRECTION('center_axis',(0.,0.,-1.));
#3582=DIRECTION('ref_axis',(-1.,0.,0.));
#3583=DIRECTION('center_axis',(0.,0.104528463267653,0.994521895368273));
#3584=DIRECTION('ref_axis',(0.,0.994521895368273,-0.104528463267653));
#3585=DIRECTION('center_axis',(0.,0.,1.));
#3586=DIRECTION('ref_axis',(1.,0.,0.));
#3587=DIRECTION('',(-1.,0.,0.));
#3588=DIRECTION('center_axis',(0.,0.,-1.));
#3589=DIRECTION('ref_axis',(-1.,0.,0.));
#3590=DIRECTION('center_axis',(0.,0.,-1.));
#3591=DIRECTION('ref_axis',(-1.,0.,0.));
#3592=DIRECTION('center_axis',(0.,0.104528463267653,0.994521895368273));
#3593=DIRECTION('ref_axis',(0.,0.994521895368273,-0.104528463267653));
#3594=DIRECTION('center_axis',(0.,0.,1.));
#3595=DIRECTION('ref_axis',(1.,0.,0.));
#3596=DIRECTION('',(-1.,0.,0.));
#3597=DIRECTION('center_axis',(0.,0.,1.));
#3598=DIRECTION('ref_axis',(1.,0.,0.));
#3599=DIRECTION('center_axis',(0.,0.,1.));
#3600=DIRECTION('ref_axis',(0.707106781186531,0.707106781186564,0.));
#3601=DIRECTION('',(-1.,0.,0.));
#3602=DIRECTION('center_axis',(0.,0.,1.));
#3603=DIRECTION('ref_axis',(-0.707106781186548,0.707106781186548,0.));
#3604=DIRECTION('',(0.,-1.,0.));
#3605=DIRECTION('',(0.,1.,0.));
#3606=DIRECTION('center_axis',(0.,0.,-1.));
#3607=DIRECTION('ref_axis',(-1.,0.,0.));
#3608=DIRECTION('center_axis',(0.,0.104528463267653,0.994521895368273));
#3609=DIRECTION('ref_axis',(0.,0.994521895368273,-0.104528463267653));
#3610=DIRECTION('center_axis',(0.,0.,-1.));
#3611=DIRECTION('ref_axis',(-1.,0.,0.));
#3612=DIRECTION('center_axis',(0.,0.,1.));
#3613=DIRECTION('ref_axis',(1.,0.,0.));
#3614=DIRECTION('center_axis',(0.,0.,-1.));
#3615=DIRECTION('ref_axis',(-1.,0.,0.));
#3616=DIRECTION('center_axis',(0.,0.104528463267653,0.994521895368273));
#3617=DIRECTION('ref_axis',(0.,0.994521895368273,-0.104528463267653));
#3618=DIRECTION('center_axis',(0.,0.,-1.));
#3619=DIRECTION('ref_axis',(-1.,0.,0.));
#3620=DIRECTION('center_axis',(0.,0.,1.));
#3621=DIRECTION('ref_axis',(1.,0.,0.));
#3622=DIRECTION('center_axis',(0.,0.,-1.));
#3623=DIRECTION('ref_axis',(-1.,0.,0.));
#3624=DIRECTION('center_axis',(0.,0.104528463267653,0.994521895368273));
#3625=DIRECTION('ref_axis',(0.,0.994521895368273,-0.104528463267653));
#3626=DIRECTION('center_axis',(0.,0.,-1.));
#3627=DIRECTION('ref_axis',(-1.,0.,0.));
#3628=DIRECTION('center_axis',(0.,0.,1.));
#3629=DIRECTION('ref_axis',(1.,0.,0.));
#3630=DIRECTION('center_axis',(0.,0.,-1.));
#3631=DIRECTION('ref_axis',(-1.,0.,0.));
#3632=DIRECTION('center_axis',(0.,0.104528463267653,0.994521895368273));
#3633=DIRECTION('ref_axis',(0.,0.994521895368273,-0.104528463267653));
#3634=DIRECTION('center_axis',(0.,0.,-1.));
#3635=DIRECTION('ref_axis',(-1.,0.,0.));
#3636=DIRECTION('center_axis',(0.,0.,1.));
#3637=DIRECTION('ref_axis',(1.,0.,0.));
#3638=DIRECTION('center_axis',(0.,1.,0.));
#3639=DIRECTION('ref_axis',(-1.,0.,0.));
#3640=DIRECTION('',(1.,0.,0.));
#3641=DIRECTION('',(0.,0.,1.));
#3642=DIRECTION('',(-1.,0.,0.));
#3643=DIRECTION('',(0.,0.,1.));
#3644=DIRECTION('center_axis',(0.,0.,1.));
#3645=DIRECTION('ref_axis',(-1.,0.,0.));
#3646=DIRECTION('',(0.,-1.,0.));
#3647=DIRECTION('center_axis',(0.,0.,1.));
#3648=DIRECTION('ref_axis',(-1.,-1.18423789293348E-14,0.));
#3649=DIRECTION('center_axis',(0.,0.,1.));
#3650=DIRECTION('ref_axis',(-2.36847578586708E-14,-1.,0.));
#3651=DIRECTION('',(0.,1.,0.));
#3652=DIRECTION('center_axis',(0.,0.707106781186568,0.707106781186527));
#3653=DIRECTION('ref_axis',(1.,0.,0.));
#3654=DIRECTION('',(0.,0.707106781186527,-0.707106781186568));
#3655=DIRECTION('',(-1.,0.,0.));
#3656=DIRECTION('',(0.,-0.707106781186527,0.707106781186568));
#3657=DIRECTION('center_axis',(1.,0.,0.));
#3658=DIRECTION('ref_axis',(0.,0.,-1.));
#3659=DIRECTION('',(0.,0.,1.));
#3660=DIRECTION('',(0.,0.994521895368273,-0.104528463267653));
#3661=DIRECTION('',(0.,0.,1.));
#3662=DIRECTION('',(0.,0.,-1.));
#3663=DIRECTION('center_axis',(0.,1.,0.));
#3664=DIRECTION('ref_axis',(0.,0.,1.));
#3665=DIRECTION('',(0.,0.,1.));
#3666=DIRECTION('center_axis',(0.,0.,1.));
#3667=DIRECTION('ref_axis',(0.707106781186531,0.707106781186564,0.));
#3668=DIRECTION('center_axis',(0.,0.104528463267653,0.994521895368273));
#3669=DIRECTION('ref_axis',(4.1405291502439E-15,0.994521895368273,-0.104528463267653));
#3670=DIRECTION('',(0.,0.,1.));
#3671=DIRECTION('center_axis',(0.,0.,-1.));
#3672=DIRECTION('ref_axis',(0.707106781186548,-0.707106781186548,0.));
#3673=DIRECTION('center_axis',(0.,0.104528463267653,0.994521895368273));
#3674=DIRECTION('ref_axis',(0.,-0.994521895368273,0.104528463267653));
#3675=DIRECTION('center_axis',(0.,0.,-1.));
#3676=DIRECTION('ref_axis',(-0.707106781186548,0.707106781186548,0.));
#3677=DIRECTION('center_axis',(0.,0.104528463267653,0.994521895368273));
#3678=DIRECTION('ref_axis',(0.,0.994521895368273,-0.104528463267653));
#3679=DIRECTION('',(0.,0.,1.));
#3680=DIRECTION('',(0.,0.,-1.));
#3681=DIRECTION('center_axis',(-1.,0.,0.));
#3682=DIRECTION('ref_axis',(0.,0.,1.));
#3683=DIRECTION('',(0.,-0.994521895368273,0.104528463267653));
#3684=DIRECTION('',(0.,0.,1.));
#3685=DIRECTION('center_axis',(0.,0.,1.));
#3686=DIRECTION('ref_axis',(-0.707106781186556,-0.707106781186539,0.));
#3687=DIRECTION('center_axis',(0.,0.104528463267653,0.994521895368273));
#3688=DIRECTION('ref_axis',(2.0242586956748E-15,-0.994521895368273,0.104528463267653));
#3689=DIRECTION('center_axis',(0.,1.,0.));
#3690=DIRECTION('ref_axis',(-1.,0.,0.));
#3691=DIRECTION('',(-1.,0.,0.));
#3692=DIRECTION('',(-1.,0.,0.));
#3693=DIRECTION('',(-1.,0.,0.));
#3694=DIRECTION('',(-1.,0.,0.));
#3695=DIRECTION('',(-1.,0.,0.));
#3696=DIRECTION('center_axis',(0.,0.,-1.));
#3697=DIRECTION('ref_axis',(-1.,0.,0.));
#3698=DIRECTION('center_axis',(0.,-0.104528463267653,-0.994521895368273));
#3699=DIRECTION('ref_axis',(-1.,0.,0.));
#3700=CARTESIAN_POINT('',(0.,0.,0.));
#3701=CARTESIAN_POINT('Origin',(388.427825496032,255.093779915907,-11.8));
#3702=CARTESIAN_POINT('',(388.427825496032,255.093779915907,-17.2));
#3703=CARTESIAN_POINT('',(388.427825496032,255.093779915907,-11.8));
#3704=CARTESIAN_POINT('',(388.427825496032,255.093779915907,-11.8));
#3705=CARTESIAN_POINT('',(381.099934320725,255.093779915907,-17.2));
#3706=CARTESIAN_POINT('',(394.308880080039,255.093779915907,-17.2));
#3707=CARTESIAN_POINT('',(381.099934320725,255.093779915907,-16.8));
#3708=CARTESIAN_POINT('',(381.099934320725,255.093779915907,-11.7));
#3709=CARTESIAN_POINT('',(378.243638307241,255.093779915907,-14.8));
#3710=CARTESIAN_POINT('',(381.194896189888,255.093779915907,-16.8664930166304));
#3711=CARTESIAN_POINT('',(378.299934320725,255.093779915907,-14.8));
#3712=CARTESIAN_POINT('',(363.863879908378,255.093779915907,-14.8));
#3713=CARTESIAN_POINT('',(378.299934320725,255.093779915907,-9.60000000000001));
#3714=CARTESIAN_POINT('',(378.299934320725,255.093779915907,-10.7));
#3715=CARTESIAN_POINT('',(380.299934320725,255.093779915907,-9.60000000000001));
#3716=CARTESIAN_POINT('',(394.309138868642,255.093779915907,-9.60000000000001));
#3717=CARTESIAN_POINT('',(381.099934320725,255.093779915907,-10.4));
#3718=CARTESIAN_POINT('',(383.081907114552,255.093779915907,-12.3819727938268));
#3719=CARTESIAN_POINT('',(381.099934320725,255.093779915907,-11.8));
#3720=CARTESIAN_POINT('',(381.099934320725,255.093779915907,-10.7));
#3721=CARTESIAN_POINT('',(394.30888008004,255.093779915907,-11.8));
#3722=CARTESIAN_POINT('Origin',(419.142043767363,255.093779915907,-11.8));
#3723=CARTESIAN_POINT('',(419.27993500737,255.093779915907,-17.2));
#3724=CARTESIAN_POINT('',(419.27993500737,255.093779915907,-16.8000000000001));
#3725=CARTESIAN_POINT('',(419.27993500737,255.093779915907,-11.7));
#3726=CARTESIAN_POINT('',(411.952043832063,255.093779915907,-17.2));
#3727=CARTESIAN_POINT('',(409.665989215704,255.093779915907,-17.2));
#3728=CARTESIAN_POINT('',(411.952043832063,255.093779915907,-11.8));
#3729=CARTESIAN_POINT('',(411.952043832063,255.093779915907,-11.8));
#3730=CARTESIAN_POINT('',(419.27993500737,255.093779915907,-11.8));
#3731=CARTESIAN_POINT('',(409.665989215705,255.093779915907,-11.8));
#3732=CARTESIAN_POINT('',(419.27993500737,255.093779915907,-10.4));
#3733=CARTESIAN_POINT('',(419.27993500737,255.093779915907,-10.7));
#3734=CARTESIAN_POINT('',(420.07993500737,255.093779915907,-9.60000000000001));
#3735=CARTESIAN_POINT('',(419.095462197368,255.093779915907,-10.5844728100017));
#3736=CARTESIAN_POINT('',(422.079935007369,255.093779915907,-9.60000000000001));
#3737=CARTESIAN_POINT('',(409.666248004308,255.093779915907,-9.60000000000001));
#3738=CARTESIAN_POINT('',(422.079935007369,255.093779915907,-14.8));
#3739=CARTESIAN_POINT('',(422.079935007369,255.093779915907,-10.7));
#3740=CARTESIAN_POINT('',(422.136231020854,255.093779915907,-14.8));
#3741=CARTESIAN_POINT('',(440.110989387366,255.093779915907,-14.8));
#3742=CARTESIAN_POINT('',(421.267297654865,255.093779915907,-15.4084336930678));
#3743=CARTESIAN_POINT('Origin',(400.189934664047,259.640538476979,-11.8));
#3744=CARTESIAN_POINT('',(388.427825496032,264.743779820539,-11.8));
#3745=CARTESIAN_POINT('',(388.427825496032,257.767159196443,-11.8));
#3746=CARTESIAN_POINT('',(381.099934320725,240.839318357087,-11.8));
#3747=CARTESIAN_POINT('',(381.099934320725,250.339928417033,-11.8));
#3748=CARTESIAN_POINT('',(389.989934664047,240.839318357087,-11.8));
#3749=CARTESIAN_POINT('',(409.634934835709,240.839318357088,-11.8));
#3750=CARTESIAN_POINT('',(389.989934664046,278.241758596871,-11.8));
#3751=CARTESIAN_POINT('',(389.989934664047,245.339928417033,-11.8));
#3752=CARTESIAN_POINT('',(381.099934320725,278.241758596871,-11.8));
#3753=CARTESIAN_POINT('',(342.20285595265,278.241758596871,-11.8));
#3754=CARTESIAN_POINT('',(381.099934320725,264.743779820539,-11.8));
#3755=CARTESIAN_POINT('',(381.099934320725,250.339928417033,-11.8));
#3756=CARTESIAN_POINT('',(390.71388011239,264.743779820539,-11.8));
#3757=CARTESIAN_POINT('',(387.086972674802,247.457330803117,-11.8));
#3758=CARTESIAN_POINT('Origin',(385.586972674802,247.457330803117,-11.8));
#3759=CARTESIAN_POINT('',(387.086972674802,274.000383889227,-11.8));
#3760=CARTESIAN_POINT('Origin',(385.586972674802,274.000383889227,-11.8));
#3761=CARTESIAN_POINT('Origin',(381.099934320725,241.039318357087,-9.60000000000001));
#3762=CARTESIAN_POINT('',(381.099934320725,240.839318357087,-10.4));
#3763=CARTESIAN_POINT('',(381.099934320725,233.800070976979,-10.4));
#3764=CARTESIAN_POINT('',(381.099934320725,240.839318357087,-9.60000000000001));
#3765=CARTESIAN_POINT('Origin',(461.079935007369,257.241758596874,-14.8));
#3766=CARTESIAN_POINT('',(422.136231020854,264.743779820539,-14.8));
#3767=CARTESIAN_POINT('',(422.136231020854,262.491758596873,-14.8));
#3768=CARTESIAN_POINT('',(422.07993500737,236.241758596872,-14.8));
#3769=CARTESIAN_POINT('',(422.07993500737,236.241758596872,-14.8));
#3770=CARTESIAN_POINT('',(500.07993500737,236.241758596876,-14.8));
#3771=CARTESIAN_POINT('',(422.07993500737,236.241758596872,-14.8));
#3772=CARTESIAN_POINT('',(500.079935007368,278.241758596876,-14.8));
#3773=CARTESIAN_POINT('',(500.07993500737,236.241758596876,-14.8));
#3774=CARTESIAN_POINT('',(422.079935007368,278.241758596872,-14.8));
#3775=CARTESIAN_POINT('',(515.665127241253,278.241758596871,-14.8));
#3776=CARTESIAN_POINT('',(422.079935007368,264.743779820539,-14.8));
#3777=CARTESIAN_POINT('',(422.07993500737,236.241758596872,-14.8));
#3778=CARTESIAN_POINT('',(406.070989248055,264.743779820538,-14.8));
#3779=CARTESIAN_POINT('Origin',(381.237825560732,264.743779820539,-11.8));
#3780=CARTESIAN_POINT('',(381.099934320725,264.743779820539,-17.2));
#3781=CARTESIAN_POINT('',(381.099934320725,264.743779820539,-16.8));
#3782=CARTESIAN_POINT('',(381.099934320725,264.743779820539,-10.7));
#3783=CARTESIAN_POINT('',(388.427825496032,264.743779820539,-17.2));
#3784=CARTESIAN_POINT('',(390.713880112389,264.743779820539,-17.2));
#3785=CARTESIAN_POINT('',(388.427825496032,264.743779820539,-11.8));
#3786=CARTESIAN_POINT('',(381.099934320725,264.743779820539,-10.4));
#3787=CARTESIAN_POINT('',(381.099934320725,264.743779820539,-9.60000000000001));
#3788=CARTESIAN_POINT('',(380.299934320725,264.743779820539,-9.60000000000001));
#3789=CARTESIAN_POINT('',(379.999934320725,264.743779820539,-9.29999999999999));
#3790=CARTESIAN_POINT('',(378.299934320725,264.743779820539,-9.60000000000001));
#3791=CARTESIAN_POINT('',(389.245193280989,264.743779820539,-9.60000000000001));
#3792=CARTESIAN_POINT('',(378.299934320725,264.743779820539,-14.8));
#3793=CARTESIAN_POINT('',(378.299934320725,264.743779820539,-9.60000000000001));
#3794=CARTESIAN_POINT('',(378.24363830724,264.743779820539,-14.8));
#3795=CARTESIAN_POINT('',(389.244934492386,264.743779820539,-14.8));
#3796=CARTESIAN_POINT('',(379.392353784822,264.743779820539,-15.6043392366609));
#3797=CARTESIAN_POINT('Origin',(388.427825496032,265.543779820539,-11.8));
#3798=CARTESIAN_POINT('',(388.427825496032,260.142769208703,-17.2));
#3799=CARTESIAN_POINT('Origin',(400.189934664046,254.741758596868,-17.2));
#3800=CARTESIAN_POINT('',(381.099934320725,255.893779915907,-17.2));
#3801=CARTESIAN_POINT('Origin',(381.099934320725,241.039318357087,-9.60000000000001));
#3802=CARTESIAN_POINT('',(381.099934320725,245.089928417033,-16.8));
#3803=CARTESIAN_POINT('Origin',(379.941478390046,249.140538476979,-15.9888404246547));
#3804=CARTESIAN_POINT('',(378.243638307241,256.567769256389,-14.8));
#3805=CARTESIAN_POINT('Origin',(411.952043832063,264.743779820539,-11.8));
#3806=CARTESIAN_POINT('',(411.952043832063,264.743779820539,-17.2));
#3807=CARTESIAN_POINT('',(411.952043832063,264.743779820539,-11.8));
#3808=CARTESIAN_POINT('',(411.952043832063,264.743779820539,-11.8));
#3809=CARTESIAN_POINT('',(419.27993500737,264.743779820539,-17.2));
#3810=CARTESIAN_POINT('',(406.070989248055,264.743779820539,-17.2));
#3811=CARTESIAN_POINT('',(419.27993500737,264.743779820539,-16.8000000000001));
#3812=CARTESIAN_POINT('',(419.27993500737,264.743779820539,-10.7));
#3813=CARTESIAN_POINT('',(418.575234357352,264.743779820539,-17.293436707324));
#3814=CARTESIAN_POINT('',(422.079935007368,264.743779820539,-9.60000000000001));
#3815=CARTESIAN_POINT('',(422.079935007368,264.743779820539,-9.60000000000001));
#3816=CARTESIAN_POINT('',(420.07993500737,264.743779820539,-9.60000000000001));
#3817=CARTESIAN_POINT('',(406.071248036657,264.743779820538,-9.60000000000001));
#3818=CARTESIAN_POINT('',(419.27993500737,264.743779820539,-10.4));
#3819=CARTESIAN_POINT('',(417.847962213543,264.743779820539,-11.8319727938269));
#3820=CARTESIAN_POINT('',(419.27993500737,264.743779820539,-11.8));
#3821=CARTESIAN_POINT('',(419.27993500737,264.743779820539,-9.60000000000001));
#3822=CARTESIAN_POINT('',(406.070989248055,264.743779820539,-11.8));
#3823=CARTESIAN_POINT('Origin',(506.177789741253,184.891841059589,-12.703340959767));
#3824=CARTESIAN_POINT('',(506.177789741253,184.891841059589,-12.703340959767));
#3825=CARTESIAN_POINT('',(489.177789741253,184.891841059589,-12.703340959767));
#3826=CARTESIAN_POINT('',(453.183862202649,184.891841059589,-12.7033409597669));
#3827=CARTESIAN_POINT('',(506.177789741253,185.04863375449,-11.2115581167146));
#3828=CARTESIAN_POINT('',(506.177789741253,184.891841059589,-12.703340959767));
#3829=CARTESIAN_POINT('',(489.177789741253,185.04863375449,-11.2115581167146));
#3830=CARTESIAN_POINT('',(506.177789741253,185.04863375449,-11.2115581167146));
#3831=CARTESIAN_POINT('',(489.177789741253,184.891841059589,-12.703340959767));
#3832=CARTESIAN_POINT('Origin',(506.177789741253,183.300606026999,-12.5360954185388));
#3833=CARTESIAN_POINT('',(506.177789741253,181.70937099441,-12.3688498773105));
#3834=CARTESIAN_POINT('Origin',(506.177789741253,183.300606027,-12.5360954185378));
#3835=CARTESIAN_POINT('',(506.177789741253,181.866163689312,-10.8770670342581));
#3836=CARTESIAN_POINT('',(506.177789741253,181.70937099441,-12.3688498773105));
#3837=CARTESIAN_POINT('Origin',(506.177789741253,183.457398721901,-11.0443125754864));
#3838=CARTESIAN_POINT('Origin',(489.177789741253,181.70937099441,-12.3688498773105));
#3839=CARTESIAN_POINT('',(489.177789741253,181.70937099441,-12.3688498773105));
#3840=CARTESIAN_POINT('',(444.683862202649,181.70937099441,-12.3688498773104));
#3841=CARTESIAN_POINT('',(489.177789741253,181.866163689312,-10.8770670342581));
#3842=CARTESIAN_POINT('',(489.177789741253,181.70937099441,-12.3688498773105));
#3843=CARTESIAN_POINT('',(489.177789741253,181.866163689312,-10.8770670342581));
#3844=CARTESIAN_POINT('Origin',(489.177789741253,183.300606026999,-12.5360954185388));
#3845=CARTESIAN_POINT('Origin',(489.177789741253,183.300606027,-12.5360954185378));
#3846=CARTESIAN_POINT('Origin',(489.177789741253,183.457398721901,-11.0443125754864));
#3847=CARTESIAN_POINT('Origin',(497.677789741253,183.457398721901,-11.0443125754864));
#3848=CARTESIAN_POINT('Origin',(311.203114741253,183.300606026999,-12.5360954185388));
#3849=CARTESIAN_POINT('',(311.203114741253,181.70937099441,-12.3688498773105));
#3850=CARTESIAN_POINT('',(311.203114741253,184.891841059589,-12.703340959767));
#3851=CARTESIAN_POINT('Origin',(311.203114741253,183.300606027,-12.5360954185378));
#3852=CARTESIAN_POINT('',(311.203114741253,181.866163689312,-10.8770670342581));
#3853=CARTESIAN_POINT('',(311.203114741253,181.70937099441,-12.3688498773105));
#3854=CARTESIAN_POINT('',(311.203114741253,185.04863375449,-11.2115581167146));
#3855=CARTESIAN_POINT('Origin',(311.203114741253,183.457398721901,-11.0443125754864));
#3856=CARTESIAN_POINT('',(311.203114741253,184.891841059589,-12.703340959767));
#3857=CARTESIAN_POINT('Origin',(294.203114741253,181.70937099441,-12.3688498773105));
#3858=CARTESIAN_POINT('',(294.203114741253,181.70937099441,-12.3688498773105));
#3859=CARTESIAN_POINT('',(347.19652470265,181.70937099441,-12.3688498773104));
#3860=CARTESIAN_POINT('',(294.203114741253,181.866163689312,-10.8770670342581));
#3861=CARTESIAN_POINT('',(294.203114741253,181.70937099441,-12.3688498773105));
#3862=CARTESIAN_POINT('',(311.203114741253,181.866163689312,-10.8770670342581));
#3863=CARTESIAN_POINT('Origin',(294.203114741253,183.300606026999,-12.5360954185388));
#3864=CARTESIAN_POINT('',(294.203114741253,184.891841059589,-12.703340959767));
#3865=CARTESIAN_POINT('Origin',(294.203114741253,183.300606026999,-12.5360954185378));
#3866=CARTESIAN_POINT('',(294.203114741253,185.04863375449,-11.2115581167146));
#3867=CARTESIAN_POINT('',(294.203114741253,184.891841059589,-12.703340959767));
#3868=CARTESIAN_POINT('Origin',(294.203114741253,183.457398721901,-11.0443125754864));
#3869=CARTESIAN_POINT('Origin',(311.203114741253,184.891841059589,-12.703340959767));
#3870=CARTESIAN_POINT('',(355.696524702649,184.891841059589,-12.7033409597669));
#3871=CARTESIAN_POINT('',(294.203114741253,185.04863375449,-11.2115581167146));
#3872=CARTESIAN_POINT('Origin',(302.703114741253,183.457398721901,-11.0443125754864));
#3873=CARTESIAN_POINT('Origin',(489.108387880671,273.352069413971,-22.0008856123815));
#3874=CARTESIAN_POINT('',(489.108387880671,273.352069413971,-22.0008856123815));
#3875=CARTESIAN_POINT('',(506.108387880671,273.352069413971,-22.0008856123815));
#3876=CARTESIAN_POINT('',(444.649161272358,273.352069413971,-22.0008856123813));
#3877=CARTESIAN_POINT('',(489.108387880671,273.508862108872,-20.5091027693291));
#3878=CARTESIAN_POINT('',(489.108387880671,273.352069413971,-22.0008856123815));
#3879=CARTESIAN_POINT('',(506.108387880671,273.508862108872,-20.5091027693291));
#3880=CARTESIAN_POINT('',(489.108387880671,273.508862108872,-20.5091027693291));
#3881=CARTESIAN_POINT('',(506.108387880671,273.352069413971,-22.0008856123815));
#3882=CARTESIAN_POINT('Origin',(489.108387880671,274.94330444656,-22.1681311536098));
#3883=CARTESIAN_POINT('',(489.108387880671,276.534539479149,-22.335376694838));
#3884=CARTESIAN_POINT('Origin',(489.108387880671,274.94330444656,-22.1681311536098));
#3885=CARTESIAN_POINT('',(489.108387880671,276.691332174051,-20.8435938517856));
#3886=CARTESIAN_POINT('',(489.108387880671,276.534539479149,-22.335376694838));
#3887=CARTESIAN_POINT('Origin',(489.108387880671,275.100097141461,-20.6763483105574));
#3888=CARTESIAN_POINT('Origin',(506.108387880671,276.534539479149,-22.335376694838));
#3889=CARTESIAN_POINT('',(506.108387880671,276.534539479149,-22.335376694838));
#3890=CARTESIAN_POINT('',(453.149161272358,276.534539479149,-22.3353766948378));
#3891=CARTESIAN_POINT('',(506.108387880671,276.691332174051,-20.8435938517856));
#3892=CARTESIAN_POINT('',(506.108387880671,276.534539479149,-22.335376694838));
#3893=CARTESIAN_POINT('',(506.108387880671,276.691332174051,-20.8435938517856));
#3894=CARTESIAN_POINT('Origin',(506.108387880671,274.94330444656,-22.1681311536098));
#3895=CARTESIAN_POINT('Origin',(506.108387880671,274.94330444656,-22.1681311536098));
#3896=CARTESIAN_POINT('Origin',(506.108387880671,275.100097141461,-20.6763483105574));
#3897=CARTESIAN_POINT('Origin',(497.608387880671,275.100097141461,-20.6763483105574));
#3898=CARTESIAN_POINT('Origin',(311.272516601835,274.94330444656,-22.1681311536098));
#3899=CARTESIAN_POINT('',(311.272516601835,273.352069413971,-22.0008856123815));
#3900=CARTESIAN_POINT('',(311.272516601835,276.534539479149,-22.335376694838));
#3901=CARTESIAN_POINT('Origin',(311.272516601835,274.94330444656,-22.1681311536098));
#3902=CARTESIAN_POINT('',(311.272516601835,273.508862108872,-20.5091027693291));
#3903=CARTESIAN_POINT('',(311.272516601835,273.352069413971,-22.0008856123815));
#3904=CARTESIAN_POINT('',(311.272516601835,276.691332174051,-20.8435938517856));
#3905=CARTESIAN_POINT('Origin',(311.272516601835,275.100097141461,-20.6763483105574));
#3906=CARTESIAN_POINT('',(311.272516601835,276.534539479149,-22.335376694838));
#3907=CARTESIAN_POINT('Origin',(294.272516601835,273.352069413971,-22.0008856123815));
#3908=CARTESIAN_POINT('',(294.272516601835,273.352069413971,-22.0008856123815));
#3909=CARTESIAN_POINT('',(347.23122563294,273.352069413971,-22.0008856123813));
#3910=CARTESIAN_POINT('',(294.272516601835,273.508862108872,-20.5091027693291));
#3911=CARTESIAN_POINT('',(294.272516601835,273.352069413971,-22.0008856123815));
#3912=CARTESIAN_POINT('',(311.272516601835,273.508862108872,-20.5091027693291));
#3913=CARTESIAN_POINT('Origin',(294.272516601835,274.94330444656,-22.1681311536098));
#3914=CARTESIAN_POINT('',(294.272516601835,276.534539479149,-22.335376694838));
#3915=CARTESIAN_POINT('Origin',(294.272516601835,274.94330444656,-22.1681311536098));
#3916=CARTESIAN_POINT('',(294.272516601835,276.691332174051,-20.8435938517856));
#3917=CARTESIAN_POINT('',(294.272516601835,276.534539479149,-22.335376694838));
#3918=CARTESIAN_POINT('Origin',(294.272516601835,275.100097141461,-20.6763483105574));
#3919=CARTESIAN_POINT('Origin',(311.272516601835,276.534539479149,-22.335376694838));
#3920=CARTESIAN_POINT('',(355.731225632941,276.534539479149,-22.3353766948378));
#3921=CARTESIAN_POINT('',(294.272516601835,276.691332174051,-20.8435938517856));
#3922=CARTESIAN_POINT('Origin',(302.772516601835,275.100097141461,-20.6763483105574));
#3923=CARTESIAN_POINT('Origin',(390.189934664047,231.039318357087,-9.60000000000001));
#3924=CARTESIAN_POINT('',(390.189934664047,240.839318357087,-10.4));
#3925=CARTESIAN_POINT('',(390.189934664047,240.839318357087,-12.8842130230825));
#3926=CARTESIAN_POINT('',(390.189934664047,240.839318357087,-9.60000000000001));
#3927=CARTESIAN_POINT('',(390.189934664047,240.039318357087,-9.60000000000001));
#3928=CARTESIAN_POINT('',(390.189934664047,237.989318357087,-7.55000000000002));
#3929=CARTESIAN_POINT('',(390.189934664047,231.039318357087,-9.60000000000001));
#3930=CARTESIAN_POINT('',(390.189934664047,228.800070976979,-9.60000000000001));
#3931=CARTESIAN_POINT('',(390.189934664047,231.039318357087,-9.70000000000001));
#3932=CARTESIAN_POINT('',(390.189934664047,231.039318357087,-9.60000000000001));
#3933=CARTESIAN_POINT('',(390.189934664047,231.039318357087,-9.7));
#3934=CARTESIAN_POINT('Origin',(410.189934664047,241.039318357088,-9.60000000000001));
#3935=CARTESIAN_POINT('',(410.189934664047,240.839318357088,-12.8842130230825));
#3936=CARTESIAN_POINT('',(410.189934664047,240.839318357088,-10.4));
#3937=CARTESIAN_POINT('',(410.189934664047,240.839318357088,-9.60000000000001));
#3938=CARTESIAN_POINT('',(410.189934664047,231.039318357087,-9.7));
#3939=CARTESIAN_POINT('',(410.189934664047,231.039318357088,-9.70000000000002));
#3940=CARTESIAN_POINT('',(410.189934664047,231.039318357087,-9.60000000000001));
#3941=CARTESIAN_POINT('',(410.189934664047,231.039318357087,-9.60000000000001));
#3942=CARTESIAN_POINT('',(410.189934664047,240.039318357088,-9.60000000000001));
#3943=CARTESIAN_POINT('',(410.189934664047,233.80007097698,-9.60000000000001));
#3944=CARTESIAN_POINT('',(410.189934664047,240.489318357088,-10.05));
#3945=CARTESIAN_POINT('Origin',(400.189934664047,235.794600938563,-11.2450849718747));
#3946=CARTESIAN_POINT('',(409.634934835708,240.839318357088,-12.8842130230825));
#3947=CARTESIAN_POINT('',(405.189934664047,231.039318357087,-9.7));
#3948=CARTESIAN_POINT('Origin',(410.079935007371,249.719318357087,-9.60000000000001));
#3949=CARTESIAN_POINT('',(389.989934664047,249.719318357087,-17.2829275036469));
#3950=CARTESIAN_POINT('',(389.989934664047,249.719318357087,-14.3));
#3951=CARTESIAN_POINT('',(389.989934664047,249.719318357087,-9.60000000000001));
#3952=CARTESIAN_POINT('',(410.389934664047,249.719318357087,-14.3));
#3953=CARTESIAN_POINT('',(405.135193624312,249.719318357087,-14.3));
#3954=CARTESIAN_POINT('',(410.389934664047,249.719318357087,-17.2829275036469));
#3955=CARTESIAN_POINT('',(410.389934664047,249.719318357087,-9.60000000000001));
#3956=CARTESIAN_POINT('',(405.289934664047,249.719318357087,-17.2829275036469));
#3957=CARTESIAN_POINT('Origin',(420.438390938049,267.741758596873,-15.9888404246547));
#3958=CARTESIAN_POINT('',(419.27993500737,272.991758596872,-16.8));
#3959=CARTESIAN_POINT('Origin',(339.299934320725,257.241758596871,-14.8));
#3960=CARTESIAN_POINT('',(378.299934320725,278.241758596871,-14.8));
#3961=CARTESIAN_POINT('',(378.299934320725,236.241758596871,-14.8));
#3962=CARTESIAN_POINT('',(300.299934320725,278.241758596871,-14.8));
#3963=CARTESIAN_POINT('',(380.299934320725,278.241758596871,-14.8));
#3964=CARTESIAN_POINT('',(300.299934320725,236.241758596871,-14.8));
#3965=CARTESIAN_POINT('',(300.299934320725,236.241758596871,-14.8));
#3966=CARTESIAN_POINT('',(378.299934320725,236.241758596871,-14.8));
#3967=CARTESIAN_POINT('',(378.299934320725,236.241758596871,-14.8));
#3968=CARTESIAN_POINT('',(378.299934320725,236.241758596871,-14.8));
#3969=CARTESIAN_POINT('Origin',(378.299934320725,278.241758596871,-9.60000000000001));
#3970=CARTESIAN_POINT('',(378.299934320725,236.241758596871,-9.60000000000001));
#3971=CARTESIAN_POINT('',(378.299934320725,236.241758596871,-9.60000000000001));
#3972=CARTESIAN_POINT('',(378.299934320725,252.401291096872,-9.60000000000001));
#3973=CARTESIAN_POINT('Origin',(378.299934320725,278.241758596871,-9.60000000000001));
#3974=CARTESIAN_POINT('',(378.299934320725,278.241758596871,-9.60000000000001));
#3975=CARTESIAN_POINT('',(378.299934320725,265.543779820539,-9.60000000000001));
#3976=CARTESIAN_POINT('',(378.299934320725,278.241758596871,-9.60000000000001));
#3977=CARTESIAN_POINT('Origin',(380.699934320725,233.800070976979,-10.));
#3978=CARTESIAN_POINT('',(380.299934320725,240.039318357087,-9.60000000000001));
#3979=CARTESIAN_POINT('',(380.299934320725,233.800070976979,-9.60000000000001));
#3980=CARTESIAN_POINT('',(381.099934320725,240.839318357087,-10.4));
#3981=CARTESIAN_POINT('Origin',(422.07993500737,236.241758596872,-9.60000000000001));
#3982=CARTESIAN_POINT('',(422.079935007368,278.241758596872,-9.60000000000001));
#3983=CARTESIAN_POINT('',(422.079935007368,278.241758596872,-9.60000000000001));
#3984=CARTESIAN_POINT('',(422.07993500737,231.401291096873,-9.60000000000001));
#3985=CARTESIAN_POINT('Origin',(422.07993500737,236.241758596872,-9.60000000000001));
#3986=CARTESIAN_POINT('',(422.07993500737,236.241758596872,-9.60000000000001));
#3987=CARTESIAN_POINT('',(422.07993500737,231.401291096873,-9.60000000000001));
#3988=CARTESIAN_POINT('',(422.07993500737,236.241758596872,-9.60000000000001));
#3989=CARTESIAN_POINT('Origin',(400.190452241253,226.560823596872,-9.60000000000001));
#3990=CARTESIAN_POINT('',(420.07993500737,278.241758596871,-9.60000000000001));
#3991=CARTESIAN_POINT('',(342.203114741253,278.241758596871,-9.60000000000001));
#3992=CARTESIAN_POINT('',(420.07993500737,252.401291096872,-9.60000000000001));
#3993=CARTESIAN_POINT('Origin',(400.190452241253,226.560823596872,-9.60000000000001));
#3994=CARTESIAN_POINT('',(300.299934320725,236.241758596871,-9.60000000000001));
#3995=CARTESIAN_POINT('',(389.245193280989,236.241758596871,-9.60000000000001));
#3996=CARTESIAN_POINT('',(300.299934320725,278.241758596871,-9.60000000000001));
#3997=CARTESIAN_POINT('',(300.299934320725,231.401291096872,-9.60000000000001));
#3998=CARTESIAN_POINT('',(284.715777241253,278.241758596871,-9.60000000000001));
#3999=CARTESIAN_POINT('',(342.203114741253,278.241758596871,-9.60000000000001));
#4000=CARTESIAN_POINT('',(284.715777241253,175.379888596872,-9.60000000000001));
#4001=CARTESIAN_POINT('',(284.715777241253,255.401291096872,-9.60000000000001));
#4002=CARTESIAN_POINT('',(515.665127241253,175.379888596872,-9.60000000000001));
#4003=CARTESIAN_POINT('',(457.927789741253,175.379888596872,-9.60000000000001));
#4004=CARTESIAN_POINT('',(515.665127241253,278.241758596871,-9.60000000000001));
#4005=CARTESIAN_POINT('',(515.665127241253,197.720356096872,-9.60000000000001));
#4006=CARTESIAN_POINT('',(500.079935007368,278.241758596876,-9.60000000000001));
#4007=CARTESIAN_POINT('',(342.203114741253,278.241758596871,-9.60000000000001));
#4008=CARTESIAN_POINT('',(500.07993500737,236.241758596876,-9.60000000000001));
#4009=CARTESIAN_POINT('',(500.079935007369,252.401291096876,-9.60000000000001));
#4010=CARTESIAN_POINT('',(450.135193624311,236.241758596874,-9.60000000000001));
#4011=CARTESIAN_POINT('',(420.07993500737,240.039318357088,-9.60000000000001));
#4012=CARTESIAN_POINT('',(420.07993500737,252.401291096872,-9.60000000000001));
#4013=CARTESIAN_POINT('',(409.635193624311,240.039318357088,-9.60000000000001));
#4014=CARTESIAN_POINT('',(405.19019345265,231.039318357087,-9.60000000000001));
#4015=CARTESIAN_POINT('',(409.635193624311,240.039318357088,-9.60000000000001));
#4016=CARTESIAN_POINT('Origin',(400.190452241253,226.560823596872,-9.60000000000001));
#4017=CARTESIAN_POINT('',(380.299934320725,278.241758596871,-9.60000000000001));
#4018=CARTESIAN_POINT('',(380.299934320725,233.800070976979,-9.60000000000001));
#4019=CARTESIAN_POINT('',(342.203114741253,278.241758596871,-9.60000000000001));
#4020=CARTESIAN_POINT('Origin',(419.67993500737,252.401291096872,-10.));
#4021=CARTESIAN_POINT('',(419.27993500737,278.241758596871,-10.4));
#4022=CARTESIAN_POINT('',(385.913895565841,278.241758596871,-43.7660394415293));
#4023=CARTESIAN_POINT('',(419.27993500737,252.401291096872,-10.4));
#4024=CARTESIAN_POINT('Origin',(419.27993500737,278.241758596871,-9.60000000000001));
#4025=CARTESIAN_POINT('',(419.27993500737,266.49175859687,-17.2));
#4026=CARTESIAN_POINT('Origin',(419.27993500737,278.241758596871,-9.60000000000001));
#4027=CARTESIAN_POINT('',(419.27993500737,278.241758596871,-11.8));
#4028=CARTESIAN_POINT('',(419.27993500737,278.241758596871,-9.60000000000001));
#4029=CARTESIAN_POINT('',(419.27993500737,268.941148536925,-11.8));
#4030=CARTESIAN_POINT('Origin',(419.27993500737,278.241758596871,-9.60000000000001));
#4031=CARTESIAN_POINT('',(419.27993500737,240.839318357088,-11.8));
#4032=CARTESIAN_POINT('',(419.27993500737,268.941148536925,-11.8));
#4033=CARTESIAN_POINT('',(419.27993500737,240.839318357088,-10.4));
#4034=CARTESIAN_POINT('',(419.27993500737,240.839318357088,-9.60000000000001));
#4035=CARTESIAN_POINT('',(419.27993500737,252.401291096872,-10.4));
#4036=CARTESIAN_POINT('Origin',(300.299934320725,236.241758596871,-9.60000000000001));
#4037=CARTESIAN_POINT('',(300.299934320725,236.241758596871,-9.60000000000001));
#4038=CARTESIAN_POINT('',(300.299934320725,278.241758596871,-9.60000000000001));
#4039=CARTESIAN_POINT('Origin',(378.299934320725,236.241758596871,-9.60000000000001));
#4040=CARTESIAN_POINT('Origin',(500.079935007368,278.241758596876,-9.60000000000001));
#4041=CARTESIAN_POINT('',(500.079935007368,278.241758596876,-9.60000000000001));
#4042=CARTESIAN_POINT('',(500.07993500737,236.241758596876,-9.60000000000001));
#4043=CARTESIAN_POINT('Origin',(500.07993500737,236.241758596876,-9.60000000000001));
#4044=CARTESIAN_POINT('Origin',(389.989934664047,231.039318357087,-9.60000000000001));
#4045=CARTESIAN_POINT('',(389.989934664046,283.741758596872,-17.2829275036469));
#4046=CARTESIAN_POINT('',(389.989934664046,256.984504604652,-17.2829275036469));
#4047=CARTESIAN_POINT('',(389.989934664046,283.741758596872,-9.10000000000001));
#4048=CARTESIAN_POINT('',(389.989934664046,283.741758596872,-12.1914637518234));
#4049=CARTESIAN_POINT('',(389.989934664046,278.241758596871,-9.10000000000001));
#4050=CARTESIAN_POINT('',(389.989934664047,248.884928417033,-9.10000000000001));
#4051=CARTESIAN_POINT('',(389.989934664046,278.241758596871,-9.60000000000001));
#4052=CARTESIAN_POINT('',(389.989934664047,240.839318357087,-14.3));
#4053=CARTESIAN_POINT('',(389.989934664047,240.839318357087,-9.60000000000001));
#4054=CARTESIAN_POINT('',(389.989934664047,238.209318357087,-14.3));
#4055=CARTESIAN_POINT('Origin',(410.190452241253,275.241758596871,-17.2829275036469));
#4056=CARTESIAN_POINT('',(410.389934664047,283.741758596872,-17.2829275036469));
#4057=CARTESIAN_POINT('',(410.389934664047,258.140538476979,-17.2829275036469));
#4058=CARTESIAN_POINT('',(403.690452241253,283.741758596872,-17.2829275036469));
#4059=CARTESIAN_POINT('',(405.190452241253,283.741758596872,-17.2829275036469));
#4060=CARTESIAN_POINT('',(403.690452241253,284.741758596872,-17.2829275036469));
#4061=CARTESIAN_POINT('',(403.690452241253,281.741758596872,-17.2829275036469));
#4062=CARTESIAN_POINT('',(396.690452241253,284.741758596872,-17.2829275036469));
#4063=CARTESIAN_POINT('',(463.177789741253,284.741758596872,-17.2829275036469));
#4064=CARTESIAN_POINT('',(396.690452241253,283.741758596872,-17.2829275036469));
#4065=CARTESIAN_POINT('',(396.690452241253,281.741758596872,-17.2829275036469));
#4066=CARTESIAN_POINT('',(405.190452241253,283.741758596872,-17.2829275036469));
#4067=CARTESIAN_POINT('Origin',(414.670030840918,274.000383889227,-11.8));
#4068=CARTESIAN_POINT('',(416.170030840918,274.000383889227,-11.8));
#4069=CARTESIAN_POINT('Origin',(414.670030840918,274.000383889227,-11.8));
#4070=CARTESIAN_POINT('',(416.170030840918,274.000383889227,-14.3));
#4071=CARTESIAN_POINT('',(416.170030840918,274.000383889227,-11.8));
#4072=CARTESIAN_POINT('Origin',(414.670030840918,274.000383889227,-14.3));
#4073=CARTESIAN_POINT('Origin',(400.12850175786,260.728857346172,-14.3));
#4074=CARTESIAN_POINT('Origin',(414.670030840918,247.457330803117,-11.8));
#4075=CARTESIAN_POINT('',(416.170030840918,247.457330803117,-11.8));
#4076=CARTESIAN_POINT('Origin',(414.670030840918,247.457330803117,-11.8));
#4077=CARTESIAN_POINT('',(416.170030840918,247.457330803117,-14.3));
#4078=CARTESIAN_POINT('',(416.170030840918,247.457330803117,-11.8));
#4079=CARTESIAN_POINT('Origin',(414.670030840918,247.457330803117,-14.3));
#4080=CARTESIAN_POINT('Origin',(400.12850175786,260.728857346172,-14.3));
#4081=CARTESIAN_POINT('Origin',(385.586972674802,274.000383889227,-11.8));
#4082=CARTESIAN_POINT('',(387.086972674802,274.000383889227,-14.3));
#4083=CARTESIAN_POINT('',(387.086972674802,274.000383889227,-11.8));
#4084=CARTESIAN_POINT('Origin',(385.586972674802,274.000383889227,-14.3));
#4085=CARTESIAN_POINT('Origin',(400.12850175786,260.728857346172,-14.3));
#4086=CARTESIAN_POINT('Origin',(385.586972674802,247.457330803117,-11.8));
#4087=CARTESIAN_POINT('',(387.086972674802,247.457330803117,-14.3));
#4088=CARTESIAN_POINT('',(387.086972674802,247.457330803117,-11.8));
#4089=CARTESIAN_POINT('Origin',(385.586972674802,247.457330803117,-14.3));
#4090=CARTESIAN_POINT('Origin',(400.12850175786,260.728857346172,-14.3));
#4091=CARTESIAN_POINT('Origin',(400.189934664047,259.640538476979,-11.8));
#4092=CARTESIAN_POINT('',(411.952043832063,257.767159196443,-11.8));
#4093=CARTESIAN_POINT('',(410.389934664047,278.241758596871,-11.8));
#4094=CARTESIAN_POINT('',(342.20285595265,278.241758596871,-11.8));
#4095=CARTESIAN_POINT('',(410.389934664047,240.839318357088,-11.8));
#4096=CARTESIAN_POINT('',(410.389934664047,250.339928417033,-11.8));
#4097=CARTESIAN_POINT('',(409.634934835709,240.839318357088,-11.8));
#4098=CARTESIAN_POINT('Origin',(411.952043832063,255.893779915907,-11.8));
#4099=CARTESIAN_POINT('',(411.952043832063,255.317769256387,-17.2));
#4100=CARTESIAN_POINT('Origin',(416.177789741253,171.379888596871,-9.10000000000001));
#4101=CARTESIAN_POINT('',(416.177789741252,168.379888596872,-10.9678648234298));
#4102=CARTESIAN_POINT('',(416.177789741253,171.379888596871,-11.2831775292268));
#4103=CARTESIAN_POINT('',(416.177789741262,198.687931756148,-14.1533685220847));
#4104=CARTESIAN_POINT('',(416.177789741252,168.379888596872,-9.10000000000001));
#4105=CARTESIAN_POINT('',(416.177789741252,168.379888596872,-10.85));
#4106=CARTESIAN_POINT('',(416.177789741253,171.379888596872,-9.10000000000001));
#4107=CARTESIAN_POINT('',(416.177789741253,171.379888596871,-9.10000000000001));
#4108=CARTESIAN_POINT('',(416.177789741253,171.379888596871,-9.10000000000001));
#4109=CARTESIAN_POINT('Origin',(411.177789741254,168.379888596872,-9.10000000000001));
#4110=CARTESIAN_POINT('',(411.177789741253,171.379888596871,-11.2831775292268));
#4111=CARTESIAN_POINT('',(411.177789741254,168.379888596872,-10.9678648234298));
#4112=CARTESIAN_POINT('',(411.177789741243,197.204321055603,-13.9974347539719));
#4113=CARTESIAN_POINT('',(411.177789741253,171.379888596871,-9.10000000000001));
#4114=CARTESIAN_POINT('',(411.177789741253,171.379888596871,-9.10000000000001));
#4115=CARTESIAN_POINT('',(411.177789741254,168.379888596872,-9.10000000000001));
#4116=CARTESIAN_POINT('',(411.177789741253,171.379888596871,-9.10000000000001));
#4117=CARTESIAN_POINT('',(411.177789741254,168.379888596872,-10.85));
#4118=CARTESIAN_POINT('Origin',(389.203114741253,171.379888596871,-9.10000000000001));
#4119=CARTESIAN_POINT('',(389.203114741252,168.379888596872,-10.9678648234298));
#4120=CARTESIAN_POINT('',(389.203114741253,171.379888596871,-11.2831775292268));
#4121=CARTESIAN_POINT('',(389.203114741263,198.687931756153,-14.1533685220852));
#4122=CARTESIAN_POINT('',(389.203114741252,168.379888596872,-9.10000000000001));
#4123=CARTESIAN_POINT('',(389.203114741252,168.379888596872,-10.85));
#4124=CARTESIAN_POINT('',(389.203114741253,171.379888596872,-9.10000000000001));
#4125=CARTESIAN_POINT('',(389.203114741253,171.379888596871,-9.10000000000001));
#4126=CARTESIAN_POINT('',(389.203114741253,171.379888596871,-9.10000000000001));
#4127=CARTESIAN_POINT('Origin',(384.203114741254,168.379888596872,-9.10000000000001));
#4128=CARTESIAN_POINT('',(384.203114741253,171.379888596871,-11.2831775292268));
#4129=CARTESIAN_POINT('',(384.203114741254,168.379888596872,-10.9678648234298));
#4130=CARTESIAN_POINT('',(384.203114741244,197.204321055598,-13.9974347539714));
#4131=CARTESIAN_POINT('',(384.203114741253,171.379888596871,-9.10000000000001));
#4132=CARTESIAN_POINT('',(384.203114741253,171.379888596871,-9.10000000000001));
#4133=CARTESIAN_POINT('',(384.203114741254,168.379888596872,-9.10000000000001));
#4134=CARTESIAN_POINT('',(384.203114741253,171.379888596871,-9.10000000000001));
#4135=CARTESIAN_POINT('',(384.203114741254,168.379888596872,-10.85));
#4136=CARTESIAN_POINT('Origin',(500.177789741253,171.379888596871,-9.10000000000001));
#4137=CARTESIAN_POINT('',(500.177789741253,168.379888596872,-10.9678648234298));
#4138=CARTESIAN_POINT('',(500.177789741253,171.379888596871,-11.2831775292268));
#4139=CARTESIAN_POINT('',(500.177789741253,198.687931756151,-14.153368522085));
#4140=CARTESIAN_POINT('',(500.177789741253,168.379888596872,-9.10000000000001));
#4141=CARTESIAN_POINT('',(500.177789741253,168.379888596872,-10.85));
#4142=CARTESIAN_POINT('',(500.177789741253,171.379888596871,-9.10000000000001));
#4143=CARTESIAN_POINT('',(500.177789741253,171.379888596871,-9.10000000000001));
#4144=CARTESIAN_POINT('',(500.177789741253,171.379888596871,-9.10000000000001));
#4145=CARTESIAN_POINT('Origin',(495.177789741253,168.379888596872,-9.10000000000001));
#4146=CARTESIAN_POINT('',(495.177789741253,171.379888596871,-11.2831775292268));
#4147=CARTESIAN_POINT('',(495.177789741253,168.379888596872,-10.9678648234298));
#4148=CARTESIAN_POINT('',(495.177789741253,197.204321055601,-13.9974347539717));
#4149=CARTESIAN_POINT('',(495.177789741253,171.379888596871,-9.10000000000001));
#4150=CARTESIAN_POINT('',(495.177789741253,171.379888596871,-9.10000000000001));
#4151=CARTESIAN_POINT('',(495.177789741253,168.379888596872,-9.10000000000001));
#4152=CARTESIAN_POINT('',(495.177789741253,171.379888596871,-9.10000000000001));
#4153=CARTESIAN_POINT('',(495.177789741253,168.379888596872,-10.85));
#4154=CARTESIAN_POINT('Origin',(305.203114741253,171.379888596871,-9.10000000000001));
#4155=CARTESIAN_POINT('',(305.203114741253,168.379888596872,-10.9678648234298));
#4156=CARTESIAN_POINT('',(305.203114741253,171.379888596871,-11.2831775292268));
#4157=CARTESIAN_POINT('',(305.203114741253,198.687931756152,-14.153368522085));
#4158=CARTESIAN_POINT('',(305.203114741253,168.379888596872,-9.10000000000001));
#4159=CARTESIAN_POINT('',(305.203114741253,168.379888596872,-10.85));
#4160=CARTESIAN_POINT('',(305.203114741253,171.379888596871,-9.10000000000001));
#4161=CARTESIAN_POINT('',(305.203114741253,171.379888596871,-9.10000000000001));
#4162=CARTESIAN_POINT('',(305.203114741253,171.379888596871,-9.10000000000001));
#4163=CARTESIAN_POINT('Origin',(300.203114741253,168.379888596872,-9.10000000000001));
#4164=CARTESIAN_POINT('',(300.203114741253,171.379888596871,-11.2831775292268));
#4165=CARTESIAN_POINT('',(300.203114741253,168.379888596872,-10.9678648234298));
#4166=CARTESIAN_POINT('',(300.203114741252,197.2043210556,-13.9974347539716));
#4167=CARTESIAN_POINT('',(300.203114741253,171.379888596871,-9.10000000000001));
#4168=CARTESIAN_POINT('',(300.203114741253,171.379888596871,-9.10000000000001));
#4169=CARTESIAN_POINT('',(300.203114741253,168.379888596872,-9.10000000000001));
#4170=CARTESIAN_POINT('',(300.203114741253,171.379888596871,-9.10000000000001));
#4171=CARTESIAN_POINT('',(300.203114741253,168.379888596872,-10.85));
#4172=CARTESIAN_POINT('Origin',(284.215777241253,168.379888596872,-12.6));
#4173=CARTESIAN_POINT('',(348.946783491253,168.379888596872,-9.10000000000001));
#4174=CARTESIAN_POINT('',(515.165127241253,168.379888596872,-10.9678648234298));
#4175=CARTESIAN_POINT('',(390.946783491253,168.379888596872,-9.10000000000001));
#4176=CARTESIAN_POINT('',(512.665127241253,168.379888596872,-10.9678648234298));
#4177=CARTESIAN_POINT('',(515.165127241253,168.379888596872,-10.9678648234298));
#4178=CARTESIAN_POINT('',(512.665127241253,168.379888596872,-3.10000000000001));
#4179=CARTESIAN_POINT('',(512.665127241253,168.379888596872,-9.60000000000001));
#4180=CARTESIAN_POINT('',(287.715777241253,168.379888596872,-3.10000000000001));
#4181=CARTESIAN_POINT('',(287.715777241253,168.379888596872,-3.10000000000001));
#4182=CARTESIAN_POINT('',(287.715777241253,168.379888596872,-10.9678648234298));
#4183=CARTESIAN_POINT('',(287.715777241253,168.379888596872,-9.60000000000001));
#4184=CARTESIAN_POINT('',(515.165127241253,168.379888596872,-10.9678648234298));
#4185=CARTESIAN_POINT('',(293.459445991253,168.379888596872,-9.10000000000001));
#4186=CARTESIAN_POINT('',(515.165127241253,168.379888596872,-10.9678648234298));
#4187=CARTESIAN_POINT('',(335.459445991253,168.379888596872,-9.10000000000001));
#4188=CARTESIAN_POINT('',(515.165127241253,168.379888596872,-10.9678648234298));
#4189=CARTESIAN_POINT('Origin',(416.177789741252,284.741758596872,-20.6));
#4190=CARTESIAN_POINT('',(416.177789741253,281.741758596872,-22.8826774780669));
#4191=CARTESIAN_POINT('',(416.177789741252,284.741758596872,-23.1979901838639));
#4192=CARTESIAN_POINT('',(416.177789741261,255.347305656054,-20.1085086864664));
#4193=CARTESIAN_POINT('',(416.177789741253,281.741758596871,-20.6));
#4194=CARTESIAN_POINT('',(416.177789741253,281.741758596872,-20.6));
#4195=CARTESIAN_POINT('',(416.177789741252,284.741758596872,-20.6));
#4196=CARTESIAN_POINT('',(416.177789741253,281.741758596872,-20.6));
#4197=CARTESIAN_POINT('',(416.177789741252,284.741758596872,-16.6));
#4198=CARTESIAN_POINT('Origin',(411.177789741253,281.741758596872,-20.6));
#4199=CARTESIAN_POINT('',(411.177789741254,284.741758596872,-23.1979901838639));
#4200=CARTESIAN_POINT('',(411.177789741253,281.741758596872,-22.8826774780669));
#4201=CARTESIAN_POINT('',(411.177789741243,253.8636949555,-19.9525749183526));
#4202=CARTESIAN_POINT('',(411.177789741254,284.741758596872,-20.6));
#4203=CARTESIAN_POINT('',(411.177789741254,284.741758596872,-16.6));
#4204=CARTESIAN_POINT('',(411.177789741253,281.741758596872,-20.6));
#4205=CARTESIAN_POINT('',(411.177789741253,281.741758596872,-20.6));
#4206=CARTESIAN_POINT('',(411.177789741253,281.741758596872,-20.6));
#4207=CARTESIAN_POINT('Origin',(389.203114741252,284.741758596872,-20.6));
#4208=CARTESIAN_POINT('',(389.203114741253,281.741758596872,-22.8826774780669));
#4209=CARTESIAN_POINT('',(389.203114741252,284.741758596872,-23.1979901838639));
#4210=CARTESIAN_POINT('',(389.203114741262,255.34730565605,-20.1085086864659));
#4211=CARTESIAN_POINT('',(389.203114741253,281.741758596871,-20.6));
#4212=CARTESIAN_POINT('',(389.203114741253,281.741758596872,-20.6));
#4213=CARTESIAN_POINT('',(389.203114741252,284.741758596872,-20.6));
#4214=CARTESIAN_POINT('',(389.203114741253,281.741758596872,-20.6));
#4215=CARTESIAN_POINT('',(389.203114741252,284.741758596872,-16.6));
#4216=CARTESIAN_POINT('Origin',(384.203114741253,281.741758596872,-20.6));
#4217=CARTESIAN_POINT('',(384.203114741254,284.741758596872,-23.1979901838639));
#4218=CARTESIAN_POINT('',(384.203114741253,281.741758596872,-22.8826774780669));
#4219=CARTESIAN_POINT('',(384.203114741244,253.863694955504,-19.9525749183531));
#4220=CARTESIAN_POINT('',(384.203114741254,284.741758596872,-20.6));
#4221=CARTESIAN_POINT('',(384.203114741254,284.741758596872,-16.6));
#4222=CARTESIAN_POINT('',(384.203114741253,281.741758596872,-20.6));
#4223=CARTESIAN_POINT('',(384.203114741253,281.741758596872,-20.6));
#4224=CARTESIAN_POINT('',(384.203114741253,281.741758596872,-20.6));
#4225=CARTESIAN_POINT('Origin',(500.177789741253,284.741758596872,-20.6));
#4226=CARTESIAN_POINT('',(500.177789741253,281.741758596872,-22.8826774780669));
#4227=CARTESIAN_POINT('',(500.177789741253,284.741758596872,-23.1979901838639));
#4228=CARTESIAN_POINT('',(500.177789741253,255.347305656052,-20.1085086864661));
#4229=CARTESIAN_POINT('',(500.177789741253,281.741758596872,-20.6));
#4230=CARTESIAN_POINT('',(500.177789741253,281.741758596872,-20.6));
#4231=CARTESIAN_POINT('',(500.177789741253,284.741758596872,-20.6));
#4232=CARTESIAN_POINT('',(500.177789741253,281.741758596872,-20.6));
#4233=CARTESIAN_POINT('',(500.177789741253,284.741758596872,-16.6));
#4234=CARTESIAN_POINT('Origin',(495.177789741253,281.741758596872,-20.6));
#4235=CARTESIAN_POINT('',(495.177789741253,284.741758596872,-23.1979901838639));
#4236=CARTESIAN_POINT('',(495.177789741253,281.741758596872,-22.8826774780669));
#4237=CARTESIAN_POINT('',(495.177789741253,253.863694955502,-19.9525749183528));
#4238=CARTESIAN_POINT('',(495.177789741253,284.741758596872,-20.6));
#4239=CARTESIAN_POINT('',(495.177789741253,284.741758596872,-16.6));
#4240=CARTESIAN_POINT('',(495.177789741253,281.741758596872,-20.6));
#4241=CARTESIAN_POINT('',(495.177789741253,281.741758596872,-20.6));
#4242=CARTESIAN_POINT('',(495.177789741253,281.741758596872,-20.6));
#4243=CARTESIAN_POINT('Origin',(305.203114741253,284.741758596872,-20.6));
#4244=CARTESIAN_POINT('',(305.203114741253,281.741758596872,-22.8826774780669));
#4245=CARTESIAN_POINT('',(305.203114741253,284.741758596872,-23.1979901838639));
#4246=CARTESIAN_POINT('',(305.203114741253,255.347305656052,-20.1085086864661));
#4247=CARTESIAN_POINT('',(305.203114741253,281.741758596872,-20.6));
#4248=CARTESIAN_POINT('',(305.203114741253,281.741758596872,-20.6));
#4249=CARTESIAN_POINT('',(305.203114741253,284.741758596872,-20.6));
#4250=CARTESIAN_POINT('',(305.203114741253,281.741758596872,-20.6));
#4251=CARTESIAN_POINT('',(305.203114741253,284.741758596872,-16.6));
#4252=CARTESIAN_POINT('Origin',(300.203114741253,281.741758596872,-20.6));
#4253=CARTESIAN_POINT('',(300.203114741253,284.741758596872,-23.1979901838639));
#4254=CARTESIAN_POINT('',(300.203114741253,281.741758596872,-22.8826774780669));
#4255=CARTESIAN_POINT('',(300.203114741253,253.863694955502,-19.9525749183528));
#4256=CARTESIAN_POINT('',(300.203114741253,284.741758596872,-20.6));
#4257=CARTESIAN_POINT('',(300.203114741253,284.741758596872,-16.6));
#4258=CARTESIAN_POINT('',(300.203114741253,281.741758596872,-20.6));
#4259=CARTESIAN_POINT('',(300.203114741253,281.741758596872,-20.6));
#4260=CARTESIAN_POINT('',(300.203114741253,281.741758596872,-20.6));
#4261=CARTESIAN_POINT('Origin',(409.635193624311,240.439318357088,-10.));
#4262=CARTESIAN_POINT('',(409.635193624311,240.839318357088,-10.4));
#4263=CARTESIAN_POINT('Origin',(380.699934320725,233.800070976979,-10.));
#4264=CARTESIAN_POINT('',(381.099934320725,278.241758596871,-10.4));
#4265=CARTESIAN_POINT('',(381.099934320725,233.800070976979,-10.4));
#4266=CARTESIAN_POINT('',(356.478895050855,278.241758596871,14.221039269868));
#4267=CARTESIAN_POINT('Origin',(409.635193624311,240.439318357088,-10.));
#4268=CARTESIAN_POINT('',(409.635193624311,240.839318357088,-10.4));
#4269=CARTESIAN_POINT('',(420.07993500737,240.039318357088,-9.60000000000001));
#4270=CARTESIAN_POINT('Origin',(419.67993500737,252.401291096872,-10.));
#4271=CARTESIAN_POINT('Origin',(419.07993500737,240.839318357088,-9.60000000000001));
#4272=CARTESIAN_POINT('',(410.389934664047,240.839318357088,-14.3));
#4273=CARTESIAN_POINT('',(410.389934664047,240.839318357088,-9.60000000000001));
#4274=CARTESIAN_POINT('',(409.635193624312,240.839318357088,-14.3));
#4275=CARTESIAN_POINT('Origin',(400.189934664047,266.730538476979,-9.10000000000001));
#4276=CARTESIAN_POINT('',(410.389934664047,278.241758596871,-9.10000000000001));
#4277=CARTESIAN_POINT('',(410.389934664047,283.741758596872,-9.10000000000001));
#4278=CARTESIAN_POINT('',(410.389934664047,253.884928417034,-9.10000000000001));
#4279=CARTESIAN_POINT('',(342.20285595265,278.241758596871,-9.10000000000001));
#4280=CARTESIAN_POINT('',(390.190452241253,283.741758596872,-9.10000000000001));
#4281=CARTESIAN_POINT('Origin',(284.215777241253,278.241758596871,-9.60000000000001));
#4282=CARTESIAN_POINT('',(410.389934664047,278.241758596871,-9.60000000000001));
#4283=CARTESIAN_POINT('',(515.665127241253,278.241758596871,-4.60000000000001));
#4284=CARTESIAN_POINT('',(515.665127241253,278.241758596871,-7.60000000000001));
#4285=CARTESIAN_POINT('',(284.715777241253,278.241758596871,-4.60000000000001));
#4286=CARTESIAN_POINT('',(515.165127241253,278.241758596871,-4.60000000000001));
#4287=CARTESIAN_POINT('',(284.715777241253,278.241758596871,-11.1));
#4288=CARTESIAN_POINT('',(381.099934320725,278.241758596871,-9.60000000000001));
#4289=CARTESIAN_POINT('Origin',(403.690452241253,288.241758596872,-13.7829275036469));
#4290=CARTESIAN_POINT('',(405.190452241253,283.741758596872,-13.7829275036469));
#4291=CARTESIAN_POINT('',(403.690452241253,283.741758596872,-12.2829275036469));
#4292=CARTESIAN_POINT('Origin',(403.690452241253,283.741758596872,-13.7829275036469));
#4293=CARTESIAN_POINT('',(403.690452241253,284.741758596872,-12.2829275036469));
#4294=CARTESIAN_POINT('',(403.690452241253,288.241758596872,-12.2829275036469));
#4295=CARTESIAN_POINT('',(405.190452241253,284.741758596872,-13.7829275036469));
#4296=CARTESIAN_POINT('Origin',(403.690452241253,284.741758596872,-13.7829275036469));
#4297=CARTESIAN_POINT('',(405.190452241253,288.241758596872,-13.7829275036469));
#4298=CARTESIAN_POINT('Origin',(404.690452241253,288.241758596872,-12.2829275036469));
#4299=CARTESIAN_POINT('',(396.690452241253,283.741758596872,-12.2829275036469));
#4300=CARTESIAN_POINT('',(402.440452241253,283.741758596872,-12.2829275036469));
#4301=CARTESIAN_POINT('',(396.690452241253,284.741758596872,-12.2829275036469));
#4302=CARTESIAN_POINT('',(396.690452241253,288.241758596872,-12.2829275036469));
#4303=CARTESIAN_POINT('',(460.427789741253,284.741758596872,-12.2829275036473));
#4304=CARTESIAN_POINT('Origin',(396.690452241253,288.241758596872,-13.7829275036469));
#4305=CARTESIAN_POINT('',(395.190452241253,284.741758596872,-13.7829275036469));
#4306=CARTESIAN_POINT('Origin',(396.690452241253,284.741758596872,-13.7829275036469));
#4307=CARTESIAN_POINT('',(395.190452241253,283.741758596872,-13.7829275036469));
#4308=CARTESIAN_POINT('Origin',(396.690452241253,283.741758596872,-13.7829275036469));
#4309=CARTESIAN_POINT('',(395.190452241253,288.241758596872,-13.7829275036469));
#4310=CARTESIAN_POINT('Origin',(395.190452241253,288.241758596872,-13.2829275036469));
#4311=CARTESIAN_POINT('',(395.190452241253,283.741758596872,-15.7829275036469));
#4312=CARTESIAN_POINT('',(395.190452241253,283.741758596872,-14.0329275036469));
#4313=CARTESIAN_POINT('',(395.190452241253,284.741758596872,-15.7829275036469));
#4314=CARTESIAN_POINT('',(395.190452241253,281.741758596872,-15.7829275036469));
#4315=CARTESIAN_POINT('',(395.190452241253,284.741758596872,-12.9414637518235));
#4316=CARTESIAN_POINT('Origin',(405.190452241253,288.241758596872,-16.2829275036469));
#4317=CARTESIAN_POINT('',(405.190452241253,284.741758596872,-15.7829275036469));
#4318=CARTESIAN_POINT('',(405.190452241253,284.741758596872,-14.4414637518234));
#4319=CARTESIAN_POINT('',(405.190452241253,283.741758596872,-15.7829275036469));
#4320=CARTESIAN_POINT('',(405.190452241253,281.741758596872,-15.7829275036469));
#4321=CARTESIAN_POINT('',(405.190452241253,283.741758596872,-15.5329275036469));
#4322=CARTESIAN_POINT('Origin',(396.690452241253,281.741758596872,-15.7829275036469));
#4323=CARTESIAN_POINT('Origin',(396.690452241253,283.741758596872,-15.7829275036469));
#4324=CARTESIAN_POINT('Origin',(396.690452241253,284.741758596872,-15.7829275036469));
#4325=CARTESIAN_POINT('Origin',(403.690452241253,281.741758596872,-15.7829275036469));
#4326=CARTESIAN_POINT('Origin',(403.690452241253,283.741758596872,-15.7829275036469));
#4327=CARTESIAN_POINT('Origin',(403.690452241253,284.741758596872,-15.7829275036469));
#4328=CARTESIAN_POINT('Origin',(400.190452241253,283.741758596872,-14.7829275036469));
#4329=CARTESIAN_POINT('',(410.389934664047,283.741758596872,-12.1914637518234));
#4330=CARTESIAN_POINT('Origin',(410.389934664047,241.039318357088,-9.60000000000001));
#4331=CARTESIAN_POINT('',(410.389934664047,243.209318357087,-14.3));
#4332=CARTESIAN_POINT('Origin',(410.189934664047,231.039318357087,-9.60000000000001));
#4333=CARTESIAN_POINT('Origin',(400.190452241253,245.379318357087,-14.3));
#4334=CARTESIAN_POINT('Origin',(381.099934320725,241.039318357087,-9.60000000000001));
#4335=CARTESIAN_POINT('Origin',(413.677789741253,171.379888596872,-9.10000000000001));
#4336=CARTESIAN_POINT('',(415.027789741253,171.379888596872,-9.10000000000001));
#4337=CARTESIAN_POINT('Origin',(413.677789741253,171.379888596872,-9.10000000000001));
#4338=CARTESIAN_POINT('',(415.027789741253,171.379888596872,-3.10000000000001));
#4339=CARTESIAN_POINT('',(415.027789741253,171.379888596872,-9.10000000000001));
#4340=CARTESIAN_POINT('Origin',(413.677789741253,171.379888596872,-3.10000000000001));
#4341=CARTESIAN_POINT('Origin',(386.703114741253,171.379888596872,-9.10000000000001));
#4342=CARTESIAN_POINT('',(388.053114741253,171.379888596872,-9.10000000000001));
#4343=CARTESIAN_POINT('Origin',(386.703114741253,171.379888596872,-9.10000000000001));
#4344=CARTESIAN_POINT('',(388.053114741253,171.379888596872,-3.10000000000001));
#4345=CARTESIAN_POINT('',(388.053114741253,171.379888596872,-9.10000000000001));
#4346=CARTESIAN_POINT('Origin',(386.703114741253,171.379888596872,-3.10000000000001));
#4347=CARTESIAN_POINT('Origin',(497.677789741253,171.379888596871,-9.10000000000001));
#4348=CARTESIAN_POINT('',(499.027789741253,171.379888596871,-9.10000000000001));
#4349=CARTESIAN_POINT('Origin',(497.677789741253,171.379888596871,-9.10000000000001));
#4350=CARTESIAN_POINT('',(499.027789741253,171.379888596871,-3.10000000000001));
#4351=CARTESIAN_POINT('',(499.027789741253,171.379888596871,-9.10000000000001));
#4352=CARTESIAN_POINT('Origin',(497.677789741253,171.379888596871,-3.10000000000001));
#4353=CARTESIAN_POINT('Origin',(302.703114741253,171.379888596871,-9.10000000000001));
#4354=CARTESIAN_POINT('',(304.053114741253,171.379888596871,-9.10000000000001));
#4355=CARTESIAN_POINT('Origin',(302.703114741253,171.379888596871,-9.10000000000001));
#4356=CARTESIAN_POINT('',(304.053114741253,171.379888596871,-3.10000000000001));
#4357=CARTESIAN_POINT('',(304.053114741253,171.379888596871,-9.10000000000001));
#4358=CARTESIAN_POINT('Origin',(302.703114741253,171.379888596871,-3.10000000000001));
#4359=CARTESIAN_POINT('Origin',(413.677789741253,281.741758596871,-20.6));
#4360=CARTESIAN_POINT('',(415.027789741253,281.741758596871,-20.6));
#4361=CARTESIAN_POINT('Origin',(413.677789741253,281.741758596871,-20.6));
#4362=CARTESIAN_POINT('',(415.027789741253,281.741758596871,-4.60000000000001));
#4363=CARTESIAN_POINT('',(415.027789741253,281.741758596871,-20.6));
#4364=CARTESIAN_POINT('Origin',(413.677789741253,281.741758596871,-4.60000000000001));
#4365=CARTESIAN_POINT('Origin',(386.703114741253,281.741758596871,-20.6));
#4366=CARTESIAN_POINT('',(388.053114741253,281.741758596871,-20.6));
#4367=CARTESIAN_POINT('Origin',(386.703114741253,281.741758596871,-20.6));
#4368=CARTESIAN_POINT('',(388.053114741253,281.741758596871,-4.60000000000001));
#4369=CARTESIAN_POINT('',(388.053114741253,281.741758596871,-20.6));
#4370=CARTESIAN_POINT('Origin',(386.703114741253,281.741758596871,-4.60000000000001));
#4371=CARTESIAN_POINT('Origin',(497.677789741253,281.741758596872,-20.6));
#4372=CARTESIAN_POINT('',(499.027789741253,281.741758596872,-20.6));
#4373=CARTESIAN_POINT('Origin',(497.677789741253,281.741758596872,-20.6));
#4374=CARTESIAN_POINT('',(499.027789741253,281.741758596872,-4.60000000000001));
#4375=CARTESIAN_POINT('',(499.027789741253,281.741758596872,-20.6));
#4376=CARTESIAN_POINT('Origin',(497.677789741253,281.741758596872,-4.60000000000001));
#4377=CARTESIAN_POINT('Origin',(302.703114741253,281.741758596872,-20.6));
#4378=CARTESIAN_POINT('',(304.053114741253,281.741758596872,-20.6));
#4379=CARTESIAN_POINT('Origin',(302.703114741253,281.741758596872,-20.6));
#4380=CARTESIAN_POINT('',(304.053114741253,281.741758596872,-4.60000000000001));
#4381=CARTESIAN_POINT('',(304.053114741253,281.741758596872,-20.6));
#4382=CARTESIAN_POINT('Origin',(302.703114741253,281.741758596872,-4.60000000000001));
#4383=CARTESIAN_POINT('Origin',(413.677789741253,281.741758596871,-20.6));
#4384=CARTESIAN_POINT('Origin',(413.677789741253,281.741758596871,-20.6));
#4385=CARTESIAN_POINT('Origin',(413.677789741253,281.741758596871,-22.8826774780668));
#4386=CARTESIAN_POINT('Origin',(400.190452241253,281.741758596872,-20.6));
#4387=CARTESIAN_POINT('',(464.921458491253,284.741758596872,-20.6));
#4388=CARTESIAN_POINT('Origin',(386.703114741253,281.741758596871,-20.6));
#4389=CARTESIAN_POINT('Origin',(386.703114741253,281.741758596871,-20.6));
#4390=CARTESIAN_POINT('Origin',(386.703114741253,281.741758596871,-22.8826774780668));
#4391=CARTESIAN_POINT('Origin',(400.190452241253,281.741758596872,-20.6));
#4392=CARTESIAN_POINT('',(451.434120991253,284.741758596872,-20.6));
#4393=CARTESIAN_POINT('Origin',(497.677789741253,281.741758596872,-20.6));
#4394=CARTESIAN_POINT('Origin',(497.677789741253,281.741758596872,-20.6));
#4395=CARTESIAN_POINT('Origin',(497.677789741253,281.741758596872,-22.8826774780669));
#4396=CARTESIAN_POINT('Origin',(400.190452241253,281.741758596872,-20.6));
#4397=CARTESIAN_POINT('',(506.921458491253,284.741758596872,-20.6));
#4398=CARTESIAN_POINT('Origin',(302.703114741253,281.741758596872,-20.6));
#4399=CARTESIAN_POINT('Origin',(302.703114741253,281.741758596872,-20.6));
#4400=CARTESIAN_POINT('Origin',(302.703114741253,281.741758596872,-22.8826774780669));
#4401=CARTESIAN_POINT('Origin',(400.190452241253,281.741758596872,-20.6));
#4402=CARTESIAN_POINT('',(409.434120991253,284.741758596872,-20.6));
#4403=CARTESIAN_POINT('Origin',(400.190452241253,226.560823596872,-4.60000000000001));
#4404=CARTESIAN_POINT('',(515.665127241253,281.741758596872,-4.60000000000001));
#4405=CARTESIAN_POINT('',(512.665127241253,284.741758596872,-4.60000000000001));
#4406=CARTESIAN_POINT('Origin',(512.665127241253,281.741758596872,-4.60000000000001));
#4407=CARTESIAN_POINT('',(287.715777241253,284.741758596872,-4.60000000000001));
#4408=CARTESIAN_POINT('',(285.215777241253,284.741758596872,-4.60000000000001));
#4409=CARTESIAN_POINT('',(284.715777241253,281.741758596872,-4.60000000000001));
#4410=CARTESIAN_POINT('Origin',(287.715777241253,281.741758596872,-4.60000000000001));
#4411=CARTESIAN_POINT('',(284.715777241253,255.401291096872,-4.60000000000001));
#4412=CARTESIAN_POINT('',(515.665127241253,197.720356096872,-4.60000000000001));
#4413=CARTESIAN_POINT('Origin',(386.703114741253,171.379888596872,-9.10000000000001));
#4414=CARTESIAN_POINT('Origin',(386.703114741253,171.379888596872,-11.2831775292269));
#4415=CARTESIAN_POINT('Origin',(386.703114741253,171.379888596872,-9.10000000000001));
#4416=CARTESIAN_POINT('Origin',(400.190452241253,171.379888596872,-9.10000000000001));
#4417=CARTESIAN_POINT('Origin',(302.703114741253,171.379888596871,-9.10000000000001));
#4418=CARTESIAN_POINT('Origin',(302.703114741253,171.379888596871,-11.2831775292268));
#4419=CARTESIAN_POINT('Origin',(302.703114741253,171.379888596871,-9.10000000000001));
#4420=CARTESIAN_POINT('Origin',(400.190452241253,171.379888596872,-9.10000000000001));
#4421=CARTESIAN_POINT('Origin',(413.677789741253,171.379888596872,-9.10000000000001));
#4422=CARTESIAN_POINT('Origin',(413.677789741253,171.379888596872,-11.2831775292269));
#4423=CARTESIAN_POINT('Origin',(413.677789741253,171.379888596872,-9.10000000000001));
#4424=CARTESIAN_POINT('Origin',(400.190452241253,171.379888596872,-9.10000000000001));
#4425=CARTESIAN_POINT('Origin',(497.677789741253,171.379888596871,-9.10000000000001));
#4426=CARTESIAN_POINT('Origin',(497.677789741253,171.379888596871,-11.2831775292268));
#4427=CARTESIAN_POINT('Origin',(497.677789741253,171.379888596871,-9.10000000000001));
#4428=CARTESIAN_POINT('Origin',(400.190452241253,171.379888596872,-9.10000000000001));
#4429=CARTESIAN_POINT('Origin',(515.665127241253,174.879888596872,-8.10000000000001));
#4430=CARTESIAN_POINT('',(284.715777241253,174.879888596872,-8.10000000000001));
#4431=CARTESIAN_POINT('',(515.665127241253,174.879888596872,-8.10000000000001));
#4432=CARTESIAN_POINT('',(457.927789741253,174.879888596872,-8.10000000000001));
#4433=CARTESIAN_POINT('',(284.715777241253,174.879888596872,-3.10000000000001));
#4434=CARTESIAN_POINT('',(284.715777241253,174.879888596872,-8.10000000000001));
#4435=CARTESIAN_POINT('',(515.665127241253,174.879888596872,-3.10000000000001));
#4436=CARTESIAN_POINT('',(457.927789741253,174.879888596872,-3.10000000000001));
#4437=CARTESIAN_POINT('',(515.665127241253,174.879888596872,-8.10000000000001));
#4438=CARTESIAN_POINT('Origin',(400.190452241253,171.629888596872,-3.10000000000001));
#4439=CARTESIAN_POINT('',(284.715777241253,171.379888596872,-3.10000000000001));
#4440=CARTESIAN_POINT('',(284.715777241253,174.879888596872,-3.10000000000001));
#4441=CARTESIAN_POINT('Origin',(287.715777241253,171.379888596872,-3.10000000000001));
#4442=CARTESIAN_POINT('',(515.665127241253,171.379888596872,-3.10000000000001));
#4443=CARTESIAN_POINT('Origin',(512.665127241253,171.379888596872,-3.10000000000001));
#4444=CARTESIAN_POINT('',(515.665127241253,171.379888596872,-3.10000000000001));
#4445=CARTESIAN_POINT('Origin',(457.927789741253,175.129888596872,-8.35000000000001));
#4446=CARTESIAN_POINT('',(515.665127241253,175.379888596872,-8.60000000000001));
#4447=CARTESIAN_POINT('',(515.665127241253,174.629888596872,-7.85000000000007));
#4448=CARTESIAN_POINT('',(284.715777241253,175.379888596872,-8.60000000000001));
#4449=CARTESIAN_POINT('',(457.927789741253,175.379888596872,-8.60000000000001));
#4450=CARTESIAN_POINT('',(284.715777241253,203.47035609687,-36.6904675));
#4451=CARTESIAN_POINT('Origin',(515.665127241253,168.879888596872,-12.6));
#4452=CARTESIAN_POINT('',(515.665127241253,171.379888596872,-11.2831775292269));
#4453=CARTESIAN_POINT('',(515.665127241253,171.379888596872,-12.6));
#4454=CARTESIAN_POINT('',(515.665127241253,281.741758596872,-22.8826774780669));
#4455=CARTESIAN_POINT('',(515.665127241253,197.540452579752,-14.0327636007663));
#4456=CARTESIAN_POINT('',(515.665127241253,281.741758596872,-7.60000000000001));
#4457=CARTESIAN_POINT('',(515.665127241253,175.379888596872,-9.60000000000001));
#4458=CARTESIAN_POINT('Origin',(515.665127241253,175.379888596872,-9.60000000000001));
#4459=CARTESIAN_POINT('',(284.715777241253,175.379888596872,-9.60000000000001));
#4460=CARTESIAN_POINT('Origin',(512.665127241253,281.741758596872,-12.6));
#4461=CARTESIAN_POINT('',(512.665127241253,284.741758596872,-23.1979901838639));
#4462=CARTESIAN_POINT('Origin',(512.665127241253,281.741758596872,-22.8826774780669));
#4463=CARTESIAN_POINT('',(512.665127241253,284.741758596872,-12.6));
#4464=CARTESIAN_POINT('Origin',(512.665127241253,171.379888596872,-12.6));
#4465=CARTESIAN_POINT('Origin',(512.665127241253,171.379888596872,-11.2831775292269));
#4466=CARTESIAN_POINT('Origin',(287.715777241253,281.741758596872,-12.6));
#4467=CARTESIAN_POINT('',(287.715777241253,284.741758596872,-23.1979901838639));
#4468=CARTESIAN_POINT('',(284.715777241253,281.741758596872,-22.8826774780668));
#4469=CARTESIAN_POINT('Origin',(287.715777241253,281.741758596872,-22.8826774780669));
#4470=CARTESIAN_POINT('',(284.715777241253,281.741758596872,-12.6));
#4471=CARTESIAN_POINT('',(287.715777241253,284.741758596872,-12.6));
#4472=CARTESIAN_POINT('Origin',(284.715777241253,284.241758596872,-12.6));
#4473=CARTESIAN_POINT('',(284.715777241253,171.379888596872,-11.2831775292269));
#4474=CARTESIAN_POINT('',(284.715777241253,254.905405382566,-20.0620630961577));
#4475=CARTESIAN_POINT('',(284.715777241253,171.379888596872,-9.60000000000001));
#4476=CARTESIAN_POINT('Origin',(287.715777241253,171.379888596872,-12.6));
#4477=CARTESIAN_POINT('Origin',(287.715777241253,171.379888596872,-11.2831775292269));
#4478=CARTESIAN_POINT('Origin',(516.165127241253,284.741758596872,-12.6));
#4479=CARTESIAN_POINT('',(285.215777241253,284.741758596872,-23.1979901838639));
#4480=CARTESIAN_POINT('',(285.215777241253,284.741758596872,-23.1979901838639));
#4481=CARTESIAN_POINT('',(285.215777241253,284.741758596872,-23.1979901838639));
#4482=CARTESIAN_POINT('',(285.215777241253,284.741758596872,-23.1979901838639));
#4483=CARTESIAN_POINT('',(285.215777241253,284.741758596872,-23.1979901838639));
#4484=CARTESIAN_POINT('Origin',(400.189934664046,254.741758596868,-17.2));
#4485=CARTESIAN_POINT('Origin',(400.189934664046,254.741758596868,-20.0448631258932));
#4486=UNCERTAINTY_MEASURE_WITH_UNIT(LENGTH_MEASURE(0.01),#4490,
'DISTANCE_ACCURACY_VALUE',
'Maximum model space distance between geometric entities at asserted c
onnectivities');
#4487=UNCERTAINTY_MEASURE_WITH_UNIT(LENGTH_MEASURE(0.01),#4490,
'DISTANCE_ACCURACY_VALUE',
'Maximum model space distance between geometric entities at asserted c
onnectivities');
#4488=(
GEOMETRIC_REPRESENTATION_CONTEXT(3)
GLOBAL_UNCERTAINTY_ASSIGNED_CONTEXT((#4486))
GLOBAL_UNIT_ASSIGNED_CONTEXT((#4490,#4491,#4492))
REPRESENTATION_CONTEXT('','3D')
);
#4489=(
GEOMETRIC_REPRESENTATION_CONTEXT(3)
GLOBAL_UNCERTAINTY_ASSIGNED_CONTEXT((#4487))
GLOBAL_UNIT_ASSIGNED_CONTEXT((#4490,#4491,#4492))
REPRESENTATION_CONTEXT('','3D')
);
#4490=(
LENGTH_UNIT()
NAMED_UNIT(*)
SI_UNIT(.MILLI.,.METRE.)
);
#4491=(
NAMED_UNIT(*)
PLANE_ANGLE_UNIT()
SI_UNIT($,.RADIAN.)
);
#4492=(
NAMED_UNIT(*)
SI_UNIT($,.STERADIAN.)
SOLID_ANGLE_UNIT()
);
#4493=SHAPE_DEFINITION_REPRESENTATION(#4494,#4495);
#4494=PRODUCT_DEFINITION_SHAPE('',$,#4497);
#4495=SHAPE_REPRESENTATION('',(#2748),#4488);
#4496=PRODUCT_DEFINITION_CONTEXT('part definition',#4501,'design');
#4497=PRODUCT_DEFINITION('50\X2\4F695217\X0\','50\X2\4F695217\X0\ v22',
#4498,#4496);
#4498=PRODUCT_DEFINITION_FORMATION('',$,#4503);
#4499=PRODUCT_RELATED_PRODUCT_CATEGORY('50\X2\4F695217\X0\ v22',
'50\X2\4F695217\X0\ v22',(#4503));
#4500=APPLICATION_PROTOCOL_DEFINITION('international standard',
'automotive_design',2009,#4501);
#4501=APPLICATION_CONTEXT(
'Core Data for Automotive Mechanical Design Process');
#4502=PRODUCT_CONTEXT('part definition',#4501,'mechanical');
#4503=PRODUCT('50\X2\4F695217\X0\','50\X2\4F695217\X0\ v22',$,(#4502));
#4504=PRESENTATION_STYLE_ASSIGNMENT((#4505));
#4505=SURFACE_STYLE_USAGE(.BOTH.,#4506);
#4506=SURFACE_SIDE_STYLE('',(#4507));
#4507=SURFACE_STYLE_FILL_AREA(#4508);
#4508=FILL_AREA_STYLE('\X2\94A2\X0\ - \X2\7F0E5149\X0\',(#4509));
#4509=FILL_AREA_STYLE_COLOUR('\X2\94A2\X0\ - \X2\7F0E5149\X0\',#4510);
#4510=COLOUR_RGB('\X2\94A2\X0\ - \X2\7F0E5149\X0\',0.627450980392157,0.627450980392157,
0.627450980392157);
ENDSEC;
END-ISO-10303-21;
